prompt_id,group,category,text,construction_or_source_note,legacy_core,legacy_prompt_sha256,split,token_ids,token_count,prompt_text_sha256,raw_file_sha256,manifest_fingerprint
ACT-IPIP-N1-01,ipip_stems,N1,Worry about things.,Exact frozen Johnson 2014 IPIP-NEO-120 item statement.,True,fbf6fa8207626ce038a347ae234def198dc68cf792b2379c904a5643eb4a4c14,validation,"[128000, 54, 8635, 922, 2574, 13]",6,fbf6fa8207626ce038a347ae234def198dc68cf792b2379c904a5643eb4a4c14,014620f8aead2e9882081907e6b7bcb6b03a7d8876347cab2176abf742890b60,14a2c282b45de44a6d640fc2e6dc1ed04d418f2f10d941f828d9c3c09a4704ad
ACT-IPIP-N1-02,ipip_stems,N1,Fear for the worst.,Exact frozen Johnson 2014 IPIP-NEO-120 item statement.,True,f45653c15e2c52fbafbf1d6d30e2e20a0bcfbfbc6eca60affc396fc3af923c98,train,"[128000, 91471, 369, 279, 12047, 13]",6,f45653c15e2c52fbafbf1d6d30e2e20a0bcfbfbc6eca60affc396fc3af923c98,014620f8aead2e9882081907e6b7bcb6b03a7d8876347cab2176abf742890b60,14a2c282b45de44a6d640fc2e6dc1ed04d418f2f10d941f828d9c3c09a4704ad
ACT-IPIP-N1-03,ipip_stems,N1,Am afraid of many things.,Exact frozen Johnson 2014 IPIP-NEO-120 item statement.,True,c3aeb4aaf78e06cdc71e2e93ef8900f3921e27890d6636c0067657e4834b25d6,test,"[128000, 6219, 16984, 315, 1690, 2574, 13]",7,c3aeb4aaf78e06cdc71e2e93ef8900f3921e27890d6636c0067657e4834b25d6,014620f8aead2e9882081907e6b7bcb6b03a7d8876347cab2176abf742890b60,14a2c282b45de44a6d640fc2e6dc1ed04d418f2f10d941f828d9c3c09a4704ad
ACT-IPIP-N1-04,ipip_stems,N1,Get stressed out easily.,Exact frozen Johnson 2014 IPIP-NEO-120 item statement.,True,88985334898c92e6fabedb059d51b8fd08ba2ab84a013608b46760af1a3c5237,train,"[128000, 1991, 32647, 704, 6847, 13]",6,88985334898c92e6fabedb059d51b8fd08ba2ab84a013608b46760af1a3c5237,014620f8aead2e9882081907e6b7bcb6b03a7d8876347cab2176abf742890b60,14a2c282b45de44a6d640fc2e6dc1ed04d418f2f10d941f828d9c3c09a4704ad
ACT-IPIP-N2-01,ipip_stems,N2,Get angry easily.,Exact frozen Johnson 2014 IPIP-NEO-120 item statement.,True,421df62a336c1cad22dcec5103e3ce710456e2ca719bceada2d912fea8bb9000,train,"[128000, 1991, 19021, 6847, 13]",5,421df62a336c1cad22dcec5103e3ce710456e2ca719bceada2d912fea8bb9000,014620f8aead2e9882081907e6b7bcb6b03a7d8876347cab2176abf742890b60,14a2c282b45de44a6d640fc2e6dc1ed04d418f2f10d941f828d9c3c09a4704ad
ACT-IPIP-N2-02,ipip_stems,N2,Get irritated easily.,Exact frozen Johnson 2014 IPIP-NEO-120 item statement.,True,47d605b559b01440a353790dfcd0c4b3e03f8bebf580c1cc0f23be44ac0753bd,validation,"[128000, 1991, 84971, 6847, 13]",5,47d605b559b01440a353790dfcd0c4b3e03f8bebf580c1cc0f23be44ac0753bd,014620f8aead2e9882081907e6b7bcb6b03a7d8876347cab2176abf742890b60,14a2c282b45de44a6d640fc2e6dc1ed04d418f2f10d941f828d9c3c09a4704ad
ACT-IPIP-N2-03,ipip_stems,N2,Lose my temper.,Exact frozen Johnson 2014 IPIP-NEO-120 item statement.,True,f3b25a37d22db9910df33f855ff0c36347cf82a0182601fa73fe9e79d2da8536,test,"[128000, 43, 974, 856, 6940, 13]",6,f3b25a37d22db9910df33f855ff0c36347cf82a0182601fa73fe9e79d2da8536,014620f8aead2e9882081907e6b7bcb6b03a7d8876347cab2176abf742890b60,14a2c282b45de44a6d640fc2e6dc1ed04d418f2f10d941f828d9c3c09a4704ad
ACT-IPIP-N2-04,ipip_stems,N2,Am not easily annoyed.,Exact frozen Johnson 2014 IPIP-NEO-120 item statement.,True,321c5a3bde4efb86cd48fd2c0b63cd35c88222a87cd896a5d86be866568bf352,train,"[128000, 6219, 539, 6847, 57130, 13]",6,321c5a3bde4efb86cd48fd2c0b63cd35c88222a87cd896a5d86be866568bf352,014620f8aead2e9882081907e6b7bcb6b03a7d8876347cab2176abf742890b60,14a2c282b45de44a6d640fc2e6dc1ed04d418f2f10d941f828d9c3c09a4704ad
ACT-IPIP-N3-01,ipip_stems,N3,Often feel blue.,Exact frozen Johnson 2014 IPIP-NEO-120 item statement.,True,14659c3485a45fe2150e2e906d06b92ffa292774d90cf768ce7acd6733f7cca0,validation,"[128000, 78013, 2733, 6437, 13]",5,14659c3485a45fe2150e2e906d06b92ffa292774d90cf768ce7acd6733f7cca0,014620f8aead2e9882081907e6b7bcb6b03a7d8876347cab2176abf742890b60,14a2c282b45de44a6d640fc2e6dc1ed04d418f2f10d941f828d9c3c09a4704ad
ACT-IPIP-N3-02,ipip_stems,N3,Dislike myself.,Exact frozen Johnson 2014 IPIP-NEO-120 item statement.,True,229735a680187afe14f52473d4a89bba0090478b8e7a7920ed9cecbe1185870a,train,"[128000, 4944, 4908, 7182, 13]",5,229735a680187afe14f52473d4a89bba0090478b8e7a7920ed9cecbe1185870a,014620f8aead2e9882081907e6b7bcb6b03a7d8876347cab2176abf742890b60,14a2c282b45de44a6d640fc2e6dc1ed04d418f2f10d941f828d9c3c09a4704ad
ACT-IPIP-N3-03,ipip_stems,N3,Am often down in the dumps.,Exact frozen Johnson 2014 IPIP-NEO-120 item statement.,True,c54bdfc36492adc2747794a86ac0a072dd964649ecaf26b3d9f7739ce60a81f3,train,"[128000, 6219, 3629, 1523, 304, 279, 61481, 13]",8,c54bdfc36492adc2747794a86ac0a072dd964649ecaf26b3d9f7739ce60a81f3,014620f8aead2e9882081907e6b7bcb6b03a7d8876347cab2176abf742890b60,14a2c282b45de44a6d640fc2e6dc1ed04d418f2f10d941f828d9c3c09a4704ad
ACT-IPIP-N3-04,ipip_stems,N3,Feel comfortable with myself.,Exact frozen Johnson 2014 IPIP-NEO-120 item statement.,True,59b127edd20b29977ecd3a930bf4cf75a1586b3da7475aa3563d127ce6c572b2,test,"[128000, 34027, 10882, 449, 7182, 13]",6,59b127edd20b29977ecd3a930bf4cf75a1586b3da7475aa3563d127ce6c572b2,014620f8aead2e9882081907e6b7bcb6b03a7d8876347cab2176abf742890b60,14a2c282b45de44a6d640fc2e6dc1ed04d418f2f10d941f828d9c3c09a4704ad
ACT-IPIP-N4-01,ipip_stems,N4,Find it difficult to approach others.,Exact frozen Johnson 2014 IPIP-NEO-120 item statement.,True,90da1fa597df6a7eec52458b4f21f9818952c7df03c964b10242129ed46b4990,train,"[128000, 10086, 433, 5107, 311, 5603, 3885, 13]",8,90da1fa597df6a7eec52458b4f21f9818952c7df03c964b10242129ed46b4990,014620f8aead2e9882081907e6b7bcb6b03a7d8876347cab2176abf742890b60,14a2c282b45de44a6d640fc2e6dc1ed04d418f2f10d941f828d9c3c09a4704ad
ACT-IPIP-N4-02,ipip_stems,N4,Am afraid to draw attention to myself.,Exact frozen Johnson 2014 IPIP-NEO-120 item statement.,True,3a8a66199f9f86e2378f5add8b15b029c8f045ffb00c5f9a6527c4b189e07981,train,"[128000, 6219, 16984, 311, 4128, 6666, 311, 7182, 13]",9,3a8a66199f9f86e2378f5add8b15b029c8f045ffb00c5f9a6527c4b189e07981,014620f8aead2e9882081907e6b7bcb6b03a7d8876347cab2176abf742890b60,14a2c282b45de44a6d640fc2e6dc1ed04d418f2f10d941f828d9c3c09a4704ad
ACT-IPIP-N4-03,ipip_stems,N4,Only feel comfortable with friends.,Exact frozen Johnson 2014 IPIP-NEO-120 item statement.,True,cce2d58839f0db344e4ea2dbca9f485e48fac4331514b2e92272f32fe633bfa0,validation,"[128000, 7456, 2733, 10882, 449, 4885, 13]",7,cce2d58839f0db344e4ea2dbca9f485e48fac4331514b2e92272f32fe633bfa0,014620f8aead2e9882081907e6b7bcb6b03a7d8876347cab2176abf742890b60,14a2c282b45de44a6d640fc2e6dc1ed04d418f2f10d941f828d9c3c09a4704ad
ACT-IPIP-N4-04,ipip_stems,N4,Am not bothered by difficult social situations.,Exact frozen Johnson 2014 IPIP-NEO-120 item statement.,True,6114180be741906b0c81f999393cf8a24860a5e1e16a79e4082cea354c55d852,test,"[128000, 6219, 539, 46376, 555, 5107, 3674, 15082, 13]",9,6114180be741906b0c81f999393cf8a24860a5e1e16a79e4082cea354c55d852,014620f8aead2e9882081907e6b7bcb6b03a7d8876347cab2176abf742890b60,14a2c282b45de44a6d640fc2e6dc1ed04d418f2f10d941f828d9c3c09a4704ad
ACT-IPIP-N5-01,ipip_stems,N5,Go on binges.,Exact frozen Johnson 2014 IPIP-NEO-120 item statement.,True,ee2ec53d428ec6a43006be558004b73852de8a684deb3481784b5e89490398c1,validation,"[128000, 11087, 389, 293, 41499, 13]",6,ee2ec53d428ec6a43006be558004b73852de8a684deb3481784b5e89490398c1,014620f8aead2e9882081907e6b7bcb6b03a7d8876347cab2176abf742890b60,14a2c282b45de44a6d640fc2e6dc1ed04d418f2f10d941f828d9c3c09a4704ad
ACT-IPIP-N5-02,ipip_stems,N5,Rarely overindulge.,Exact frozen Johnson 2014 IPIP-NEO-120 item statement.,True,23cad64872c0fb4cf73b1d4806764066ba09cfc5e27277f456b1ac1f07e5e6b3,test,"[128000, 67511, 398, 927, 485, 360, 713, 13]",8,23cad64872c0fb4cf73b1d4806764066ba09cfc5e27277f456b1ac1f07e5e6b3,014620f8aead2e9882081907e6b7bcb6b03a7d8876347cab2176abf742890b60,14a2c282b45de44a6d640fc2e6dc1ed04d418f2f10d941f828d9c3c09a4704ad
ACT-IPIP-N5-03,ipip_stems,N5,Easily resist temptations.,Exact frozen Johnson 2014 IPIP-NEO-120 item statement.,True,df60058636ad313a828984e91fee47ae69134617b7368cb25a12eeeb181f6507,train,"[128000, 36, 38367, 22884, 26032, 811, 13]",7,df60058636ad313a828984e91fee47ae69134617b7368cb25a12eeeb181f6507,014620f8aead2e9882081907e6b7bcb6b03a7d8876347cab2176abf742890b60,14a2c282b45de44a6d640fc2e6dc1ed04d418f2f10d941f828d9c3c09a4704ad
ACT-IPIP-N5-04,ipip_stems,N5,Am able to control my cravings.,Exact frozen Johnson 2014 IPIP-NEO-120 item statement.,True,e4642d4a922413350fceac816b03cca32ab3ec205af05778b6f5943f3b07b01a,train,"[128000, 6219, 3025, 311, 2585, 856, 89928, 13]",8,e4642d4a922413350fceac816b03cca32ab3ec205af05778b6f5943f3b07b01a,014620f8aead2e9882081907e6b7bcb6b03a7d8876347cab2176abf742890b60,14a2c282b45de44a6d640fc2e6dc1ed04d418f2f10d941f828d9c3c09a4704ad
ACT-IPIP-N6-01,ipip_stems,N6,Panic easily.,Exact frozen Johnson 2014 IPIP-NEO-120 item statement.,True,f474bccd2b45824f3be71f49bbfff5bd90030e50c19eed34b2c127f7e37f43f4,train,"[128000, 47, 32370, 6847, 13]",5,f474bccd2b45824f3be71f49bbfff5bd90030e50c19eed34b2c127f7e37f43f4,014620f8aead2e9882081907e6b7bcb6b03a7d8876347cab2176abf742890b60,14a2c282b45de44a6d640fc2e6dc1ed04d418f2f10d941f828d9c3c09a4704ad
ACT-IPIP-N6-02,ipip_stems,N6,Become overwhelmed by events.,Exact frozen Johnson 2014 IPIP-NEO-120 item statement.,True,5d627945c2673032ddda8571809ef834ee741907de4bd40c86e5682fe4532134,train,"[128000, 65349, 43206, 555, 4455, 13]",6,5d627945c2673032ddda8571809ef834ee741907de4bd40c86e5682fe4532134,014620f8aead2e9882081907e6b7bcb6b03a7d8876347cab2176abf742890b60,14a2c282b45de44a6d640fc2e6dc1ed04d418f2f10d941f828d9c3c09a4704ad
ACT-IPIP-N6-03,ipip_stems,N6,Feel that I'm unable to deal with things.,Exact frozen Johnson 2014 IPIP-NEO-120 item statement.,True,4a22b5e3786a1076f66e7d95dd4063d686ab693468a3b085b44b854d75f86305,validation,"[128000, 34027, 430, 358, 2846, 12153, 311, 3568, 449, 2574, 13]",11,4a22b5e3786a1076f66e7d95dd4063d686ab693468a3b085b44b854d75f86305,014620f8aead2e9882081907e6b7bcb6b03a7d8876347cab2176abf742890b60,14a2c282b45de44a6d640fc2e6dc1ed04d418f2f10d941f828d9c3c09a4704ad
ACT-IPIP-N6-04,ipip_stems,N6,Remain calm under pressure.,Exact frozen Johnson 2014 IPIP-NEO-120 item statement.,True,e92cae90c674a41df4b55235eb438c7d3c70de69a619e8f934ce412ba3a164db,test,"[128000, 6728, 467, 19858, 1234, 7410, 13]",7,e92cae90c674a41df4b55235eb438c7d3c70de69a619e8f934ce412ba3a164db,014620f8aead2e9882081907e6b7bcb6b03a7d8876347cab2176abf742890b60,14a2c282b45de44a6d640fc2e6dc1ed04d418f2f10d941f828d9c3c09a4704ad
ACT-IPIP-E1-01,ipip_stems,E1,Make friends easily.,Exact frozen Johnson 2014 IPIP-NEO-120 item statement.,True,4329dc7363af9a8b179d8510bd18435d098942e72e45d5acd7c1b33b1878f134,validation,"[128000, 8238, 4885, 6847, 13]",5,4329dc7363af9a8b179d8510bd18435d098942e72e45d5acd7c1b33b1878f134,014620f8aead2e9882081907e6b7bcb6b03a7d8876347cab2176abf742890b60,14a2c282b45de44a6d640fc2e6dc1ed04d418f2f10d941f828d9c3c09a4704ad
ACT-IPIP-E1-02,ipip_stems,E1,Feel comfortable around people.,Exact frozen Johnson 2014 IPIP-NEO-120 item statement.,True,0bb964efff89825bdcd27a75015a23cf2710c3ee88049a7c49bbc8a10c5b0845,train,"[128000, 34027, 10882, 2212, 1274, 13]",6,0bb964efff89825bdcd27a75015a23cf2710c3ee88049a7c49bbc8a10c5b0845,014620f8aead2e9882081907e6b7bcb6b03a7d8876347cab2176abf742890b60,14a2c282b45de44a6d640fc2e6dc1ed04d418f2f10d941f828d9c3c09a4704ad
ACT-IPIP-E1-03,ipip_stems,E1,Avoid contacts with others.,Exact frozen Johnson 2014 IPIP-NEO-120 item statement.,True,acef684fe79d206a6edd97c9996f317792763fac31c5a1786f4a50fe4d041d4f,train,"[128000, 53216, 19015, 449, 3885, 13]",6,acef684fe79d206a6edd97c9996f317792763fac31c5a1786f4a50fe4d041d4f,014620f8aead2e9882081907e6b7bcb6b03a7d8876347cab2176abf742890b60,14a2c282b45de44a6d640fc2e6dc1ed04d418f2f10d941f828d9c3c09a4704ad
ACT-IPIP-E1-04,ipip_stems,E1,Keep others at a distance.,Exact frozen Johnson 2014 IPIP-NEO-120 item statement.,True,aefe281f23e9b2aa25ff7a1a44cde2ae0eb2848120ed3ef79cb972cacb3f54f2,test,"[128000, 19999, 3885, 520, 264, 6138, 13]",7,aefe281f23e9b2aa25ff7a1a44cde2ae0eb2848120ed3ef79cb972cacb3f54f2,014620f8aead2e9882081907e6b7bcb6b03a7d8876347cab2176abf742890b60,14a2c282b45de44a6d640fc2e6dc1ed04d418f2f10d941f828d9c3c09a4704ad
ACT-IPIP-E2-01,ipip_stems,E2,Love large parties.,Exact frozen Johnson 2014 IPIP-NEO-120 item statement.,True,9bc5014a929a430a2b8e35c2a26eb80ed3ce49e41d08b901ed618153bde8ede9,train,"[128000, 29351, 3544, 9875, 13]",5,9bc5014a929a430a2b8e35c2a26eb80ed3ce49e41d08b901ed618153bde8ede9,014620f8aead2e9882081907e6b7bcb6b03a7d8876347cab2176abf742890b60,14a2c282b45de44a6d640fc2e6dc1ed04d418f2f10d941f828d9c3c09a4704ad
ACT-IPIP-E2-02,ipip_stems,E2,Talk to a lot of different people at parties.,Exact frozen Johnson 2014 IPIP-NEO-120 item statement.,True,57f74f144743ed41c93321e7b31e9e103e62e8eb1f2362a11349ac9e22ac277e,validation,"[128000, 37310, 311, 264, 2763, 315, 2204, 1274, 520, 9875, 13]",11,57f74f144743ed41c93321e7b31e9e103e62e8eb1f2362a11349ac9e22ac277e,014620f8aead2e9882081907e6b7bcb6b03a7d8876347cab2176abf742890b60,14a2c282b45de44a6d640fc2e6dc1ed04d418f2f10d941f828d9c3c09a4704ad
ACT-IPIP-E2-03,ipip_stems,E2,Prefer to be alone.,Exact frozen Johnson 2014 IPIP-NEO-120 item statement.,True,cc7ad2b8280084a81613742e890fb251e1c5bb8bc12af8a9f836f00405229dbf,test,"[128000, 4808, 809, 311, 387, 7636, 13]",7,cc7ad2b8280084a81613742e890fb251e1c5bb8bc12af8a9f836f00405229dbf,014620f8aead2e9882081907e6b7bcb6b03a7d8876347cab2176abf742890b60,14a2c282b45de44a6d640fc2e6dc1ed04d418f2f10d941f828d9c3c09a4704ad
ACT-IPIP-E2-04,ipip_stems,E2,Avoid crowds.,Exact frozen Johnson 2014 IPIP-NEO-120 item statement.,True,6a6256829639b433c3171b90166efce9b931a3515d109aaf194f2b1feec6cf40,train,"[128000, 53216, 35851, 13]",4,6a6256829639b433c3171b90166efce9b931a3515d109aaf194f2b1feec6cf40,014620f8aead2e9882081907e6b7bcb6b03a7d8876347cab2176abf742890b60,14a2c282b45de44a6d640fc2e6dc1ed04d418f2f10d941f828d9c3c09a4704ad
ACT-IPIP-E3-01,ipip_stems,E3,Take charge.,Exact frozen Johnson 2014 IPIP-NEO-120 item statement.,True,0c1c9292ce2b018605e29e6018b0b2eba3a1c1b123ea527e39a266bfc520cfbf,validation,"[128000, 18293, 6900, 13]",4,0c1c9292ce2b018605e29e6018b0b2eba3a1c1b123ea527e39a266bfc520cfbf,014620f8aead2e9882081907e6b7bcb6b03a7d8876347cab2176abf742890b60,14a2c282b45de44a6d640fc2e6dc1ed04d418f2f10d941f828d9c3c09a4704ad
ACT-IPIP-E3-02,ipip_stems,E3,Try to lead others.,Exact frozen Johnson 2014 IPIP-NEO-120 item statement.,True,4dffe3d09dc44f59a3c2c2ab5b3834b0b5fa07a8803c038620666ecdd516821f,train,"[128000, 22170, 311, 3063, 3885, 13]",6,4dffe3d09dc44f59a3c2c2ab5b3834b0b5fa07a8803c038620666ecdd516821f,014620f8aead2e9882081907e6b7bcb6b03a7d8876347cab2176abf742890b60,14a2c282b45de44a6d640fc2e6dc1ed04d418f2f10d941f828d9c3c09a4704ad
ACT-IPIP-E3-03,ipip_stems,E3,Take control of things.,Exact frozen Johnson 2014 IPIP-NEO-120 item statement.,True,dba52e0c141c2884e267256197d2f3142e1adce3564f327475308bc9c6945340,train,"[128000, 18293, 2585, 315, 2574, 13]",6,dba52e0c141c2884e267256197d2f3142e1adce3564f327475308bc9c6945340,014620f8aead2e9882081907e6b7bcb6b03a7d8876347cab2176abf742890b60,14a2c282b45de44a6d640fc2e6dc1ed04d418f2f10d941f828d9c3c09a4704ad
ACT-IPIP-E3-04,ipip_stems,E3,Wait for others to lead the way.,Exact frozen Johnson 2014 IPIP-NEO-120 item statement.,True,939cb9808577a88226aeb2ec8fa92926deb8b45101e43a7f601047718a985aff,test,"[128000, 14524, 369, 3885, 311, 3063, 279, 1648, 13]",9,939cb9808577a88226aeb2ec8fa92926deb8b45101e43a7f601047718a985aff,014620f8aead2e9882081907e6b7bcb6b03a7d8876347cab2176abf742890b60,14a2c282b45de44a6d640fc2e6dc1ed04d418f2f10d941f828d9c3c09a4704ad
ACT-IPIP-E4-01,ipip_stems,E4,Am always busy.,Exact frozen Johnson 2014 IPIP-NEO-120 item statement.,True,f62f1e140e2eac805124f45d10e0a0379e91d6427063623a16c0882498280389,train,"[128000, 6219, 2744, 13326, 13]",5,f62f1e140e2eac805124f45d10e0a0379e91d6427063623a16c0882498280389,014620f8aead2e9882081907e6b7bcb6b03a7d8876347cab2176abf742890b60,14a2c282b45de44a6d640fc2e6dc1ed04d418f2f10d941f828d9c3c09a4704ad
ACT-IPIP-E4-02,ipip_stems,E4,Am always on the go.,Exact frozen Johnson 2014 IPIP-NEO-120 item statement.,True,a8ba0273343a604730f3a288799e5ccea88d2f11c27d1843bc45cb0152ca53e7,test,"[128000, 6219, 2744, 389, 279, 733, 13]",7,a8ba0273343a604730f3a288799e5ccea88d2f11c27d1843bc45cb0152ca53e7,014620f8aead2e9882081907e6b7bcb6b03a7d8876347cab2176abf742890b60,14a2c282b45de44a6d640fc2e6dc1ed04d418f2f10d941f828d9c3c09a4704ad
ACT-IPIP-E4-03,ipip_stems,E4,Do a lot in my spare time.,Exact frozen Johnson 2014 IPIP-NEO-120 item statement.,True,1caca24dab170a7f28a15019a71c0f0de3e7349297ee89e224c409434444d903,validation,"[128000, 5519, 264, 2763, 304, 856, 24804, 892, 13]",9,1caca24dab170a7f28a15019a71c0f0de3e7349297ee89e224c409434444d903,014620f8aead2e9882081907e6b7bcb6b03a7d8876347cab2176abf742890b60,14a2c282b45de44a6d640fc2e6dc1ed04d418f2f10d941f828d9c3c09a4704ad
ACT-IPIP-E4-04,ipip_stems,E4,Like to take it easy.,Exact frozen Johnson 2014 IPIP-NEO-120 item statement.,True,18b26ab9d9790efe6ca847dbd3b2080c461e8ff3c62521e2d12c0fa944e5fc93,train,"[128000, 13246, 311, 1935, 433, 4228, 13]",7,18b26ab9d9790efe6ca847dbd3b2080c461e8ff3c62521e2d12c0fa944e5fc93,014620f8aead2e9882081907e6b7bcb6b03a7d8876347cab2176abf742890b60,14a2c282b45de44a6d640fc2e6dc1ed04d418f2f10d941f828d9c3c09a4704ad
ACT-IPIP-E5-01,ipip_stems,E5,Love excitement.,Exact frozen Johnson 2014 IPIP-NEO-120 item statement.,True,b60799b880f3d6372626d0f777137cea9470d9945731458b3cf334bba332caa7,validation,"[128000, 29351, 28361, 13]",4,b60799b880f3d6372626d0f777137cea9470d9945731458b3cf334bba332caa7,014620f8aead2e9882081907e6b7bcb6b03a7d8876347cab2176abf742890b60,14a2c282b45de44a6d640fc2e6dc1ed04d418f2f10d941f828d9c3c09a4704ad
ACT-IPIP-E5-02,ipip_stems,E5,Seek adventure.,Exact frozen Johnson 2014 IPIP-NEO-120 item statement.,True,227e901779492b42b58e9160af03c0e41d6beb3d0d8a7a2272a77c8692cc71ab,test,"[128000, 40450, 18427, 13]",4,227e901779492b42b58e9160af03c0e41d6beb3d0d8a7a2272a77c8692cc71ab,014620f8aead2e9882081907e6b7bcb6b03a7d8876347cab2176abf742890b60,14a2c282b45de44a6d640fc2e6dc1ed04d418f2f10d941f828d9c3c09a4704ad
ACT-IPIP-E5-03,ipip_stems,E5,Enjoy being reckless.,Exact frozen Johnson 2014 IPIP-NEO-120 item statement.,True,7918a09cf147417a9c91f44723ffaa28b10321b517c553305ef966c425a318c9,train,"[128000, 39804, 1694, 54317, 13]",5,7918a09cf147417a9c91f44723ffaa28b10321b517c553305ef966c425a318c9,014620f8aead2e9882081907e6b7bcb6b03a7d8876347cab2176abf742890b60,14a2c282b45de44a6d640fc2e6dc1ed04d418f2f10d941f828d9c3c09a4704ad
ACT-IPIP-E5-04,ipip_stems,E5,Act wild and crazy.,Exact frozen Johnson 2014 IPIP-NEO-120 item statement.,True,3a85c8963b663b926e476f2a94a819f133ce608ee73b3c14902987b5ea832d4c,train,"[128000, 2471, 8545, 323, 14599, 13]",6,3a85c8963b663b926e476f2a94a819f133ce608ee73b3c14902987b5ea832d4c,014620f8aead2e9882081907e6b7bcb6b03a7d8876347cab2176abf742890b60,14a2c282b45de44a6d640fc2e6dc1ed04d418f2f10d941f828d9c3c09a4704ad
ACT-IPIP-E6-01,ipip_stems,E6,Radiate joy.,Exact frozen Johnson 2014 IPIP-NEO-120 item statement.,True,e01769a976cf5e251f7c07f7e3b45dc9ec0745277799cc47212bea9cbd2edc8a,train,"[128000, 75246, 349, 16267, 13]",5,e01769a976cf5e251f7c07f7e3b45dc9ec0745277799cc47212bea9cbd2edc8a,014620f8aead2e9882081907e6b7bcb6b03a7d8876347cab2176abf742890b60,14a2c282b45de44a6d640fc2e6dc1ed04d418f2f10d941f828d9c3c09a4704ad
ACT-IPIP-E6-02,ipip_stems,E6,Have a lot of fun.,Exact frozen Johnson 2014 IPIP-NEO-120 item statement.,True,7717311a935abea4d7de88289c86443a5dd894026c9d5a0c3268c49c9610955a,validation,"[128000, 12389, 264, 2763, 315, 2523, 13]",7,7717311a935abea4d7de88289c86443a5dd894026c9d5a0c3268c49c9610955a,014620f8aead2e9882081907e6b7bcb6b03a7d8876347cab2176abf742890b60,14a2c282b45de44a6d640fc2e6dc1ed04d418f2f10d941f828d9c3c09a4704ad
ACT-IPIP-E6-03,ipip_stems,E6,Love life.,Exact frozen Johnson 2014 IPIP-NEO-120 item statement.,True,996869dd5bc7a351e86302bd52e1c156d5c92bd8f8d0c308d0eafb76f30805a8,train,"[128000, 29351, 2324, 13]",4,996869dd5bc7a351e86302bd52e1c156d5c92bd8f8d0c308d0eafb76f30805a8,014620f8aead2e9882081907e6b7bcb6b03a7d8876347cab2176abf742890b60,14a2c282b45de44a6d640fc2e6dc1ed04d418f2f10d941f828d9c3c09a4704ad
ACT-IPIP-E6-04,ipip_stems,E6,Look at the bright side of life.,Exact frozen Johnson 2014 IPIP-NEO-120 item statement.,True,513fe2567c16e4008352870389387648e0c8200dfa2d32b2143cc873defeeada,test,"[128000, 10596, 520, 279, 10107, 3185, 315, 2324, 13]",9,513fe2567c16e4008352870389387648e0c8200dfa2d32b2143cc873defeeada,014620f8aead2e9882081907e6b7bcb6b03a7d8876347cab2176abf742890b60,14a2c282b45de44a6d640fc2e6dc1ed04d418f2f10d941f828d9c3c09a4704ad
ACT-IPIP-O1-01,ipip_stems,O1,Have a vivid imagination.,Exact frozen Johnson 2014 IPIP-NEO-120 item statement.,True,af40b598bad2f29f344c30f63cebdf95f879fc4bdd00b5847d2e9279bd92dad5,train,"[128000, 12389, 264, 43120, 28899, 13]",6,af40b598bad2f29f344c30f63cebdf95f879fc4bdd00b5847d2e9279bd92dad5,014620f8aead2e9882081907e6b7bcb6b03a7d8876347cab2176abf742890b60,14a2c282b45de44a6d640fc2e6dc1ed04d418f2f10d941f828d9c3c09a4704ad
ACT-IPIP-O1-02,ipip_stems,O1,Enjoy wild flights of fantasy.,Exact frozen Johnson 2014 IPIP-NEO-120 item statement.,True,74672f9fd52c6772a9d382342a1058d03396b9a6eb172597a1b34611d30f25bc,train,"[128000, 39804, 8545, 25952, 315, 18884, 13]",7,74672f9fd52c6772a9d382342a1058d03396b9a6eb172597a1b34611d30f25bc,014620f8aead2e9882081907e6b7bcb6b03a7d8876347cab2176abf742890b60,14a2c282b45de44a6d640fc2e6dc1ed04d418f2f10d941f828d9c3c09a4704ad
ACT-IPIP-O1-03,ipip_stems,O1,Love to daydream.,Exact frozen Johnson 2014 IPIP-NEO-120 item statement.,True,24c98f51be14273e5cab2796ffeb9d84a3955a48c145cda1eff998c5cdb7df0b,validation,"[128000, 29351, 311, 1938, 57291, 13]",6,24c98f51be14273e5cab2796ffeb9d84a3955a48c145cda1eff998c5cdb7df0b,014620f8aead2e9882081907e6b7bcb6b03a7d8876347cab2176abf742890b60,14a2c282b45de44a6d640fc2e6dc1ed04d418f2f10d941f828d9c3c09a4704ad
ACT-IPIP-O1-04,ipip_stems,O1,Like to get lost in thought.,Exact frozen Johnson 2014 IPIP-NEO-120 item statement.,True,2ec790195e602527501b9b183fe859d19f17bbd0cdfe8dc256250f5d9175f88a,test,"[128000, 13246, 311, 636, 5675, 304, 3463, 13]",8,2ec790195e602527501b9b183fe859d19f17bbd0cdfe8dc256250f5d9175f88a,014620f8aead2e9882081907e6b7bcb6b03a7d8876347cab2176abf742890b60,14a2c282b45de44a6d640fc2e6dc1ed04d418f2f10d941f828d9c3c09a4704ad
ACT-IPIP-O2-01,ipip_stems,O2,Believe in the importance of art.,Exact frozen Johnson 2014 IPIP-NEO-120 item statement.,True,ce4d24706172bb1974f5f0903836f3fd69f62b38917b784f3e80edf142005efe,train,"[128000, 22404, 19704, 304, 279, 12939, 315, 1989, 13]",9,ce4d24706172bb1974f5f0903836f3fd69f62b38917b784f3e80edf142005efe,014620f8aead2e9882081907e6b7bcb6b03a7d8876347cab2176abf742890b60,14a2c282b45de44a6d640fc2e6dc1ed04d418f2f10d941f828d9c3c09a4704ad
ACT-IPIP-O2-02,ipip_stems,O2,See beauty in things that others might not notice.,Exact frozen Johnson 2014 IPIP-NEO-120 item statement.,True,8a6cafb1ad307cb8c555a417972cc210fbb9dcc7e842152de2feaab36f9a38a3,train,"[128000, 10031, 13444, 304, 2574, 430, 3885, 2643, 539, 5406, 13]",11,8a6cafb1ad307cb8c555a417972cc210fbb9dcc7e842152de2feaab36f9a38a3,014620f8aead2e9882081907e6b7bcb6b03a7d8876347cab2176abf742890b60,14a2c282b45de44a6d640fc2e6dc1ed04d418f2f10d941f828d9c3c09a4704ad
ACT-IPIP-O2-03,ipip_stems,O2,Do not like poetry.,Exact frozen Johnson 2014 IPIP-NEO-120 item statement.,True,94d092a7191c061d60bbc79af22890671d2b0e5c794483872c06e9f4a685ffa9,test,"[128000, 5519, 539, 1093, 32349, 13]",6,94d092a7191c061d60bbc79af22890671d2b0e5c794483872c06e9f4a685ffa9,014620f8aead2e9882081907e6b7bcb6b03a7d8876347cab2176abf742890b60,14a2c282b45de44a6d640fc2e6dc1ed04d418f2f10d941f828d9c3c09a4704ad
ACT-IPIP-O2-04,ipip_stems,O2,Do not enjoy going to art museums.,Exact frozen Johnson 2014 IPIP-NEO-120 item statement.,True,d07115606ce7ba6351d4e9dda97daaf31c65d96d93afe67d2730b6fb281ac332,validation,"[128000, 5519, 539, 4774, 2133, 311, 1989, 51677, 13]",9,d07115606ce7ba6351d4e9dda97daaf31c65d96d93afe67d2730b6fb281ac332,014620f8aead2e9882081907e6b7bcb6b03a7d8876347cab2176abf742890b60,14a2c282b45de44a6d640fc2e6dc1ed04d418f2f10d941f828d9c3c09a4704ad
ACT-IPIP-O3-01,ipip_stems,O3,Experience my emotions intensely.,Exact frozen Johnson 2014 IPIP-NEO-120 item statement.,True,80a5667817f4f259d547f55035472877cc87eb937c429cb87ca1f32723b25217,test,"[128000, 35215, 856, 21958, 70733, 13]",6,80a5667817f4f259d547f55035472877cc87eb937c429cb87ca1f32723b25217,014620f8aead2e9882081907e6b7bcb6b03a7d8876347cab2176abf742890b60,14a2c282b45de44a6d640fc2e6dc1ed04d418f2f10d941f828d9c3c09a4704ad
ACT-IPIP-O3-02,ipip_stems,O3,Feel others' emotions.,Exact frozen Johnson 2014 IPIP-NEO-120 item statement.,True,85d2b9640b83b69192d918597d6d08f4428854d1589acd74ee4b8c8186e63544,train,"[128000, 34027, 3885, 6, 21958, 13]",6,85d2b9640b83b69192d918597d6d08f4428854d1589acd74ee4b8c8186e63544,014620f8aead2e9882081907e6b7bcb6b03a7d8876347cab2176abf742890b60,14a2c282b45de44a6d640fc2e6dc1ed04d418f2f10d941f828d9c3c09a4704ad
ACT-IPIP-O3-03,ipip_stems,O3,Rarely notice my emotional reactions.,Exact frozen Johnson 2014 IPIP-NEO-120 item statement.,True,c0cfac2956182255854eceffffb8782b49c3c7da5fac2238c8d8e1144f21d4df,validation,"[128000, 67511, 398, 5406, 856, 14604, 25481, 13]",8,c0cfac2956182255854eceffffb8782b49c3c7da5fac2238c8d8e1144f21d4df,014620f8aead2e9882081907e6b7bcb6b03a7d8876347cab2176abf742890b60,14a2c282b45de44a6d640fc2e6dc1ed04d418f2f10d941f828d9c3c09a4704ad
ACT-IPIP-O3-04,ipip_stems,O3,Don't understand people who get emotional.,Exact frozen Johnson 2014 IPIP-NEO-120 item statement.,True,dde3f7d0babbf7687c88a58370adf1cf479d5b95a9c69d1dacb06debba27a176,train,"[128000, 8161, 956, 3619, 1274, 889, 636, 14604, 13]",9,dde3f7d0babbf7687c88a58370adf1cf479d5b95a9c69d1dacb06debba27a176,014620f8aead2e9882081907e6b7bcb6b03a7d8876347cab2176abf742890b60,14a2c282b45de44a6d640fc2e6dc1ed04d418f2f10d941f828d9c3c09a4704ad
ACT-IPIP-O4-01,ipip_stems,O4,Prefer variety to routine.,Exact frozen Johnson 2014 IPIP-NEO-120 item statement.,True,ccc166cb6340703c004ad9d870e3e749b0d33a1e8a4f97f632122a0ca9d1cb99,train,"[128000, 4808, 809, 8205, 311, 14348, 13]",7,ccc166cb6340703c004ad9d870e3e749b0d33a1e8a4f97f632122a0ca9d1cb99,014620f8aead2e9882081907e6b7bcb6b03a7d8876347cab2176abf742890b60,14a2c282b45de44a6d640fc2e6dc1ed04d418f2f10d941f828d9c3c09a4704ad
ACT-IPIP-O4-02,ipip_stems,O4,Prefer to stick with things that I know.,Exact frozen Johnson 2014 IPIP-NEO-120 item statement.,True,5466a16cde1f0d0e5a27ef8af1d9ef83f491f2447fdd9312fd7d2d1ea2513c30,train,"[128000, 4808, 809, 311, 9396, 449, 2574, 430, 358, 1440, 13]",11,5466a16cde1f0d0e5a27ef8af1d9ef83f491f2447fdd9312fd7d2d1ea2513c30,014620f8aead2e9882081907e6b7bcb6b03a7d8876347cab2176abf742890b60,14a2c282b45de44a6d640fc2e6dc1ed04d418f2f10d941f828d9c3c09a4704ad
ACT-IPIP-O4-03,ipip_stems,O4,Dislike changes.,Exact frozen Johnson 2014 IPIP-NEO-120 item statement.,True,082a724038768557a24d7bcf933adf188612e9a091416a661b3188d3504db77b,validation,"[128000, 4944, 4908, 4442, 13]",5,082a724038768557a24d7bcf933adf188612e9a091416a661b3188d3504db77b,014620f8aead2e9882081907e6b7bcb6b03a7d8876347cab2176abf742890b60,14a2c282b45de44a6d640fc2e6dc1ed04d418f2f10d941f828d9c3c09a4704ad
ACT-IPIP-O4-04,ipip_stems,O4,Am attached to conventional ways.,Exact frozen Johnson 2014 IPIP-NEO-120 item statement.,True,c187adf35733e3aceedc8f9e60c828fb47551379ae7b4834c538f3e4a2f95ea3,test,"[128000, 6219, 12673, 311, 21349, 5627, 13]",7,c187adf35733e3aceedc8f9e60c828fb47551379ae7b4834c538f3e4a2f95ea3,014620f8aead2e9882081907e6b7bcb6b03a7d8876347cab2176abf742890b60,14a2c282b45de44a6d640fc2e6dc1ed04d418f2f10d941f828d9c3c09a4704ad
ACT-IPIP-O5-01,ipip_stems,O5,Love to read challenging material.,Exact frozen Johnson 2014 IPIP-NEO-120 item statement.,True,ae1a05a42b8a20fabba70c71705b2db95f040e46a27ad4a83b7f10642809fa7f,train,"[128000, 29351, 311, 1373, 17436, 3769, 13]",7,ae1a05a42b8a20fabba70c71705b2db95f040e46a27ad4a83b7f10642809fa7f,014620f8aead2e9882081907e6b7bcb6b03a7d8876347cab2176abf742890b60,14a2c282b45de44a6d640fc2e6dc1ed04d418f2f10d941f828d9c3c09a4704ad
ACT-IPIP-O5-02,ipip_stems,O5,Avoid philosophical discussions.,Exact frozen Johnson 2014 IPIP-NEO-120 item statement.,True,2c3e9200fbafa3c19a7eabed3406850feeab8e098069c9a32d9bb70078b2174c,validation,"[128000, 53216, 41903, 20954, 13]",5,2c3e9200fbafa3c19a7eabed3406850feeab8e098069c9a32d9bb70078b2174c,014620f8aead2e9882081907e6b7bcb6b03a7d8876347cab2176abf742890b60,14a2c282b45de44a6d640fc2e6dc1ed04d418f2f10d941f828d9c3c09a4704ad
ACT-IPIP-O5-03,ipip_stems,O5,Have difficulty understanding abstract ideas.,Exact frozen Johnson 2014 IPIP-NEO-120 item statement.,True,45af2aff7201d6d9dad34a2907ee708ce14744f7f4c7eabe447c9de9d67088ee,train,"[128000, 12389, 17250, 8830, 8278, 6848, 13]",7,45af2aff7201d6d9dad34a2907ee708ce14744f7f4c7eabe447c9de9d67088ee,014620f8aead2e9882081907e6b7bcb6b03a7d8876347cab2176abf742890b60,14a2c282b45de44a6d640fc2e6dc1ed04d418f2f10d941f828d9c3c09a4704ad
ACT-IPIP-O5-04,ipip_stems,O5,Am not interested in theoretical discussions.,Exact frozen Johnson 2014 IPIP-NEO-120 item statement.,True,a893b8d754a9338fd8003d3d5c94b9c8c1de173a65b84405f3967896108f7128,test,"[128000, 6219, 539, 8173, 304, 32887, 20954, 13]",8,a893b8d754a9338fd8003d3d5c94b9c8c1de173a65b84405f3967896108f7128,014620f8aead2e9882081907e6b7bcb6b03a7d8876347cab2176abf742890b60,14a2c282b45de44a6d640fc2e6dc1ed04d418f2f10d941f828d9c3c09a4704ad
ACT-IPIP-O6-01,ipip_stems,O6,Tend to vote for liberal political candidates.,Exact frozen Johnson 2014 IPIP-NEO-120 item statement.,True,c9936ebee63367da2f740205bce7d1a4fc54603120906f51b6771d72814b32e2,validation,"[128000, 51, 408, 311, 7055, 369, 18250, 5054, 11426, 13]",10,c9936ebee63367da2f740205bce7d1a4fc54603120906f51b6771d72814b32e2,014620f8aead2e9882081907e6b7bcb6b03a7d8876347cab2176abf742890b60,14a2c282b45de44a6d640fc2e6dc1ed04d418f2f10d941f828d9c3c09a4704ad
ACT-IPIP-O6-02,ipip_stems,O6,Believe that there is no absolute right and wrong.,Exact frozen Johnson 2014 IPIP-NEO-120 item statement.,True,9d051224443d609905adb24c75dc2a125109efd6205126700c45161e55231b79,train,"[128000, 22404, 19704, 430, 1070, 374, 912, 10973, 1314, 323, 5076, 13]",12,9d051224443d609905adb24c75dc2a125109efd6205126700c45161e55231b79,014620f8aead2e9882081907e6b7bcb6b03a7d8876347cab2176abf742890b60,14a2c282b45de44a6d640fc2e6dc1ed04d418f2f10d941f828d9c3c09a4704ad
ACT-IPIP-O6-03,ipip_stems,O6,Tend to vote for conservative political candidates.,Exact frozen Johnson 2014 IPIP-NEO-120 item statement.,True,07633d9920adf94ef7b90b777d1df1bd60388b139e10c8f7f99d5e03856475a1,test,"[128000, 51, 408, 311, 7055, 369, 15692, 5054, 11426, 13]",10,07633d9920adf94ef7b90b777d1df1bd60388b139e10c8f7f99d5e03856475a1,014620f8aead2e9882081907e6b7bcb6b03a7d8876347cab2176abf742890b60,14a2c282b45de44a6d640fc2e6dc1ed04d418f2f10d941f828d9c3c09a4704ad
ACT-IPIP-O6-04,ipip_stems,O6,Believe that we should be tough on crime.,Exact frozen Johnson 2014 IPIP-NEO-120 item statement.,True,72375cd2b28f8829b9c96d4b0d3b811041e0bf45b2798e40accca10f53cc2921,train,"[128000, 22404, 19704, 430, 584, 1288, 387, 11292, 389, 9977, 13]",11,72375cd2b28f8829b9c96d4b0d3b811041e0bf45b2798e40accca10f53cc2921,014620f8aead2e9882081907e6b7bcb6b03a7d8876347cab2176abf742890b60,14a2c282b45de44a6d640fc2e6dc1ed04d418f2f10d941f828d9c3c09a4704ad
ACT-IPIP-A1-01,ipip_stems,A1,Trust others.,Exact frozen Johnson 2014 IPIP-NEO-120 item statement.,True,048c6b0d29ed98894a1a2a5edaaa847d0695d471e6a8dfa5f5b40b05aa9c15e0,train,"[128000, 46648, 3885, 13]",4,048c6b0d29ed98894a1a2a5edaaa847d0695d471e6a8dfa5f5b40b05aa9c15e0,014620f8aead2e9882081907e6b7bcb6b03a7d8876347cab2176abf742890b60,14a2c282b45de44a6d640fc2e6dc1ed04d418f2f10d941f828d9c3c09a4704ad
ACT-IPIP-A1-02,ipip_stems,A1,Believe that others have good intentions.,Exact frozen Johnson 2014 IPIP-NEO-120 item statement.,True,d257b265759b55d86b363d7018ad74462c45b39d33386131d7004a4b33686e23,test,"[128000, 22404, 19704, 430, 3885, 617, 1695, 34334, 13]",9,d257b265759b55d86b363d7018ad74462c45b39d33386131d7004a4b33686e23,014620f8aead2e9882081907e6b7bcb6b03a7d8876347cab2176abf742890b60,14a2c282b45de44a6d640fc2e6dc1ed04d418f2f10d941f828d9c3c09a4704ad
ACT-IPIP-A1-03,ipip_stems,A1,Trust what people say.,Exact frozen Johnson 2014 IPIP-NEO-120 item statement.,True,267b55aa939417d3dda2094e822f0ee95735988a1124452c1cc1a8dadadcf7f5,train,"[128000, 46648, 1148, 1274, 2019, 13]",6,267b55aa939417d3dda2094e822f0ee95735988a1124452c1cc1a8dadadcf7f5,014620f8aead2e9882081907e6b7bcb6b03a7d8876347cab2176abf742890b60,14a2c282b45de44a6d640fc2e6dc1ed04d418f2f10d941f828d9c3c09a4704ad
ACT-IPIP-A1-04,ipip_stems,A1,Distrust people.,Exact frozen Johnson 2014 IPIP-NEO-120 item statement.,True,50fb0cc7cb81122e17bd3d200cfa6d933f50aa7c2758724797ac530758594f11,validation,"[128000, 35, 3843, 592, 1274, 13]",6,50fb0cc7cb81122e17bd3d200cfa6d933f50aa7c2758724797ac530758594f11,014620f8aead2e9882081907e6b7bcb6b03a7d8876347cab2176abf742890b60,14a2c282b45de44a6d640fc2e6dc1ed04d418f2f10d941f828d9c3c09a4704ad
ACT-IPIP-A2-01,ipip_stems,A2,Use others for my own ends.,Exact frozen Johnson 2014 IPIP-NEO-120 item statement.,True,68afab045dfc2a6d160058a87d734cbaa535dc6a0e11b8f67bcbd54ec5eb05c2,test,"[128000, 10464, 3885, 369, 856, 1866, 10548, 13]",8,68afab045dfc2a6d160058a87d734cbaa535dc6a0e11b8f67bcbd54ec5eb05c2,014620f8aead2e9882081907e6b7bcb6b03a7d8876347cab2176abf742890b60,14a2c282b45de44a6d640fc2e6dc1ed04d418f2f10d941f828d9c3c09a4704ad
ACT-IPIP-A2-02,ipip_stems,A2,Cheat to get ahead.,Exact frozen Johnson 2014 IPIP-NEO-120 item statement.,True,9edfa2d8b72cb229b86dc40c8399cd5a43361245ec159c43be210f5f7eaeb4c1,train,"[128000, 34, 20559, 311, 636, 8469, 13]",7,9edfa2d8b72cb229b86dc40c8399cd5a43361245ec159c43be210f5f7eaeb4c1,014620f8aead2e9882081907e6b7bcb6b03a7d8876347cab2176abf742890b60,14a2c282b45de44a6d640fc2e6dc1ed04d418f2f10d941f828d9c3c09a4704ad
ACT-IPIP-A2-03,ipip_stems,A2,Take advantage of others.,Exact frozen Johnson 2014 IPIP-NEO-120 item statement.,True,6ad77c50b0b161166df818e8757f2e7487cee9e107f596ead7248557febe53b5,train,"[128000, 18293, 9610, 315, 3885, 13]",6,6ad77c50b0b161166df818e8757f2e7487cee9e107f596ead7248557febe53b5,014620f8aead2e9882081907e6b7bcb6b03a7d8876347cab2176abf742890b60,14a2c282b45de44a6d640fc2e6dc1ed04d418f2f10d941f828d9c3c09a4704ad
ACT-IPIP-A2-04,ipip_stems,A2,Obstruct others' plans.,Exact frozen Johnson 2014 IPIP-NEO-120 item statement.,True,fb1bc6177a9d78286896a621eb9bff457ba3f8d3bb85e3f77cd5aa7d1fd33675,validation,"[128000, 4213, 1257, 3885, 6, 6787, 13]",7,fb1bc6177a9d78286896a621eb9bff457ba3f8d3bb85e3f77cd5aa7d1fd33675,014620f8aead2e9882081907e6b7bcb6b03a7d8876347cab2176abf742890b60,14a2c282b45de44a6d640fc2e6dc1ed04d418f2f10d941f828d9c3c09a4704ad
ACT-IPIP-A3-01,ipip_stems,A3,Am concerned about others.,Exact frozen Johnson 2014 IPIP-NEO-120 item statement.,True,16ede3de2414a55b756abacebd81352caff1a68b9aea0fe0b5c97617011e265a,train,"[128000, 6219, 11920, 922, 3885, 13]",6,16ede3de2414a55b756abacebd81352caff1a68b9aea0fe0b5c97617011e265a,014620f8aead2e9882081907e6b7bcb6b03a7d8876347cab2176abf742890b60,14a2c282b45de44a6d640fc2e6dc1ed04d418f2f10d941f828d9c3c09a4704ad
ACT-IPIP-A3-02,ipip_stems,A3,Love to help others.,Exact frozen Johnson 2014 IPIP-NEO-120 item statement.,True,a8db4e32d004a925f1b835a0aef5e22c4ae766932f61d6f364db8ec1b52cae5d,test,"[128000, 29351, 311, 1520, 3885, 13]",6,a8db4e32d004a925f1b835a0aef5e22c4ae766932f61d6f364db8ec1b52cae5d,014620f8aead2e9882081907e6b7bcb6b03a7d8876347cab2176abf742890b60,14a2c282b45de44a6d640fc2e6dc1ed04d418f2f10d941f828d9c3c09a4704ad
ACT-IPIP-A3-03,ipip_stems,A3,Am indifferent to the feelings of others.,Exact frozen Johnson 2014 IPIP-NEO-120 item statement.,True,c5cc74d89609a8a092dc5188fe3d4f97200594cf61b914be01f63f77c1b419eb,train,"[128000, 6219, 80008, 311, 279, 16024, 315, 3885, 13]",9,c5cc74d89609a8a092dc5188fe3d4f97200594cf61b914be01f63f77c1b419eb,014620f8aead2e9882081907e6b7bcb6b03a7d8876347cab2176abf742890b60,14a2c282b45de44a6d640fc2e6dc1ed04d418f2f10d941f828d9c3c09a4704ad
ACT-IPIP-A3-04,ipip_stems,A3,Take no time for others.,Exact frozen Johnson 2014 IPIP-NEO-120 item statement.,True,78be60cdda373930a613ceb253d73da54a30143bf2f97576a3c923befdebbcc0,validation,"[128000, 18293, 912, 892, 369, 3885, 13]",7,78be60cdda373930a613ceb253d73da54a30143bf2f97576a3c923befdebbcc0,014620f8aead2e9882081907e6b7bcb6b03a7d8876347cab2176abf742890b60,14a2c282b45de44a6d640fc2e6dc1ed04d418f2f10d941f828d9c3c09a4704ad
ACT-IPIP-A4-01,ipip_stems,A4,Love a good fight.,Exact frozen Johnson 2014 IPIP-NEO-120 item statement.,True,28ea38f8c13212adb8fe0faba5e9698efe6ac05a238f3e744ac481677bbf010b,train,"[128000, 29351, 264, 1695, 4465, 13]",6,28ea38f8c13212adb8fe0faba5e9698efe6ac05a238f3e744ac481677bbf010b,014620f8aead2e9882081907e6b7bcb6b03a7d8876347cab2176abf742890b60,14a2c282b45de44a6d640fc2e6dc1ed04d418f2f10d941f828d9c3c09a4704ad
ACT-IPIP-A4-02,ipip_stems,A4,Yell at people.,Exact frozen Johnson 2014 IPIP-NEO-120 item statement.,True,8f613b2c70bde9c73acbccf6fe567b9991fa0dc52a8012b8a5063ae5d539d8ce,validation,"[128000, 56, 616, 520, 1274, 13]",6,8f613b2c70bde9c73acbccf6fe567b9991fa0dc52a8012b8a5063ae5d539d8ce,014620f8aead2e9882081907e6b7bcb6b03a7d8876347cab2176abf742890b60,14a2c282b45de44a6d640fc2e6dc1ed04d418f2f10d941f828d9c3c09a4704ad
ACT-IPIP-A4-03,ipip_stems,A4,Insult people.,Exact frozen Johnson 2014 IPIP-NEO-120 item statement.,True,42e256aeddf367b47f77844ca646bf47ab76dc7ebe9c2e2c72bcfc892dfe0091,train,"[128000, 15841, 495, 1274, 13]",5,42e256aeddf367b47f77844ca646bf47ab76dc7ebe9c2e2c72bcfc892dfe0091,014620f8aead2e9882081907e6b7bcb6b03a7d8876347cab2176abf742890b60,14a2c282b45de44a6d640fc2e6dc1ed04d418f2f10d941f828d9c3c09a4704ad
ACT-IPIP-A4-04,ipip_stems,A4,Get back at others.,Exact frozen Johnson 2014 IPIP-NEO-120 item statement.,True,b83357285495b5bf712ab0185b498c826ca47f223e0618c59e98ba835baa26b7,test,"[128000, 1991, 1203, 520, 3885, 13]",6,b83357285495b5bf712ab0185b498c826ca47f223e0618c59e98ba835baa26b7,014620f8aead2e9882081907e6b7bcb6b03a7d8876347cab2176abf742890b60,14a2c282b45de44a6d640fc2e6dc1ed04d418f2f10d941f828d9c3c09a4704ad
ACT-IPIP-A5-01,ipip_stems,A5,Believe that I am better than others.,Exact frozen Johnson 2014 IPIP-NEO-120 item statement.,True,3afdd656906b1aef060c03775e072be9d14aac250efa338e6a7fec4a5e36ea73,validation,"[128000, 22404, 19704, 430, 358, 1097, 2731, 1109, 3885, 13]",10,3afdd656906b1aef060c03775e072be9d14aac250efa338e6a7fec4a5e36ea73,014620f8aead2e9882081907e6b7bcb6b03a7d8876347cab2176abf742890b60,14a2c282b45de44a6d640fc2e6dc1ed04d418f2f10d941f828d9c3c09a4704ad
ACT-IPIP-A5-02,ipip_stems,A5,Think highly of myself.,Exact frozen Johnson 2014 IPIP-NEO-120 item statement.,True,b8e96688202065e722cc34fd8828a61550635d6e921304aa5e85080777ceed6e,test,"[128000, 39787, 7701, 315, 7182, 13]",6,b8e96688202065e722cc34fd8828a61550635d6e921304aa5e85080777ceed6e,014620f8aead2e9882081907e6b7bcb6b03a7d8876347cab2176abf742890b60,14a2c282b45de44a6d640fc2e6dc1ed04d418f2f10d941f828d9c3c09a4704ad
ACT-IPIP-A5-03,ipip_stems,A5,Have a high opinion of myself.,Exact frozen Johnson 2014 IPIP-NEO-120 item statement.,True,f55d9f4b0757584c1ce5178c8b196da5b1f29d69a7b787d7c5f9372aae49e833,train,"[128000, 12389, 264, 1579, 9647, 315, 7182, 13]",8,f55d9f4b0757584c1ce5178c8b196da5b1f29d69a7b787d7c5f9372aae49e833,014620f8aead2e9882081907e6b7bcb6b03a7d8876347cab2176abf742890b60,14a2c282b45de44a6d640fc2e6dc1ed04d418f2f10d941f828d9c3c09a4704ad
ACT-IPIP-A5-04,ipip_stems,A5,Boast about my virtues.,Exact frozen Johnson 2014 IPIP-NEO-120 item statement.,True,773217e627fa9689bd435c8d67c1e6fe7686b1c8ca844e80b0ab46066dffa19a,train,"[128000, 1255, 561, 922, 856, 66627, 13]",7,773217e627fa9689bd435c8d67c1e6fe7686b1c8ca844e80b0ab46066dffa19a,014620f8aead2e9882081907e6b7bcb6b03a7d8876347cab2176abf742890b60,14a2c282b45de44a6d640fc2e6dc1ed04d418f2f10d941f828d9c3c09a4704ad
ACT-IPIP-A6-01,ipip_stems,A6,Sympathize with the homeless.,Exact frozen Johnson 2014 IPIP-NEO-120 item statement.,True,af6eef0cdfb2cc9c5ec9ea1d7983733569f278b2f7d2ed3feff66eb3373c853c,test,"[128000, 35767, 1331, 589, 553, 449, 279, 23855, 13]",9,af6eef0cdfb2cc9c5ec9ea1d7983733569f278b2f7d2ed3feff66eb3373c853c,014620f8aead2e9882081907e6b7bcb6b03a7d8876347cab2176abf742890b60,14a2c282b45de44a6d640fc2e6dc1ed04d418f2f10d941f828d9c3c09a4704ad
ACT-IPIP-A6-02,ipip_stems,A6,Feel sympathy for those who are worse off than myself.,Exact frozen Johnson 2014 IPIP-NEO-120 item statement.,True,123072b8ba3f5ead9acc421908f24b7df11bb7b020ebfc098289ea303e872b7f,train,"[128000, 34027, 47084, 369, 1884, 889, 527, 11201, 1022, 1109, 7182, 13]",12,123072b8ba3f5ead9acc421908f24b7df11bb7b020ebfc098289ea303e872b7f,014620f8aead2e9882081907e6b7bcb6b03a7d8876347cab2176abf742890b60,14a2c282b45de44a6d640fc2e6dc1ed04d418f2f10d941f828d9c3c09a4704ad
ACT-IPIP-A6-03,ipip_stems,A6,Am not interested in other people's problems.,Exact frozen Johnson 2014 IPIP-NEO-120 item statement.,True,ef76bc993c901489e9e5b97b31e69a09782837323d6f6fdaba400cc844d9f9ea,train,"[128000, 6219, 539, 8173, 304, 1023, 1274, 596, 5435, 13]",10,ef76bc993c901489e9e5b97b31e69a09782837323d6f6fdaba400cc844d9f9ea,014620f8aead2e9882081907e6b7bcb6b03a7d8876347cab2176abf742890b60,14a2c282b45de44a6d640fc2e6dc1ed04d418f2f10d941f828d9c3c09a4704ad
ACT-IPIP-A6-04,ipip_stems,A6,Try not to think about the needy.,Exact frozen Johnson 2014 IPIP-NEO-120 item statement.,True,644f2a36aa33f5e0d3235e50bf0f2adcef5a87c987629ebab0978dea8681476d,validation,"[128000, 22170, 539, 311, 1781, 922, 279, 83563, 13]",9,644f2a36aa33f5e0d3235e50bf0f2adcef5a87c987629ebab0978dea8681476d,014620f8aead2e9882081907e6b7bcb6b03a7d8876347cab2176abf742890b60,14a2c282b45de44a6d640fc2e6dc1ed04d418f2f10d941f828d9c3c09a4704ad
ACT-IPIP-C1-01,ipip_stems,C1,Complete tasks successfully.,Exact frozen Johnson 2014 IPIP-NEO-120 item statement.,True,ea0aa2e5a9ee108af74cf3f343dd856f1a0982d334906c146abf5150daf4290a,train,"[128000, 12833, 9256, 7946, 13]",5,ea0aa2e5a9ee108af74cf3f343dd856f1a0982d334906c146abf5150daf4290a,014620f8aead2e9882081907e6b7bcb6b03a7d8876347cab2176abf742890b60,14a2c282b45de44a6d640fc2e6dc1ed04d418f2f10d941f828d9c3c09a4704ad
ACT-IPIP-C1-02,ipip_stems,C1,Excel in what I do.,Exact frozen Johnson 2014 IPIP-NEO-120 item statement.,True,1bbcc563df674735de681a0ce1f75535988150b88e3c10292c74a72ea2853fb0,validation,"[128000, 20656, 304, 1148, 358, 656, 13]",7,1bbcc563df674735de681a0ce1f75535988150b88e3c10292c74a72ea2853fb0,014620f8aead2e9882081907e6b7bcb6b03a7d8876347cab2176abf742890b60,14a2c282b45de44a6d640fc2e6dc1ed04d418f2f10d941f828d9c3c09a4704ad
ACT-IPIP-C1-03,ipip_stems,C1,Handle tasks smoothly.,Exact frozen Johnson 2014 IPIP-NEO-120 item statement.,True,f122d658a096d55e24366fc2d0188f90ddc62600ea8e7761855e6e57a6652249,test,"[128000, 7144, 9256, 39511, 13]",5,f122d658a096d55e24366fc2d0188f90ddc62600ea8e7761855e6e57a6652249,014620f8aead2e9882081907e6b7bcb6b03a7d8876347cab2176abf742890b60,14a2c282b45de44a6d640fc2e6dc1ed04d418f2f10d941f828d9c3c09a4704ad
ACT-IPIP-C1-04,ipip_stems,C1,Know how to get things done.,Exact frozen Johnson 2014 IPIP-NEO-120 item statement.,True,d8bb3b909301d2c9d808c8ecb0c56d9c82182384354a39be887c0f17cca93f61,train,"[128000, 39512, 1268, 311, 636, 2574, 2884, 13]",8,d8bb3b909301d2c9d808c8ecb0c56d9c82182384354a39be887c0f17cca93f61,014620f8aead2e9882081907e6b7bcb6b03a7d8876347cab2176abf742890b60,14a2c282b45de44a6d640fc2e6dc1ed04d418f2f10d941f828d9c3c09a4704ad
ACT-IPIP-C2-01,ipip_stems,C2,Like to tidy up.,Exact frozen Johnson 2014 IPIP-NEO-120 item statement.,True,2ee36972fadefb24440d581ceee81ce9bccdcc51a7dd8faaad8991132d488a77,train,"[128000, 13246, 311, 58905, 709, 13]",6,2ee36972fadefb24440d581ceee81ce9bccdcc51a7dd8faaad8991132d488a77,014620f8aead2e9882081907e6b7bcb6b03a7d8876347cab2176abf742890b60,14a2c282b45de44a6d640fc2e6dc1ed04d418f2f10d941f828d9c3c09a4704ad
ACT-IPIP-C2-02,ipip_stems,C2,Often forget to put things back in their proper place.,Exact frozen Johnson 2014 IPIP-NEO-120 item statement.,True,ecbb9fc0fc339602e6c421efbde7ce4420ca71d359aef2fdbaa2914ea0efdc2b,train,"[128000, 78013, 10894, 311, 2231, 2574, 1203, 304, 872, 6300, 2035, 13]",12,ecbb9fc0fc339602e6c421efbde7ce4420ca71d359aef2fdbaa2914ea0efdc2b,014620f8aead2e9882081907e6b7bcb6b03a7d8876347cab2176abf742890b60,14a2c282b45de44a6d640fc2e6dc1ed04d418f2f10d941f828d9c3c09a4704ad
ACT-IPIP-C2-03,ipip_stems,C2,Leave a mess in my room.,Exact frozen Johnson 2014 IPIP-NEO-120 item statement.,True,bce61b1a033dd8f81bd71d09b5888a4ae3d7c7fb105c940ce38a4419d9595e87,test,"[128000, 22586, 264, 9622, 304, 856, 3130, 13]",8,bce61b1a033dd8f81bd71d09b5888a4ae3d7c7fb105c940ce38a4419d9595e87,014620f8aead2e9882081907e6b7bcb6b03a7d8876347cab2176abf742890b60,14a2c282b45de44a6d640fc2e6dc1ed04d418f2f10d941f828d9c3c09a4704ad
ACT-IPIP-C2-04,ipip_stems,C2,Leave my belongings around.,Exact frozen Johnson 2014 IPIP-NEO-120 item statement.,True,9d375923112c6f44ce5841a5dfee9db427de79a7b539ca63359533f7bc8a4267,validation,"[128000, 22586, 856, 64028, 2212, 13]",6,9d375923112c6f44ce5841a5dfee9db427de79a7b539ca63359533f7bc8a4267,014620f8aead2e9882081907e6b7bcb6b03a7d8876347cab2176abf742890b60,14a2c282b45de44a6d640fc2e6dc1ed04d418f2f10d941f828d9c3c09a4704ad
ACT-IPIP-C3-01,ipip_stems,C3,Keep my promises.,Exact frozen Johnson 2014 IPIP-NEO-120 item statement.,True,0d851b92f1aab31ff7a4ba893a9e35b40c4a8f795690310705f33fa9300adf09,train,"[128000, 19999, 856, 21300, 13]",5,0d851b92f1aab31ff7a4ba893a9e35b40c4a8f795690310705f33fa9300adf09,014620f8aead2e9882081907e6b7bcb6b03a7d8876347cab2176abf742890b60,14a2c282b45de44a6d640fc2e6dc1ed04d418f2f10d941f828d9c3c09a4704ad
ACT-IPIP-C3-02,ipip_stems,C3,Tell the truth.,Exact frozen Johnson 2014 IPIP-NEO-120 item statement.,True,a184cc3fc8189a988186ca3934059e2499857df4d382e92bc3eaa61d08a90b78,test,"[128000, 41551, 279, 8206, 13]",5,a184cc3fc8189a988186ca3934059e2499857df4d382e92bc3eaa61d08a90b78,014620f8aead2e9882081907e6b7bcb6b03a7d8876347cab2176abf742890b60,14a2c282b45de44a6d640fc2e6dc1ed04d418f2f10d941f828d9c3c09a4704ad
ACT-IPIP-C3-03,ipip_stems,C3,Break rules.,Exact frozen Johnson 2014 IPIP-NEO-120 item statement.,True,0884e1291c5e39186067d1a0a4ac70355e2756c21df33ac4c171bc0919f8c83d,validation,"[128000, 23340, 5718, 13]",4,0884e1291c5e39186067d1a0a4ac70355e2756c21df33ac4c171bc0919f8c83d,014620f8aead2e9882081907e6b7bcb6b03a7d8876347cab2176abf742890b60,14a2c282b45de44a6d640fc2e6dc1ed04d418f2f10d941f828d9c3c09a4704ad
ACT-IPIP-C3-04,ipip_stems,C3,Break my promises.,Exact frozen Johnson 2014 IPIP-NEO-120 item statement.,True,3ea79920bbfdf1f1b8cfc14bb47a168cccd20486d6b9e8cd46af91f9b62fa05c,train,"[128000, 23340, 856, 21300, 13]",5,3ea79920bbfdf1f1b8cfc14bb47a168cccd20486d6b9e8cd46af91f9b62fa05c,014620f8aead2e9882081907e6b7bcb6b03a7d8876347cab2176abf742890b60,14a2c282b45de44a6d640fc2e6dc1ed04d418f2f10d941f828d9c3c09a4704ad
ACT-IPIP-C4-01,ipip_stems,C4,Do more than what's expected of me.,Exact frozen Johnson 2014 IPIP-NEO-120 item statement.,True,6aa89bf668b0804f8d9abc165d03c2e20091ef0acc26f5a8a7c2f6d63b22dc6b,train,"[128000, 5519, 810, 1109, 1148, 596, 3685, 315, 757, 13]",10,6aa89bf668b0804f8d9abc165d03c2e20091ef0acc26f5a8a7c2f6d63b22dc6b,014620f8aead2e9882081907e6b7bcb6b03a7d8876347cab2176abf742890b60,14a2c282b45de44a6d640fc2e6dc1ed04d418f2f10d941f828d9c3c09a4704ad
ACT-IPIP-C4-02,ipip_stems,C4,Work hard.,Exact frozen Johnson 2014 IPIP-NEO-120 item statement.,True,6a2d92b4abe711b177a7d7d6f6cbfa1ee82bf078e8d53a823cd03c64968a7435,test,"[128000, 6919, 2653, 13]",4,6a2d92b4abe711b177a7d7d6f6cbfa1ee82bf078e8d53a823cd03c64968a7435,014620f8aead2e9882081907e6b7bcb6b03a7d8876347cab2176abf742890b60,14a2c282b45de44a6d640fc2e6dc1ed04d418f2f10d941f828d9c3c09a4704ad
ACT-IPIP-C4-03,ipip_stems,C4,Put little time and effort into my work.,Exact frozen Johnson 2014 IPIP-NEO-120 item statement.,True,d9d800fc5b0b2d99d0e4f717525f87d9f155250924f08679011e49f6715fe60a,train,"[128000, 19648, 2697, 892, 323, 5149, 1139, 856, 990, 13]",10,d9d800fc5b0b2d99d0e4f717525f87d9f155250924f08679011e49f6715fe60a,014620f8aead2e9882081907e6b7bcb6b03a7d8876347cab2176abf742890b60,14a2c282b45de44a6d640fc2e6dc1ed04d418f2f10d941f828d9c3c09a4704ad
ACT-IPIP-C4-04,ipip_stems,C4,Do just enough work to get by.,Exact frozen Johnson 2014 IPIP-NEO-120 item statement.,True,9d1bef76bd225cb3d83a10d1fd21f17b91932e616670aa8396f15c3143806753,validation,"[128000, 5519, 1120, 3403, 990, 311, 636, 555, 13]",9,9d1bef76bd225cb3d83a10d1fd21f17b91932e616670aa8396f15c3143806753,014620f8aead2e9882081907e6b7bcb6b03a7d8876347cab2176abf742890b60,14a2c282b45de44a6d640fc2e6dc1ed04d418f2f10d941f828d9c3c09a4704ad
ACT-IPIP-C5-01,ipip_stems,C5,Am always prepared.,Exact frozen Johnson 2014 IPIP-NEO-120 item statement.,True,43cfb4759a0ba3c5fbbf79a2be49825a981c81c447e70754b2da1b3bfc658cbb,train,"[128000, 6219, 2744, 10235, 13]",5,43cfb4759a0ba3c5fbbf79a2be49825a981c81c447e70754b2da1b3bfc658cbb,014620f8aead2e9882081907e6b7bcb6b03a7d8876347cab2176abf742890b60,14a2c282b45de44a6d640fc2e6dc1ed04d418f2f10d941f828d9c3c09a4704ad
ACT-IPIP-C5-02,ipip_stems,C5,Carry out my plans.,Exact frozen Johnson 2014 IPIP-NEO-120 item statement.,True,55982603062cc077824f455a83e90b4e168de8ce45df7fde42c71c67679322ca,test,"[128000, 9028, 894, 704, 856, 6787, 13]",7,55982603062cc077824f455a83e90b4e168de8ce45df7fde42c71c67679322ca,014620f8aead2e9882081907e6b7bcb6b03a7d8876347cab2176abf742890b60,14a2c282b45de44a6d640fc2e6dc1ed04d418f2f10d941f828d9c3c09a4704ad
ACT-IPIP-C5-03,ipip_stems,C5,Waste my time.,Exact frozen Johnson 2014 IPIP-NEO-120 item statement.,True,33a9b7510729468146e74e9b80756cf0883da04cc8a00748c74744dae5abc457,train,"[128000, 54, 5642, 856, 892, 13]",6,33a9b7510729468146e74e9b80756cf0883da04cc8a00748c74744dae5abc457,014620f8aead2e9882081907e6b7bcb6b03a7d8876347cab2176abf742890b60,14a2c282b45de44a6d640fc2e6dc1ed04d418f2f10d941f828d9c3c09a4704ad
ACT-IPIP-C5-04,ipip_stems,C5,Have difficulty starting tasks.,Exact frozen Johnson 2014 IPIP-NEO-120 item statement.,True,c8924b98e6a66e85ee60080db35e97d945e442d1179af4f2577bdb1ccecbf8a3,validation,"[128000, 12389, 17250, 6041, 9256, 13]",6,c8924b98e6a66e85ee60080db35e97d945e442d1179af4f2577bdb1ccecbf8a3,014620f8aead2e9882081907e6b7bcb6b03a7d8876347cab2176abf742890b60,14a2c282b45de44a6d640fc2e6dc1ed04d418f2f10d941f828d9c3c09a4704ad
ACT-IPIP-C6-01,ipip_stems,C6,Jump into things without thinking.,Exact frozen Johnson 2014 IPIP-NEO-120 item statement.,True,dfd98e52b1c23ee027fed38060cb8c82ea3d0c093ca192f3ed807b0e919f1082,train,"[128000, 35079, 1139, 2574, 2085, 7422, 13]",7,dfd98e52b1c23ee027fed38060cb8c82ea3d0c093ca192f3ed807b0e919f1082,014620f8aead2e9882081907e6b7bcb6b03a7d8876347cab2176abf742890b60,14a2c282b45de44a6d640fc2e6dc1ed04d418f2f10d941f828d9c3c09a4704ad
ACT-IPIP-C6-02,ipip_stems,C6,Make rash decisions.,Exact frozen Johnson 2014 IPIP-NEO-120 item statement.,True,9fb5999558874c167adef8bfa224bae7a84c170b8e5cff1873ac0c0876e2d1c2,validation,"[128000, 8238, 57342, 11429, 13]",5,9fb5999558874c167adef8bfa224bae7a84c170b8e5cff1873ac0c0876e2d1c2,014620f8aead2e9882081907e6b7bcb6b03a7d8876347cab2176abf742890b60,14a2c282b45de44a6d640fc2e6dc1ed04d418f2f10d941f828d9c3c09a4704ad
ACT-IPIP-C6-03,ipip_stems,C6,Rush into things.,Exact frozen Johnson 2014 IPIP-NEO-120 item statement.,True,2ce1380b578ab8e9f89cb968592dfda97fd8f732a478ceaefe38f72695b6f31a,test,"[128000, 49, 1136, 1139, 2574, 13]",6,2ce1380b578ab8e9f89cb968592dfda97fd8f732a478ceaefe38f72695b6f31a,014620f8aead2e9882081907e6b7bcb6b03a7d8876347cab2176abf742890b60,14a2c282b45de44a6d640fc2e6dc1ed04d418f2f10d941f828d9c3c09a4704ad
ACT-IPIP-C6-04,ipip_stems,C6,Act without thinking.,Exact frozen Johnson 2014 IPIP-NEO-120 item statement.,True,b87107be6b476d6560b8cbd9086fee7c97230dd179b02488638774f39c684a75,train,"[128000, 2471, 2085, 7422, 13]",5,b87107be6b476d6560b8cbd9086fee7c97230dd179b02488638774f39c684a75,014620f8aead2e9882081907e6b7bcb6b03a7d8876347cab2176abf742890b60,14a2c282b45de44a6d640fc2e6dc1ed04d418f2f10d941f828d9c3c09a4704ad
ACT-NEUTRAL-001,neutral_controls,measurement,Measured object: a copper wire.,Deterministic factual/descriptive control; greedily token-length matched to the correspondingly indexed IPIP stem.,True,6fa5123cdca1a598a8f29b2aba22dd1fb5cf75c645b653f0971b54d26c50a472,train,"[128000, 86455, 1665, 25, 264, 24166, 9244, 13]",8,6fa5123cdca1a598a8f29b2aba22dd1fb5cf75c645b653f0971b54d26c50a472,014620f8aead2e9882081907e6b7bcb6b03a7d8876347cab2176abf742890b60,14a2c282b45de44a6d640fc2e6dc1ed04d418f2f10d941f828d9c3c09a4704ad
ACT-NEUTRAL-002,neutral_controls,diagram,Diagram label: a copper wire.,Deterministic factual/descriptive control; greedily token-length matched to the correspondingly indexed IPIP stem.,True,95ead4eb4b6b5996cfa6d6a2696b75511ba033070abad43ac23e71a7f9742332,train,"[128000, 93995, 2440, 25, 264, 24166, 9244, 13]",8,95ead4eb4b6b5996cfa6d6a2696b75511ba033070abad43ac23e71a7f9742332,014620f8aead2e9882081907e6b7bcb6b03a7d8876347cab2176abf742890b60,14a2c282b45de44a6d640fc2e6dc1ed04d418f2f10d941f828d9c3c09a4704ad
ACT-NEUTRAL-003,neutral_controls,inventory,Stored item: a copper wire.,Deterministic factual/descriptive control; greedily token-length matched to the correspondingly indexed IPIP stem.,True,6a52976eb610e996c43cf25bb7bc1413f311426c61fc5fca92bbc3f28e375d8d,train,"[128000, 94343, 1537, 25, 264, 24166, 9244, 13]",8,6a52976eb610e996c43cf25bb7bc1413f311426c61fc5fca92bbc3f28e375d8d,014620f8aead2e9882081907e6b7bcb6b03a7d8876347cab2176abf742890b60,14a2c282b45de44a6d640fc2e6dc1ed04d418f2f10d941f828d9c3c09a4704ad
ACT-NEUTRAL-004,neutral_controls,surface,Surface sample: a copper wire.,Deterministic factual/descriptive control; greedily token-length matched to the correspondingly indexed IPIP stem.,True,358c5a6bd601cdef34f88cf2e2c861b98c2c64ed3083f54a0dd21d38176e2a7f,train,"[128000, 24627, 6205, 25, 264, 24166, 9244, 13]",8,358c5a6bd601cdef34f88cf2e2c861b98c2c64ed3083f54a0dd21d38176e2a7f,014620f8aead2e9882081907e6b7bcb6b03a7d8876347cab2176abf742890b60,14a2c282b45de44a6d640fc2e6dc1ed04d418f2f10d941f828d9c3c09a4704ad
ACT-NEUTRAL-005,neutral_controls,mass,Mass reference: a copper wire.,Deterministic factual/descriptive control; greedily token-length matched to the correspondingly indexed IPIP stem.,True,91fc2cdf4ca41dd72aa172493f5812eba8044c981ebf138dd9ec98f6e40f6d58,validation,"[128000, 26909, 5905, 25, 264, 24166, 9244, 13]",8,91fc2cdf4ca41dd72aa172493f5812eba8044c981ebf138dd9ec98f6e40f6d58,014620f8aead2e9882081907e6b7bcb6b03a7d8876347cab2176abf742890b60,14a2c282b45de44a6d640fc2e6dc1ed04d418f2f10d941f828d9c3c09a4704ad
ACT-NEUTRAL-006,neutral_controls,temperature,Temperature record: a copper wire.,Deterministic factual/descriptive control; greedily token-length matched to the correspondingly indexed IPIP stem.,True,7e6c02aa8cc8c4cd002192de1b2fee90ced686707857487432a17350ca20dcae,train,"[128000, 41790, 3335, 25, 264, 24166, 9244, 13]",8,7e6c02aa8cc8c4cd002192de1b2fee90ced686707857487432a17350ca20dcae,014620f8aead2e9882081907e6b7bcb6b03a7d8876347cab2176abf742890b60,14a2c282b45de44a6d640fc2e6dc1ed04d418f2f10d941f828d9c3c09a4704ad
ACT-NEUTRAL-007,neutral_controls,photograph,Reference photograph: a copper wire.,Deterministic factual/descriptive control; greedily token-length matched to the correspondingly indexed IPIP stem.,True,8f57c52ec7449686a30b9fbcfb85dcdeeb525b546526f65ea12f36fc1646f52d,train,"[128000, 9032, 10512, 25, 264, 24166, 9244, 13]",8,8f57c52ec7449686a30b9fbcfb85dcdeeb525b546526f65ea12f36fc1646f52d,014620f8aead2e9882081907e6b7bcb6b03a7d8876347cab2176abf742890b60,14a2c282b45de44a6d640fc2e6dc1ed04d418f2f10d941f828d9c3c09a4704ad
ACT-NEUTRAL-008,neutral_controls,measurement,Measured object: a glass prism.,Deterministic factual/descriptive control; greedily token-length matched to the correspondingly indexed IPIP stem.,True,a259df1c96a69f287ab654a932ca55f8514861afe46df0f33342c68c7c1305f5,train,"[128000, 86455, 1665, 25, 264, 9168, 94710, 13]",8,a259df1c96a69f287ab654a932ca55f8514861afe46df0f33342c68c7c1305f5,014620f8aead2e9882081907e6b7bcb6b03a7d8876347cab2176abf742890b60,14a2c282b45de44a6d640fc2e6dc1ed04d418f2f10d941f828d9c3c09a4704ad
ACT-NEUTRAL-009,neutral_controls,diagram,Diagram label: a glass prism.,Deterministic factual/descriptive control; greedily token-length matched to the correspondingly indexed IPIP stem.,True,56f5188f31019d0beac1b5c4982990829912d3b5527b6745bb18ea6834cbe407,train,"[128000, 93995, 2440, 25, 264, 9168, 94710, 13]",8,56f5188f31019d0beac1b5c4982990829912d3b5527b6745bb18ea6834cbe407,014620f8aead2e9882081907e6b7bcb6b03a7d8876347cab2176abf742890b60,14a2c282b45de44a6d640fc2e6dc1ed04d418f2f10d941f828d9c3c09a4704ad
ACT-NEUTRAL-010,neutral_controls,inventory,Stored item: a glass prism.,Deterministic factual/descriptive control; greedily token-length matched to the correspondingly indexed IPIP stem.,True,368018db54a08e67002c4bf628d4664832192ab0038eed4d282cf9530c279b2d,train,"[128000, 94343, 1537, 25, 264, 9168, 94710, 13]",8,368018db54a08e67002c4bf628d4664832192ab0038eed4d282cf9530c279b2d,014620f8aead2e9882081907e6b7bcb6b03a7d8876347cab2176abf742890b60,14a2c282b45de44a6d640fc2e6dc1ed04d418f2f10d941f828d9c3c09a4704ad
ACT-NEUTRAL-011,neutral_controls,surface,Surface sample: a glass prism.,Deterministic factual/descriptive control; greedily token-length matched to the correspondingly indexed IPIP stem.,True,3c6300fc161fd6cbe581df8ff2d7bf09c3c469b5630c5ed024f79ec07f9267ce,validation,"[128000, 24627, 6205, 25, 264, 9168, 94710, 13]",8,3c6300fc161fd6cbe581df8ff2d7bf09c3c469b5630c5ed024f79ec07f9267ce,014620f8aead2e9882081907e6b7bcb6b03a7d8876347cab2176abf742890b60,14a2c282b45de44a6d640fc2e6dc1ed04d418f2f10d941f828d9c3c09a4704ad
ACT-NEUTRAL-012,neutral_controls,mass,Mass reference: a glass prism.,Deterministic factual/descriptive control; greedily token-length matched to the correspondingly indexed IPIP stem.,True,343fc2fe1c17a09a7d784eceefa9202eb75d513b90fae022de6b032285315217,train,"[128000, 26909, 5905, 25, 264, 9168, 94710, 13]",8,343fc2fe1c17a09a7d784eceefa9202eb75d513b90fae022de6b032285315217,014620f8aead2e9882081907e6b7bcb6b03a7d8876347cab2176abf742890b60,14a2c282b45de44a6d640fc2e6dc1ed04d418f2f10d941f828d9c3c09a4704ad
ACT-NEUTRAL-013,neutral_controls,temperature,Temperature record: a glass prism.,Deterministic factual/descriptive control; greedily token-length matched to the correspondingly indexed IPIP stem.,True,ebbbed7371c570ca30cafdfddf78a352967b2f1cc8237144ae84b8bb8061351f,train,"[128000, 41790, 3335, 25, 264, 9168, 94710, 13]",8,ebbbed7371c570ca30cafdfddf78a352967b2f1cc8237144ae84b8bb8061351f,014620f8aead2e9882081907e6b7bcb6b03a7d8876347cab2176abf742890b60,14a2c282b45de44a6d640fc2e6dc1ed04d418f2f10d941f828d9c3c09a4704ad
ACT-NEUTRAL-014,neutral_controls,measurement,Measured object: a basalt sample.,Deterministic factual/descriptive control; greedily token-length matched to the correspondingly indexed IPIP stem.,True,2a89f3ddeb49cb183681bf63859f2cca85da07f6966257d6c81d0eee10434a47,test,"[128000, 86455, 1665, 25, 264, 3122, 3223, 6205, 13]",9,2a89f3ddeb49cb183681bf63859f2cca85da07f6966257d6c81d0eee10434a47,014620f8aead2e9882081907e6b7bcb6b03a7d8876347cab2176abf742890b60,14a2c282b45de44a6d640fc2e6dc1ed04d418f2f10d941f828d9c3c09a4704ad
ACT-NEUTRAL-015,neutral_controls,photograph,Reference photograph: a glass prism.,Deterministic factual/descriptive control; greedily token-length matched to the correspondingly indexed IPIP stem.,True,32f7f5eb048e0fbfc4dafc57783c0694b6e318df7621e4f8e1ef79cc14bba666,train,"[128000, 9032, 10512, 25, 264, 9168, 94710, 13]",8,32f7f5eb048e0fbfc4dafc57783c0694b6e318df7621e4f8e1ef79cc14bba666,014620f8aead2e9882081907e6b7bcb6b03a7d8876347cab2176abf742890b60,14a2c282b45de44a6d640fc2e6dc1ed04d418f2f10d941f828d9c3c09a4704ad
ACT-NEUTRAL-016,neutral_controls,diagram,Diagram label: a basalt sample.,Deterministic factual/descriptive control; greedily token-length matched to the correspondingly indexed IPIP stem.,True,4b6ead4a7390f6cca23809fafa0628ffe3be32bbe8e4ed5defc6c81deabd9f7c,train,"[128000, 93995, 2440, 25, 264, 3122, 3223, 6205, 13]",9,4b6ead4a7390f6cca23809fafa0628ffe3be32bbe8e4ed5defc6c81deabd9f7c,014620f8aead2e9882081907e6b7bcb6b03a7d8876347cab2176abf742890b60,14a2c282b45de44a6d640fc2e6dc1ed04d418f2f10d941f828d9c3c09a4704ad
ACT-NEUTRAL-017,neutral_controls,measurement,Measured object: a cedar board.,Deterministic factual/descriptive control; greedily token-length matched to the correspondingly indexed IPIP stem.,True,9485d88f7e5d5b378db7a9b97f957e05dd4ba7eebe831569e91a2bdb8973ec0f,train,"[128000, 86455, 1665, 25, 264, 76396, 4580, 13]",8,9485d88f7e5d5b378db7a9b97f957e05dd4ba7eebe831569e91a2bdb8973ec0f,014620f8aead2e9882081907e6b7bcb6b03a7d8876347cab2176abf742890b60,14a2c282b45de44a6d640fc2e6dc1ed04d418f2f10d941f828d9c3c09a4704ad
ACT-NEUTRAL-018,neutral_controls,diagram,Diagram label: a cedar board.,Deterministic factual/descriptive control; greedily token-length matched to the correspondingly indexed IPIP stem.,True,3d376583b6058699ce70f99cb9c1d57236639ca58e23a03485e1ceda1dcca616,train,"[128000, 93995, 2440, 25, 264, 76396, 4580, 13]",8,3d376583b6058699ce70f99cb9c1d57236639ca58e23a03485e1ceda1dcca616,014620f8aead2e9882081907e6b7bcb6b03a7d8876347cab2176abf742890b60,14a2c282b45de44a6d640fc2e6dc1ed04d418f2f10d941f828d9c3c09a4704ad
ACT-NEUTRAL-019,neutral_controls,inventory,Stored item: a cedar board.,Deterministic factual/descriptive control; greedily token-length matched to the correspondingly indexed IPIP stem.,True,432acc5202dabd7ad639d6bf5ab8dd298f8851afce06ef78bd4fa6b904ffb286,train,"[128000, 94343, 1537, 25, 264, 76396, 4580, 13]",8,432acc5202dabd7ad639d6bf5ab8dd298f8851afce06ef78bd4fa6b904ffb286,014620f8aead2e9882081907e6b7bcb6b03a7d8876347cab2176abf742890b60,14a2c282b45de44a6d640fc2e6dc1ed04d418f2f10d941f828d9c3c09a4704ad
ACT-NEUTRAL-020,neutral_controls,surface,Surface sample: a cedar board.,Deterministic factual/descriptive control; greedily token-length matched to the correspondingly indexed IPIP stem.,True,badc107bbe450357f3a18c409173a8264c838aba6c033731bfd0273b4256b4ba,train,"[128000, 24627, 6205, 25, 264, 76396, 4580, 13]",8,badc107bbe450357f3a18c409173a8264c838aba6c033731bfd0273b4256b4ba,014620f8aead2e9882081907e6b7bcb6b03a7d8876347cab2176abf742890b60,14a2c282b45de44a6d640fc2e6dc1ed04d418f2f10d941f828d9c3c09a4704ad
ACT-NEUTRAL-021,neutral_controls,mass,Mass reference: a cedar board.,Deterministic factual/descriptive control; greedily token-length matched to the correspondingly indexed IPIP stem.,True,a3f5aa29e3a440bd9224df380da3f29abf503d57b7e69770fb870df37c052d96,train,"[128000, 26909, 5905, 25, 264, 76396, 4580, 13]",8,a3f5aa29e3a440bd9224df380da3f29abf503d57b7e69770fb870df37c052d96,014620f8aead2e9882081907e6b7bcb6b03a7d8876347cab2176abf742890b60,14a2c282b45de44a6d640fc2e6dc1ed04d418f2f10d941f828d9c3c09a4704ad
ACT-NEUTRAL-022,neutral_controls,temperature,Temperature record: a cedar board.,Deterministic factual/descriptive control; greedily token-length matched to the correspondingly indexed IPIP stem.,True,4e01a22870167ef65e032017e475e09e5306c82a4bd370497690587616fc2c6f,validation,"[128000, 41790, 3335, 25, 264, 76396, 4580, 13]",8,4e01a22870167ef65e032017e475e09e5306c82a4bd370497690587616fc2c6f,014620f8aead2e9882081907e6b7bcb6b03a7d8876347cab2176abf742890b60,14a2c282b45de44a6d640fc2e6dc1ed04d418f2f10d941f828d9c3c09a4704ad
ACT-NEUTRAL-023,neutral_controls,inspection,Serial-numbered item: a basalt sample.,Deterministic factual/descriptive control; greedily token-length matched to the correspondingly indexed IPIP stem.,True,67bdc1bb91c3fb80a010f088b83d53d8eb9ae7ab7674533121cd0631e1e4ac8b,train,"[128000, 6040, 26939, 291, 1537, 25, 264, 3122, 3223, 6205, 13]",11,67bdc1bb91c3fb80a010f088b83d53d8eb9ae7ab7674533121cd0631e1e4ac8b,014620f8aead2e9882081907e6b7bcb6b03a7d8876347cab2176abf742890b60,14a2c282b45de44a6d640fc2e6dc1ed04d418f2f10d941f828d9c3c09a4704ad
ACT-NEUTRAL-024,neutral_controls,photograph,Reference photograph: a cedar board.,Deterministic factual/descriptive control; greedily token-length matched to the correspondingly indexed IPIP stem.,True,44c1100b95bef0862faae4079c8b0d77c22171929d1899cb1b41d7fa5235dc69,train,"[128000, 9032, 10512, 25, 264, 76396, 4580, 13]",8,44c1100b95bef0862faae4079c8b0d77c22171929d1899cb1b41d7fa5235dc69,014620f8aead2e9882081907e6b7bcb6b03a7d8876347cab2176abf742890b60,14a2c282b45de44a6d640fc2e6dc1ed04d418f2f10d941f828d9c3c09a4704ad
ACT-NEUTRAL-025,neutral_controls,measurement,Measured object: a quartz crystal.,Deterministic factual/descriptive control; greedily token-length matched to the correspondingly indexed IPIP stem.,True,7ec209fc9a80d18b0eb6f65947bf43144c2c4812f7c2c476880aea0c83537525,train,"[128000, 86455, 1665, 25, 264, 52255, 26110, 13]",8,7ec209fc9a80d18b0eb6f65947bf43144c2c4812f7c2c476880aea0c83537525,014620f8aead2e9882081907e6b7bcb6b03a7d8876347cab2176abf742890b60,14a2c282b45de44a6d640fc2e6dc1ed04d418f2f10d941f828d9c3c09a4704ad
ACT-NEUTRAL-026,neutral_controls,diagram,Diagram label: a quartz crystal.,Deterministic factual/descriptive control; greedily token-length matched to the correspondingly indexed IPIP stem.,True,e74019c41ca9545f4be2f023ab0263e2ef9d4bbf6faca9f054aadb9d4b600fc6,test,"[128000, 93995, 2440, 25, 264, 52255, 26110, 13]",8,e74019c41ca9545f4be2f023ab0263e2ef9d4bbf6faca9f054aadb9d4b600fc6,014620f8aead2e9882081907e6b7bcb6b03a7d8876347cab2176abf742890b60,14a2c282b45de44a6d640fc2e6dc1ed04d418f2f10d941f828d9c3c09a4704ad
ACT-NEUTRAL-027,neutral_controls,inventory,Stored item: a quartz crystal.,Deterministic factual/descriptive control; greedily token-length matched to the correspondingly indexed IPIP stem.,True,8d240ef6ca07e4122b6ca9e1794a096f2f63f325008f4076a08aee62831d613c,test,"[128000, 94343, 1537, 25, 264, 52255, 26110, 13]",8,8d240ef6ca07e4122b6ca9e1794a096f2f63f325008f4076a08aee62831d613c,014620f8aead2e9882081907e6b7bcb6b03a7d8876347cab2176abf742890b60,14a2c282b45de44a6d640fc2e6dc1ed04d418f2f10d941f828d9c3c09a4704ad
ACT-NEUTRAL-028,neutral_controls,surface,Surface sample: a quartz crystal.,Deterministic factual/descriptive control; greedily token-length matched to the correspondingly indexed IPIP stem.,True,27c2b65f3c4afff1544f4868a03971acaaac17dc4f1efe241c9476e62a2ef778,train,"[128000, 24627, 6205, 25, 264, 52255, 26110, 13]",8,27c2b65f3c4afff1544f4868a03971acaaac17dc4f1efe241c9476e62a2ef778,014620f8aead2e9882081907e6b7bcb6b03a7d8876347cab2176abf742890b60,14a2c282b45de44a6d640fc2e6dc1ed04d418f2f10d941f828d9c3c09a4704ad
ACT-NEUTRAL-029,neutral_controls,mass,Mass reference: a quartz crystal.,Deterministic factual/descriptive control; greedily token-length matched to the correspondingly indexed IPIP stem.,True,f5b5c2e28164865f2f6f381399f0f678f0b7ad28c5702b9b8e8a2b70fd0201f3,train,"[128000, 26909, 5905, 25, 264, 52255, 26110, 13]",8,f5b5c2e28164865f2f6f381399f0f678f0b7ad28c5702b9b8e8a2b70fd0201f3,014620f8aead2e9882081907e6b7bcb6b03a7d8876347cab2176abf742890b60,14a2c282b45de44a6d640fc2e6dc1ed04d418f2f10d941f828d9c3c09a4704ad
ACT-NEUTRAL-030,neutral_controls,catalog,Cataloged material: a basalt sample.,Deterministic factual/descriptive control; greedily token-length matched to the correspondingly indexed IPIP stem.,True,6916e3b3ea5c750005e9b8a53e43b3366256e47f53384bf70478b7d43008d0d7,train,"[128000, 42706, 291, 3769, 25, 264, 3122, 3223, 6205, 13]",10,6916e3b3ea5c750005e9b8a53e43b3366256e47f53384bf70478b7d43008d0d7,014620f8aead2e9882081907e6b7bcb6b03a7d8876347cab2176abf742890b60,14a2c282b45de44a6d640fc2e6dc1ed04d418f2f10d941f828d9c3c09a4704ad
ACT-NEUTRAL-031,neutral_controls,temperature,Temperature record: a quartz crystal.,Deterministic factual/descriptive control; greedily token-length matched to the correspondingly indexed IPIP stem.,True,3f3a18ae66aac427d23a3e048f93ebae5ab2801fa16d9d5c6d65774b8af7191e,test,"[128000, 41790, 3335, 25, 264, 52255, 26110, 13]",8,3f3a18ae66aac427d23a3e048f93ebae5ab2801fa16d9d5c6d65774b8af7191e,014620f8aead2e9882081907e6b7bcb6b03a7d8876347cab2176abf742890b60,14a2c282b45de44a6d640fc2e6dc1ed04d418f2f10d941f828d9c3c09a4704ad
ACT-NEUTRAL-032,neutral_controls,photograph,Reference photograph: a quartz crystal.,Deterministic factual/descriptive control; greedily token-length matched to the correspondingly indexed IPIP stem.,True,9b2320f1d053c300526a390d758e029c1b915b5df4c0a07d6500ef89d191e038,train,"[128000, 9032, 10512, 25, 264, 52255, 26110, 13]",8,9b2320f1d053c300526a390d758e029c1b915b5df4c0a07d6500ef89d191e038,014620f8aead2e9882081907e6b7bcb6b03a7d8876347cab2176abf742890b60,14a2c282b45de44a6d640fc2e6dc1ed04d418f2f10d941f828d9c3c09a4704ad
ACT-NEUTRAL-033,neutral_controls,measurement,Measured object: a paper sheet.,Deterministic factual/descriptive control; greedily token-length matched to the correspondingly indexed IPIP stem.,True,aeaf7369498df858e0ec97b1d87bf9eedc441f17132410938484a38cc13494bd,validation,"[128000, 86455, 1665, 25, 264, 5684, 11071, 13]",8,aeaf7369498df858e0ec97b1d87bf9eedc441f17132410938484a38cc13494bd,014620f8aead2e9882081907e6b7bcb6b03a7d8876347cab2176abf742890b60,14a2c282b45de44a6d640fc2e6dc1ed04d418f2f10d941f828d9c3c09a4704ad
ACT-NEUTRAL-034,neutral_controls,diagram,Diagram label: a paper sheet.,Deterministic factual/descriptive control; greedily token-length matched to the correspondingly indexed IPIP stem.,True,51816e44e38c67131405b0cc7ebc5329fa877f65a7811ad7e55da15b2c26bf85,train,"[128000, 93995, 2440, 25, 264, 5684, 11071, 13]",8,51816e44e38c67131405b0cc7ebc5329fa877f65a7811ad7e55da15b2c26bf85,014620f8aead2e9882081907e6b7bcb6b03a7d8876347cab2176abf742890b60,14a2c282b45de44a6d640fc2e6dc1ed04d418f2f10d941f828d9c3c09a4704ad
ACT-NEUTRAL-035,neutral_controls,inventory,Stored item: a paper sheet.,Deterministic factual/descriptive control; greedily token-length matched to the correspondingly indexed IPIP stem.,True,c4a051ba807b36b01d71c59f538b935c780c60b9b033e6ff9fe5ff91164406e8,train,"[128000, 94343, 1537, 25, 264, 5684, 11071, 13]",8,c4a051ba807b36b01d71c59f538b935c780c60b9b033e6ff9fe5ff91164406e8,014620f8aead2e9882081907e6b7bcb6b03a7d8876347cab2176abf742890b60,14a2c282b45de44a6d640fc2e6dc1ed04d418f2f10d941f828d9c3c09a4704ad
ACT-NEUTRAL-036,neutral_controls,inventory,Stored item: a basalt sample.,Deterministic factual/descriptive control; greedily token-length matched to the correspondingly indexed IPIP stem.,True,0265e8b0e6d1861afda3e26c62f17554a84069ee0dc4493efdf928b1ca59430c,train,"[128000, 94343, 1537, 25, 264, 3122, 3223, 6205, 13]",9,0265e8b0e6d1861afda3e26c62f17554a84069ee0dc4493efdf928b1ca59430c,014620f8aead2e9882081907e6b7bcb6b03a7d8876347cab2176abf742890b60,14a2c282b45de44a6d640fc2e6dc1ed04d418f2f10d941f828d9c3c09a4704ad
ACT-NEUTRAL-037,neutral_controls,surface,Surface sample: a paper sheet.,Deterministic factual/descriptive control; greedily token-length matched to the correspondingly indexed IPIP stem.,True,c8c33d5cdd73cf544dbb3f42556734d6dfbab418af41db606c20903f6af12278,test,"[128000, 24627, 6205, 25, 264, 5684, 11071, 13]",8,c8c33d5cdd73cf544dbb3f42556734d6dfbab418af41db606c20903f6af12278,014620f8aead2e9882081907e6b7bcb6b03a7d8876347cab2176abf742890b60,14a2c282b45de44a6d640fc2e6dc1ed04d418f2f10d941f828d9c3c09a4704ad
ACT-NEUTRAL-038,neutral_controls,mass,Mass reference: a paper sheet.,Deterministic factual/descriptive control; greedily token-length matched to the correspondingly indexed IPIP stem.,True,b35102e0129db1986bae0540b7df35527f2784bb3df59b4c3d09e5777f31788e,test,"[128000, 26909, 5905, 25, 264, 5684, 11071, 13]",8,b35102e0129db1986bae0540b7df35527f2784bb3df59b4c3d09e5777f31788e,014620f8aead2e9882081907e6b7bcb6b03a7d8876347cab2176abf742890b60,14a2c282b45de44a6d640fc2e6dc1ed04d418f2f10d941f828d9c3c09a4704ad
ACT-NEUTRAL-039,neutral_controls,surface,Surface sample: a basalt sample.,Deterministic factual/descriptive control; greedily token-length matched to the correspondingly indexed IPIP stem.,True,20fda6ab3e6a8d1b551d2722ce2e9ccab4d74a698f5fc5666921f3a85874b90a,test,"[128000, 24627, 6205, 25, 264, 3122, 3223, 6205, 13]",9,20fda6ab3e6a8d1b551d2722ce2e9ccab4d74a698f5fc5666921f3a85874b90a,014620f8aead2e9882081907e6b7bcb6b03a7d8876347cab2176abf742890b60,14a2c282b45de44a6d640fc2e6dc1ed04d418f2f10d941f828d9c3c09a4704ad
ACT-NEUTRAL-040,neutral_controls,temperature,Temperature record: a paper sheet.,Deterministic factual/descriptive control; greedily token-length matched to the correspondingly indexed IPIP stem.,True,fe17f705c2e076a7e807ce252dd24d41410c6d241ba09b0d2ffd95ebe7d4fa66,test,"[128000, 41790, 3335, 25, 264, 5684, 11071, 13]",8,fe17f705c2e076a7e807ce252dd24d41410c6d241ba09b0d2ffd95ebe7d4fa66,014620f8aead2e9882081907e6b7bcb6b03a7d8876347cab2176abf742890b60,14a2c282b45de44a6d640fc2e6dc1ed04d418f2f10d941f828d9c3c09a4704ad
ACT-NEUTRAL-041,neutral_controls,photograph,Reference photograph: a paper sheet.,Deterministic factual/descriptive control; greedily token-length matched to the correspondingly indexed IPIP stem.,True,e9caef672b578eb08b45f5bc6bc0c773a8f339851da90eee31f5f0dc2d70570c,train,"[128000, 9032, 10512, 25, 264, 5684, 11071, 13]",8,e9caef672b578eb08b45f5bc6bc0c773a8f339851da90eee31f5f0dc2d70570c,014620f8aead2e9882081907e6b7bcb6b03a7d8876347cab2176abf742890b60,14a2c282b45de44a6d640fc2e6dc1ed04d418f2f10d941f828d9c3c09a4704ad
ACT-NEUTRAL-042,neutral_controls,measurement,Measured object: a steel beam.,Deterministic factual/descriptive control; greedily token-length matched to the correspondingly indexed IPIP stem.,True,c15c14cf169cc21330a55a34412ae85f366cad2175c0ed4003aa148a996cad66,test,"[128000, 86455, 1665, 25, 264, 9699, 24310, 13]",8,c15c14cf169cc21330a55a34412ae85f366cad2175c0ed4003aa148a996cad66,014620f8aead2e9882081907e6b7bcb6b03a7d8876347cab2176abf742890b60,14a2c282b45de44a6d640fc2e6dc1ed04d418f2f10d941f828d9c3c09a4704ad
ACT-NEUTRAL-043,neutral_controls,diagram,Diagram label: a steel beam.,Deterministic factual/descriptive control; greedily token-length matched to the correspondingly indexed IPIP stem.,True,f19990abe7ea405674b01d7170b6334f9bf3a5131ea233dee23d7a7bd2c100bc,validation,"[128000, 93995, 2440, 25, 264, 9699, 24310, 13]",8,f19990abe7ea405674b01d7170b6334f9bf3a5131ea233dee23d7a7bd2c100bc,014620f8aead2e9882081907e6b7bcb6b03a7d8876347cab2176abf742890b60,14a2c282b45de44a6d640fc2e6dc1ed04d418f2f10d941f828d9c3c09a4704ad
ACT-NEUTRAL-044,neutral_controls,inventory,Stored item: a steel beam.,Deterministic factual/descriptive control; greedily token-length matched to the correspondingly indexed IPIP stem.,True,556802f80e3b6377ee8948f7e35411a474b5a93b7ba5cccf3904aaf4cacaa417,train,"[128000, 94343, 1537, 25, 264, 9699, 24310, 13]",8,556802f80e3b6377ee8948f7e35411a474b5a93b7ba5cccf3904aaf4cacaa417,014620f8aead2e9882081907e6b7bcb6b03a7d8876347cab2176abf742890b60,14a2c282b45de44a6d640fc2e6dc1ed04d418f2f10d941f828d9c3c09a4704ad
ACT-NEUTRAL-045,neutral_controls,surface,Surface sample: a steel beam.,Deterministic factual/descriptive control; greedily token-length matched to the correspondingly indexed IPIP stem.,True,cf5226c75134c2fb25ae6ca397f32199fcdb41c8552d1b656ac917695a026891,train,"[128000, 24627, 6205, 25, 264, 9699, 24310, 13]",8,cf5226c75134c2fb25ae6ca397f32199fcdb41c8552d1b656ac917695a026891,014620f8aead2e9882081907e6b7bcb6b03a7d8876347cab2176abf742890b60,14a2c282b45de44a6d640fc2e6dc1ed04d418f2f10d941f828d9c3c09a4704ad
ACT-NEUTRAL-046,neutral_controls,mass,Mass reference: a steel beam.,Deterministic factual/descriptive control; greedily token-length matched to the correspondingly indexed IPIP stem.,True,a15cdc7a806856aa9d56e1bd1ca5e7e40e48268c5cee7271293b60f99578c4e9,test,"[128000, 26909, 5905, 25, 264, 9699, 24310, 13]",8,a15cdc7a806856aa9d56e1bd1ca5e7e40e48268c5cee7271293b60f99578c4e9,014620f8aead2e9882081907e6b7bcb6b03a7d8876347cab2176abf742890b60,14a2c282b45de44a6d640fc2e6dc1ed04d418f2f10d941f828d9c3c09a4704ad
ACT-NEUTRAL-047,neutral_controls,temperature,Temperature record: a steel beam.,Deterministic factual/descriptive control; greedily token-length matched to the correspondingly indexed IPIP stem.,True,2261edc9506dbcb92dc928a5d4362056002d0c138fd767d509333a2b2067d38e,train,"[128000, 41790, 3335, 25, 264, 9699, 24310, 13]",8,2261edc9506dbcb92dc928a5d4362056002d0c138fd767d509333a2b2067d38e,014620f8aead2e9882081907e6b7bcb6b03a7d8876347cab2176abf742890b60,14a2c282b45de44a6d640fc2e6dc1ed04d418f2f10d941f828d9c3c09a4704ad
ACT-NEUTRAL-048,neutral_controls,mass,Mass reference: a basalt sample.,Deterministic factual/descriptive control; greedily token-length matched to the correspondingly indexed IPIP stem.,True,540c447d911c7e242b10f64c5833bd7b79e319bd6f4f98bd32c5f56d6601019d,train,"[128000, 26909, 5905, 25, 264, 3122, 3223, 6205, 13]",9,540c447d911c7e242b10f64c5833bd7b79e319bd6f4f98bd32c5f56d6601019d,014620f8aead2e9882081907e6b7bcb6b03a7d8876347cab2176abf742890b60,14a2c282b45de44a6d640fc2e6dc1ed04d418f2f10d941f828d9c3c09a4704ad
ACT-NEUTRAL-049,neutral_controls,photograph,Reference photograph: a steel beam.,Deterministic factual/descriptive control; greedily token-length matched to the correspondingly indexed IPIP stem.,True,84806bd25953b12c9ff6e4ba7ac7ac516e97b15d76023294c8351867f1812039,train,"[128000, 9032, 10512, 25, 264, 9699, 24310, 13]",8,84806bd25953b12c9ff6e4ba7ac7ac516e97b15d76023294c8351867f1812039,014620f8aead2e9882081907e6b7bcb6b03a7d8876347cab2176abf742890b60,14a2c282b45de44a6d640fc2e6dc1ed04d418f2f10d941f828d9c3c09a4704ad
ACT-NEUTRAL-050,neutral_controls,measurement,Measured object: a ceramic tile.,Deterministic factual/descriptive control; greedily token-length matched to the correspondingly indexed IPIP stem.,True,b18f672b9c678fb9bcef25af8e106f90c6175e4814ca29e721d9205324be9a00,train,"[128000, 86455, 1665, 25, 264, 43124, 10228, 13]",8,b18f672b9c678fb9bcef25af8e106f90c6175e4814ca29e721d9205324be9a00,014620f8aead2e9882081907e6b7bcb6b03a7d8876347cab2176abf742890b60,14a2c282b45de44a6d640fc2e6dc1ed04d418f2f10d941f828d9c3c09a4704ad
ACT-NEUTRAL-051,neutral_controls,diagram,Diagram label: a ceramic tile.,Deterministic factual/descriptive control; greedily token-length matched to the correspondingly indexed IPIP stem.,True,bcec9dcf44c07d7b2801e658aeadb0af2b317c36c965bfe895a0df50dc8263a6,test,"[128000, 93995, 2440, 25, 264, 43124, 10228, 13]",8,bcec9dcf44c07d7b2801e658aeadb0af2b317c36c965bfe895a0df50dc8263a6,014620f8aead2e9882081907e6b7bcb6b03a7d8876347cab2176abf742890b60,14a2c282b45de44a6d640fc2e6dc1ed04d418f2f10d941f828d9c3c09a4704ad
ACT-NEUTRAL-052,neutral_controls,inventory,Stored item: a ceramic tile.,Deterministic factual/descriptive control; greedily token-length matched to the correspondingly indexed IPIP stem.,True,0eb50cee06664fb32acbff5263d75cace2f11b3f8ddad4b4381aee510e548edf,train,"[128000, 94343, 1537, 25, 264, 43124, 10228, 13]",8,0eb50cee06664fb32acbff5263d75cace2f11b3f8ddad4b4381aee510e548edf,014620f8aead2e9882081907e6b7bcb6b03a7d8876347cab2176abf742890b60,14a2c282b45de44a6d640fc2e6dc1ed04d418f2f10d941f828d9c3c09a4704ad
ACT-NEUTRAL-053,neutral_controls,temperature,Temperature record: a basalt sample.,Deterministic factual/descriptive control; greedily token-length matched to the correspondingly indexed IPIP stem.,True,cd8a33df005cca77590db66ccd3474ff05db44d7e85cee89b2eba6bc515acb38,train,"[128000, 41790, 3335, 25, 264, 3122, 3223, 6205, 13]",9,cd8a33df005cca77590db66ccd3474ff05db44d7e85cee89b2eba6bc515acb38,014620f8aead2e9882081907e6b7bcb6b03a7d8876347cab2176abf742890b60,14a2c282b45de44a6d640fc2e6dc1ed04d418f2f10d941f828d9c3c09a4704ad
ACT-NEUTRAL-054,neutral_controls,position,North-wall item: a basalt sample.,Deterministic factual/descriptive control; greedily token-length matched to the correspondingly indexed IPIP stem.,True,0b45e0b64ce3f763ecf37d067e774df99fbde2d3ac39c37d6854d124d93abac0,test,"[128000, 26287, 86111, 1537, 25, 264, 3122, 3223, 6205, 13]",10,0b45e0b64ce3f763ecf37d067e774df99fbde2d3ac39c37d6854d124d93abac0,014620f8aead2e9882081907e6b7bcb6b03a7d8876347cab2176abf742890b60,14a2c282b45de44a6d640fc2e6dc1ed04d418f2f10d941f828d9c3c09a4704ad
ACT-NEUTRAL-055,neutral_controls,surface,Surface sample: a ceramic tile.,Deterministic factual/descriptive control; greedily token-length matched to the correspondingly indexed IPIP stem.,True,615cb01169cbcac32c712889120ada1fc6bec93a02d45f352a02f36dec7fe28d,validation,"[128000, 24627, 6205, 25, 264, 43124, 10228, 13]",8,615cb01169cbcac32c712889120ada1fc6bec93a02d45f352a02f36dec7fe28d,014620f8aead2e9882081907e6b7bcb6b03a7d8876347cab2176abf742890b60,14a2c282b45de44a6d640fc2e6dc1ed04d418f2f10d941f828d9c3c09a4704ad
ACT-NEUTRAL-056,neutral_controls,photograph,Reference photograph: a basalt sample.,Deterministic factual/descriptive control; greedily token-length matched to the correspondingly indexed IPIP stem.,True,0e2f8f237caf1dea86c77f08e7e5129e07bcfda63cc1354f8bbc4543cc2f8854,validation,"[128000, 9032, 10512, 25, 264, 3122, 3223, 6205, 13]",9,0e2f8f237caf1dea86c77f08e7e5129e07bcfda63cc1354f8bbc4543cc2f8854,014620f8aead2e9882081907e6b7bcb6b03a7d8876347cab2176abf742890b60,14a2c282b45de44a6d640fc2e6dc1ed04d418f2f10d941f828d9c3c09a4704ad
ACT-NEUTRAL-057,neutral_controls,mass,Mass reference: a ceramic tile.,Deterministic factual/descriptive control; greedily token-length matched to the correspondingly indexed IPIP stem.,True,0127926e6e6808f68a6aa699013dec1c5493fc2385d500e2c805dbc595867184,train,"[128000, 26909, 5905, 25, 264, 43124, 10228, 13]",8,0127926e6e6808f68a6aa699013dec1c5493fc2385d500e2c805dbc595867184,014620f8aead2e9882081907e6b7bcb6b03a7d8876347cab2176abf742890b60,14a2c282b45de44a6d640fc2e6dc1ed04d418f2f10d941f828d9c3c09a4704ad
ACT-NEUTRAL-058,neutral_controls,temperature,Temperature record: a ceramic tile.,Deterministic factual/descriptive control; greedily token-length matched to the correspondingly indexed IPIP stem.,True,445f17bd21313f04fb662b9d5c6c3e9c7b0fcb00c56030777a14e7d2d9f894d4,validation,"[128000, 41790, 3335, 25, 264, 43124, 10228, 13]",8,445f17bd21313f04fb662b9d5c6c3e9c7b0fcb00c56030777a14e7d2d9f894d4,014620f8aead2e9882081907e6b7bcb6b03a7d8876347cab2176abf742890b60,14a2c282b45de44a6d640fc2e6dc1ed04d418f2f10d941f828d9c3c09a4704ad
ACT-NEUTRAL-059,neutral_controls,photograph,Reference photograph: a ceramic tile.,Deterministic factual/descriptive control; greedily token-length matched to the correspondingly indexed IPIP stem.,True,12c4a15cc22797553a111c962a0ad0c16144644d111c8b60596180e6e8b2b824,validation,"[128000, 9032, 10512, 25, 264, 43124, 10228, 13]",8,12c4a15cc22797553a111c962a0ad0c16144644d111c8b60596180e6e8b2b824,014620f8aead2e9882081907e6b7bcb6b03a7d8876347cab2176abf742890b60,14a2c282b45de44a6d640fc2e6dc1ed04d418f2f10d941f828d9c3c09a4704ad
ACT-NEUTRAL-060,neutral_controls,catalog,Cataloged material: a copper wire.,Deterministic factual/descriptive control; greedily token-length matched to the correspondingly indexed IPIP stem.,True,554f6d088470147d3d28fef49318768e487c505e690c57c2acb668d3d8a7ed49,test,"[128000, 42706, 291, 3769, 25, 264, 24166, 9244, 13]",9,554f6d088470147d3d28fef49318768e487c505e690c57c2acb668d3d8a7ed49,014620f8aead2e9882081907e6b7bcb6b03a7d8876347cab2176abf742890b60,14a2c282b45de44a6d640fc2e6dc1ed04d418f2f10d941f828d9c3c09a4704ad
ACT-NEUTRAL-061,neutral_controls,measurement,Measured object: a river stone.,Deterministic factual/descriptive control; greedily token-length matched to the correspondingly indexed IPIP stem.,True,c81c6ed39d2953cd9c4a2b8efa3a6ef57d378423a9cf34d9bf72a051c681085f,test,"[128000, 86455, 1665, 25, 264, 15140, 9998, 13]",8,c81c6ed39d2953cd9c4a2b8efa3a6ef57d378423a9cf34d9bf72a051c681085f,014620f8aead2e9882081907e6b7bcb6b03a7d8876347cab2176abf742890b60,14a2c282b45de44a6d640fc2e6dc1ed04d418f2f10d941f828d9c3c09a4704ad
ACT-NEUTRAL-062,neutral_controls,inspection,Serial-numbered item: a copper wire.,Deterministic factual/descriptive control; greedily token-length matched to the correspondingly indexed IPIP stem.,True,10e32d227b37d1640bf14226066a6f0139fc2e9f12d76a23168320816df3cc18,validation,"[128000, 6040, 26939, 291, 1537, 25, 264, 24166, 9244, 13]",10,10e32d227b37d1640bf14226066a6f0139fc2e9f12d76a23168320816df3cc18,014620f8aead2e9882081907e6b7bcb6b03a7d8876347cab2176abf742890b60,14a2c282b45de44a6d640fc2e6dc1ed04d418f2f10d941f828d9c3c09a4704ad
ACT-NEUTRAL-063,neutral_controls,diagram,Diagram label: a river stone.,Deterministic factual/descriptive control; greedily token-length matched to the correspondingly indexed IPIP stem.,True,749e76ace60a25d99f1c1d3dffdbeb7f15d8835cca1468c1e60bc63b80d78192,validation,"[128000, 93995, 2440, 25, 264, 15140, 9998, 13]",8,749e76ace60a25d99f1c1d3dffdbeb7f15d8835cca1468c1e60bc63b80d78192,014620f8aead2e9882081907e6b7bcb6b03a7d8876347cab2176abf742890b60,14a2c282b45de44a6d640fc2e6dc1ed04d418f2f10d941f828d9c3c09a4704ad
ACT-NEUTRAL-064,neutral_controls,inventory,Stored item: a river stone.,Deterministic factual/descriptive control; greedily token-length matched to the correspondingly indexed IPIP stem.,True,14d655061924fab322dbd9fceb4812adf3411af44d61e88985763a36789186e8,test,"[128000, 94343, 1537, 25, 264, 15140, 9998, 13]",8,14d655061924fab322dbd9fceb4812adf3411af44d61e88985763a36789186e8,014620f8aead2e9882081907e6b7bcb6b03a7d8876347cab2176abf742890b60,14a2c282b45de44a6d640fc2e6dc1ed04d418f2f10d941f828d9c3c09a4704ad
ACT-NEUTRAL-065,neutral_controls,surface,Surface sample: a river stone.,Deterministic factual/descriptive control; greedily token-length matched to the correspondingly indexed IPIP stem.,True,2dfa40587087d1ad09a28b213e935863fcdadf2726414c1816cd60198192c138,train,"[128000, 24627, 6205, 25, 264, 15140, 9998, 13]",8,2dfa40587087d1ad09a28b213e935863fcdadf2726414c1816cd60198192c138,014620f8aead2e9882081907e6b7bcb6b03a7d8876347cab2176abf742890b60,14a2c282b45de44a6d640fc2e6dc1ed04d418f2f10d941f828d9c3c09a4704ad
ACT-NEUTRAL-066,neutral_controls,mass,Mass reference: a river stone.,Deterministic factual/descriptive control; greedily token-length matched to the correspondingly indexed IPIP stem.,True,847ce238ff5dc61fb41a514cae6e5a4951fedb92bfae163de935f9bb661b7051,validation,"[128000, 26909, 5905, 25, 264, 15140, 9998, 13]",8,847ce238ff5dc61fb41a514cae6e5a4951fedb92bfae163de935f9bb661b7051,014620f8aead2e9882081907e6b7bcb6b03a7d8876347cab2176abf742890b60,14a2c282b45de44a6d640fc2e6dc1ed04d418f2f10d941f828d9c3c09a4704ad
ACT-NEUTRAL-067,neutral_controls,temperature,Temperature record: a river stone.,Deterministic factual/descriptive control; greedily token-length matched to the correspondingly indexed IPIP stem.,True,8340ca02874b6f126fe6dbdfd992eb070d213ac44552c1cb8993f8944ae0514e,train,"[128000, 41790, 3335, 25, 264, 15140, 9998, 13]",8,8340ca02874b6f126fe6dbdfd992eb070d213ac44552c1cb8993f8944ae0514e,014620f8aead2e9882081907e6b7bcb6b03a7d8876347cab2176abf742890b60,14a2c282b45de44a6d640fc2e6dc1ed04d418f2f10d941f828d9c3c09a4704ad
ACT-NEUTRAL-068,neutral_controls,photograph,Reference photograph: a river stone.,Deterministic factual/descriptive control; greedily token-length matched to the correspondingly indexed IPIP stem.,True,fb29816f09aa25bba3a312b85eb66523f0fd1d02477934d7f8de9f742a72b7d7,test,"[128000, 9032, 10512, 25, 264, 15140, 9998, 13]",8,fb29816f09aa25bba3a312b85eb66523f0fd1d02477934d7f8de9f742a72b7d7,014620f8aead2e9882081907e6b7bcb6b03a7d8876347cab2176abf742890b60,14a2c282b45de44a6d640fc2e6dc1ed04d418f2f10d941f828d9c3c09a4704ad
ACT-NEUTRAL-069,neutral_controls,inspection,Serial-numbered item: a glass prism.,Deterministic factual/descriptive control; greedily token-length matched to the correspondingly indexed IPIP stem.,True,76a7a1227cc2a12e80e99e270dd97d63a75fef56249fcdf60f1a8c61ba55200c,test,"[128000, 6040, 26939, 291, 1537, 25, 264, 9168, 94710, 13]",10,76a7a1227cc2a12e80e99e270dd97d63a75fef56249fcdf60f1a8c61ba55200c,014620f8aead2e9882081907e6b7bcb6b03a7d8876347cab2176abf742890b60,14a2c282b45de44a6d640fc2e6dc1ed04d418f2f10d941f828d9c3c09a4704ad
ACT-NEUTRAL-070,neutral_controls,inspection,Serial-numbered item: a cedar board.,Deterministic factual/descriptive control; greedily token-length matched to the correspondingly indexed IPIP stem.,True,228e1c61f1c5903d040e95b1970d2e277c1794a68ed06c9142c926f5c7d7a737,train,"[128000, 6040, 26939, 291, 1537, 25, 264, 76396, 4580, 13]",10,228e1c61f1c5903d040e95b1970d2e277c1794a68ed06c9142c926f5c7d7a737,014620f8aead2e9882081907e6b7bcb6b03a7d8876347cab2176abf742890b60,14a2c282b45de44a6d640fc2e6dc1ed04d418f2f10d941f828d9c3c09a4704ad
ACT-NEUTRAL-071,neutral_controls,inspection,Serial-numbered item: a quartz crystal.,Deterministic factual/descriptive control; greedily token-length matched to the correspondingly indexed IPIP stem.,True,b90cfbf85e23a83e55defdbf2336e642a992ed6903fb0f98408b92b380de45cd,test,"[128000, 6040, 26939, 291, 1537, 25, 264, 52255, 26110, 13]",10,b90cfbf85e23a83e55defdbf2336e642a992ed6903fb0f98408b92b380de45cd,014620f8aead2e9882081907e6b7bcb6b03a7d8876347cab2176abf742890b60,14a2c282b45de44a6d640fc2e6dc1ed04d418f2f10d941f828d9c3c09a4704ad
ACT-NEUTRAL-072,neutral_controls,inspection,Serial-numbered item: a paper sheet.,Deterministic factual/descriptive control; greedily token-length matched to the correspondingly indexed IPIP stem.,True,ee1522c32f408b423f563989bbbc46a5f582834c9f3a44899e9aef01a8cc10d9,train,"[128000, 6040, 26939, 291, 1537, 25, 264, 5684, 11071, 13]",10,ee1522c32f408b423f563989bbbc46a5f582834c9f3a44899e9aef01a8cc10d9,014620f8aead2e9882081907e6b7bcb6b03a7d8876347cab2176abf742890b60,14a2c282b45de44a6d640fc2e6dc1ed04d418f2f10d941f828d9c3c09a4704ad
ACT-NEUTRAL-073,neutral_controls,measurement,Measured object: a solar panel.,Deterministic factual/descriptive control; greedily token-length matched to the correspondingly indexed IPIP stem.,True,4daf9345eeb697fce04800a703b3d41d5d2bac7ab8cb3eae4342a1cca8311acc,train,"[128000, 86455, 1665, 25, 264, 13238, 7090, 13]",8,4daf9345eeb697fce04800a703b3d41d5d2bac7ab8cb3eae4342a1cca8311acc,014620f8aead2e9882081907e6b7bcb6b03a7d8876347cab2176abf742890b60,14a2c282b45de44a6d640fc2e6dc1ed04d418f2f10d941f828d9c3c09a4704ad
ACT-NEUTRAL-074,neutral_controls,position,North-wall item: a copper wire.,Deterministic factual/descriptive control; greedily token-length matched to the correspondingly indexed IPIP stem.,True,795edafde41b22f829d68adf0db0ea7571d27945b32e33f97d606ba0ad35d471,train,"[128000, 26287, 86111, 1537, 25, 264, 24166, 9244, 13]",9,795edafde41b22f829d68adf0db0ea7571d27945b32e33f97d606ba0ad35d471,014620f8aead2e9882081907e6b7bcb6b03a7d8876347cab2176abf742890b60,14a2c282b45de44a6d640fc2e6dc1ed04d418f2f10d941f828d9c3c09a4704ad
ACT-NEUTRAL-075,neutral_controls,diagram,Diagram label: a solar panel.,Deterministic factual/descriptive control; greedily token-length matched to the correspondingly indexed IPIP stem.,True,aa84571504e0ef7abadfba513d15608c7ca2a4fb182d3f82b0c904678064baa0,test,"[128000, 93995, 2440, 25, 264, 13238, 7090, 13]",8,aa84571504e0ef7abadfba513d15608c7ca2a4fb182d3f82b0c904678064baa0,014620f8aead2e9882081907e6b7bcb6b03a7d8876347cab2176abf742890b60,14a2c282b45de44a6d640fc2e6dc1ed04d418f2f10d941f828d9c3c09a4704ad
ACT-NEUTRAL-076,neutral_controls,inventory,Stored item: a solar panel.,Deterministic factual/descriptive control; greedily token-length matched to the correspondingly indexed IPIP stem.,True,199be1972ea7be7cf2ac4b5634e4a5f5acbbe05e3e3aecfe5b2a597be5277065,test,"[128000, 94343, 1537, 25, 264, 13238, 7090, 13]",8,199be1972ea7be7cf2ac4b5634e4a5f5acbbe05e3e3aecfe5b2a597be5277065,014620f8aead2e9882081907e6b7bcb6b03a7d8876347cab2176abf742890b60,14a2c282b45de44a6d640fc2e6dc1ed04d418f2f10d941f828d9c3c09a4704ad
ACT-NEUTRAL-077,neutral_controls,surface,Surface sample: a solar panel.,Deterministic factual/descriptive control; greedily token-length matched to the correspondingly indexed IPIP stem.,True,321a98ba5d714adce5354ec95f239f6b36e2c0d2c638c1a75b895c5b8a27bdb2,train,"[128000, 24627, 6205, 25, 264, 13238, 7090, 13]",8,321a98ba5d714adce5354ec95f239f6b36e2c0d2c638c1a75b895c5b8a27bdb2,014620f8aead2e9882081907e6b7bcb6b03a7d8876347cab2176abf742890b60,14a2c282b45de44a6d640fc2e6dc1ed04d418f2f10d941f828d9c3c09a4704ad
ACT-NEUTRAL-078,neutral_controls,mass,Mass reference: a solar panel.,Deterministic factual/descriptive control; greedily token-length matched to the correspondingly indexed IPIP stem.,True,ac54e51dc082c06c12fe1b5dba541bfe2d87013a30fa4acb3476d83e0d32fff3,train,"[128000, 26909, 5905, 25, 264, 13238, 7090, 13]",8,ac54e51dc082c06c12fe1b5dba541bfe2d87013a30fa4acb3476d83e0d32fff3,014620f8aead2e9882081907e6b7bcb6b03a7d8876347cab2176abf742890b60,14a2c282b45de44a6d640fc2e6dc1ed04d418f2f10d941f828d9c3c09a4704ad
ACT-NEUTRAL-079,neutral_controls,temperature,Temperature record: a solar panel.,Deterministic factual/descriptive control; greedily token-length matched to the correspondingly indexed IPIP stem.,True,430dfa2eb1741684448ab818a25eb833f331e0fdff922916bc554fdcbf31d58e,train,"[128000, 41790, 3335, 25, 264, 13238, 7090, 13]",8,430dfa2eb1741684448ab818a25eb833f331e0fdff922916bc554fdcbf31d58e,014620f8aead2e9882081907e6b7bcb6b03a7d8876347cab2176abf742890b60,14a2c282b45de44a6d640fc2e6dc1ed04d418f2f10d941f828d9c3c09a4704ad
ACT-NEUTRAL-080,neutral_controls,photograph,Reference photograph: a solar panel.,Deterministic factual/descriptive control; greedily token-length matched to the correspondingly indexed IPIP stem.,True,e969e0e052d583a1b502edb7a2664a04d6e0e7769ec3111c0f3ce2fc4c5b2f64,test,"[128000, 9032, 10512, 25, 264, 13238, 7090, 13]",8,e969e0e052d583a1b502edb7a2664a04d6e0e7769ec3111c0f3ce2fc4c5b2f64,014620f8aead2e9882081907e6b7bcb6b03a7d8876347cab2176abf742890b60,14a2c282b45de44a6d640fc2e6dc1ed04d418f2f10d941f828d9c3c09a4704ad
ACT-NEUTRAL-081,neutral_controls,measurement,Measured object: a cotton thread.,Deterministic factual/descriptive control; greedily token-length matched to the correspondingly indexed IPIP stem.,True,8f7d4fa849fa2b0ceaaecbf467c59c0540f04e9f4173d83d881cab5886f35d4d,validation,"[128000, 86455, 1665, 25, 264, 24428, 4617, 13]",8,8f7d4fa849fa2b0ceaaecbf467c59c0540f04e9f4173d83d881cab5886f35d4d,014620f8aead2e9882081907e6b7bcb6b03a7d8876347cab2176abf742890b60,14a2c282b45de44a6d640fc2e6dc1ed04d418f2f10d941f828d9c3c09a4704ad
ACT-NEUTRAL-082,neutral_controls,diagram,Diagram label: a cotton thread.,Deterministic factual/descriptive control; greedily token-length matched to the correspondingly indexed IPIP stem.,True,1e13a14f868d94c54d07dffb06ceeef3a3563467b06289bd6e63457a7af87319,train,"[128000, 93995, 2440, 25, 264, 24428, 4617, 13]",8,1e13a14f868d94c54d07dffb06ceeef3a3563467b06289bd6e63457a7af87319,014620f8aead2e9882081907e6b7bcb6b03a7d8876347cab2176abf742890b60,14a2c282b45de44a6d640fc2e6dc1ed04d418f2f10d941f828d9c3c09a4704ad
ACT-NEUTRAL-083,neutral_controls,catalog,Cataloged material: a glass prism.,Deterministic factual/descriptive control; greedily token-length matched to the correspondingly indexed IPIP stem.,True,2bb24da03f9b8f10d0f0196a667ebb11f79ac5bd1121c5b1d3b431032397bc8d,validation,"[128000, 42706, 291, 3769, 25, 264, 9168, 94710, 13]",9,2bb24da03f9b8f10d0f0196a667ebb11f79ac5bd1121c5b1d3b431032397bc8d,014620f8aead2e9882081907e6b7bcb6b03a7d8876347cab2176abf742890b60,14a2c282b45de44a6d640fc2e6dc1ed04d418f2f10d941f828d9c3c09a4704ad
ACT-NEUTRAL-084,neutral_controls,inventory,Stored item: a cotton thread.,Deterministic factual/descriptive control; greedily token-length matched to the correspondingly indexed IPIP stem.,True,4a9afaba0e703537e4d980e16ec03a58fac6a8e76453dcc560d74d35e338445f,validation,"[128000, 94343, 1537, 25, 264, 24428, 4617, 13]",8,4a9afaba0e703537e4d980e16ec03a58fac6a8e76453dcc560d74d35e338445f,014620f8aead2e9882081907e6b7bcb6b03a7d8876347cab2176abf742890b60,14a2c282b45de44a6d640fc2e6dc1ed04d418f2f10d941f828d9c3c09a4704ad
ACT-NEUTRAL-085,neutral_controls,surface,Surface sample: a cotton thread.,Deterministic factual/descriptive control; greedily token-length matched to the correspondingly indexed IPIP stem.,True,48fa787959e8e18a7ee903b1531a59695cb79ed4c097cf80c0863b27a1bc2d0b,test,"[128000, 24627, 6205, 25, 264, 24428, 4617, 13]",8,48fa787959e8e18a7ee903b1531a59695cb79ed4c097cf80c0863b27a1bc2d0b,014620f8aead2e9882081907e6b7bcb6b03a7d8876347cab2176abf742890b60,14a2c282b45de44a6d640fc2e6dc1ed04d418f2f10d941f828d9c3c09a4704ad
ACT-NEUTRAL-086,neutral_controls,mass,Mass reference: a cotton thread.,Deterministic factual/descriptive control; greedily token-length matched to the correspondingly indexed IPIP stem.,True,4c221d81263bf997482ba40bf11cfd7c849ccd745f7597cf77e3b77dd46f5b09,test,"[128000, 26909, 5905, 25, 264, 24428, 4617, 13]",8,4c221d81263bf997482ba40bf11cfd7c849ccd745f7597cf77e3b77dd46f5b09,014620f8aead2e9882081907e6b7bcb6b03a7d8876347cab2176abf742890b60,14a2c282b45de44a6d640fc2e6dc1ed04d418f2f10d941f828d9c3c09a4704ad
ACT-NEUTRAL-087,neutral_controls,temperature,Temperature record: a cotton thread.,Deterministic factual/descriptive control; greedily token-length matched to the correspondingly indexed IPIP stem.,True,f2929257a0b05d62c81c23797cbd392c2bd40e0203c784cadcaa749f39fe1678,test,"[128000, 41790, 3335, 25, 264, 24428, 4617, 13]",8,f2929257a0b05d62c81c23797cbd392c2bd40e0203c784cadcaa749f39fe1678,014620f8aead2e9882081907e6b7bcb6b03a7d8876347cab2176abf742890b60,14a2c282b45de44a6d640fc2e6dc1ed04d418f2f10d941f828d9c3c09a4704ad
ACT-NEUTRAL-088,neutral_controls,photograph,Reference photograph: a cotton thread.,Deterministic factual/descriptive control; greedily token-length matched to the correspondingly indexed IPIP stem.,True,f1d7efcc99b5af1c17f90687eb34b90d998e52ee6fbce5629ea7b3c5379b0125,train,"[128000, 9032, 10512, 25, 264, 24428, 4617, 13]",8,f1d7efcc99b5af1c17f90687eb34b90d998e52ee6fbce5629ea7b3c5379b0125,014620f8aead2e9882081907e6b7bcb6b03a7d8876347cab2176abf742890b60,14a2c282b45de44a6d640fc2e6dc1ed04d418f2f10d941f828d9c3c09a4704ad
ACT-NEUTRAL-089,neutral_controls,inspection,Serial-numbered item: a steel beam.,Deterministic factual/descriptive control; greedily token-length matched to the correspondingly indexed IPIP stem.,True,8b6c63776f8750a7bb25a927cdc8e71ffe9bac9e399f6773c76d9536e9854df6,train,"[128000, 6040, 26939, 291, 1537, 25, 264, 9699, 24310, 13]",10,8b6c63776f8750a7bb25a927cdc8e71ffe9bac9e399f6773c76d9536e9854df6,014620f8aead2e9882081907e6b7bcb6b03a7d8876347cab2176abf742890b60,14a2c282b45de44a6d640fc2e6dc1ed04d418f2f10d941f828d9c3c09a4704ad
ACT-NEUTRAL-090,neutral_controls,measurement,Measured object: an aluminum plate.,Deterministic factual/descriptive control; greedily token-length matched to the correspondingly indexed IPIP stem.,True,801b3aa68c2d4da22dd3ca9018757869d7168edf16e7ed9264f0e145301a5f59,train,"[128000, 86455, 1665, 25, 459, 25674, 12235, 13]",8,801b3aa68c2d4da22dd3ca9018757869d7168edf16e7ed9264f0e145301a5f59,014620f8aead2e9882081907e6b7bcb6b03a7d8876347cab2176abf742890b60,14a2c282b45de44a6d640fc2e6dc1ed04d418f2f10d941f828d9c3c09a4704ad
ACT-NEUTRAL-091,neutral_controls,diagram,Diagram label: an aluminum plate.,Deterministic factual/descriptive control; greedily token-length matched to the correspondingly indexed IPIP stem.,True,12e6ce9e0bfe7d530c60716815027c05853ecd797bd4c06789b14cec34ecd9de,train,"[128000, 93995, 2440, 25, 459, 25674, 12235, 13]",8,12e6ce9e0bfe7d530c60716815027c05853ecd797bd4c06789b14cec34ecd9de,014620f8aead2e9882081907e6b7bcb6b03a7d8876347cab2176abf742890b60,14a2c282b45de44a6d640fc2e6dc1ed04d418f2f10d941f828d9c3c09a4704ad
ACT-NEUTRAL-092,neutral_controls,inventory,Stored item: an aluminum plate.,Deterministic factual/descriptive control; greedily token-length matched to the correspondingly indexed IPIP stem.,True,8b0fabe80630f29c6e4562c5204bd680bba601d9608d71ab49066e0d18054e8a,validation,"[128000, 94343, 1537, 25, 459, 25674, 12235, 13]",8,8b0fabe80630f29c6e4562c5204bd680bba601d9608d71ab49066e0d18054e8a,014620f8aead2e9882081907e6b7bcb6b03a7d8876347cab2176abf742890b60,14a2c282b45de44a6d640fc2e6dc1ed04d418f2f10d941f828d9c3c09a4704ad
ACT-NEUTRAL-093,neutral_controls,position,North-wall item: a glass prism.,Deterministic factual/descriptive control; greedily token-length matched to the correspondingly indexed IPIP stem.,True,faa01e4dcadb31f663ad01b8a7fce21f07df9e4798252e41e2ecbc485c5a0d9a,validation,"[128000, 26287, 86111, 1537, 25, 264, 9168, 94710, 13]",9,faa01e4dcadb31f663ad01b8a7fce21f07df9e4798252e41e2ecbc485c5a0d9a,014620f8aead2e9882081907e6b7bcb6b03a7d8876347cab2176abf742890b60,14a2c282b45de44a6d640fc2e6dc1ed04d418f2f10d941f828d9c3c09a4704ad
ACT-NEUTRAL-094,neutral_controls,inspection,Serial-numbered item: a ceramic tile.,Deterministic factual/descriptive control; greedily token-length matched to the correspondingly indexed IPIP stem.,True,42594793124447587e5268c1ab76169d1e28718d9fef99706cb077619bde8003,train,"[128000, 6040, 26939, 291, 1537, 25, 264, 43124, 10228, 13]",10,42594793124447587e5268c1ab76169d1e28718d9fef99706cb077619bde8003,014620f8aead2e9882081907e6b7bcb6b03a7d8876347cab2176abf742890b60,14a2c282b45de44a6d640fc2e6dc1ed04d418f2f10d941f828d9c3c09a4704ad
ACT-NEUTRAL-095,neutral_controls,inspection,Serial-numbered item: a river stone.,Deterministic factual/descriptive control; greedily token-length matched to the correspondingly indexed IPIP stem.,True,6ce744f28224896633aa2b495c1355919299b571f97569c7e41d11883de996d8,test,"[128000, 6040, 26939, 291, 1537, 25, 264, 15140, 9998, 13]",10,6ce744f28224896633aa2b495c1355919299b571f97569c7e41d11883de996d8,014620f8aead2e9882081907e6b7bcb6b03a7d8876347cab2176abf742890b60,14a2c282b45de44a6d640fc2e6dc1ed04d418f2f10d941f828d9c3c09a4704ad
ACT-NEUTRAL-096,neutral_controls,catalog,Cataloged material: a cedar board.,Deterministic factual/descriptive control; greedily token-length matched to the correspondingly indexed IPIP stem.,True,f12ba6b13666bdd334e974a4efce490e8865224b75e9ab0780e22db93f974499,train,"[128000, 42706, 291, 3769, 25, 264, 76396, 4580, 13]",9,f12ba6b13666bdd334e974a4efce490e8865224b75e9ab0780e22db93f974499,014620f8aead2e9882081907e6b7bcb6b03a7d8876347cab2176abf742890b60,14a2c282b45de44a6d640fc2e6dc1ed04d418f2f10d941f828d9c3c09a4704ad
ACT-NEUTRAL-097,neutral_controls,surface,Surface sample: an aluminum plate.,Deterministic factual/descriptive control; greedily token-length matched to the correspondingly indexed IPIP stem.,True,49b9c20a3f276d9e996e68e25001d7a5f834f49b688dce6d6b140dfba5621952,train,"[128000, 24627, 6205, 25, 459, 25674, 12235, 13]",8,49b9c20a3f276d9e996e68e25001d7a5f834f49b688dce6d6b140dfba5621952,014620f8aead2e9882081907e6b7bcb6b03a7d8876347cab2176abf742890b60,14a2c282b45de44a6d640fc2e6dc1ed04d418f2f10d941f828d9c3c09a4704ad
ACT-NEUTRAL-098,neutral_controls,mass,Mass reference: an aluminum plate.,Deterministic factual/descriptive control; greedily token-length matched to the correspondingly indexed IPIP stem.,True,5ce0fd79e4cec266715e049fad1428934208453ea123d0a1dcfca51aa37de265,train,"[128000, 26909, 5905, 25, 459, 25674, 12235, 13]",8,5ce0fd79e4cec266715e049fad1428934208453ea123d0a1dcfca51aa37de265,014620f8aead2e9882081907e6b7bcb6b03a7d8876347cab2176abf742890b60,14a2c282b45de44a6d640fc2e6dc1ed04d418f2f10d941f828d9c3c09a4704ad
ACT-NEUTRAL-099,neutral_controls,temperature,Temperature record: an aluminum plate.,Deterministic factual/descriptive control; greedily token-length matched to the correspondingly indexed IPIP stem.,True,bce7a66518f23d8487da072c59a0d1922aef6a80c49891b98b936fdc06d73265,train,"[128000, 41790, 3335, 25, 459, 25674, 12235, 13]",8,bce7a66518f23d8487da072c59a0d1922aef6a80c49891b98b936fdc06d73265,014620f8aead2e9882081907e6b7bcb6b03a7d8876347cab2176abf742890b60,14a2c282b45de44a6d640fc2e6dc1ed04d418f2f10d941f828d9c3c09a4704ad
ACT-NEUTRAL-100,neutral_controls,photograph,Reference photograph: an aluminum plate.,Deterministic factual/descriptive control; greedily token-length matched to the correspondingly indexed IPIP stem.,True,5fc589b34fcb28002b6d18952032b1be78edd7da9031b607c54d52008b97fabd,test,"[128000, 9032, 10512, 25, 459, 25674, 12235, 13]",8,5fc589b34fcb28002b6d18952032b1be78edd7da9031b607c54d52008b97fabd,014620f8aead2e9882081907e6b7bcb6b03a7d8876347cab2176abf742890b60,14a2c282b45de44a6d640fc2e6dc1ed04d418f2f10d941f828d9c3c09a4704ad
ACT-NEUTRAL-101,neutral_controls,position,North-wall item: a cedar board.,Deterministic factual/descriptive control; greedily token-length matched to the correspondingly indexed IPIP stem.,True,7fa6bd0eb565c25a82df510f3c1ef0f8044c28c217b7fda841a28d961a3f3e95,train,"[128000, 26287, 86111, 1537, 25, 264, 76396, 4580, 13]",9,7fa6bd0eb565c25a82df510f3c1ef0f8044c28c217b7fda841a28d961a3f3e95,014620f8aead2e9882081907e6b7bcb6b03a7d8876347cab2176abf742890b60,14a2c282b45de44a6d640fc2e6dc1ed04d418f2f10d941f828d9c3c09a4704ad
ACT-NEUTRAL-102,neutral_controls,inspection,Serial-numbered item: a solar panel.,Deterministic factual/descriptive control; greedily token-length matched to the correspondingly indexed IPIP stem.,True,a804abcbeeae96c9704cddc4a14455f89999aa7f1b6b5939562e6b5727cb880b,train,"[128000, 6040, 26939, 291, 1537, 25, 264, 13238, 7090, 13]",10,a804abcbeeae96c9704cddc4a14455f89999aa7f1b6b5939562e6b5727cb880b,014620f8aead2e9882081907e6b7bcb6b03a7d8876347cab2176abf742890b60,14a2c282b45de44a6d640fc2e6dc1ed04d418f2f10d941f828d9c3c09a4704ad
ACT-NEUTRAL-103,neutral_controls,catalog,Cataloged material: a quartz crystal.,Deterministic factual/descriptive control; greedily token-length matched to the correspondingly indexed IPIP stem.,True,fbaa04a04899b61f67dd843d087202952d99fe7bd848e49ee3bb59271a1481b3,train,"[128000, 42706, 291, 3769, 25, 264, 52255, 26110, 13]",9,fbaa04a04899b61f67dd843d087202952d99fe7bd848e49ee3bb59271a1481b3,014620f8aead2e9882081907e6b7bcb6b03a7d8876347cab2176abf742890b60,14a2c282b45de44a6d640fc2e6dc1ed04d418f2f10d941f828d9c3c09a4704ad
ACT-NEUTRAL-104,neutral_controls,position,North-wall item: a quartz crystal.,Deterministic factual/descriptive control; greedily token-length matched to the correspondingly indexed IPIP stem.,True,d7cc9be32bb745e58074748214ae564f32c7a36f5c1dc5df211871d598ba9d7f,train,"[128000, 26287, 86111, 1537, 25, 264, 52255, 26110, 13]",9,d7cc9be32bb745e58074748214ae564f32c7a36f5c1dc5df211871d598ba9d7f,014620f8aead2e9882081907e6b7bcb6b03a7d8876347cab2176abf742890b60,14a2c282b45de44a6d640fc2e6dc1ed04d418f2f10d941f828d9c3c09a4704ad
ACT-NEUTRAL-105,neutral_controls,catalog,Cataloged material: a paper sheet.,Deterministic factual/descriptive control; greedily token-length matched to the correspondingly indexed IPIP stem.,True,290c5911ed8d86307461f66426e33db393d8b706be8864f10afbb57ef269498a,train,"[128000, 42706, 291, 3769, 25, 264, 5684, 11071, 13]",9,290c5911ed8d86307461f66426e33db393d8b706be8864f10afbb57ef269498a,014620f8aead2e9882081907e6b7bcb6b03a7d8876347cab2176abf742890b60,14a2c282b45de44a6d640fc2e6dc1ed04d418f2f10d941f828d9c3c09a4704ad
ACT-NEUTRAL-106,neutral_controls,position,North-wall item: a paper sheet.,Deterministic factual/descriptive control; greedily token-length matched to the correspondingly indexed IPIP stem.,True,e1b2fdbce4a176fdc3b2e877c5c54b9e82442aa8c23883d7cb264e6c36b6e5c0,train,"[128000, 26287, 86111, 1537, 25, 264, 5684, 11071, 13]",9,e1b2fdbce4a176fdc3b2e877c5c54b9e82442aa8c23883d7cb264e6c36b6e5c0,014620f8aead2e9882081907e6b7bcb6b03a7d8876347cab2176abf742890b60,14a2c282b45de44a6d640fc2e6dc1ed04d418f2f10d941f828d9c3c09a4704ad
ACT-NEUTRAL-107,neutral_controls,catalog,Cataloged material: a steel beam.,Deterministic factual/descriptive control; greedily token-length matched to the correspondingly indexed IPIP stem.,True,84d00e19070d3a107e4ee8abd9bf648d62a9650a4b2fb6fea97bbc5b1519cde4,train,"[128000, 42706, 291, 3769, 25, 264, 9699, 24310, 13]",9,84d00e19070d3a107e4ee8abd9bf648d62a9650a4b2fb6fea97bbc5b1519cde4,014620f8aead2e9882081907e6b7bcb6b03a7d8876347cab2176abf742890b60,14a2c282b45de44a6d640fc2e6dc1ed04d418f2f10d941f828d9c3c09a4704ad
ACT-NEUTRAL-108,neutral_controls,position,North-wall item: a steel beam.,Deterministic factual/descriptive control; greedily token-length matched to the correspondingly indexed IPIP stem.,True,1a281389c54ee9d452e51472951ffb1ad68db19c00a875833966bb0dd93442c1,validation,"[128000, 26287, 86111, 1537, 25, 264, 9699, 24310, 13]",9,1a281389c54ee9d452e51472951ffb1ad68db19c00a875833966bb0dd93442c1,014620f8aead2e9882081907e6b7bcb6b03a7d8876347cab2176abf742890b60,14a2c282b45de44a6d640fc2e6dc1ed04d418f2f10d941f828d9c3c09a4704ad
ACT-NEUTRAL-109,neutral_controls,inspection,Serial-numbered item: a cotton thread.,Deterministic factual/descriptive control; greedily token-length matched to the correspondingly indexed IPIP stem.,True,b459c63fc75af8091a81db09ef2bd0873f90f5927663f5237d7fc44f38f7c124,train,"[128000, 6040, 26939, 291, 1537, 25, 264, 24428, 4617, 13]",10,b459c63fc75af8091a81db09ef2bd0873f90f5927663f5237d7fc44f38f7c124,014620f8aead2e9882081907e6b7bcb6b03a7d8876347cab2176abf742890b60,14a2c282b45de44a6d640fc2e6dc1ed04d418f2f10d941f828d9c3c09a4704ad
ACT-NEUTRAL-110,neutral_controls,catalog,Cataloged material: a ceramic tile.,Deterministic factual/descriptive control; greedily token-length matched to the correspondingly indexed IPIP stem.,True,04e71e42dba0ea8d5a0d6c1ceb710501a153c75fc8bc0f1d0b8ec2d594f4608a,train,"[128000, 42706, 291, 3769, 25, 264, 43124, 10228, 13]",9,04e71e42dba0ea8d5a0d6c1ceb710501a153c75fc8bc0f1d0b8ec2d594f4608a,014620f8aead2e9882081907e6b7bcb6b03a7d8876347cab2176abf742890b60,14a2c282b45de44a6d640fc2e6dc1ed04d418f2f10d941f828d9c3c09a4704ad
ACT-NEUTRAL-111,neutral_controls,inspection,Serial-numbered item: an aluminum plate.,Deterministic factual/descriptive control; greedily token-length matched to the correspondingly indexed IPIP stem.,True,8706e49238ec8888c520d3ae1474270f86691505d11d67fe736dc086ede1935f,validation,"[128000, 6040, 26939, 291, 1537, 25, 459, 25674, 12235, 13]",10,8706e49238ec8888c520d3ae1474270f86691505d11d67fe736dc086ede1935f,014620f8aead2e9882081907e6b7bcb6b03a7d8876347cab2176abf742890b60,14a2c282b45de44a6d640fc2e6dc1ed04d418f2f10d941f828d9c3c09a4704ad
ACT-NEUTRAL-112,neutral_controls,position,North-wall item: a ceramic tile.,Deterministic factual/descriptive control; greedily token-length matched to the correspondingly indexed IPIP stem.,True,b1d3c756d634ee156578e99a959632d084bda2afd47123b952aac2b60ac85aa2,test,"[128000, 26287, 86111, 1537, 25, 264, 43124, 10228, 13]",9,b1d3c756d634ee156578e99a959632d084bda2afd47123b952aac2b60ac85aa2,014620f8aead2e9882081907e6b7bcb6b03a7d8876347cab2176abf742890b60,14a2c282b45de44a6d640fc2e6dc1ed04d418f2f10d941f828d9c3c09a4704ad
ACT-NEUTRAL-113,neutral_controls,catalog,Cataloged material: a river stone.,Deterministic factual/descriptive control; greedily token-length matched to the correspondingly indexed IPIP stem.,True,30a050c69d7e4c687e3cce0d414e969dec206970ad7f226bde7ef727526e3c5a,validation,"[128000, 42706, 291, 3769, 25, 264, 15140, 9998, 13]",9,30a050c69d7e4c687e3cce0d414e969dec206970ad7f226bde7ef727526e3c5a,014620f8aead2e9882081907e6b7bcb6b03a7d8876347cab2176abf742890b60,14a2c282b45de44a6d640fc2e6dc1ed04d418f2f10d941f828d9c3c09a4704ad
ACT-NEUTRAL-114,neutral_controls,position,North-wall item: a river stone.,Deterministic factual/descriptive control; greedily token-length matched to the correspondingly indexed IPIP stem.,True,792cfb1932a348fb7eb8577c7e4fc1e5a1898e57ff81cdec4211618d1323e6a0,train,"[128000, 26287, 86111, 1537, 25, 264, 15140, 9998, 13]",9,792cfb1932a348fb7eb8577c7e4fc1e5a1898e57ff81cdec4211618d1323e6a0,014620f8aead2e9882081907e6b7bcb6b03a7d8876347cab2176abf742890b60,14a2c282b45de44a6d640fc2e6dc1ed04d418f2f10d941f828d9c3c09a4704ad
ACT-NEUTRAL-115,neutral_controls,catalog,Cataloged material: a solar panel.,Deterministic factual/descriptive control; greedily token-length matched to the correspondingly indexed IPIP stem.,True,a9cc16ea5ecf02118c8a7d5b27a5432b1ac5339f62c385430a5dc02172e543ab,test,"[128000, 42706, 291, 3769, 25, 264, 13238, 7090, 13]",9,a9cc16ea5ecf02118c8a7d5b27a5432b1ac5339f62c385430a5dc02172e543ab,014620f8aead2e9882081907e6b7bcb6b03a7d8876347cab2176abf742890b60,14a2c282b45de44a6d640fc2e6dc1ed04d418f2f10d941f828d9c3c09a4704ad
ACT-NEUTRAL-116,neutral_controls,position,North-wall item: a solar panel.,Deterministic factual/descriptive control; greedily token-length matched to the correspondingly indexed IPIP stem.,True,af16a79560540df6ed54f54d29872c3f446593b11ffd536d060f06014c6b6860,train,"[128000, 26287, 86111, 1537, 25, 264, 13238, 7090, 13]",9,af16a79560540df6ed54f54d29872c3f446593b11ffd536d060f06014c6b6860,014620f8aead2e9882081907e6b7bcb6b03a7d8876347cab2176abf742890b60,14a2c282b45de44a6d640fc2e6dc1ed04d418f2f10d941f828d9c3c09a4704ad
ACT-NEUTRAL-117,neutral_controls,catalog,Cataloged material: a cotton thread.,Deterministic factual/descriptive control; greedily token-length matched to the correspondingly indexed IPIP stem.,True,ef1fcc385897fcfc2118bb7784c2969aa674311299810ba7b8b33d64c4ee7389,train,"[128000, 42706, 291, 3769, 25, 264, 24428, 4617, 13]",9,ef1fcc385897fcfc2118bb7784c2969aa674311299810ba7b8b33d64c4ee7389,014620f8aead2e9882081907e6b7bcb6b03a7d8876347cab2176abf742890b60,14a2c282b45de44a6d640fc2e6dc1ed04d418f2f10d941f828d9c3c09a4704ad
ACT-NEUTRAL-118,neutral_controls,position,North-wall item: a cotton thread.,Deterministic factual/descriptive control; greedily token-length matched to the correspondingly indexed IPIP stem.,True,c3eca1efe82d31c379ca459653e8b5f0b02567e18d4af1dd50b20bd0e832ac32,train,"[128000, 26287, 86111, 1537, 25, 264, 24428, 4617, 13]",9,c3eca1efe82d31c379ca459653e8b5f0b02567e18d4af1dd50b20bd0e832ac32,014620f8aead2e9882081907e6b7bcb6b03a7d8876347cab2176abf742890b60,14a2c282b45de44a6d640fc2e6dc1ed04d418f2f10d941f828d9c3c09a4704ad
ACT-NEUTRAL-119,neutral_controls,catalog,Cataloged material: an aluminum plate.,Deterministic factual/descriptive control; greedily token-length matched to the correspondingly indexed IPIP stem.,True,5224aea707dc7824bae30f453ba6a7814806a2fa460d7618cc92901a9d209b69,test,"[128000, 42706, 291, 3769, 25, 459, 25674, 12235, 13]",9,5224aea707dc7824bae30f453ba6a7814806a2fa460d7618cc92901a9d209b69,014620f8aead2e9882081907e6b7bcb6b03a7d8876347cab2176abf742890b60,14a2c282b45de44a6d640fc2e6dc1ed04d418f2f10d941f828d9c3c09a4704ad
ACT-NEUTRAL-120,neutral_controls,position,North-wall item: an aluminum plate.,Deterministic factual/descriptive control; greedily token-length matched to the correspondingly indexed IPIP stem.,True,6d989582b0e555661274280be401a9e37598f8fc67944d747f536ca877028825,test,"[128000, 26287, 86111, 1537, 25, 459, 25674, 12235, 13]",9,6d989582b0e555661274280be401a9e37598f8fc67944d747f536ca877028825,014620f8aead2e9882081907e6b7bcb6b03a7d8876347cab2176abf742890b60,14a2c282b45de44a6d640fc2e6dc1ed04d418f2f10d941f828d9c3c09a4704ad
ACT-NAT-PLANNING-01,naturalistic_behavioral,planning,a research note has several dependent steps. Give a short sequence for starting the work.,Deterministic study-authored situational prompt; frozen before activation capture.,True,7a83b3a92404820ef129f2c1e363613835f67e23a855dd85ed048982d4b3745c,train,"[128000, 64, 3495, 5296, 706, 3892, 18222, 7504, 13, 21335, 264, 2875, 8668, 369, 6041, 279, 990, 13]",18,7a83b3a92404820ef129f2c1e363613835f67e23a855dd85ed048982d4b3745c,014620f8aead2e9882081907e6b7bcb6b03a7d8876347cab2176abf742890b60,14a2c282b45de44a6d640fc2e6dc1ed04d418f2f10d941f828d9c3c09a4704ad
ACT-NAT-PLANNING-02,naturalistic_behavioral,planning,a neighborhood event has several dependent steps. Give a short sequence for starting the work.,Deterministic study-authored situational prompt; frozen before activation capture.,True,8a23dacda4677093077deb7e07dc2dc8ada0b1cea2ce1fdb2a951a5dfb20cc96,train,"[128000, 64, 12818, 1567, 706, 3892, 18222, 7504, 13, 21335, 264, 2875, 8668, 369, 6041, 279, 990, 13]",18,8a23dacda4677093077deb7e07dc2dc8ada0b1cea2ce1fdb2a951a5dfb20cc96,014620f8aead2e9882081907e6b7bcb6b03a7d8876347cab2176abf742890b60,14a2c282b45de44a6d640fc2e6dc1ed04d418f2f10d941f828d9c3c09a4704ad
ACT-NAT-PLANNING-03,naturalistic_behavioral,planning,a repair task has several dependent steps. Give a short sequence for starting the work.,Deterministic study-authored situational prompt; frozen before activation capture.,True,ce673f815860354fbfb1a882c9ad6b7e3efb0aed0dccb4151d9467656f59c840,test,"[128000, 64, 13023, 3465, 706, 3892, 18222, 7504, 13, 21335, 264, 2875, 8668, 369, 6041, 279, 990, 13]",18,ce673f815860354fbfb1a882c9ad6b7e3efb0aed0dccb4151d9467656f59c840,014620f8aead2e9882081907e6b7bcb6b03a7d8876347cab2176abf742890b60,14a2c282b45de44a6d640fc2e6dc1ed04d418f2f10d941f828d9c3c09a4704ad
ACT-NAT-PLANNING-04,naturalistic_behavioral,planning,a travel delay has several dependent steps. Give a short sequence for starting the work.,Deterministic study-authored situational prompt; frozen before activation capture.,True,9887f320274d5f18e1f11ca7ff6a05572720018f56bcf488f8b6ab2153d286df,validation,"[128000, 64, 5944, 7781, 706, 3892, 18222, 7504, 13, 21335, 264, 2875, 8668, 369, 6041, 279, 990, 13]",18,9887f320274d5f18e1f11ca7ff6a05572720018f56bcf488f8b6ab2153d286df,014620f8aead2e9882081907e6b7bcb6b03a7d8876347cab2176abf742890b60,14a2c282b45de44a6d640fc2e6dc1ed04d418f2f10d941f828d9c3c09a4704ad
ACT-NAT-PLANNING-05,naturalistic_behavioral,planning,a shared workspace has several dependent steps. Give a short sequence for starting the work.,Deterministic study-authored situational prompt; frozen before activation capture.,True,7f756786976aa6c1a3d87a57294c693a02f84d3ae1cd00bce61dc094af84efe3,train,"[128000, 64, 6222, 28614, 706, 3892, 18222, 7504, 13, 21335, 264, 2875, 8668, 369, 6041, 279, 990, 13]",18,7f756786976aa6c1a3d87a57294c693a02f84d3ae1cd00bce61dc094af84efe3,014620f8aead2e9882081907e6b7bcb6b03a7d8876347cab2176abf742890b60,14a2c282b45de44a6d640fc2e6dc1ed04d418f2f10d941f828d9c3c09a4704ad
ACT-NAT-PLANNING-06,naturalistic_behavioral,planning,a software release has several dependent steps. Give a short sequence for starting the work.,Deterministic study-authored situational prompt; frozen before activation capture.,True,1fa64910a762c3f45d545e96622c4f83833e2fbb9891953a6e43cf0207ca3a30,validation,"[128000, 64, 3241, 4984, 706, 3892, 18222, 7504, 13, 21335, 264, 2875, 8668, 369, 6041, 279, 990, 13]",18,1fa64910a762c3f45d545e96622c4f83833e2fbb9891953a6e43cf0207ca3a30,014620f8aead2e9882081907e6b7bcb6b03a7d8876347cab2176abf742890b60,14a2c282b45de44a6d640fc2e6dc1ed04d418f2f10d941f828d9c3c09a4704ad
ACT-NAT-PLANNING-07,naturalistic_behavioral,planning,a community garden has several dependent steps. Give a short sequence for starting the work.,Deterministic study-authored situational prompt; frozen before activation capture.,True,3ff49dc76116129b9c8502f5ad579057c779de7199b4d24a9ee4f9d010acd980,train,"[128000, 64, 4029, 13863, 706, 3892, 18222, 7504, 13, 21335, 264, 2875, 8668, 369, 6041, 279, 990, 13]",18,3ff49dc76116129b9c8502f5ad579057c779de7199b4d24a9ee4f9d010acd980,014620f8aead2e9882081907e6b7bcb6b03a7d8876347cab2176abf742890b60,14a2c282b45de44a6d640fc2e6dc1ed04d418f2f10d941f828d9c3c09a4704ad
ACT-NAT-PLANNING-08,naturalistic_behavioral,planning,a class project has several dependent steps. Give a short sequence for starting the work.,Deterministic study-authored situational prompt; frozen before activation capture.,True,24cbb4cd2ee4c2ba8dd07d1d4563d8a9a2fdfb012159a6726cd27eebb43deae3,test,"[128000, 64, 538, 2447, 706, 3892, 18222, 7504, 13, 21335, 264, 2875, 8668, 369, 6041, 279, 990, 13]",18,24cbb4cd2ee4c2ba8dd07d1d4563d8a9a2fdfb012159a6726cd27eebb43deae3,014620f8aead2e9882081907e6b7bcb6b03a7d8876347cab2176abf742890b60,14a2c282b45de44a6d640fc2e6dc1ed04d418f2f10d941f828d9c3c09a4704ad
ACT-NAT-PLANNING-09,naturalistic_behavioral,planning,a delivery schedule has several dependent steps. Give a short sequence for starting the work.,Deterministic study-authored situational prompt; frozen before activation capture.,True,07c61c472997147fa36f4a2f1af4934b531e3bc48853fae3ccd4581e081946f9,train,"[128000, 64, 9889, 9899, 706, 3892, 18222, 7504, 13, 21335, 264, 2875, 8668, 369, 6041, 279, 990, 13]",18,07c61c472997147fa36f4a2f1af4934b531e3bc48853fae3ccd4581e081946f9,014620f8aead2e9882081907e6b7bcb6b03a7d8876347cab2176abf742890b60,14a2c282b45de44a6d640fc2e6dc1ed04d418f2f10d941f828d9c3c09a4704ad
ACT-NAT-PLANNING-10,naturalistic_behavioral,planning,a household chore has several dependent steps. Give a short sequence for starting the work.,Deterministic study-authored situational prompt; frozen before activation capture.,True,8fd35b49ef7c0483c286fc1a9edb980c85c8de6df359efdadb7a4d7a19dfdb29,train,"[128000, 64, 14048, 50671, 706, 3892, 18222, 7504, 13, 21335, 264, 2875, 8668, 369, 6041, 279, 990, 13]",18,8fd35b49ef7c0483c286fc1a9edb980c85c8de6df359efdadb7a4d7a19dfdb29,014620f8aead2e9882081907e6b7bcb6b03a7d8876347cab2176abf742890b60,14a2c282b45de44a6d640fc2e6dc1ed04d418f2f10d941f828d9c3c09a4704ad
ACT-NAT-PLANNING-11,naturalistic_behavioral,planning,a meeting agenda has several dependent steps. Give a short sequence for starting the work.,Deterministic study-authored situational prompt; frozen before activation capture.,True,d2414bb92bf64e7a8f98cfd78471b95cd1b843217478135da9e93931b1465a01,train,"[128000, 64, 6574, 18909, 706, 3892, 18222, 7504, 13, 21335, 264, 2875, 8668, 369, 6041, 279, 990, 13]",18,d2414bb92bf64e7a8f98cfd78471b95cd1b843217478135da9e93931b1465a01,014620f8aead2e9882081907e6b7bcb6b03a7d8876347cab2176abf742890b60,14a2c282b45de44a6d640fc2e6dc1ed04d418f2f10d941f828d9c3c09a4704ad
ACT-NAT-PLANNING-12,naturalistic_behavioral,planning,a weekend activity has several dependent steps. Give a short sequence for starting the work.,Deterministic study-authored situational prompt; frozen before activation capture.,True,dd18e52d6fcad643df4ef296c8af1178a061461132b96b7f3ce2d60b2ade2db1,validation,"[128000, 64, 9178, 5820, 706, 3892, 18222, 7504, 13, 21335, 264, 2875, 8668, 369, 6041, 279, 990, 13]",18,dd18e52d6fcad643df4ef296c8af1178a061461132b96b7f3ce2d60b2ade2db1,014620f8aead2e9882081907e6b7bcb6b03a7d8876347cab2176abf742890b60,14a2c282b45de44a6d640fc2e6dc1ed04d418f2f10d941f828d9c3c09a4704ad
ACT-NAT-NOVELTY-01,naturalistic_behavioral,novelty,An unfamiliar method appears during a research note. Write a brief response about what to do next.,Deterministic study-authored situational prompt; frozen before activation capture.,True,e0d903876a872409d7eda5d441606978f0ae881e837d9f901fde156f7f301d6c,train,"[128000, 2127, 50383, 1749, 8111, 2391, 264, 3495, 5296, 13, 9842, 264, 10015, 2077, 922, 1148, 311, 656, 1828, 13]",20,e0d903876a872409d7eda5d441606978f0ae881e837d9f901fde156f7f301d6c,014620f8aead2e9882081907e6b7bcb6b03a7d8876347cab2176abf742890b60,14a2c282b45de44a6d640fc2e6dc1ed04d418f2f10d941f828d9c3c09a4704ad
ACT-NAT-NOVELTY-02,naturalistic_behavioral,novelty,An unfamiliar method appears during a neighborhood event. Write a brief response about what to do next.,Deterministic study-authored situational prompt; frozen before activation capture.,True,ec681cdf35af466e711195b42f9e21abfc3194da94c2c59ac5cecb60d42eaeec,train,"[128000, 2127, 50383, 1749, 8111, 2391, 264, 12818, 1567, 13, 9842, 264, 10015, 2077, 922, 1148, 311, 656, 1828, 13]",20,ec681cdf35af466e711195b42f9e21abfc3194da94c2c59ac5cecb60d42eaeec,014620f8aead2e9882081907e6b7bcb6b03a7d8876347cab2176abf742890b60,14a2c282b45de44a6d640fc2e6dc1ed04d418f2f10d941f828d9c3c09a4704ad
ACT-NAT-NOVELTY-03,naturalistic_behavioral,novelty,An unfamiliar method appears during a repair task. Write a brief response about what to do next.,Deterministic study-authored situational prompt; frozen before activation capture.,True,6f754e504d24a53ffb48084a5571e6ceb13949b7f8e316dd4fc57c10a3f8a6d9,train,"[128000, 2127, 50383, 1749, 8111, 2391, 264, 13023, 3465, 13, 9842, 264, 10015, 2077, 922, 1148, 311, 656, 1828, 13]",20,6f754e504d24a53ffb48084a5571e6ceb13949b7f8e316dd4fc57c10a3f8a6d9,014620f8aead2e9882081907e6b7bcb6b03a7d8876347cab2176abf742890b60,14a2c282b45de44a6d640fc2e6dc1ed04d418f2f10d941f828d9c3c09a4704ad
ACT-NAT-NOVELTY-04,naturalistic_behavioral,novelty,An unfamiliar method appears during a travel delay. Write a brief response about what to do next.,Deterministic study-authored situational prompt; frozen before activation capture.,True,fdd2bddf274015fa0a935d7613d97b2b14026284a7097cab54145cc6f9274069,validation,"[128000, 2127, 50383, 1749, 8111, 2391, 264, 5944, 7781, 13, 9842, 264, 10015, 2077, 922, 1148, 311, 656, 1828, 13]",20,fdd2bddf274015fa0a935d7613d97b2b14026284a7097cab54145cc6f9274069,014620f8aead2e9882081907e6b7bcb6b03a7d8876347cab2176abf742890b60,14a2c282b45de44a6d640fc2e6dc1ed04d418f2f10d941f828d9c3c09a4704ad
ACT-NAT-NOVELTY-05,naturalistic_behavioral,novelty,An unfamiliar method appears during a shared workspace. Write a brief response about what to do next.,Deterministic study-authored situational prompt; frozen before activation capture.,True,d4c6bbae72908b21be1c6636e8afe407ec18eda11ded06bb750192a877c2ea3c,test,"[128000, 2127, 50383, 1749, 8111, 2391, 264, 6222, 28614, 13, 9842, 264, 10015, 2077, 922, 1148, 311, 656, 1828, 13]",20,d4c6bbae72908b21be1c6636e8afe407ec18eda11ded06bb750192a877c2ea3c,014620f8aead2e9882081907e6b7bcb6b03a7d8876347cab2176abf742890b60,14a2c282b45de44a6d640fc2e6dc1ed04d418f2f10d941f828d9c3c09a4704ad
ACT-NAT-NOVELTY-06,naturalistic_behavioral,novelty,An unfamiliar method appears during a software release. Write a brief response about what to do next.,Deterministic study-authored situational prompt; frozen before activation capture.,True,3214abfec82867282df8ea390335eab6899236d0d4c75536b06261d0f68f6b75,train,"[128000, 2127, 50383, 1749, 8111, 2391, 264, 3241, 4984, 13, 9842, 264, 10015, 2077, 922, 1148, 311, 656, 1828, 13]",20,3214abfec82867282df8ea390335eab6899236d0d4c75536b06261d0f68f6b75,014620f8aead2e9882081907e6b7bcb6b03a7d8876347cab2176abf742890b60,14a2c282b45de44a6d640fc2e6dc1ed04d418f2f10d941f828d9c3c09a4704ad
ACT-NAT-NOVELTY-07,naturalistic_behavioral,novelty,An unfamiliar method appears during a community garden. Write a brief response about what to do next.,Deterministic study-authored situational prompt; frozen before activation capture.,True,6dec5038a8b08406b645f4c65edceba8f0ddb1ffe565be54d18f5636c421d4ed,train,"[128000, 2127, 50383, 1749, 8111, 2391, 264, 4029, 13863, 13, 9842, 264, 10015, 2077, 922, 1148, 311, 656, 1828, 13]",20,6dec5038a8b08406b645f4c65edceba8f0ddb1ffe565be54d18f5636c421d4ed,014620f8aead2e9882081907e6b7bcb6b03a7d8876347cab2176abf742890b60,14a2c282b45de44a6d640fc2e6dc1ed04d418f2f10d941f828d9c3c09a4704ad
ACT-NAT-NOVELTY-08,naturalistic_behavioral,novelty,An unfamiliar method appears during a class project. Write a brief response about what to do next.,Deterministic study-authored situational prompt; frozen before activation capture.,True,f117f3bec360edc8f7eed9ad9b21538d3871151219b82d5a0c7daa286c559809,validation,"[128000, 2127, 50383, 1749, 8111, 2391, 264, 538, 2447, 13, 9842, 264, 10015, 2077, 922, 1148, 311, 656, 1828, 13]",20,f117f3bec360edc8f7eed9ad9b21538d3871151219b82d5a0c7daa286c559809,014620f8aead2e9882081907e6b7bcb6b03a7d8876347cab2176abf742890b60,14a2c282b45de44a6d640fc2e6dc1ed04d418f2f10d941f828d9c3c09a4704ad
ACT-NAT-NOVELTY-09,naturalistic_behavioral,novelty,An unfamiliar method appears during a delivery schedule. Write a brief response about what to do next.,Deterministic study-authored situational prompt; frozen before activation capture.,True,38476199f3231dd6fac58f11991e9df3b51b7ffc949031ad5f39d896dacbb56d,train,"[128000, 2127, 50383, 1749, 8111, 2391, 264, 9889, 9899, 13, 9842, 264, 10015, 2077, 922, 1148, 311, 656, 1828, 13]",20,38476199f3231dd6fac58f11991e9df3b51b7ffc949031ad5f39d896dacbb56d,014620f8aead2e9882081907e6b7bcb6b03a7d8876347cab2176abf742890b60,14a2c282b45de44a6d640fc2e6dc1ed04d418f2f10d941f828d9c3c09a4704ad
ACT-NAT-NOVELTY-10,naturalistic_behavioral,novelty,An unfamiliar method appears during a household chore. Write a brief response about what to do next.,Deterministic study-authored situational prompt; frozen before activation capture.,True,fd23a5b7c8f66f2ce9d27929a48a8a1a5d366525a7fb631c0518533a0119ac41,test,"[128000, 2127, 50383, 1749, 8111, 2391, 264, 14048, 50671, 13, 9842, 264, 10015, 2077, 922, 1148, 311, 656, 1828, 13]",20,fd23a5b7c8f66f2ce9d27929a48a8a1a5d366525a7fb631c0518533a0119ac41,014620f8aead2e9882081907e6b7bcb6b03a7d8876347cab2176abf742890b60,14a2c282b45de44a6d640fc2e6dc1ed04d418f2f10d941f828d9c3c09a4704ad
ACT-NAT-NOVELTY-11,naturalistic_behavioral,novelty,An unfamiliar method appears during a meeting agenda. Write a brief response about what to do next.,Deterministic study-authored situational prompt; frozen before activation capture.,True,e5b121af43a21b912a19e461f18aabb7ed04dbc547b4c0b0e84530e8a68998ef,train,"[128000, 2127, 50383, 1749, 8111, 2391, 264, 6574, 18909, 13, 9842, 264, 10015, 2077, 922, 1148, 311, 656, 1828, 13]",20,e5b121af43a21b912a19e461f18aabb7ed04dbc547b4c0b0e84530e8a68998ef,014620f8aead2e9882081907e6b7bcb6b03a7d8876347cab2176abf742890b60,14a2c282b45de44a6d640fc2e6dc1ed04d418f2f10d941f828d9c3c09a4704ad
ACT-NAT-NOVELTY-12,naturalistic_behavioral,novelty,An unfamiliar method appears during a weekend activity. Write a brief response about what to do next.,Deterministic study-authored situational prompt; frozen before activation capture.,True,5ccdf30278ff8f6097c1c0087429693f3dd4ebc8419dd20cbfd9df5c084585fc,test,"[128000, 2127, 50383, 1749, 8111, 2391, 264, 9178, 5820, 13, 9842, 264, 10015, 2077, 922, 1148, 311, 656, 1828, 13]",20,5ccdf30278ff8f6097c1c0087429693f3dd4ebc8419dd20cbfd9df5c084585fc,014620f8aead2e9882081907e6b7bcb6b03a7d8876347cab2176abf742890b60,14a2c282b45de44a6d640fc2e6dc1ed04d418f2f10d941f828d9c3c09a4704ad
ACT-NAT-ROUTINE-01,naturalistic_behavioral,routine,A familiar procedure is used for a research note. Continue with a concise description of the next action.,Deterministic study-authored situational prompt; frozen before activation capture.,True,1fc324db9af5e502d3d842df37f5fc0c4ee683efe914a1fb309afe1cc14b128a,train,"[128000, 32, 11537, 10537, 374, 1511, 369, 264, 3495, 5296, 13, 15353, 449, 264, 64694, 4096, 315, 279, 1828, 1957, 13]",21,1fc324db9af5e502d3d842df37f5fc0c4ee683efe914a1fb309afe1cc14b128a,014620f8aead2e9882081907e6b7bcb6b03a7d8876347cab2176abf742890b60,14a2c282b45de44a6d640fc2e6dc1ed04d418f2f10d941f828d9c3c09a4704ad
ACT-NAT-ROUTINE-02,naturalistic_behavioral,routine,A familiar procedure is used for a neighborhood event. Continue with a concise description of the next action.,Deterministic study-authored situational prompt; frozen before activation capture.,True,d6221482edc5edef259c39c545f674a84a519dc63d42dc06dab3653bd4b9c4a5,train,"[128000, 32, 11537, 10537, 374, 1511, 369, 264, 12818, 1567, 13, 15353, 449, 264, 64694, 4096, 315, 279, 1828, 1957, 13]",21,d6221482edc5edef259c39c545f674a84a519dc63d42dc06dab3653bd4b9c4a5,014620f8aead2e9882081907e6b7bcb6b03a7d8876347cab2176abf742890b60,14a2c282b45de44a6d640fc2e6dc1ed04d418f2f10d941f828d9c3c09a4704ad
ACT-NAT-ROUTINE-03,naturalistic_behavioral,routine,A familiar procedure is used for a repair task. Continue with a concise description of the next action.,Deterministic study-authored situational prompt; frozen before activation capture.,True,afd22e5cc3147a5c3a325f9dba69b317a1f76e88b92ae5433331561f551933ba,test,"[128000, 32, 11537, 10537, 374, 1511, 369, 264, 13023, 3465, 13, 15353, 449, 264, 64694, 4096, 315, 279, 1828, 1957, 13]",21,afd22e5cc3147a5c3a325f9dba69b317a1f76e88b92ae5433331561f551933ba,014620f8aead2e9882081907e6b7bcb6b03a7d8876347cab2176abf742890b60,14a2c282b45de44a6d640fc2e6dc1ed04d418f2f10d941f828d9c3c09a4704ad
ACT-NAT-ROUTINE-04,naturalistic_behavioral,routine,A familiar procedure is used for a travel delay. Continue with a concise description of the next action.,Deterministic study-authored situational prompt; frozen before activation capture.,True,5e06f4931ba5a70d67e70165f87e60a71d8956b2f8e2fdf7893c85ddf1087023,validation,"[128000, 32, 11537, 10537, 374, 1511, 369, 264, 5944, 7781, 13, 15353, 449, 264, 64694, 4096, 315, 279, 1828, 1957, 13]",21,5e06f4931ba5a70d67e70165f87e60a71d8956b2f8e2fdf7893c85ddf1087023,014620f8aead2e9882081907e6b7bcb6b03a7d8876347cab2176abf742890b60,14a2c282b45de44a6d640fc2e6dc1ed04d418f2f10d941f828d9c3c09a4704ad
ACT-NAT-ROUTINE-05,naturalistic_behavioral,routine,A familiar procedure is used for a shared workspace. Continue with a concise description of the next action.,Deterministic study-authored situational prompt; frozen before activation capture.,True,1ce8c10a5ad37567283edb89b8220ed475346e746f33389e057fff6b60551b30,train,"[128000, 32, 11537, 10537, 374, 1511, 369, 264, 6222, 28614, 13, 15353, 449, 264, 64694, 4096, 315, 279, 1828, 1957, 13]",21,1ce8c10a5ad37567283edb89b8220ed475346e746f33389e057fff6b60551b30,014620f8aead2e9882081907e6b7bcb6b03a7d8876347cab2176abf742890b60,14a2c282b45de44a6d640fc2e6dc1ed04d418f2f10d941f828d9c3c09a4704ad
ACT-NAT-ROUTINE-06,naturalistic_behavioral,routine,A familiar procedure is used for a software release. Continue with a concise description of the next action.,Deterministic study-authored situational prompt; frozen before activation capture.,True,ef77fac3acff285856526395f0692818eade0c86ef070d6a0cae4995d9f20b08,validation,"[128000, 32, 11537, 10537, 374, 1511, 369, 264, 3241, 4984, 13, 15353, 449, 264, 64694, 4096, 315, 279, 1828, 1957, 13]",21,ef77fac3acff285856526395f0692818eade0c86ef070d6a0cae4995d9f20b08,014620f8aead2e9882081907e6b7bcb6b03a7d8876347cab2176abf742890b60,14a2c282b45de44a6d640fc2e6dc1ed04d418f2f10d941f828d9c3c09a4704ad
ACT-NAT-ROUTINE-07,naturalistic_behavioral,routine,A familiar procedure is used for a community garden. Continue with a concise description of the next action.,Deterministic study-authored situational prompt; frozen before activation capture.,True,1b1bb3c92a62d39d0d558d1cfe446f8cd4a6ca633657432d6a4054cb9f920e46,test,"[128000, 32, 11537, 10537, 374, 1511, 369, 264, 4029, 13863, 13, 15353, 449, 264, 64694, 4096, 315, 279, 1828, 1957, 13]",21,1b1bb3c92a62d39d0d558d1cfe446f8cd4a6ca633657432d6a4054cb9f920e46,014620f8aead2e9882081907e6b7bcb6b03a7d8876347cab2176abf742890b60,14a2c282b45de44a6d640fc2e6dc1ed04d418f2f10d941f828d9c3c09a4704ad
ACT-NAT-ROUTINE-08,naturalistic_behavioral,routine,A familiar procedure is used for a class project. Continue with a concise description of the next action.,Deterministic study-authored situational prompt; frozen before activation capture.,True,73c5c4098381164bc6dce8c78602bcdc624fba1b4f3a1f88c21eb14cefb53a63,validation,"[128000, 32, 11537, 10537, 374, 1511, 369, 264, 538, 2447, 13, 15353, 449, 264, 64694, 4096, 315, 279, 1828, 1957, 13]",21,73c5c4098381164bc6dce8c78602bcdc624fba1b4f3a1f88c21eb14cefb53a63,014620f8aead2e9882081907e6b7bcb6b03a7d8876347cab2176abf742890b60,14a2c282b45de44a6d640fc2e6dc1ed04d418f2f10d941f828d9c3c09a4704ad
ACT-NAT-ROUTINE-09,naturalistic_behavioral,routine,A familiar procedure is used for a delivery schedule. Continue with a concise description of the next action.,Deterministic study-authored situational prompt; frozen before activation capture.,True,66aeb26c7ed0baf8d8cf7d8d1d6216e77d158fc9691d652a38ac647d84b03da6,train,"[128000, 32, 11537, 10537, 374, 1511, 369, 264, 9889, 9899, 13, 15353, 449, 264, 64694, 4096, 315, 279, 1828, 1957, 13]",21,66aeb26c7ed0baf8d8cf7d8d1d6216e77d158fc9691d652a38ac647d84b03da6,014620f8aead2e9882081907e6b7bcb6b03a7d8876347cab2176abf742890b60,14a2c282b45de44a6d640fc2e6dc1ed04d418f2f10d941f828d9c3c09a4704ad
ACT-NAT-ROUTINE-10,naturalistic_behavioral,routine,A familiar procedure is used for a household chore. Continue with a concise description of the next action.,Deterministic study-authored situational prompt; frozen before activation capture.,True,b166572fd01b5876ce8d286af3964c14a725524c2738653e1d78d73eb78c5ab4,train,"[128000, 32, 11537, 10537, 374, 1511, 369, 264, 14048, 50671, 13, 15353, 449, 264, 64694, 4096, 315, 279, 1828, 1957, 13]",21,b166572fd01b5876ce8d286af3964c14a725524c2738653e1d78d73eb78c5ab4,014620f8aead2e9882081907e6b7bcb6b03a7d8876347cab2176abf742890b60,14a2c282b45de44a6d640fc2e6dc1ed04d418f2f10d941f828d9c3c09a4704ad
ACT-NAT-ROUTINE-11,naturalistic_behavioral,routine,A familiar procedure is used for a meeting agenda. Continue with a concise description of the next action.,Deterministic study-authored situational prompt; frozen before activation capture.,True,2d732719f62c27e5cd4f0b6c47118fa590d44e833bd2926d039945e0a484bfa9,validation,"[128000, 32, 11537, 10537, 374, 1511, 369, 264, 6574, 18909, 13, 15353, 449, 264, 64694, 4096, 315, 279, 1828, 1957, 13]",21,2d732719f62c27e5cd4f0b6c47118fa590d44e833bd2926d039945e0a484bfa9,014620f8aead2e9882081907e6b7bcb6b03a7d8876347cab2176abf742890b60,14a2c282b45de44a6d640fc2e6dc1ed04d418f2f10d941f828d9c3c09a4704ad
ACT-NAT-ROUTINE-12,naturalistic_behavioral,routine,A familiar procedure is used for a weekend activity. Continue with a concise description of the next action.,Deterministic study-authored situational prompt; frozen before activation capture.,True,cc822f058216e3b3ca5ef89c6bebc641e927464ef18ec0701049e828015b23ec,train,"[128000, 32, 11537, 10537, 374, 1511, 369, 264, 9178, 5820, 13, 15353, 449, 264, 64694, 4096, 315, 279, 1828, 1957, 13]",21,cc822f058216e3b3ca5ef89c6bebc641e927464ef18ec0701049e828015b23ec,014620f8aead2e9882081907e6b7bcb6b03a7d8876347cab2176abf742890b60,14a2c282b45de44a6d640fc2e6dc1ed04d418f2f10d941f828d9c3c09a4704ad
ACT-NAT-UNCERTAINTY-01,naturalistic_behavioral,uncertainty,Key information is missing from a research note. Give a short response describing the immediate next step.,Deterministic study-authored situational prompt; frozen before activation capture.,True,d251f362ef9c0bae6478a5515d7984ba6288c78c38572cfd5c7f0d94d7cc3650,test,"[128000, 1622, 2038, 374, 7554, 505, 264, 3495, 5296, 13, 21335, 264, 2875, 2077, 23524, 279, 14247, 1828, 3094, 13]",20,d251f362ef9c0bae6478a5515d7984ba6288c78c38572cfd5c7f0d94d7cc3650,014620f8aead2e9882081907e6b7bcb6b03a7d8876347cab2176abf742890b60,14a2c282b45de44a6d640fc2e6dc1ed04d418f2f10d941f828d9c3c09a4704ad
ACT-NAT-UNCERTAINTY-02,naturalistic_behavioral,uncertainty,Key information is missing from a neighborhood event. Give a short response describing the immediate next step.,Deterministic study-authored situational prompt; frozen before activation capture.,True,9d499c80d29f6de8ea18e1f5d2e0bc6bfac60a10010ae2f4c8a5e7eb53d4e7b4,validation,"[128000, 1622, 2038, 374, 7554, 505, 264, 12818, 1567, 13, 21335, 264, 2875, 2077, 23524, 279, 14247, 1828, 3094, 13]",20,9d499c80d29f6de8ea18e1f5d2e0bc6bfac60a10010ae2f4c8a5e7eb53d4e7b4,014620f8aead2e9882081907e6b7bcb6b03a7d8876347cab2176abf742890b60,14a2c282b45de44a6d640fc2e6dc1ed04d418f2f10d941f828d9c3c09a4704ad
ACT-NAT-UNCERTAINTY-03,naturalistic_behavioral,uncertainty,Key information is missing from a repair task. Give a short response describing the immediate next step.,Deterministic study-authored situational prompt; frozen before activation capture.,True,badab2c9a7ed8d7d5350538a6a96cf338cf01b48c099c78a1fa255a9a99ae2c7,test,"[128000, 1622, 2038, 374, 7554, 505, 264, 13023, 3465, 13, 21335, 264, 2875, 2077, 23524, 279, 14247, 1828, 3094, 13]",20,badab2c9a7ed8d7d5350538a6a96cf338cf01b48c099c78a1fa255a9a99ae2c7,014620f8aead2e9882081907e6b7bcb6b03a7d8876347cab2176abf742890b60,14a2c282b45de44a6d640fc2e6dc1ed04d418f2f10d941f828d9c3c09a4704ad
ACT-NAT-UNCERTAINTY-04,naturalistic_behavioral,uncertainty,Key information is missing from a travel delay. Give a short response describing the immediate next step.,Deterministic study-authored situational prompt; frozen before activation capture.,True,96f4fdee566f56635e53006725f6f4a04aef5645645029463c45c5f5aac1545d,train,"[128000, 1622, 2038, 374, 7554, 505, 264, 5944, 7781, 13, 21335, 264, 2875, 2077, 23524, 279, 14247, 1828, 3094, 13]",20,96f4fdee566f56635e53006725f6f4a04aef5645645029463c45c5f5aac1545d,014620f8aead2e9882081907e6b7bcb6b03a7d8876347cab2176abf742890b60,14a2c282b45de44a6d640fc2e6dc1ed04d418f2f10d941f828d9c3c09a4704ad
ACT-NAT-UNCERTAINTY-05,naturalistic_behavioral,uncertainty,Key information is missing from a shared workspace. Give a short response describing the immediate next step.,Deterministic study-authored situational prompt; frozen before activation capture.,True,2d6cc1378a6b5c333aeca3f725d1a245014c2d717f23d33ff9b7318e513f87e1,test,"[128000, 1622, 2038, 374, 7554, 505, 264, 6222, 28614, 13, 21335, 264, 2875, 2077, 23524, 279, 14247, 1828, 3094, 13]",20,2d6cc1378a6b5c333aeca3f725d1a245014c2d717f23d33ff9b7318e513f87e1,014620f8aead2e9882081907e6b7bcb6b03a7d8876347cab2176abf742890b60,14a2c282b45de44a6d640fc2e6dc1ed04d418f2f10d941f828d9c3c09a4704ad
ACT-NAT-UNCERTAINTY-06,naturalistic_behavioral,uncertainty,Key information is missing from a software release. Give a short response describing the immediate next step.,Deterministic study-authored situational prompt; frozen before activation capture.,True,a29afb64872d66f298951d811f3f7f0ac7793f49721e8818d6af34870ea1d93f,test,"[128000, 1622, 2038, 374, 7554, 505, 264, 3241, 4984, 13, 21335, 264, 2875, 2077, 23524, 279, 14247, 1828, 3094, 13]",20,a29afb64872d66f298951d811f3f7f0ac7793f49721e8818d6af34870ea1d93f,014620f8aead2e9882081907e6b7bcb6b03a7d8876347cab2176abf742890b60,14a2c282b45de44a6d640fc2e6dc1ed04d418f2f10d941f828d9c3c09a4704ad
ACT-NAT-UNCERTAINTY-07,naturalistic_behavioral,uncertainty,Key information is missing from a community garden. Give a short response describing the immediate next step.,Deterministic study-authored situational prompt; frozen before activation capture.,True,4a59a6f6e0bcff25e2e5a4b59c361dd6d24b475630bd6c55b2c7d44e53d9be9b,train,"[128000, 1622, 2038, 374, 7554, 505, 264, 4029, 13863, 13, 21335, 264, 2875, 2077, 23524, 279, 14247, 1828, 3094, 13]",20,4a59a6f6e0bcff25e2e5a4b59c361dd6d24b475630bd6c55b2c7d44e53d9be9b,014620f8aead2e9882081907e6b7bcb6b03a7d8876347cab2176abf742890b60,14a2c282b45de44a6d640fc2e6dc1ed04d418f2f10d941f828d9c3c09a4704ad
ACT-NAT-UNCERTAINTY-08,naturalistic_behavioral,uncertainty,Key information is missing from a class project. Give a short response describing the immediate next step.,Deterministic study-authored situational prompt; frozen before activation capture.,True,1145338608830e8e0ccf47d8c45722bf1e617ca79611306ed5d34cd896ce1859,train,"[128000, 1622, 2038, 374, 7554, 505, 264, 538, 2447, 13, 21335, 264, 2875, 2077, 23524, 279, 14247, 1828, 3094, 13]",20,1145338608830e8e0ccf47d8c45722bf1e617ca79611306ed5d34cd896ce1859,014620f8aead2e9882081907e6b7bcb6b03a7d8876347cab2176abf742890b60,14a2c282b45de44a6d640fc2e6dc1ed04d418f2f10d941f828d9c3c09a4704ad
ACT-NAT-UNCERTAINTY-09,naturalistic_behavioral,uncertainty,Key information is missing from a delivery schedule. Give a short response describing the immediate next step.,Deterministic study-authored situational prompt; frozen before activation capture.,True,1df9038b17a13cd288a0d02c55722fe58d95331659fae906ffc146b14698989d,train,"[128000, 1622, 2038, 374, 7554, 505, 264, 9889, 9899, 13, 21335, 264, 2875, 2077, 23524, 279, 14247, 1828, 3094, 13]",20,1df9038b17a13cd288a0d02c55722fe58d95331659fae906ffc146b14698989d,014620f8aead2e9882081907e6b7bcb6b03a7d8876347cab2176abf742890b60,14a2c282b45de44a6d640fc2e6dc1ed04d418f2f10d941f828d9c3c09a4704ad
ACT-NAT-UNCERTAINTY-10,naturalistic_behavioral,uncertainty,Key information is missing from a household chore. Give a short response describing the immediate next step.,Deterministic study-authored situational prompt; frozen before activation capture.,True,6a1376dcb50321147fa950026b8a433fae47bb475cdf2d7b4cb3253b888d0513,train,"[128000, 1622, 2038, 374, 7554, 505, 264, 14048, 50671, 13, 21335, 264, 2875, 2077, 23524, 279, 14247, 1828, 3094, 13]",20,6a1376dcb50321147fa950026b8a433fae47bb475cdf2d7b4cb3253b888d0513,014620f8aead2e9882081907e6b7bcb6b03a7d8876347cab2176abf742890b60,14a2c282b45de44a6d640fc2e6dc1ed04d418f2f10d941f828d9c3c09a4704ad
ACT-NAT-UNCERTAINTY-11,naturalistic_behavioral,uncertainty,Key information is missing from a meeting agenda. Give a short response describing the immediate next step.,Deterministic study-authored situational prompt; frozen before activation capture.,True,939101a3d83538350a240c8f393ba1c5674fca97ece2c2f0ffd65c7f81459c24,train,"[128000, 1622, 2038, 374, 7554, 505, 264, 6574, 18909, 13, 21335, 264, 2875, 2077, 23524, 279, 14247, 1828, 3094, 13]",20,939101a3d83538350a240c8f393ba1c5674fca97ece2c2f0ffd65c7f81459c24,014620f8aead2e9882081907e6b7bcb6b03a7d8876347cab2176abf742890b60,14a2c282b45de44a6d640fc2e6dc1ed04d418f2f10d941f828d9c3c09a4704ad
ACT-NAT-UNCERTAINTY-12,naturalistic_behavioral,uncertainty,Key information is missing from a weekend activity. Give a short response describing the immediate next step.,Deterministic study-authored situational prompt; frozen before activation capture.,True,59b91a182aedb12500f21cd223bf4836d2590ef77cd7f20b851aef27fef5282a,train,"[128000, 1622, 2038, 374, 7554, 505, 264, 9178, 5820, 13, 21335, 264, 2875, 2077, 23524, 279, 14247, 1828, 3094, 13]",20,59b91a182aedb12500f21cd223bf4836d2590ef77cd7f20b851aef27fef5282a,014620f8aead2e9882081907e6b7bcb6b03a7d8876347cab2176abf742890b60,14a2c282b45de44a6d640fc2e6dc1ed04d418f2f10d941f828d9c3c09a4704ad
ACT-NAT-SOCIAL_INTERACTION-01,naturalistic_behavioral,social_interaction,Another participant asks for an update about a research note. Write a brief reply.,Deterministic study-authored situational prompt; frozen before activation capture.,True,6cce87c8011896a2dec682a12a8b53b478c1c94adb861072ae8f926c07b3b704,train,"[128000, 14364, 25923, 17501, 369, 459, 2713, 922, 264, 3495, 5296, 13, 9842, 264, 10015, 10052, 13]",17,6cce87c8011896a2dec682a12a8b53b478c1c94adb861072ae8f926c07b3b704,014620f8aead2e9882081907e6b7bcb6b03a7d8876347cab2176abf742890b60,14a2c282b45de44a6d640fc2e6dc1ed04d418f2f10d941f828d9c3c09a4704ad
ACT-NAT-SOCIAL_INTERACTION-02,naturalistic_behavioral,social_interaction,Another participant asks for an update about a neighborhood event. Write a brief reply.,Deterministic study-authored situational prompt; frozen before activation capture.,True,4434c31028942cd830a2cf1a17d334c464ec659635594138fe7c6eccd1be9e20,train,"[128000, 14364, 25923, 17501, 369, 459, 2713, 922, 264, 12818, 1567, 13, 9842, 264, 10015, 10052, 13]",17,4434c31028942cd830a2cf1a17d334c464ec659635594138fe7c6eccd1be9e20,014620f8aead2e9882081907e6b7bcb6b03a7d8876347cab2176abf742890b60,14a2c282b45de44a6d640fc2e6dc1ed04d418f2f10d941f828d9c3c09a4704ad
ACT-NAT-SOCIAL_INTERACTION-03,naturalistic_behavioral,social_interaction,Another participant asks for an update about a repair task. Write a brief reply.,Deterministic study-authored situational prompt; frozen before activation capture.,True,d1b234dc0727f48d7d8ea0936839ad358d417236d5f085e1bebb8d246af8575d,validation,"[128000, 14364, 25923, 17501, 369, 459, 2713, 922, 264, 13023, 3465, 13, 9842, 264, 10015, 10052, 13]",17,d1b234dc0727f48d7d8ea0936839ad358d417236d5f085e1bebb8d246af8575d,014620f8aead2e9882081907e6b7bcb6b03a7d8876347cab2176abf742890b60,14a2c282b45de44a6d640fc2e6dc1ed04d418f2f10d941f828d9c3c09a4704ad
ACT-NAT-SOCIAL_INTERACTION-04,naturalistic_behavioral,social_interaction,Another participant asks for an update about a travel delay. Write a brief reply.,Deterministic study-authored situational prompt; frozen before activation capture.,True,9090c81077da2e75265105d15f59d863f2bf6d9b8549539185df5f6f5bfd1c4e,validation,"[128000, 14364, 25923, 17501, 369, 459, 2713, 922, 264, 5944, 7781, 13, 9842, 264, 10015, 10052, 13]",17,9090c81077da2e75265105d15f59d863f2bf6d9b8549539185df5f6f5bfd1c4e,014620f8aead2e9882081907e6b7bcb6b03a7d8876347cab2176abf742890b60,14a2c282b45de44a6d640fc2e6dc1ed04d418f2f10d941f828d9c3c09a4704ad
ACT-NAT-SOCIAL_INTERACTION-05,naturalistic_behavioral,social_interaction,Another participant asks for an update about a shared workspace. Write a brief reply.,Deterministic study-authored situational prompt; frozen before activation capture.,True,6f8096f83193661dccc5c2112c84930bfb6d20d4d6140a682214b378681f34a2,train,"[128000, 14364, 25923, 17501, 369, 459, 2713, 922, 264, 6222, 28614, 13, 9842, 264, 10015, 10052, 13]",17,6f8096f83193661dccc5c2112c84930bfb6d20d4d6140a682214b378681f34a2,014620f8aead2e9882081907e6b7bcb6b03a7d8876347cab2176abf742890b60,14a2c282b45de44a6d640fc2e6dc1ed04d418f2f10d941f828d9c3c09a4704ad
ACT-NAT-SOCIAL_INTERACTION-06,naturalistic_behavioral,social_interaction,Another participant asks for an update about a software release. Write a brief reply.,Deterministic study-authored situational prompt; frozen before activation capture.,True,f8d5d8d341109a62eaa656e8b992bd5b99d33920b83fb73889c0a8f01a554ace,train,"[128000, 14364, 25923, 17501, 369, 459, 2713, 922, 264, 3241, 4984, 13, 9842, 264, 10015, 10052, 13]",17,f8d5d8d341109a62eaa656e8b992bd5b99d33920b83fb73889c0a8f01a554ace,014620f8aead2e9882081907e6b7bcb6b03a7d8876347cab2176abf742890b60,14a2c282b45de44a6d640fc2e6dc1ed04d418f2f10d941f828d9c3c09a4704ad
ACT-NAT-SOCIAL_INTERACTION-07,naturalistic_behavioral,social_interaction,Another participant asks for an update about a community garden. Write a brief reply.,Deterministic study-authored situational prompt; frozen before activation capture.,True,9ddcf5f6c63ed6557858bbc5b6b391de68ee20e952e640ccb2b0db11c0277548,test,"[128000, 14364, 25923, 17501, 369, 459, 2713, 922, 264, 4029, 13863, 13, 9842, 264, 10015, 10052, 13]",17,9ddcf5f6c63ed6557858bbc5b6b391de68ee20e952e640ccb2b0db11c0277548,014620f8aead2e9882081907e6b7bcb6b03a7d8876347cab2176abf742890b60,14a2c282b45de44a6d640fc2e6dc1ed04d418f2f10d941f828d9c3c09a4704ad
ACT-NAT-SOCIAL_INTERACTION-08,naturalistic_behavioral,social_interaction,Another participant asks for an update about a class project. Write a brief reply.,Deterministic study-authored situational prompt; frozen before activation capture.,True,d4bbff57842a0ef8bee514871b22cdcc5a21595a20205b83129831f711b90dac,test,"[128000, 14364, 25923, 17501, 369, 459, 2713, 922, 264, 538, 2447, 13, 9842, 264, 10015, 10052, 13]",17,d4bbff57842a0ef8bee514871b22cdcc5a21595a20205b83129831f711b90dac,014620f8aead2e9882081907e6b7bcb6b03a7d8876347cab2176abf742890b60,14a2c282b45de44a6d640fc2e6dc1ed04d418f2f10d941f828d9c3c09a4704ad
ACT-NAT-SOCIAL_INTERACTION-09,naturalistic_behavioral,social_interaction,Another participant asks for an update about a delivery schedule. Write a brief reply.,Deterministic study-authored situational prompt; frozen before activation capture.,True,0d9dc6aa49c9171b72676c7d9a81f0b68573f9fc4790bcc36406845a9872e251,train,"[128000, 14364, 25923, 17501, 369, 459, 2713, 922, 264, 9889, 9899, 13, 9842, 264, 10015, 10052, 13]",17,0d9dc6aa49c9171b72676c7d9a81f0b68573f9fc4790bcc36406845a9872e251,014620f8aead2e9882081907e6b7bcb6b03a7d8876347cab2176abf742890b60,14a2c282b45de44a6d640fc2e6dc1ed04d418f2f10d941f828d9c3c09a4704ad
ACT-NAT-SOCIAL_INTERACTION-10,naturalistic_behavioral,social_interaction,Another participant asks for an update about a household chore. Write a brief reply.,Deterministic study-authored situational prompt; frozen before activation capture.,True,c65ada1d75ff9ba6adc34eb1af1de54dacf947607e0c0facaf488e2fef017030,validation,"[128000, 14364, 25923, 17501, 369, 459, 2713, 922, 264, 14048, 50671, 13, 9842, 264, 10015, 10052, 13]",17,c65ada1d75ff9ba6adc34eb1af1de54dacf947607e0c0facaf488e2fef017030,014620f8aead2e9882081907e6b7bcb6b03a7d8876347cab2176abf742890b60,14a2c282b45de44a6d640fc2e6dc1ed04d418f2f10d941f828d9c3c09a4704ad
ACT-NAT-SOCIAL_INTERACTION-11,naturalistic_behavioral,social_interaction,Another participant asks for an update about a meeting agenda. Write a brief reply.,Deterministic study-authored situational prompt; frozen before activation capture.,True,72b4ec6e8517e9b5ac655b6361bb4aca64441a06e60e44479d298f3820e8eacf,validation,"[128000, 14364, 25923, 17501, 369, 459, 2713, 922, 264, 6574, 18909, 13, 9842, 264, 10015, 10052, 13]",17,72b4ec6e8517e9b5ac655b6361bb4aca64441a06e60e44479d298f3820e8eacf,014620f8aead2e9882081907e6b7bcb6b03a7d8876347cab2176abf742890b60,14a2c282b45de44a6d640fc2e6dc1ed04d418f2f10d941f828d9c3c09a4704ad
ACT-NAT-SOCIAL_INTERACTION-12,naturalistic_behavioral,social_interaction,Another participant asks for an update about a weekend activity. Write a brief reply.,Deterministic study-authored situational prompt; frozen before activation capture.,True,95f82fe8bd89967890b7420a41820801fd1fc943ea788d85ac76b4cfa4a70bf5,train,"[128000, 14364, 25923, 17501, 369, 459, 2713, 922, 264, 9178, 5820, 13, 9842, 264, 10015, 10052, 13]",17,95f82fe8bd89967890b7420a41820801fd1fc943ea788d85ac76b4cfa4a70bf5,014620f8aead2e9882081907e6b7bcb6b03a7d8876347cab2176abf742890b60,14a2c282b45de44a6d640fc2e6dc1ed04d418f2f10d941f828d9c3c09a4704ad
ACT-NAT-COOPERATION-01,naturalistic_behavioral,cooperation,Two people need to divide the remaining work in a research note. Suggest a concise way to proceed.,Deterministic study-authored situational prompt; frozen before activation capture.,True,5707e0c1e8668d647a255ac608621bbfaadffd5a9bc6f5f85f01269b167ca213,train,"[128000, 11874, 1274, 1205, 311, 22497, 279, 9861, 990, 304, 264, 3495, 5296, 13, 328, 3884, 264, 64694, 1648, 311, 10570, 13]",22,5707e0c1e8668d647a255ac608621bbfaadffd5a9bc6f5f85f01269b167ca213,014620f8aead2e9882081907e6b7bcb6b03a7d8876347cab2176abf742890b60,14a2c282b45de44a6d640fc2e6dc1ed04d418f2f10d941f828d9c3c09a4704ad
ACT-NAT-COOPERATION-02,naturalistic_behavioral,cooperation,Two people need to divide the remaining work in a neighborhood event. Suggest a concise way to proceed.,Deterministic study-authored situational prompt; frozen before activation capture.,True,222271320d2abd934200c594761898536e2c8d2996250777679cb57263d789b5,validation,"[128000, 11874, 1274, 1205, 311, 22497, 279, 9861, 990, 304, 264, 12818, 1567, 13, 328, 3884, 264, 64694, 1648, 311, 10570, 13]",22,222271320d2abd934200c594761898536e2c8d2996250777679cb57263d789b5,014620f8aead2e9882081907e6b7bcb6b03a7d8876347cab2176abf742890b60,14a2c282b45de44a6d640fc2e6dc1ed04d418f2f10d941f828d9c3c09a4704ad
ACT-NAT-COOPERATION-03,naturalistic_behavioral,cooperation,Two people need to divide the remaining work in a repair task. Suggest a concise way to proceed.,Deterministic study-authored situational prompt; frozen before activation capture.,True,03356f66492c6d44508c4ad7d16debeb3923aaffd0b35ae633c01f09eaf048ce,train,"[128000, 11874, 1274, 1205, 311, 22497, 279, 9861, 990, 304, 264, 13023, 3465, 13, 328, 3884, 264, 64694, 1648, 311, 10570, 13]",22,03356f66492c6d44508c4ad7d16debeb3923aaffd0b35ae633c01f09eaf048ce,014620f8aead2e9882081907e6b7bcb6b03a7d8876347cab2176abf742890b60,14a2c282b45de44a6d640fc2e6dc1ed04d418f2f10d941f828d9c3c09a4704ad
ACT-NAT-COOPERATION-04,naturalistic_behavioral,cooperation,Two people need to divide the remaining work in a travel delay. Suggest a concise way to proceed.,Deterministic study-authored situational prompt; frozen before activation capture.,True,aeb3cb19af2fd3f7658109f7cd6113c6b3700b5ebf308db20f605a6bfbe5e0a1,train,"[128000, 11874, 1274, 1205, 311, 22497, 279, 9861, 990, 304, 264, 5944, 7781, 13, 328, 3884, 264, 64694, 1648, 311, 10570, 13]",22,aeb3cb19af2fd3f7658109f7cd6113c6b3700b5ebf308db20f605a6bfbe5e0a1,014620f8aead2e9882081907e6b7bcb6b03a7d8876347cab2176abf742890b60,14a2c282b45de44a6d640fc2e6dc1ed04d418f2f10d941f828d9c3c09a4704ad
ACT-NAT-COOPERATION-05,naturalistic_behavioral,cooperation,Two people need to divide the remaining work in a shared workspace. Suggest a concise way to proceed.,Deterministic study-authored situational prompt; frozen before activation capture.,True,c1a7e5264b556d4fd034d811de27a55ccbbd4c93c84547a78d637777b154d94c,train,"[128000, 11874, 1274, 1205, 311, 22497, 279, 9861, 990, 304, 264, 6222, 28614, 13, 328, 3884, 264, 64694, 1648, 311, 10570, 13]",22,c1a7e5264b556d4fd034d811de27a55ccbbd4c93c84547a78d637777b154d94c,014620f8aead2e9882081907e6b7bcb6b03a7d8876347cab2176abf742890b60,14a2c282b45de44a6d640fc2e6dc1ed04d418f2f10d941f828d9c3c09a4704ad
ACT-NAT-COOPERATION-06,naturalistic_behavioral,cooperation,Two people need to divide the remaining work in a software release. Suggest a concise way to proceed.,Deterministic study-authored situational prompt; frozen before activation capture.,True,ffd61c6349a63510e924d5b23a49f11f38d4f8419c24b84546e663af538fa0cc,train,"[128000, 11874, 1274, 1205, 311, 22497, 279, 9861, 990, 304, 264, 3241, 4984, 13, 328, 3884, 264, 64694, 1648, 311, 10570, 13]",22,ffd61c6349a63510e924d5b23a49f11f38d4f8419c24b84546e663af538fa0cc,014620f8aead2e9882081907e6b7bcb6b03a7d8876347cab2176abf742890b60,14a2c282b45de44a6d640fc2e6dc1ed04d418f2f10d941f828d9c3c09a4704ad
ACT-NAT-COOPERATION-07,naturalistic_behavioral,cooperation,Two people need to divide the remaining work in a community garden. Suggest a concise way to proceed.,Deterministic study-authored situational prompt; frozen before activation capture.,True,1e19c6ecde10d3eb3aadb0b455dab75953dfcd36844c966398f4c4555774b592,train,"[128000, 11874, 1274, 1205, 311, 22497, 279, 9861, 990, 304, 264, 4029, 13863, 13, 328, 3884, 264, 64694, 1648, 311, 10570, 13]",22,1e19c6ecde10d3eb3aadb0b455dab75953dfcd36844c966398f4c4555774b592,014620f8aead2e9882081907e6b7bcb6b03a7d8876347cab2176abf742890b60,14a2c282b45de44a6d640fc2e6dc1ed04d418f2f10d941f828d9c3c09a4704ad
ACT-NAT-COOPERATION-08,naturalistic_behavioral,cooperation,Two people need to divide the remaining work in a class project. Suggest a concise way to proceed.,Deterministic study-authored situational prompt; frozen before activation capture.,True,f2baf71e2f04309659a787f87a421cbe2658c2d42f8d7658ebe8c58ec0925386,test,"[128000, 11874, 1274, 1205, 311, 22497, 279, 9861, 990, 304, 264, 538, 2447, 13, 328, 3884, 264, 64694, 1648, 311, 10570, 13]",22,f2baf71e2f04309659a787f87a421cbe2658c2d42f8d7658ebe8c58ec0925386,014620f8aead2e9882081907e6b7bcb6b03a7d8876347cab2176abf742890b60,14a2c282b45de44a6d640fc2e6dc1ed04d418f2f10d941f828d9c3c09a4704ad
ACT-NAT-COOPERATION-09,naturalistic_behavioral,cooperation,Two people need to divide the remaining work in a delivery schedule. Suggest a concise way to proceed.,Deterministic study-authored situational prompt; frozen before activation capture.,True,3e0f1379d8b4f88936f9569e90be9bb9d3e0dca760e7ec24ef54c9230b4ed546,test,"[128000, 11874, 1274, 1205, 311, 22497, 279, 9861, 990, 304, 264, 9889, 9899, 13, 328, 3884, 264, 64694, 1648, 311, 10570, 13]",22,3e0f1379d8b4f88936f9569e90be9bb9d3e0dca760e7ec24ef54c9230b4ed546,014620f8aead2e9882081907e6b7bcb6b03a7d8876347cab2176abf742890b60,14a2c282b45de44a6d640fc2e6dc1ed04d418f2f10d941f828d9c3c09a4704ad
ACT-NAT-COOPERATION-10,naturalistic_behavioral,cooperation,Two people need to divide the remaining work in a household chore. Suggest a concise way to proceed.,Deterministic study-authored situational prompt; frozen before activation capture.,True,517a6daa1a129a7b82bacfec0f56bf37a75c2aa95df9af963e3565d128411cdb,train,"[128000, 11874, 1274, 1205, 311, 22497, 279, 9861, 990, 304, 264, 14048, 50671, 13, 328, 3884, 264, 64694, 1648, 311, 10570, 13]",22,517a6daa1a129a7b82bacfec0f56bf37a75c2aa95df9af963e3565d128411cdb,014620f8aead2e9882081907e6b7bcb6b03a7d8876347cab2176abf742890b60,14a2c282b45de44a6d640fc2e6dc1ed04d418f2f10d941f828d9c3c09a4704ad
ACT-NAT-COOPERATION-11,naturalistic_behavioral,cooperation,Two people need to divide the remaining work in a meeting agenda. Suggest a concise way to proceed.,Deterministic study-authored situational prompt; frozen before activation capture.,True,506cca8c7dadacfd4bcc86d8ebe841416722987374cd902ed5909845414a7956,train,"[128000, 11874, 1274, 1205, 311, 22497, 279, 9861, 990, 304, 264, 6574, 18909, 13, 328, 3884, 264, 64694, 1648, 311, 10570, 13]",22,506cca8c7dadacfd4bcc86d8ebe841416722987374cd902ed5909845414a7956,014620f8aead2e9882081907e6b7bcb6b03a7d8876347cab2176abf742890b60,14a2c282b45de44a6d640fc2e6dc1ed04d418f2f10d941f828d9c3c09a4704ad
ACT-NAT-COOPERATION-12,naturalistic_behavioral,cooperation,Two people need to divide the remaining work in a weekend activity. Suggest a concise way to proceed.,Deterministic study-authored situational prompt; frozen before activation capture.,True,970c17196ce812f59a3e0eee963186f026f83f9602852c9a6381eb3ebd70ce94,train,"[128000, 11874, 1274, 1205, 311, 22497, 279, 9861, 990, 304, 264, 9178, 5820, 13, 328, 3884, 264, 64694, 1648, 311, 10570, 13]",22,970c17196ce812f59a3e0eee963186f026f83f9602852c9a6381eb3ebd70ce94,014620f8aead2e9882081907e6b7bcb6b03a7d8876347cab2176abf742890b60,14a2c282b45de44a6d640fc2e6dc1ed04d418f2f10d941f828d9c3c09a4704ad
ACT-NAT-DISAGREEMENT-01,naturalistic_behavioral,disagreement,Two proposed approaches to a research note differ. Write a short response that moves the discussion forward.,Deterministic study-authored situational prompt; frozen before activation capture.,True,1f9363bf145771b1faad5776acc7d8e077066044807d5429a840cbc87355a0e0,train,"[128000, 11874, 11223, 20414, 311, 264, 3495, 5296, 1782, 13, 9842, 264, 2875, 2077, 430, 11031, 279, 10430, 4741, 13]",20,1f9363bf145771b1faad5776acc7d8e077066044807d5429a840cbc87355a0e0,014620f8aead2e9882081907e6b7bcb6b03a7d8876347cab2176abf742890b60,14a2c282b45de44a6d640fc2e6dc1ed04d418f2f10d941f828d9c3c09a4704ad
ACT-NAT-DISAGREEMENT-02,naturalistic_behavioral,disagreement,Two proposed approaches to a neighborhood event differ. Write a short response that moves the discussion forward.,Deterministic study-authored situational prompt; frozen before activation capture.,True,ae413b1d7529b872ca00d2196aa1b958239b34c121b29284ae5175f3c9056a96,train,"[128000, 11874, 11223, 20414, 311, 264, 12818, 1567, 1782, 13, 9842, 264, 2875, 2077, 430, 11031, 279, 10430, 4741, 13]",20,ae413b1d7529b872ca00d2196aa1b958239b34c121b29284ae5175f3c9056a96,014620f8aead2e9882081907e6b7bcb6b03a7d8876347cab2176abf742890b60,14a2c282b45de44a6d640fc2e6dc1ed04d418f2f10d941f828d9c3c09a4704ad
ACT-NAT-DISAGREEMENT-03,naturalistic_behavioral,disagreement,Two proposed approaches to a repair task differ. Write a short response that moves the discussion forward.,Deterministic study-authored situational prompt; frozen before activation capture.,True,f35f327d7a1163393a84d1ddafd80fae74f21e8f798212a5f4ed57490e1a0e26,test,"[128000, 11874, 11223, 20414, 311, 264, 13023, 3465, 1782, 13, 9842, 264, 2875, 2077, 430, 11031, 279, 10430, 4741, 13]",20,f35f327d7a1163393a84d1ddafd80fae74f21e8f798212a5f4ed57490e1a0e26,014620f8aead2e9882081907e6b7bcb6b03a7d8876347cab2176abf742890b60,14a2c282b45de44a6d640fc2e6dc1ed04d418f2f10d941f828d9c3c09a4704ad
ACT-NAT-DISAGREEMENT-04,naturalistic_behavioral,disagreement,Two proposed approaches to a travel delay differ. Write a short response that moves the discussion forward.,Deterministic study-authored situational prompt; frozen before activation capture.,True,93927804d1a297f806e7be54b15d50e38d751406e0c31c7267b6e05e5bb7c125,validation,"[128000, 11874, 11223, 20414, 311, 264, 5944, 7781, 1782, 13, 9842, 264, 2875, 2077, 430, 11031, 279, 10430, 4741, 13]",20,93927804d1a297f806e7be54b15d50e38d751406e0c31c7267b6e05e5bb7c125,014620f8aead2e9882081907e6b7bcb6b03a7d8876347cab2176abf742890b60,14a2c282b45de44a6d640fc2e6dc1ed04d418f2f10d941f828d9c3c09a4704ad
ACT-NAT-DISAGREEMENT-05,naturalistic_behavioral,disagreement,Two proposed approaches to a shared workspace differ. Write a short response that moves the discussion forward.,Deterministic study-authored situational prompt; frozen before activation capture.,True,6262c5eefa71f69e30438373f51140b346a615b48b5de7a93d442355eabbbfa3,train,"[128000, 11874, 11223, 20414, 311, 264, 6222, 28614, 1782, 13, 9842, 264, 2875, 2077, 430, 11031, 279, 10430, 4741, 13]",20,6262c5eefa71f69e30438373f51140b346a615b48b5de7a93d442355eabbbfa3,014620f8aead2e9882081907e6b7bcb6b03a7d8876347cab2176abf742890b60,14a2c282b45de44a6d640fc2e6dc1ed04d418f2f10d941f828d9c3c09a4704ad
ACT-NAT-DISAGREEMENT-06,naturalistic_behavioral,disagreement,Two proposed approaches to a software release differ. Write a short response that moves the discussion forward.,Deterministic study-authored situational prompt; frozen before activation capture.,True,4c5680c21865703b67a7d4209bf74c79828d1891df097dd1b6ea98b41b50a6c3,train,"[128000, 11874, 11223, 20414, 311, 264, 3241, 4984, 1782, 13, 9842, 264, 2875, 2077, 430, 11031, 279, 10430, 4741, 13]",20,4c5680c21865703b67a7d4209bf74c79828d1891df097dd1b6ea98b41b50a6c3,014620f8aead2e9882081907e6b7bcb6b03a7d8876347cab2176abf742890b60,14a2c282b45de44a6d640fc2e6dc1ed04d418f2f10d941f828d9c3c09a4704ad
ACT-NAT-DISAGREEMENT-07,naturalistic_behavioral,disagreement,Two proposed approaches to a community garden differ. Write a short response that moves the discussion forward.,Deterministic study-authored situational prompt; frozen before activation capture.,True,9614d0b12286ea48df2e7606682a992a0d81df4e215402fe7d151909b2c9a630,test,"[128000, 11874, 11223, 20414, 311, 264, 4029, 13863, 1782, 13, 9842, 264, 2875, 2077, 430, 11031, 279, 10430, 4741, 13]",20,9614d0b12286ea48df2e7606682a992a0d81df4e215402fe7d151909b2c9a630,014620f8aead2e9882081907e6b7bcb6b03a7d8876347cab2176abf742890b60,14a2c282b45de44a6d640fc2e6dc1ed04d418f2f10d941f828d9c3c09a4704ad
ACT-NAT-DISAGREEMENT-08,naturalistic_behavioral,disagreement,Two proposed approaches to a class project differ. Write a short response that moves the discussion forward.,Deterministic study-authored situational prompt; frozen before activation capture.,True,c6ed294e254b50202066d9d6f1f9b048dd95f6b4ce4b6649047d893b64409412,train,"[128000, 11874, 11223, 20414, 311, 264, 538, 2447, 1782, 13, 9842, 264, 2875, 2077, 430, 11031, 279, 10430, 4741, 13]",20,c6ed294e254b50202066d9d6f1f9b048dd95f6b4ce4b6649047d893b64409412,014620f8aead2e9882081907e6b7bcb6b03a7d8876347cab2176abf742890b60,14a2c282b45de44a6d640fc2e6dc1ed04d418f2f10d941f828d9c3c09a4704ad
ACT-NAT-DISAGREEMENT-09,naturalistic_behavioral,disagreement,Two proposed approaches to a delivery schedule differ. Write a short response that moves the discussion forward.,Deterministic study-authored situational prompt; frozen before activation capture.,True,f2787412e9b9ab12929535a665e8631f389ee126fb6c7308b56d84639b7e288d,train,"[128000, 11874, 11223, 20414, 311, 264, 9889, 9899, 1782, 13, 9842, 264, 2875, 2077, 430, 11031, 279, 10430, 4741, 13]",20,f2787412e9b9ab12929535a665e8631f389ee126fb6c7308b56d84639b7e288d,014620f8aead2e9882081907e6b7bcb6b03a7d8876347cab2176abf742890b60,14a2c282b45de44a6d640fc2e6dc1ed04d418f2f10d941f828d9c3c09a4704ad
ACT-NAT-DISAGREEMENT-10,naturalistic_behavioral,disagreement,Two proposed approaches to a household chore differ. Write a short response that moves the discussion forward.,Deterministic study-authored situational prompt; frozen before activation capture.,True,e2bdcc15f674eebbb11e4c89e7b7f52e814ddfa3d5f16022d19f98868fd42c14,train,"[128000, 11874, 11223, 20414, 311, 264, 14048, 50671, 1782, 13, 9842, 264, 2875, 2077, 430, 11031, 279, 10430, 4741, 13]",20,e2bdcc15f674eebbb11e4c89e7b7f52e814ddfa3d5f16022d19f98868fd42c14,014620f8aead2e9882081907e6b7bcb6b03a7d8876347cab2176abf742890b60,14a2c282b45de44a6d640fc2e6dc1ed04d418f2f10d941f828d9c3c09a4704ad
ACT-NAT-DISAGREEMENT-11,naturalistic_behavioral,disagreement,Two proposed approaches to a meeting agenda differ. Write a short response that moves the discussion forward.,Deterministic study-authored situational prompt; frozen before activation capture.,True,0cc63734112b4cbb0c9914bd1af7287836cb305ef5a0aba7f043af8b2ca7289f,train,"[128000, 11874, 11223, 20414, 311, 264, 6574, 18909, 1782, 13, 9842, 264, 2875, 2077, 430, 11031, 279, 10430, 4741, 13]",20,0cc63734112b4cbb0c9914bd1af7287836cb305ef5a0aba7f043af8b2ca7289f,014620f8aead2e9882081907e6b7bcb6b03a7d8876347cab2176abf742890b60,14a2c282b45de44a6d640fc2e6dc1ed04d418f2f10d941f828d9c3c09a4704ad
ACT-NAT-DISAGREEMENT-12,naturalistic_behavioral,disagreement,Two proposed approaches to a weekend activity differ. Write a short response that moves the discussion forward.,Deterministic study-authored situational prompt; frozen before activation capture.,True,149783426539fe3195fec888be664629d6a72d836af47a5bed6c8eccd1e3a59c,test,"[128000, 11874, 11223, 20414, 311, 264, 9178, 5820, 1782, 13, 9842, 264, 2875, 2077, 430, 11031, 279, 10430, 4741, 13]",20,149783426539fe3195fec888be664629d6a72d836af47a5bed6c8eccd1e3a59c,014620f8aead2e9882081907e6b7bcb6b03a7d8876347cab2176abf742890b60,14a2c282b45de44a6d640fc2e6dc1ed04d418f2f10d941f828d9c3c09a4704ad
ACT-NAT-CONFLICT-01,naturalistic_behavioral,conflict,A tense exchange interrupts a research note. Give a brief response addressing the immediate situation.,Deterministic study-authored situational prompt; frozen before activation capture.,True,477274dc67ff3cae20766055b43984622f5e78886ae9e9d5ad1ac2b4a9094b78,validation,"[128000, 32, 43787, 9473, 44537, 264, 3495, 5296, 13, 21335, 264, 10015, 2077, 28118, 279, 14247, 6671, 13]",18,477274dc67ff3cae20766055b43984622f5e78886ae9e9d5ad1ac2b4a9094b78,014620f8aead2e9882081907e6b7bcb6b03a7d8876347cab2176abf742890b60,14a2c282b45de44a6d640fc2e6dc1ed04d418f2f10d941f828d9c3c09a4704ad
ACT-NAT-CONFLICT-02,naturalistic_behavioral,conflict,A tense exchange interrupts a neighborhood event. Give a brief response addressing the immediate situation.,Deterministic study-authored situational prompt; frozen before activation capture.,True,617d2b32977b15ebe12249f3e780a3c071caa993f2d1052ab4de9e46bba1ed78,validation,"[128000, 32, 43787, 9473, 44537, 264, 12818, 1567, 13, 21335, 264, 10015, 2077, 28118, 279, 14247, 6671, 13]",18,617d2b32977b15ebe12249f3e780a3c071caa993f2d1052ab4de9e46bba1ed78,014620f8aead2e9882081907e6b7bcb6b03a7d8876347cab2176abf742890b60,14a2c282b45de44a6d640fc2e6dc1ed04d418f2f10d941f828d9c3c09a4704ad
ACT-NAT-CONFLICT-03,naturalistic_behavioral,conflict,A tense exchange interrupts a repair task. Give a brief response addressing the immediate situation.,Deterministic study-authored situational prompt; frozen before activation capture.,True,9ab92f71fd29d8d14ba24b9a3b7bcdb762918e7f078fbfd30f75b732ef0121e5,test,"[128000, 32, 43787, 9473, 44537, 264, 13023, 3465, 13, 21335, 264, 10015, 2077, 28118, 279, 14247, 6671, 13]",18,9ab92f71fd29d8d14ba24b9a3b7bcdb762918e7f078fbfd30f75b732ef0121e5,014620f8aead2e9882081907e6b7bcb6b03a7d8876347cab2176abf742890b60,14a2c282b45de44a6d640fc2e6dc1ed04d418f2f10d941f828d9c3c09a4704ad
ACT-NAT-CONFLICT-04,naturalistic_behavioral,conflict,A tense exchange interrupts a travel delay. Give a brief response addressing the immediate situation.,Deterministic study-authored situational prompt; frozen before activation capture.,True,868ac327f6232bb34587432a827519146cda0aa07fe67fadcff9481f944cf584,validation,"[128000, 32, 43787, 9473, 44537, 264, 5944, 7781, 13, 21335, 264, 10015, 2077, 28118, 279, 14247, 6671, 13]",18,868ac327f6232bb34587432a827519146cda0aa07fe67fadcff9481f944cf584,014620f8aead2e9882081907e6b7bcb6b03a7d8876347cab2176abf742890b60,14a2c282b45de44a6d640fc2e6dc1ed04d418f2f10d941f828d9c3c09a4704ad
ACT-NAT-CONFLICT-05,naturalistic_behavioral,conflict,A tense exchange interrupts a shared workspace. Give a brief response addressing the immediate situation.,Deterministic study-authored situational prompt; frozen before activation capture.,True,aa7c4a37b0fc6fe47adefc30819ed293a45f771c1b94ae6c1b6933fe5d6fbd94,validation,"[128000, 32, 43787, 9473, 44537, 264, 6222, 28614, 13, 21335, 264, 10015, 2077, 28118, 279, 14247, 6671, 13]",18,aa7c4a37b0fc6fe47adefc30819ed293a45f771c1b94ae6c1b6933fe5d6fbd94,014620f8aead2e9882081907e6b7bcb6b03a7d8876347cab2176abf742890b60,14a2c282b45de44a6d640fc2e6dc1ed04d418f2f10d941f828d9c3c09a4704ad
ACT-NAT-CONFLICT-06,naturalistic_behavioral,conflict,A tense exchange interrupts a software release. Give a brief response addressing the immediate situation.,Deterministic study-authored situational prompt; frozen before activation capture.,True,055f48e59bfb5ffc1eaf78e7201fc4c89d1a4dcb5fdbfe3ab713b3b2dc7bca02,validation,"[128000, 32, 43787, 9473, 44537, 264, 3241, 4984, 13, 21335, 264, 10015, 2077, 28118, 279, 14247, 6671, 13]",18,055f48e59bfb5ffc1eaf78e7201fc4c89d1a4dcb5fdbfe3ab713b3b2dc7bca02,014620f8aead2e9882081907e6b7bcb6b03a7d8876347cab2176abf742890b60,14a2c282b45de44a6d640fc2e6dc1ed04d418f2f10d941f828d9c3c09a4704ad
ACT-NAT-CONFLICT-07,naturalistic_behavioral,conflict,A tense exchange interrupts a community garden. Give a brief response addressing the immediate situation.,Deterministic study-authored situational prompt; frozen before activation capture.,True,e44b68542fdd864ffa1450106d0ed6316139677be0a0a43bdbfa27aa149e8bb1,test,"[128000, 32, 43787, 9473, 44537, 264, 4029, 13863, 13, 21335, 264, 10015, 2077, 28118, 279, 14247, 6671, 13]",18,e44b68542fdd864ffa1450106d0ed6316139677be0a0a43bdbfa27aa149e8bb1,014620f8aead2e9882081907e6b7bcb6b03a7d8876347cab2176abf742890b60,14a2c282b45de44a6d640fc2e6dc1ed04d418f2f10d941f828d9c3c09a4704ad
ACT-NAT-CONFLICT-08,naturalistic_behavioral,conflict,A tense exchange interrupts a class project. Give a brief response addressing the immediate situation.,Deterministic study-authored situational prompt; frozen before activation capture.,True,2e5db347b1d18468415b15b2bf019ab621921e1aab37bf335ff1dad86dc3b8d8,test,"[128000, 32, 43787, 9473, 44537, 264, 538, 2447, 13, 21335, 264, 10015, 2077, 28118, 279, 14247, 6671, 13]",18,2e5db347b1d18468415b15b2bf019ab621921e1aab37bf335ff1dad86dc3b8d8,014620f8aead2e9882081907e6b7bcb6b03a7d8876347cab2176abf742890b60,14a2c282b45de44a6d640fc2e6dc1ed04d418f2f10d941f828d9c3c09a4704ad
ACT-NAT-CONFLICT-09,naturalistic_behavioral,conflict,A tense exchange interrupts a delivery schedule. Give a brief response addressing the immediate situation.,Deterministic study-authored situational prompt; frozen before activation capture.,True,404afe0b19d9cc31b306342523d27cb2e40af2628d7d990ad76fe44bb8e7368a,train,"[128000, 32, 43787, 9473, 44537, 264, 9889, 9899, 13, 21335, 264, 10015, 2077, 28118, 279, 14247, 6671, 13]",18,404afe0b19d9cc31b306342523d27cb2e40af2628d7d990ad76fe44bb8e7368a,014620f8aead2e9882081907e6b7bcb6b03a7d8876347cab2176abf742890b60,14a2c282b45de44a6d640fc2e6dc1ed04d418f2f10d941f828d9c3c09a4704ad
ACT-NAT-CONFLICT-10,naturalistic_behavioral,conflict,A tense exchange interrupts a household chore. Give a brief response addressing the immediate situation.,Deterministic study-authored situational prompt; frozen before activation capture.,True,277d22282a84af24cd0ef7a6c48f1b8577ae99c44fd699fc7b11c80987d83137,train,"[128000, 32, 43787, 9473, 44537, 264, 14048, 50671, 13, 21335, 264, 10015, 2077, 28118, 279, 14247, 6671, 13]",18,277d22282a84af24cd0ef7a6c48f1b8577ae99c44fd699fc7b11c80987d83137,014620f8aead2e9882081907e6b7bcb6b03a7d8876347cab2176abf742890b60,14a2c282b45de44a6d640fc2e6dc1ed04d418f2f10d941f828d9c3c09a4704ad
ACT-NAT-CONFLICT-11,naturalistic_behavioral,conflict,A tense exchange interrupts a meeting agenda. Give a brief response addressing the immediate situation.,Deterministic study-authored situational prompt; frozen before activation capture.,True,9de84919c6ccb8ce305c22bc9afe9d2c2d57333ce06575404ee288304f5ed575,train,"[128000, 32, 43787, 9473, 44537, 264, 6574, 18909, 13, 21335, 264, 10015, 2077, 28118, 279, 14247, 6671, 13]",18,9de84919c6ccb8ce305c22bc9afe9d2c2d57333ce06575404ee288304f5ed575,014620f8aead2e9882081907e6b7bcb6b03a7d8876347cab2176abf742890b60,14a2c282b45de44a6d640fc2e6dc1ed04d418f2f10d941f828d9c3c09a4704ad
ACT-NAT-CONFLICT-12,naturalistic_behavioral,conflict,A tense exchange interrupts a weekend activity. Give a brief response addressing the immediate situation.,Deterministic study-authored situational prompt; frozen before activation capture.,True,a5e0dbcd247cd0abe58ca69a33e87052a71bca31d61a13b632104c853756f7fc,train,"[128000, 32, 43787, 9473, 44537, 264, 9178, 5820, 13, 21335, 264, 10015, 2077, 28118, 279, 14247, 6671, 13]",18,a5e0dbcd247cd0abe58ca69a33e87052a71bca31d61a13b632104c853756f7fc,014620f8aead2e9882081907e6b7bcb6b03a7d8876347cab2176abf742890b60,14a2c282b45de44a6d640fc2e6dc1ed04d418f2f10d941f828d9c3c09a4704ad
ACT-NAT-DEADLINES-01,naturalistic_behavioral,deadlines,The due time for a research note moves earlier. State briefly what should happen next.,Deterministic study-authored situational prompt; frozen before activation capture.,True,c3c71d3084b1bd1ee4ce096ee21d657047e636416703b268483e3622498ec2d1,train,"[128000, 791, 4245, 892, 369, 264, 3495, 5296, 11031, 6931, 13, 3314, 27851, 1148, 1288, 3621, 1828, 13]",18,c3c71d3084b1bd1ee4ce096ee21d657047e636416703b268483e3622498ec2d1,014620f8aead2e9882081907e6b7bcb6b03a7d8876347cab2176abf742890b60,14a2c282b45de44a6d640fc2e6dc1ed04d418f2f10d941f828d9c3c09a4704ad
ACT-NAT-DEADLINES-02,naturalistic_behavioral,deadlines,The due time for a neighborhood event moves earlier. State briefly what should happen next.,Deterministic study-authored situational prompt; frozen before activation capture.,True,fc68430612c7ae1f4752d17be299d6a0028ece2da91b43a7780d2d287fef4a40,train,"[128000, 791, 4245, 892, 369, 264, 12818, 1567, 11031, 6931, 13, 3314, 27851, 1148, 1288, 3621, 1828, 13]",18,fc68430612c7ae1f4752d17be299d6a0028ece2da91b43a7780d2d287fef4a40,014620f8aead2e9882081907e6b7bcb6b03a7d8876347cab2176abf742890b60,14a2c282b45de44a6d640fc2e6dc1ed04d418f2f10d941f828d9c3c09a4704ad
ACT-NAT-DEADLINES-03,naturalistic_behavioral,deadlines,The due time for a repair task moves earlier. State briefly what should happen next.,Deterministic study-authored situational prompt; frozen before activation capture.,True,c51d3fecdfacf6a161c8379a81485bbeaabe88c3b948597d353dbbc8df0d9661,validation,"[128000, 791, 4245, 892, 369, 264, 13023, 3465, 11031, 6931, 13, 3314, 27851, 1148, 1288, 3621, 1828, 13]",18,c51d3fecdfacf6a161c8379a81485bbeaabe88c3b948597d353dbbc8df0d9661,014620f8aead2e9882081907e6b7bcb6b03a7d8876347cab2176abf742890b60,14a2c282b45de44a6d640fc2e6dc1ed04d418f2f10d941f828d9c3c09a4704ad
ACT-NAT-DEADLINES-04,naturalistic_behavioral,deadlines,The due time for a travel delay moves earlier. State briefly what should happen next.,Deterministic study-authored situational prompt; frozen before activation capture.,True,3dba71073c6a024c18b19546f70b0c039960f85cd771e0fa1e47d7219551c582,test,"[128000, 791, 4245, 892, 369, 264, 5944, 7781, 11031, 6931, 13, 3314, 27851, 1148, 1288, 3621, 1828, 13]",18,3dba71073c6a024c18b19546f70b0c039960f85cd771e0fa1e47d7219551c582,014620f8aead2e9882081907e6b7bcb6b03a7d8876347cab2176abf742890b60,14a2c282b45de44a6d640fc2e6dc1ed04d418f2f10d941f828d9c3c09a4704ad
ACT-NAT-DEADLINES-05,naturalistic_behavioral,deadlines,The due time for a shared workspace moves earlier. State briefly what should happen next.,Deterministic study-authored situational prompt; frozen before activation capture.,True,07d91c185d7268382c5ffde7cdb0670353cd63183605a7e049cded4d1cac87f7,train,"[128000, 791, 4245, 892, 369, 264, 6222, 28614, 11031, 6931, 13, 3314, 27851, 1148, 1288, 3621, 1828, 13]",18,07d91c185d7268382c5ffde7cdb0670353cd63183605a7e049cded4d1cac87f7,014620f8aead2e9882081907e6b7bcb6b03a7d8876347cab2176abf742890b60,14a2c282b45de44a6d640fc2e6dc1ed04d418f2f10d941f828d9c3c09a4704ad
ACT-NAT-DEADLINES-06,naturalistic_behavioral,deadlines,The due time for a software release moves earlier. State briefly what should happen next.,Deterministic study-authored situational prompt; frozen before activation capture.,True,7cc1db677fa628bf4dbff927bd8f2bef80db0a5a5d246d9434849b6c3c5cd5b6,train,"[128000, 791, 4245, 892, 369, 264, 3241, 4984, 11031, 6931, 13, 3314, 27851, 1148, 1288, 3621, 1828, 13]",18,7cc1db677fa628bf4dbff927bd8f2bef80db0a5a5d246d9434849b6c3c5cd5b6,014620f8aead2e9882081907e6b7bcb6b03a7d8876347cab2176abf742890b60,14a2c282b45de44a6d640fc2e6dc1ed04d418f2f10d941f828d9c3c09a4704ad
ACT-NAT-DEADLINES-07,naturalistic_behavioral,deadlines,The due time for a community garden moves earlier. State briefly what should happen next.,Deterministic study-authored situational prompt; frozen before activation capture.,True,058dfdcae57c318e3bc36d7b961ccbd9c0621261a79fb1e79700b8b9215ccb97,train,"[128000, 791, 4245, 892, 369, 264, 4029, 13863, 11031, 6931, 13, 3314, 27851, 1148, 1288, 3621, 1828, 13]",18,058dfdcae57c318e3bc36d7b961ccbd9c0621261a79fb1e79700b8b9215ccb97,014620f8aead2e9882081907e6b7bcb6b03a7d8876347cab2176abf742890b60,14a2c282b45de44a6d640fc2e6dc1ed04d418f2f10d941f828d9c3c09a4704ad
ACT-NAT-DEADLINES-08,naturalistic_behavioral,deadlines,The due time for a class project moves earlier. State briefly what should happen next.,Deterministic study-authored situational prompt; frozen before activation capture.,True,379c29e66a1994a5f0742ca64c067b59b9529a225f229cdf0afa72c18b8b78fc,validation,"[128000, 791, 4245, 892, 369, 264, 538, 2447, 11031, 6931, 13, 3314, 27851, 1148, 1288, 3621, 1828, 13]",18,379c29e66a1994a5f0742ca64c067b59b9529a225f229cdf0afa72c18b8b78fc,014620f8aead2e9882081907e6b7bcb6b03a7d8876347cab2176abf742890b60,14a2c282b45de44a6d640fc2e6dc1ed04d418f2f10d941f828d9c3c09a4704ad
ACT-NAT-DEADLINES-09,naturalistic_behavioral,deadlines,The due time for a delivery schedule moves earlier. State briefly what should happen next.,Deterministic study-authored situational prompt; frozen before activation capture.,True,47640347146ddaae7e32ac8677acfc81430782964297d4e1d1faef0f3c34efab,train,"[128000, 791, 4245, 892, 369, 264, 9889, 9899, 11031, 6931, 13, 3314, 27851, 1148, 1288, 3621, 1828, 13]",18,47640347146ddaae7e32ac8677acfc81430782964297d4e1d1faef0f3c34efab,014620f8aead2e9882081907e6b7bcb6b03a7d8876347cab2176abf742890b60,14a2c282b45de44a6d640fc2e6dc1ed04d418f2f10d941f828d9c3c09a4704ad
ACT-NAT-DEADLINES-10,naturalistic_behavioral,deadlines,The due time for a household chore moves earlier. State briefly what should happen next.,Deterministic study-authored situational prompt; frozen before activation capture.,True,d9a0750b07e4d00b8585581442b6a986efd84f5a768287b7a31ef28741658e1e,test,"[128000, 791, 4245, 892, 369, 264, 14048, 50671, 11031, 6931, 13, 3314, 27851, 1148, 1288, 3621, 1828, 13]",18,d9a0750b07e4d00b8585581442b6a986efd84f5a768287b7a31ef28741658e1e,014620f8aead2e9882081907e6b7bcb6b03a7d8876347cab2176abf742890b60,14a2c282b45de44a6d640fc2e6dc1ed04d418f2f10d941f828d9c3c09a4704ad
ACT-NAT-DEADLINES-11,naturalistic_behavioral,deadlines,The due time for a meeting agenda moves earlier. State briefly what should happen next.,Deterministic study-authored situational prompt; frozen before activation capture.,True,6fcf71b969a80d7381d471628d3156ceedf5d29529ade3d4359c27fe253f7471,validation,"[128000, 791, 4245, 892, 369, 264, 6574, 18909, 11031, 6931, 13, 3314, 27851, 1148, 1288, 3621, 1828, 13]",18,6fcf71b969a80d7381d471628d3156ceedf5d29529ade3d4359c27fe253f7471,014620f8aead2e9882081907e6b7bcb6b03a7d8876347cab2176abf742890b60,14a2c282b45de44a6d640fc2e6dc1ed04d418f2f10d941f828d9c3c09a4704ad
ACT-NAT-DEADLINES-12,naturalistic_behavioral,deadlines,The due time for a weekend activity moves earlier. State briefly what should happen next.,Deterministic study-authored situational prompt; frozen before activation capture.,True,44aa957f6e0b2b01d45a714410d113088ed32ad2958b78219118e5c594b66998,test,"[128000, 791, 4245, 892, 369, 264, 9178, 5820, 11031, 6931, 13, 3314, 27851, 1148, 1288, 3621, 1828, 13]",18,44aa957f6e0b2b01d45a714410d113088ed32ad2958b78219118e5c594b66998,014620f8aead2e9882081907e6b7bcb6b03a7d8876347cab2176abf742890b60,14a2c282b45de44a6d640fc2e6dc1ed04d418f2f10d941f828d9c3c09a4704ad
ACT-NAT-EMOTIONAL_REACTIONS-01,naturalistic_behavioral,emotional_response,An unexpected setback occurs during a research note. Write a short immediate response.,Deterministic study-authored situational prompt; frozen before activation capture.,True,ca22a0bc5c69863f60154c1462b9327247de92dac32a5dc07830ca145b1f6ea6,validation,"[128000, 2127, 16907, 79913, 13980, 2391, 264, 3495, 5296, 13, 9842, 264, 2875, 14247, 2077, 13]",16,ca22a0bc5c69863f60154c1462b9327247de92dac32a5dc07830ca145b1f6ea6,014620f8aead2e9882081907e6b7bcb6b03a7d8876347cab2176abf742890b60,14a2c282b45de44a6d640fc2e6dc1ed04d418f2f10d941f828d9c3c09a4704ad
ACT-NAT-EMOTIONAL_REACTIONS-02,naturalistic_behavioral,emotional_response,An unexpected setback occurs during a neighborhood event. Write a short immediate response.,Deterministic study-authored situational prompt; frozen before activation capture.,True,a5e64f182295dfba43d7e2200fbc737b10ef3ffb7ebc384842dd5133a764f901,validation,"[128000, 2127, 16907, 79913, 13980, 2391, 264, 12818, 1567, 13, 9842, 264, 2875, 14247, 2077, 13]",16,a5e64f182295dfba43d7e2200fbc737b10ef3ffb7ebc384842dd5133a764f901,014620f8aead2e9882081907e6b7bcb6b03a7d8876347cab2176abf742890b60,14a2c282b45de44a6d640fc2e6dc1ed04d418f2f10d941f828d9c3c09a4704ad
ACT-NAT-EMOTIONAL_REACTIONS-03,naturalistic_behavioral,emotional_response,An unexpected setback occurs during a repair task. Write a short immediate response.,Deterministic study-authored situational prompt; frozen before activation capture.,True,dce841e7ca07e7378157c65e00e9513059db16a90b48d3bbae8ecee7bbc3fd39,train,"[128000, 2127, 16907, 79913, 13980, 2391, 264, 13023, 3465, 13, 9842, 264, 2875, 14247, 2077, 13]",16,dce841e7ca07e7378157c65e00e9513059db16a90b48d3bbae8ecee7bbc3fd39,014620f8aead2e9882081907e6b7bcb6b03a7d8876347cab2176abf742890b60,14a2c282b45de44a6d640fc2e6dc1ed04d418f2f10d941f828d9c3c09a4704ad
ACT-NAT-EMOTIONAL_REACTIONS-04,naturalistic_behavioral,emotional_response,An unexpected setback occurs during a travel delay. Write a short immediate response.,Deterministic study-authored situational prompt; frozen before activation capture.,True,4117826cd87716145fbd7fd5b5663ccc4b2c8dca4532694c0089b7a14db84e3d,train,"[128000, 2127, 16907, 79913, 13980, 2391, 264, 5944, 7781, 13, 9842, 264, 2875, 14247, 2077, 13]",16,4117826cd87716145fbd7fd5b5663ccc4b2c8dca4532694c0089b7a14db84e3d,014620f8aead2e9882081907e6b7bcb6b03a7d8876347cab2176abf742890b60,14a2c282b45de44a6d640fc2e6dc1ed04d418f2f10d941f828d9c3c09a4704ad
ACT-NAT-EMOTIONAL_REACTIONS-05,naturalistic_behavioral,emotional_response,An unexpected setback occurs during a shared workspace. Write a short immediate response.,Deterministic study-authored situational prompt; frozen before activation capture.,True,998ae3f66d5f697dff8a5e94d4d35aba1866d728df8df66aaea50ce3f9088df9,validation,"[128000, 2127, 16907, 79913, 13980, 2391, 264, 6222, 28614, 13, 9842, 264, 2875, 14247, 2077, 13]",16,998ae3f66d5f697dff8a5e94d4d35aba1866d728df8df66aaea50ce3f9088df9,014620f8aead2e9882081907e6b7bcb6b03a7d8876347cab2176abf742890b60,14a2c282b45de44a6d640fc2e6dc1ed04d418f2f10d941f828d9c3c09a4704ad
ACT-NAT-EMOTIONAL_REACTIONS-06,naturalistic_behavioral,emotional_response,An unexpected setback occurs during a software release. Write a short immediate response.,Deterministic study-authored situational prompt; frozen before activation capture.,True,f26546bc2331227ab3d31883da68bd9f627f06bccb65f1bbd57a3e85e64ffb28,train,"[128000, 2127, 16907, 79913, 13980, 2391, 264, 3241, 4984, 13, 9842, 264, 2875, 14247, 2077, 13]",16,f26546bc2331227ab3d31883da68bd9f627f06bccb65f1bbd57a3e85e64ffb28,014620f8aead2e9882081907e6b7bcb6b03a7d8876347cab2176abf742890b60,14a2c282b45de44a6d640fc2e6dc1ed04d418f2f10d941f828d9c3c09a4704ad
ACT-NAT-EMOTIONAL_REACTIONS-07,naturalistic_behavioral,emotional_response,An unexpected setback occurs during a community garden. Write a short immediate response.,Deterministic study-authored situational prompt; frozen before activation capture.,True,3a3bbc056b5387d3c10fc1dbe791cfb113f425f78f8a70e5de119134b1eb5f47,train,"[128000, 2127, 16907, 79913, 13980, 2391, 264, 4029, 13863, 13, 9842, 264, 2875, 14247, 2077, 13]",16,3a3bbc056b5387d3c10fc1dbe791cfb113f425f78f8a70e5de119134b1eb5f47,014620f8aead2e9882081907e6b7bcb6b03a7d8876347cab2176abf742890b60,14a2c282b45de44a6d640fc2e6dc1ed04d418f2f10d941f828d9c3c09a4704ad
ACT-NAT-EMOTIONAL_REACTIONS-08,naturalistic_behavioral,emotional_response,An unexpected setback occurs during a class project. Write a short immediate response.,Deterministic study-authored situational prompt; frozen before activation capture.,True,3e38526f3a8cf9b549e4bc64a14e9994c338823d376c50708b6ceb5b00ff7e59,test,"[128000, 2127, 16907, 79913, 13980, 2391, 264, 538, 2447, 13, 9842, 264, 2875, 14247, 2077, 13]",16,3e38526f3a8cf9b549e4bc64a14e9994c338823d376c50708b6ceb5b00ff7e59,014620f8aead2e9882081907e6b7bcb6b03a7d8876347cab2176abf742890b60,14a2c282b45de44a6d640fc2e6dc1ed04d418f2f10d941f828d9c3c09a4704ad
ACT-NAT-EMOTIONAL_REACTIONS-09,naturalistic_behavioral,emotional_response,An unexpected setback occurs during a delivery schedule. Write a short immediate response.,Deterministic study-authored situational prompt; frozen before activation capture.,True,9773e2c98a53278f9104991c2bd90a3a83b7bcd614e2f76b772c69d48ecd6e42,train,"[128000, 2127, 16907, 79913, 13980, 2391, 264, 9889, 9899, 13, 9842, 264, 2875, 14247, 2077, 13]",16,9773e2c98a53278f9104991c2bd90a3a83b7bcd614e2f76b772c69d48ecd6e42,014620f8aead2e9882081907e6b7bcb6b03a7d8876347cab2176abf742890b60,14a2c282b45de44a6d640fc2e6dc1ed04d418f2f10d941f828d9c3c09a4704ad
ACT-NAT-EMOTIONAL_REACTIONS-10,naturalistic_behavioral,emotional_response,An unexpected setback occurs during a household chore. Write a short immediate response.,Deterministic study-authored situational prompt; frozen before activation capture.,True,952fa684e4d49cf57d0e5b8fb1ad89a2ba020c167c39f7a7e7ce89600b56e11f,validation,"[128000, 2127, 16907, 79913, 13980, 2391, 264, 14048, 50671, 13, 9842, 264, 2875, 14247, 2077, 13]",16,952fa684e4d49cf57d0e5b8fb1ad89a2ba020c167c39f7a7e7ce89600b56e11f,014620f8aead2e9882081907e6b7bcb6b03a7d8876347cab2176abf742890b60,14a2c282b45de44a6d640fc2e6dc1ed04d418f2f10d941f828d9c3c09a4704ad
ACT-NAT-EMOTIONAL_REACTIONS-11,naturalistic_behavioral,emotional_response,An unexpected setback occurs during a meeting agenda. Write a short immediate response.,Deterministic study-authored situational prompt; frozen before activation capture.,True,a1529d163d6fe6eaa0b59bd356a70657ece94c6d1024c8ee8bb61e96a1b33660,validation,"[128000, 2127, 16907, 79913, 13980, 2391, 264, 6574, 18909, 13, 9842, 264, 2875, 14247, 2077, 13]",16,a1529d163d6fe6eaa0b59bd356a70657ece94c6d1024c8ee8bb61e96a1b33660,014620f8aead2e9882081907e6b7bcb6b03a7d8876347cab2176abf742890b60,14a2c282b45de44a6d640fc2e6dc1ed04d418f2f10d941f828d9c3c09a4704ad
ACT-NAT-EMOTIONAL_REACTIONS-12,naturalistic_behavioral,emotional_response,An unexpected setback occurs during a weekend activity. Write a short immediate response.,Deterministic study-authored situational prompt; frozen before activation capture.,True,797a71ce75fa740cecd9f7adb5fc73fad71142fc4d3f8fa66e7b368353002eed,test,"[128000, 2127, 16907, 79913, 13980, 2391, 264, 9178, 5820, 13, 9842, 264, 2875, 14247, 2077, 13]",16,797a71ce75fa740cecd9f7adb5fc73fad71142fc4d3f8fa66e7b368353002eed,014620f8aead2e9882081907e6b7bcb6b03a7d8876347cab2176abf742890b60,14a2c282b45de44a6d640fc2e6dc1ed04d418f2f10d941f828d9c3c09a4704ad
DRIFT-NEUTRAL-001,neutral_controls,neutral_01,The measurement ledger lists the granite cylinder on the numbered shelf. The next recorded field is,Study-authored factual continuation control; frozen before capture.,False,,train,"[128000, 791, 19179, 48033, 11725, 279, 38390, 35664, 389, 279, 49926, 28745, 13, 578, 1828, 12715, 2115, 374]",18,99fdd55e27ed9b0e2940f8feee491a4ef3851733258219c3034992f1aa44f75f,014620f8aead2e9882081907e6b7bcb6b03a7d8876347cab2176abf742890b60,14a2c282b45de44a6d640fc2e6dc1ed04d418f2f10d941f828d9c3c09a4704ad
DRIFT-NEUTRAL-002,neutral_controls,neutral_02,A technical diagram places the granite cylinder beside the reference scale. The caption continues with,Study-authored factual continuation control; frozen before capture.,False,,validation,"[128000, 32, 11156, 13861, 7634, 279, 38390, 35664, 30488, 279, 5905, 5569, 13, 578, 17703, 9731, 449]",17,a71bd31fc4ae70b7fd4468c3aef58c70ff1e7b2fd3a1282fae23329a290af8af,014620f8aead2e9882081907e6b7bcb6b03a7d8876347cab2176abf742890b60,14a2c282b45de44a6d640fc2e6dc1ed04d418f2f10d941f828d9c3c09a4704ad
DRIFT-NEUTRAL-003,neutral_controls,neutral_03,The inventory sheet assigns the granite cylinder a storage code. The following entry gives,Study-authored factual continuation control; frozen before capture.,False,,train,"[128000, 791, 15808, 11071, 51012, 279, 38390, 35664, 264, 5942, 2082, 13, 578, 2768, 4441, 6835]",16,b68acdec34b166e20d5d1be970e023e493ae3538ff7bbee7fc99acf858402c79,014620f8aead2e9882081907e6b7bcb6b03a7d8876347cab2176abf742890b60,14a2c282b45de44a6d640fc2e6dc1ed04d418f2f10d941f828d9c3c09a4704ad
DRIFT-NEUTRAL-004,neutral_controls,neutral_04,A surface scan of the granite cylinder was saved with the other samples. The file header records,Study-authored factual continuation control; frozen before capture.,False,,train,"[128000, 32, 7479, 8737, 315, 279, 38390, 35664, 574, 6924, 449, 279, 1023, 10688, 13, 578, 1052, 4342, 7576]",19,5080cdbd3d7a3253e1049b467a382a22cd193d03d20114e1a3d93b8b8c433bf8,014620f8aead2e9882081907e6b7bcb6b03a7d8876347cab2176abf742890b60,14a2c282b45de44a6d640fc2e6dc1ed04d418f2f10d941f828d9c3c09a4704ad
DRIFT-NEUTRAL-005,neutral_controls,neutral_05,The balance was calibrated before the granite cylinder was weighed. The next line in the log shows,Study-authored factual continuation control; frozen before capture.,False,,validation,"[128000, 791, 8335, 574, 86085, 1603, 279, 38390, 35664, 574, 47712, 13, 578, 1828, 1584, 304, 279, 1515, 5039]",19,c9ca090d13e7f18e559ec509be882578140f211acb2c06e0c7493fbee008049c,014620f8aead2e9882081907e6b7bcb6b03a7d8876347cab2176abf742890b60,14a2c282b45de44a6d640fc2e6dc1ed04d418f2f10d941f828d9c3c09a4704ad
DRIFT-NEUTRAL-006,neutral_controls,neutral_06,A temperature probe was positioned near the granite cylinder. The observation table continues with,Study-authored factual continuation control; frozen before capture.,False,,train,"[128000, 32, 9499, 22477, 574, 35328, 3221, 279, 38390, 35664, 13, 578, 22695, 2007, 9731, 449]",16,bae915e5cb888dfce45d7df9d6196fb33aa0a08f624a12709c4d2ee7e40c535c,014620f8aead2e9882081907e6b7bcb6b03a7d8876347cab2176abf742890b60,14a2c282b45de44a6d640fc2e6dc1ed04d418f2f10d941f828d9c3c09a4704ad
DRIFT-NEUTRAL-007,neutral_controls,neutral_07,The reference photograph shows the granite cylinder against a ruled background. Beneath it appears,Study-authored factual continuation control; frozen before capture.,False,,test,"[128000, 791, 5905, 10512, 5039, 279, 38390, 35664, 2403, 264, 21989, 4092, 13, 87691, 589, 433, 8111]",17,cd1fa1b4a097dd82235876554d981302f48e8e423fdd4add17c1d4f7b5d0e042,014620f8aead2e9882081907e6b7bcb6b03a7d8876347cab2176abf742890b60,14a2c282b45de44a6d640fc2e6dc1ed04d418f2f10d941f828d9c3c09a4704ad
DRIFT-NEUTRAL-008,neutral_controls,neutral_08,The materials catalog indexes the granite cylinder by specimen number. Its description continues with,Study-authored factual continuation control; frozen before capture.,False,,train,"[128000, 791, 7384, 16808, 25998, 279, 38390, 35664, 555, 58184, 1396, 13, 11699, 4096, 9731, 449]",16,4f61a43a5870d392ac2397558fdc9eedea00712f094462f130cc76c78d1813e4,014620f8aead2e9882081907e6b7bcb6b03a7d8876347cab2176abf742890b60,14a2c282b45de44a6d640fc2e6dc1ed04d418f2f10d941f828d9c3c09a4704ad
DRIFT-NEUTRAL-009,neutral_controls,neutral_09,The floor plan marks the granite cylinder near the north wall. The adjacent annotation reads,Study-authored factual continuation control; frozen before capture.,False,,validation,"[128000, 791, 6558, 3197, 15785, 279, 38390, 35664, 3221, 279, 10411, 7147, 13, 578, 24894, 21917, 16181]",17,d68e2f9833810efc8b29ad5136303ec4e61e3bd4649674bd489dedb6b8a7aae1,014620f8aead2e9882081907e6b7bcb6b03a7d8876347cab2176abf742890b60,14a2c282b45de44a6d640fc2e6dc1ed04d418f2f10d941f828d9c3c09a4704ad
DRIFT-NEUTRAL-010,neutral_controls,neutral_10,The inspection form identifies the granite cylinder by serial number. The remaining field states,Study-authored factual continuation control; frozen before capture.,False,,train,"[128000, 791, 26767, 1376, 36611, 279, 38390, 35664, 555, 6275, 1396, 13, 578, 9861, 2115, 5415]",16,59fecacb17df208fdc1800afd6ed6f8433ffe555d50765bc0c818642ab66361f,014620f8aead2e9882081907e6b7bcb6b03a7d8876347cab2176abf742890b60,14a2c282b45de44a6d640fc2e6dc1ed04d418f2f10d941f828d9c3c09a4704ad
DRIFT-NEUTRAL-011,neutral_controls,neutral_01,The measurement ledger lists the brass washer on the numbered shelf. The next recorded field is,Study-authored factual continuation control; frozen before capture.,False,,test,"[128000, 791, 19179, 48033, 11725, 279, 37138, 53992, 389, 279, 49926, 28745, 13, 578, 1828, 12715, 2115, 374]",18,3f6f8348754378c9952212662fd1141c0e2c2e49ef6a94a31236789c6ff6bc11,014620f8aead2e9882081907e6b7bcb6b03a7d8876347cab2176abf742890b60,14a2c282b45de44a6d640fc2e6dc1ed04d418f2f10d941f828d9c3c09a4704ad
DRIFT-NEUTRAL-012,neutral_controls,neutral_02,A technical diagram places the brass washer beside the reference scale. The caption continues with,Study-authored factual continuation control; frozen before capture.,False,,train,"[128000, 32, 11156, 13861, 7634, 279, 37138, 53992, 30488, 279, 5905, 5569, 13, 578, 17703, 9731, 449]",17,7c94d0a8bc6c836a28f9034155169fc7a6344cbff6c5060bc77b5d8ef777568e,014620f8aead2e9882081907e6b7bcb6b03a7d8876347cab2176abf742890b60,14a2c282b45de44a6d640fc2e6dc1ed04d418f2f10d941f828d9c3c09a4704ad
DRIFT-NEUTRAL-013,neutral_controls,neutral_03,The inventory sheet assigns the brass washer a storage code. The following entry gives,Study-authored factual continuation control; frozen before capture.,False,,test,"[128000, 791, 15808, 11071, 51012, 279, 37138, 53992, 264, 5942, 2082, 13, 578, 2768, 4441, 6835]",16,2b506533428a0a9052ddbbfa19488a11db33e96ae3d873211b1c72bba8c3ccda,014620f8aead2e9882081907e6b7bcb6b03a7d8876347cab2176abf742890b60,14a2c282b45de44a6d640fc2e6dc1ed04d418f2f10d941f828d9c3c09a4704ad
DRIFT-NEUTRAL-014,neutral_controls,neutral_04,A surface scan of the brass washer was saved with the other samples. The file header records,Study-authored factual continuation control; frozen before capture.,False,,train,"[128000, 32, 7479, 8737, 315, 279, 37138, 53992, 574, 6924, 449, 279, 1023, 10688, 13, 578, 1052, 4342, 7576]",19,2806a47668b005a0f63b4fcae871989aba1eb8f8bfb7abdffe87ca398c3b9efa,014620f8aead2e9882081907e6b7bcb6b03a7d8876347cab2176abf742890b60,14a2c282b45de44a6d640fc2e6dc1ed04d418f2f10d941f828d9c3c09a4704ad
DRIFT-NEUTRAL-015,neutral_controls,neutral_05,The balance was calibrated before the brass washer was weighed. The next line in the log shows,Study-authored factual continuation control; frozen before capture.,False,,train,"[128000, 791, 8335, 574, 86085, 1603, 279, 37138, 53992, 574, 47712, 13, 578, 1828, 1584, 304, 279, 1515, 5039]",19,9c9178ffad52a86eeba5d0801449094ec116cb7f402b815f8f5362fc5e5b23e1,014620f8aead2e9882081907e6b7bcb6b03a7d8876347cab2176abf742890b60,14a2c282b45de44a6d640fc2e6dc1ed04d418f2f10d941f828d9c3c09a4704ad
DRIFT-NEUTRAL-016,neutral_controls,neutral_06,A temperature probe was positioned near the brass washer. The observation table continues with,Study-authored factual continuation control; frozen before capture.,False,,train,"[128000, 32, 9499, 22477, 574, 35328, 3221, 279, 37138, 53992, 13, 578, 22695, 2007, 9731, 449]",16,afa1092ab3894526ab2706aa5b0e15566f0ad75417b0f6cf2df452acc2112b67,014620f8aead2e9882081907e6b7bcb6b03a7d8876347cab2176abf742890b60,14a2c282b45de44a6d640fc2e6dc1ed04d418f2f10d941f828d9c3c09a4704ad
DRIFT-NEUTRAL-017,neutral_controls,neutral_07,The reference photograph shows the brass washer against a ruled background. Beneath it appears,Study-authored factual continuation control; frozen before capture.,False,,train,"[128000, 791, 5905, 10512, 5039, 279, 37138, 53992, 2403, 264, 21989, 4092, 13, 87691, 589, 433, 8111]",17,85e160a8b15de96c5df58083d92cb399eba9dc55abea95e6f499ce5d929f5a47,014620f8aead2e9882081907e6b7bcb6b03a7d8876347cab2176abf742890b60,14a2c282b45de44a6d640fc2e6dc1ed04d418f2f10d941f828d9c3c09a4704ad
DRIFT-NEUTRAL-018,neutral_controls,neutral_08,The materials catalog indexes the brass washer by specimen number. Its description continues with,Study-authored factual continuation control; frozen before capture.,False,,train,"[128000, 791, 7384, 16808, 25998, 279, 37138, 53992, 555, 58184, 1396, 13, 11699, 4096, 9731, 449]",16,d7550412328a9de0a6972497ee7cbc64d2afb2ee80e55df1fa9225030bb6f525,014620f8aead2e9882081907e6b7bcb6b03a7d8876347cab2176abf742890b60,14a2c282b45de44a6d640fc2e6dc1ed04d418f2f10d941f828d9c3c09a4704ad
DRIFT-NEUTRAL-019,neutral_controls,neutral_09,The floor plan marks the brass washer near the north wall. The adjacent annotation reads,Study-authored factual continuation control; frozen before capture.,False,,train,"[128000, 791, 6558, 3197, 15785, 279, 37138, 53992, 3221, 279, 10411, 7147, 13, 578, 24894, 21917, 16181]",17,9d5a2210cfb9fa714e8b8fd579d86c813c96e103f1381d21463b17605ffd3005,014620f8aead2e9882081907e6b7bcb6b03a7d8876347cab2176abf742890b60,14a2c282b45de44a6d640fc2e6dc1ed04d418f2f10d941f828d9c3c09a4704ad
DRIFT-NEUTRAL-020,neutral_controls,neutral_10,The inspection form identifies the brass washer by serial number. The remaining field states,Study-authored factual continuation control; frozen before capture.,False,,test,"[128000, 791, 26767, 1376, 36611, 279, 37138, 53992, 555, 6275, 1396, 13, 578, 9861, 2115, 5415]",16,40e91eef51e66012519d43867fa4f28c3f0dc5f9e2a2338badded4a1ab1d838d,014620f8aead2e9882081907e6b7bcb6b03a7d8876347cab2176abf742890b60,14a2c282b45de44a6d640fc2e6dc1ed04d418f2f10d941f828d9c3c09a4704ad
DRIFT-NEUTRAL-021,neutral_controls,neutral_01,The measurement ledger lists the acrylic panel on the numbered shelf. The next recorded field is,Study-authored factual continuation control; frozen before capture.,False,,train,"[128000, 791, 19179, 48033, 11725, 279, 59741, 7090, 389, 279, 49926, 28745, 13, 578, 1828, 12715, 2115, 374]",18,ac2c1a01afd890847f743e3cc872a09c870a0ff2335670377e7e1991c2a9badb,014620f8aead2e9882081907e6b7bcb6b03a7d8876347cab2176abf742890b60,14a2c282b45de44a6d640fc2e6dc1ed04d418f2f10d941f828d9c3c09a4704ad
DRIFT-NEUTRAL-022,neutral_controls,neutral_02,A technical diagram places the acrylic panel beside the reference scale. The caption continues with,Study-authored factual continuation control; frozen before capture.,False,,validation,"[128000, 32, 11156, 13861, 7634, 279, 59741, 7090, 30488, 279, 5905, 5569, 13, 578, 17703, 9731, 449]",17,b981e5767b136a6ec5aa5bb596bff33264c604f903a20c6efad368287f4a30e8,014620f8aead2e9882081907e6b7bcb6b03a7d8876347cab2176abf742890b60,14a2c282b45de44a6d640fc2e6dc1ed04d418f2f10d941f828d9c3c09a4704ad
DRIFT-NEUTRAL-023,neutral_controls,neutral_03,The inventory sheet assigns the acrylic panel a storage code. The following entry gives,Study-authored factual continuation control; frozen before capture.,False,,validation,"[128000, 791, 15808, 11071, 51012, 279, 59741, 7090, 264, 5942, 2082, 13, 578, 2768, 4441, 6835]",16,a55a7063470de83d81894a7369dfd8daeb1839e966eb6f2c5a6168dd268e62a4,014620f8aead2e9882081907e6b7bcb6b03a7d8876347cab2176abf742890b60,14a2c282b45de44a6d640fc2e6dc1ed04d418f2f10d941f828d9c3c09a4704ad
DRIFT-NEUTRAL-024,neutral_controls,neutral_04,A surface scan of the acrylic panel was saved with the other samples. The file header records,Study-authored factual continuation control; frozen before capture.,False,,train,"[128000, 32, 7479, 8737, 315, 279, 59741, 7090, 574, 6924, 449, 279, 1023, 10688, 13, 578, 1052, 4342, 7576]",19,082ef607b934ef212b3883e3ead2a0fbf68882b627deff34d87c7bc58b0edae6,014620f8aead2e9882081907e6b7bcb6b03a7d8876347cab2176abf742890b60,14a2c282b45de44a6d640fc2e6dc1ed04d418f2f10d941f828d9c3c09a4704ad
DRIFT-NEUTRAL-025,neutral_controls,neutral_05,The balance was calibrated before the acrylic panel was weighed. The next line in the log shows,Study-authored factual continuation control; frozen before capture.,False,,test,"[128000, 791, 8335, 574, 86085, 1603, 279, 59741, 7090, 574, 47712, 13, 578, 1828, 1584, 304, 279, 1515, 5039]",19,fc7828bbc67a5533fa1db11602bcfb39f9b3a0d5995ebd28e48a22ddb1ff4f2b,014620f8aead2e9882081907e6b7bcb6b03a7d8876347cab2176abf742890b60,14a2c282b45de44a6d640fc2e6dc1ed04d418f2f10d941f828d9c3c09a4704ad
DRIFT-NEUTRAL-026,neutral_controls,neutral_06,A temperature probe was positioned near the acrylic panel. The observation table continues with,Study-authored factual continuation control; frozen before capture.,False,,train,"[128000, 32, 9499, 22477, 574, 35328, 3221, 279, 59741, 7090, 13, 578, 22695, 2007, 9731, 449]",16,918d3dc631a7cd0ea4efb2d1ef274ee8722790dd01d4e3a11590118d031aed65,014620f8aead2e9882081907e6b7bcb6b03a7d8876347cab2176abf742890b60,14a2c282b45de44a6d640fc2e6dc1ed04d418f2f10d941f828d9c3c09a4704ad
DRIFT-NEUTRAL-027,neutral_controls,neutral_07,The reference photograph shows the acrylic panel against a ruled background. Beneath it appears,Study-authored factual continuation control; frozen before capture.,False,,train,"[128000, 791, 5905, 10512, 5039, 279, 59741, 7090, 2403, 264, 21989, 4092, 13, 87691, 589, 433, 8111]",17,e181754f3e719974dc88c44cd7d131871f3ba8c9c9d27710a3b64929aae187ba,014620f8aead2e9882081907e6b7bcb6b03a7d8876347cab2176abf742890b60,14a2c282b45de44a6d640fc2e6dc1ed04d418f2f10d941f828d9c3c09a4704ad
DRIFT-NEUTRAL-028,neutral_controls,neutral_08,The materials catalog indexes the acrylic panel by specimen number. Its description continues with,Study-authored factual continuation control; frozen before capture.,False,,test,"[128000, 791, 7384, 16808, 25998, 279, 59741, 7090, 555, 58184, 1396, 13, 11699, 4096, 9731, 449]",16,bd227a64c97ed84eda288ecfb2178155e4d7bfd162750d7be793703b13237e00,014620f8aead2e9882081907e6b7bcb6b03a7d8876347cab2176abf742890b60,14a2c282b45de44a6d640fc2e6dc1ed04d418f2f10d941f828d9c3c09a4704ad
DRIFT-NEUTRAL-029,neutral_controls,neutral_09,The floor plan marks the acrylic panel near the north wall. The adjacent annotation reads,Study-authored factual continuation control; frozen before capture.,False,,train,"[128000, 791, 6558, 3197, 15785, 279, 59741, 7090, 3221, 279, 10411, 7147, 13, 578, 24894, 21917, 16181]",17,0556f8bfaebc645de012f883ac9729e628df6f1801fd51bf7016ec3144c90530,014620f8aead2e9882081907e6b7bcb6b03a7d8876347cab2176abf742890b60,14a2c282b45de44a6d640fc2e6dc1ed04d418f2f10d941f828d9c3c09a4704ad
DRIFT-NEUTRAL-030,neutral_controls,neutral_10,The inspection form identifies the acrylic panel by serial number. The remaining field states,Study-authored factual continuation control; frozen before capture.,False,,train,"[128000, 791, 26767, 1376, 36611, 279, 59741, 7090, 555, 6275, 1396, 13, 578, 9861, 2115, 5415]",16,fb92e623c29f9bf84490eead896234f9d8f211c24ae7162ecb861ea92f6de7cf,014620f8aead2e9882081907e6b7bcb6b03a7d8876347cab2176abf742890b60,14a2c282b45de44a6d640fc2e6dc1ed04d418f2f10d941f828d9c3c09a4704ad
DRIFT-NEUTRAL-031,neutral_controls,neutral_01,The measurement ledger lists the maple dowel on the numbered shelf. The next recorded field is,Study-authored factual continuation control; frozen before capture.,False,,test,"[128000, 791, 19179, 48033, 11725, 279, 55480, 57587, 301, 389, 279, 49926, 28745, 13, 578, 1828, 12715, 2115, 374]",19,ed13b7c417ae97a688c9f3462be9bd49e85a3938c4e5294ab89f8d8bb0a6f405,014620f8aead2e9882081907e6b7bcb6b03a7d8876347cab2176abf742890b60,14a2c282b45de44a6d640fc2e6dc1ed04d418f2f10d941f828d9c3c09a4704ad
DRIFT-NEUTRAL-032,neutral_controls,neutral_02,A technical diagram places the maple dowel beside the reference scale. The caption continues with,Study-authored factual continuation control; frozen before capture.,False,,train,"[128000, 32, 11156, 13861, 7634, 279, 55480, 57587, 301, 30488, 279, 5905, 5569, 13, 578, 17703, 9731, 449]",18,84f994471a550116e9f640c7330641671b9402a9ea5249456a724a84f6dd209c,014620f8aead2e9882081907e6b7bcb6b03a7d8876347cab2176abf742890b60,14a2c282b45de44a6d640fc2e6dc1ed04d418f2f10d941f828d9c3c09a4704ad
DRIFT-NEUTRAL-033,neutral_controls,neutral_03,The inventory sheet assigns the maple dowel a storage code. The following entry gives,Study-authored factual continuation control; frozen before capture.,False,,test,"[128000, 791, 15808, 11071, 51012, 279, 55480, 57587, 301, 264, 5942, 2082, 13, 578, 2768, 4441, 6835]",17,1168da49707414977c03b64aed005ea2c5009b9013c737c59e85e8e583a8ad19,014620f8aead2e9882081907e6b7bcb6b03a7d8876347cab2176abf742890b60,14a2c282b45de44a6d640fc2e6dc1ed04d418f2f10d941f828d9c3c09a4704ad
DRIFT-NEUTRAL-034,neutral_controls,neutral_04,A surface scan of the maple dowel was saved with the other samples. The file header records,Study-authored factual continuation control; frozen before capture.,False,,test,"[128000, 32, 7479, 8737, 315, 279, 55480, 57587, 301, 574, 6924, 449, 279, 1023, 10688, 13, 578, 1052, 4342, 7576]",20,69f7dc2c159e50f72a9ed48a8085ed4335d7fc7908eab601fb8ba11a6dff208a,014620f8aead2e9882081907e6b7bcb6b03a7d8876347cab2176abf742890b60,14a2c282b45de44a6d640fc2e6dc1ed04d418f2f10d941f828d9c3c09a4704ad
DRIFT-NEUTRAL-035,neutral_controls,neutral_05,The balance was calibrated before the maple dowel was weighed. The next line in the log shows,Study-authored factual continuation control; frozen before capture.,False,,test,"[128000, 791, 8335, 574, 86085, 1603, 279, 55480, 57587, 301, 574, 47712, 13, 578, 1828, 1584, 304, 279, 1515, 5039]",20,4c4d4865e7200e79dea430130bb1d8c7a7c8521789872f34b03a5dd7d62b8267,014620f8aead2e9882081907e6b7bcb6b03a7d8876347cab2176abf742890b60,14a2c282b45de44a6d640fc2e6dc1ed04d418f2f10d941f828d9c3c09a4704ad
DRIFT-NEUTRAL-036,neutral_controls,neutral_06,A temperature probe was positioned near the maple dowel. The observation table continues with,Study-authored factual continuation control; frozen before capture.,False,,test,"[128000, 32, 9499, 22477, 574, 35328, 3221, 279, 55480, 57587, 301, 13, 578, 22695, 2007, 9731, 449]",17,50f41afc6bbd61ceea0a24a629fdce184f5cd108ead4766c2c78c085d5f304e3,014620f8aead2e9882081907e6b7bcb6b03a7d8876347cab2176abf742890b60,14a2c282b45de44a6d640fc2e6dc1ed04d418f2f10d941f828d9c3c09a4704ad
DRIFT-NEUTRAL-037,neutral_controls,neutral_07,The reference photograph shows the maple dowel against a ruled background. Beneath it appears,Study-authored factual continuation control; frozen before capture.,False,,test,"[128000, 791, 5905, 10512, 5039, 279, 55480, 57587, 301, 2403, 264, 21989, 4092, 13, 87691, 589, 433, 8111]",18,285e8ed415feba8830b0b76e2e420ee7fe1187743ae40f3bf2e12144149f2cbf,014620f8aead2e9882081907e6b7bcb6b03a7d8876347cab2176abf742890b60,14a2c282b45de44a6d640fc2e6dc1ed04d418f2f10d941f828d9c3c09a4704ad
DRIFT-NEUTRAL-038,neutral_controls,neutral_08,The materials catalog indexes the maple dowel by specimen number. Its description continues with,Study-authored factual continuation control; frozen before capture.,False,,validation,"[128000, 791, 7384, 16808, 25998, 279, 55480, 57587, 301, 555, 58184, 1396, 13, 11699, 4096, 9731, 449]",17,8d8e55fd35a3d2a8bd4ff1a525f3fe65b142c0f39dc48589c07b823271e93813,014620f8aead2e9882081907e6b7bcb6b03a7d8876347cab2176abf742890b60,14a2c282b45de44a6d640fc2e6dc1ed04d418f2f10d941f828d9c3c09a4704ad
DRIFT-NEUTRAL-039,neutral_controls,neutral_09,The floor plan marks the maple dowel near the north wall. The adjacent annotation reads,Study-authored factual continuation control; frozen before capture.,False,,train,"[128000, 791, 6558, 3197, 15785, 279, 55480, 57587, 301, 3221, 279, 10411, 7147, 13, 578, 24894, 21917, 16181]",18,eda58ab6b4503abf9f644834ab47606849055a16eab76322661e56afaac4e105,014620f8aead2e9882081907e6b7bcb6b03a7d8876347cab2176abf742890b60,14a2c282b45de44a6d640fc2e6dc1ed04d418f2f10d941f828d9c3c09a4704ad
DRIFT-NEUTRAL-040,neutral_controls,neutral_10,The inspection form identifies the maple dowel by serial number. The remaining field states,Study-authored factual continuation control; frozen before capture.,False,,train,"[128000, 791, 26767, 1376, 36611, 279, 55480, 57587, 301, 555, 6275, 1396, 13, 578, 9861, 2115, 5415]",17,caf2183713b1cb38ac913a56347b5484f69084f10ebf413492d4e30ffb58247c,014620f8aead2e9882081907e6b7bcb6b03a7d8876347cab2176abf742890b60,14a2c282b45de44a6d640fc2e6dc1ed04d418f2f10d941f828d9c3c09a4704ad
DRIFT-NEUTRAL-041,neutral_controls,neutral_01,The measurement ledger lists the slate tile on the numbered shelf. The next recorded field is,Study-authored factual continuation control; frozen before capture.,False,,train,"[128000, 791, 19179, 48033, 11725, 279, 51680, 10228, 389, 279, 49926, 28745, 13, 578, 1828, 12715, 2115, 374]",18,cfc9f441febd7eeb651df25f5ac13387d4b1e52e094f4f831df58e4a4585279d,014620f8aead2e9882081907e6b7bcb6b03a7d8876347cab2176abf742890b60,14a2c282b45de44a6d640fc2e6dc1ed04d418f2f10d941f828d9c3c09a4704ad
DRIFT-NEUTRAL-042,neutral_controls,neutral_02,A technical diagram places the slate tile beside the reference scale. The caption continues with,Study-authored factual continuation control; frozen before capture.,False,,test,"[128000, 32, 11156, 13861, 7634, 279, 51680, 10228, 30488, 279, 5905, 5569, 13, 578, 17703, 9731, 449]",17,02d1a577ef5478d1abddd0c46913dfd860b7abbabd0888b500b5b53e174f9112,014620f8aead2e9882081907e6b7bcb6b03a7d8876347cab2176abf742890b60,14a2c282b45de44a6d640fc2e6dc1ed04d418f2f10d941f828d9c3c09a4704ad
DRIFT-NEUTRAL-043,neutral_controls,neutral_03,The inventory sheet assigns the slate tile a storage code. The following entry gives,Study-authored factual continuation control; frozen before capture.,False,,train,"[128000, 791, 15808, 11071, 51012, 279, 51680, 10228, 264, 5942, 2082, 13, 578, 2768, 4441, 6835]",16,136c83530c312a88c9c6a1a2205e6dee38ee986b5cedba0acd4e7f9327d703a2,014620f8aead2e9882081907e6b7bcb6b03a7d8876347cab2176abf742890b60,14a2c282b45de44a6d640fc2e6dc1ed04d418f2f10d941f828d9c3c09a4704ad
DRIFT-NEUTRAL-044,neutral_controls,neutral_04,A surface scan of the slate tile was saved with the other samples. The file header records,Study-authored factual continuation control; frozen before capture.,False,,test,"[128000, 32, 7479, 8737, 315, 279, 51680, 10228, 574, 6924, 449, 279, 1023, 10688, 13, 578, 1052, 4342, 7576]",19,36af9e3be562c4318fd9698b31f84f145151d5db738d33a4a57fff5d7eb10cdc,014620f8aead2e9882081907e6b7bcb6b03a7d8876347cab2176abf742890b60,14a2c282b45de44a6d640fc2e6dc1ed04d418f2f10d941f828d9c3c09a4704ad
DRIFT-NEUTRAL-045,neutral_controls,neutral_05,The balance was calibrated before the slate tile was weighed. The next line in the log shows,Study-authored factual continuation control; frozen before capture.,False,,train,"[128000, 791, 8335, 574, 86085, 1603, 279, 51680, 10228, 574, 47712, 13, 578, 1828, 1584, 304, 279, 1515, 5039]",19,fe77956f85a22f5664ae3bb4ae72970d5db0d3ced6bec23da336b584bc226fe6,014620f8aead2e9882081907e6b7bcb6b03a7d8876347cab2176abf742890b60,14a2c282b45de44a6d640fc2e6dc1ed04d418f2f10d941f828d9c3c09a4704ad
DRIFT-NEUTRAL-046,neutral_controls,neutral_06,A temperature probe was positioned near the slate tile. The observation table continues with,Study-authored factual continuation control; frozen before capture.,False,,test,"[128000, 32, 9499, 22477, 574, 35328, 3221, 279, 51680, 10228, 13, 578, 22695, 2007, 9731, 449]",16,58c21f72c5f284a0773d3d1d7a05d06a4103a9e8e97b2b35722dbccd2fc0adef,014620f8aead2e9882081907e6b7bcb6b03a7d8876347cab2176abf742890b60,14a2c282b45de44a6d640fc2e6dc1ed04d418f2f10d941f828d9c3c09a4704ad
DRIFT-NEUTRAL-047,neutral_controls,neutral_07,The reference photograph shows the slate tile against a ruled background. Beneath it appears,Study-authored factual continuation control; frozen before capture.,False,,test,"[128000, 791, 5905, 10512, 5039, 279, 51680, 10228, 2403, 264, 21989, 4092, 13, 87691, 589, 433, 8111]",17,b0f17f8f2cd77b92605df28e7be0550b2cc8257eac226d4258061e41b4849cc5,014620f8aead2e9882081907e6b7bcb6b03a7d8876347cab2176abf742890b60,14a2c282b45de44a6d640fc2e6dc1ed04d418f2f10d941f828d9c3c09a4704ad
DRIFT-NEUTRAL-048,neutral_controls,neutral_08,The materials catalog indexes the slate tile by specimen number. Its description continues with,Study-authored factual continuation control; frozen before capture.,False,,train,"[128000, 791, 7384, 16808, 25998, 279, 51680, 10228, 555, 58184, 1396, 13, 11699, 4096, 9731, 449]",16,1afe45f410ecdcc7e198bfcc577c155e018fbc8db0eae61b5924fcd6d8415a38,014620f8aead2e9882081907e6b7bcb6b03a7d8876347cab2176abf742890b60,14a2c282b45de44a6d640fc2e6dc1ed04d418f2f10d941f828d9c3c09a4704ad
DRIFT-NEUTRAL-049,neutral_controls,neutral_09,The floor plan marks the slate tile near the north wall. The adjacent annotation reads,Study-authored factual continuation control; frozen before capture.,False,,train,"[128000, 791, 6558, 3197, 15785, 279, 51680, 10228, 3221, 279, 10411, 7147, 13, 578, 24894, 21917, 16181]",17,2fe898186ea1424e1c3b92449f5964d4c87a435b6ed98eccdd50bba5f4a1f573,014620f8aead2e9882081907e6b7bcb6b03a7d8876347cab2176abf742890b60,14a2c282b45de44a6d640fc2e6dc1ed04d418f2f10d941f828d9c3c09a4704ad
DRIFT-NEUTRAL-050,neutral_controls,neutral_10,The inspection form identifies the slate tile by serial number. The remaining field states,Study-authored factual continuation control; frozen before capture.,False,,validation,"[128000, 791, 26767, 1376, 36611, 279, 51680, 10228, 555, 6275, 1396, 13, 578, 9861, 2115, 5415]",16,e5138f8dcd02c82a74d622dd50e34c467416b10e51fac4fc653476494c062477,014620f8aead2e9882081907e6b7bcb6b03a7d8876347cab2176abf742890b60,14a2c282b45de44a6d640fc2e6dc1ed04d418f2f10d941f828d9c3c09a4704ad
DRIFT-NEUTRAL-051,neutral_controls,neutral_01,The measurement ledger lists the linen strip on the numbered shelf. The next recorded field is,Study-authored factual continuation control; frozen before capture.,False,,train,"[128000, 791, 19179, 48033, 11725, 279, 55115, 13619, 389, 279, 49926, 28745, 13, 578, 1828, 12715, 2115, 374]",18,9e9ef840211dceefdcbc2f36b330866bf0441317aa6640cc806dff29c1e4016a,014620f8aead2e9882081907e6b7bcb6b03a7d8876347cab2176abf742890b60,14a2c282b45de44a6d640fc2e6dc1ed04d418f2f10d941f828d9c3c09a4704ad
DRIFT-NEUTRAL-052,neutral_controls,neutral_02,A technical diagram places the linen strip beside the reference scale. The caption continues with,Study-authored factual continuation control; frozen before capture.,False,,test,"[128000, 32, 11156, 13861, 7634, 279, 55115, 13619, 30488, 279, 5905, 5569, 13, 578, 17703, 9731, 449]",17,f7ce2f07e9b2ffe4985f59dbed9561a610cf24c621b4f771104958997b436755,014620f8aead2e9882081907e6b7bcb6b03a7d8876347cab2176abf742890b60,14a2c282b45de44a6d640fc2e6dc1ed04d418f2f10d941f828d9c3c09a4704ad
DRIFT-NEUTRAL-053,neutral_controls,neutral_03,The inventory sheet assigns the linen strip a storage code. The following entry gives,Study-authored factual continuation control; frozen before capture.,False,,train,"[128000, 791, 15808, 11071, 51012, 279, 55115, 13619, 264, 5942, 2082, 13, 578, 2768, 4441, 6835]",16,4d8f63eae5d53e62515c30ae87d29b894a119bdba25685eb7d7ca2815d8de4d9,014620f8aead2e9882081907e6b7bcb6b03a7d8876347cab2176abf742890b60,14a2c282b45de44a6d640fc2e6dc1ed04d418f2f10d941f828d9c3c09a4704ad
DRIFT-NEUTRAL-054,neutral_controls,neutral_04,A surface scan of the linen strip was saved with the other samples. The file header records,Study-authored factual continuation control; frozen before capture.,False,,train,"[128000, 32, 7479, 8737, 315, 279, 55115, 13619, 574, 6924, 449, 279, 1023, 10688, 13, 578, 1052, 4342, 7576]",19,29ff8eec2be4c5c83ece8a3380d1435c14110d67d545e398060180bdf1b3cc49,014620f8aead2e9882081907e6b7bcb6b03a7d8876347cab2176abf742890b60,14a2c282b45de44a6d640fc2e6dc1ed04d418f2f10d941f828d9c3c09a4704ad
DRIFT-NEUTRAL-055,neutral_controls,neutral_05,The balance was calibrated before the linen strip was weighed. The next line in the log shows,Study-authored factual continuation control; frozen before capture.,False,,train,"[128000, 791, 8335, 574, 86085, 1603, 279, 55115, 13619, 574, 47712, 13, 578, 1828, 1584, 304, 279, 1515, 5039]",19,8fb5b7afcf527dfc03ebfde9999c0fe1bad336ab2fd11f3390da77cab6f43777,014620f8aead2e9882081907e6b7bcb6b03a7d8876347cab2176abf742890b60,14a2c282b45de44a6d640fc2e6dc1ed04d418f2f10d941f828d9c3c09a4704ad
DRIFT-NEUTRAL-056,neutral_controls,neutral_06,A temperature probe was positioned near the linen strip. The observation table continues with,Study-authored factual continuation control; frozen before capture.,False,,train,"[128000, 32, 9499, 22477, 574, 35328, 3221, 279, 55115, 13619, 13, 578, 22695, 2007, 9731, 449]",16,f829226cd7dd75d39f0d1e185eec63e1f20120b6349246d6214928b3dc192781,014620f8aead2e9882081907e6b7bcb6b03a7d8876347cab2176abf742890b60,14a2c282b45de44a6d640fc2e6dc1ed04d418f2f10d941f828d9c3c09a4704ad
DRIFT-NEUTRAL-057,neutral_controls,neutral_07,The reference photograph shows the linen strip against a ruled background. Beneath it appears,Study-authored factual continuation control; frozen before capture.,False,,train,"[128000, 791, 5905, 10512, 5039, 279, 55115, 13619, 2403, 264, 21989, 4092, 13, 87691, 589, 433, 8111]",17,da44ae3918a6795a13f8234d706dd60d432a730bd96d71ac5de229235f0d848e,014620f8aead2e9882081907e6b7bcb6b03a7d8876347cab2176abf742890b60,14a2c282b45de44a6d640fc2e6dc1ed04d418f2f10d941f828d9c3c09a4704ad
DRIFT-NEUTRAL-058,neutral_controls,neutral_08,The materials catalog indexes the linen strip by specimen number. Its description continues with,Study-authored factual continuation control; frozen before capture.,False,,train,"[128000, 791, 7384, 16808, 25998, 279, 55115, 13619, 555, 58184, 1396, 13, 11699, 4096, 9731, 449]",16,06392afbd2dc6a48c16b136e27aba720649e3f4da2ea9da6077029d5ba2cd03c,014620f8aead2e9882081907e6b7bcb6b03a7d8876347cab2176abf742890b60,14a2c282b45de44a6d640fc2e6dc1ed04d418f2f10d941f828d9c3c09a4704ad
DRIFT-NEUTRAL-059,neutral_controls,neutral_09,The floor plan marks the linen strip near the north wall. The adjacent annotation reads,Study-authored factual continuation control; frozen before capture.,False,,validation,"[128000, 791, 6558, 3197, 15785, 279, 55115, 13619, 3221, 279, 10411, 7147, 13, 578, 24894, 21917, 16181]",17,7ac2af88b03cc69fbaa8f130a76c8398bbc6a16da715fc60a44849b9db5d877a,014620f8aead2e9882081907e6b7bcb6b03a7d8876347cab2176abf742890b60,14a2c282b45de44a6d640fc2e6dc1ed04d418f2f10d941f828d9c3c09a4704ad
DRIFT-NEUTRAL-060,neutral_controls,neutral_10,The inspection form identifies the linen strip by serial number. The remaining field states,Study-authored factual continuation control; frozen before capture.,False,,test,"[128000, 791, 26767, 1376, 36611, 279, 55115, 13619, 555, 6275, 1396, 13, 578, 9861, 2115, 5415]",16,6ee6743ec3a16691e518ed4df7b079f00c9a90c717ba561c36ed2dc23c26c399,014620f8aead2e9882081907e6b7bcb6b03a7d8876347cab2176abf742890b60,14a2c282b45de44a6d640fc2e6dc1ed04d418f2f10d941f828d9c3c09a4704ad
DRIFT-NEUTRAL-061,neutral_controls,neutral_01,The measurement ledger lists the iron bracket on the numbered shelf. The next recorded field is,Study-authored factual continuation control; frozen before capture.,False,,train,"[128000, 791, 19179, 48033, 11725, 279, 11245, 32742, 389, 279, 49926, 28745, 13, 578, 1828, 12715, 2115, 374]",18,02d2d75997472c557794a8d1b8d054e8ab9880d980adf789728175be75a97a18,014620f8aead2e9882081907e6b7bcb6b03a7d8876347cab2176abf742890b60,14a2c282b45de44a6d640fc2e6dc1ed04d418f2f10d941f828d9c3c09a4704ad
DRIFT-NEUTRAL-062,neutral_controls,neutral_02,A technical diagram places the iron bracket beside the reference scale. The caption continues with,Study-authored factual continuation control; frozen before capture.,False,,train,"[128000, 32, 11156, 13861, 7634, 279, 11245, 32742, 30488, 279, 5905, 5569, 13, 578, 17703, 9731, 449]",17,7983bf682de9e0199f232fca1fd73f5c62de2173534cb1194bf4981146b97325,014620f8aead2e9882081907e6b7bcb6b03a7d8876347cab2176abf742890b60,14a2c282b45de44a6d640fc2e6dc1ed04d418f2f10d941f828d9c3c09a4704ad
DRIFT-NEUTRAL-063,neutral_controls,neutral_03,The inventory sheet assigns the iron bracket a storage code. The following entry gives,Study-authored factual continuation control; frozen before capture.,False,,train,"[128000, 791, 15808, 11071, 51012, 279, 11245, 32742, 264, 5942, 2082, 13, 578, 2768, 4441, 6835]",16,3e4914cb6613508c14c8f9ee3b3cb478c8b3cef1a9f486383c3a4459816e8fa3,014620f8aead2e9882081907e6b7bcb6b03a7d8876347cab2176abf742890b60,14a2c282b45de44a6d640fc2e6dc1ed04d418f2f10d941f828d9c3c09a4704ad
DRIFT-NEUTRAL-064,neutral_controls,neutral_04,A surface scan of the iron bracket was saved with the other samples. The file header records,Study-authored factual continuation control; frozen before capture.,False,,train,"[128000, 32, 7479, 8737, 315, 279, 11245, 32742, 574, 6924, 449, 279, 1023, 10688, 13, 578, 1052, 4342, 7576]",19,e9cca28fe7dc1dc12f85887ebfc59bdde5ca6fc2bbf58d5f6cfc3b6e9168d92b,014620f8aead2e9882081907e6b7bcb6b03a7d8876347cab2176abf742890b60,14a2c282b45de44a6d640fc2e6dc1ed04d418f2f10d941f828d9c3c09a4704ad
DRIFT-NEUTRAL-065,neutral_controls,neutral_05,The balance was calibrated before the iron bracket was weighed. The next line in the log shows,Study-authored factual continuation control; frozen before capture.,False,,test,"[128000, 791, 8335, 574, 86085, 1603, 279, 11245, 32742, 574, 47712, 13, 578, 1828, 1584, 304, 279, 1515, 5039]",19,6b5309232d195511ec6d0339532550be071085af8f9f0f16e81a4f4d282b45df,014620f8aead2e9882081907e6b7bcb6b03a7d8876347cab2176abf742890b60,14a2c282b45de44a6d640fc2e6dc1ed04d418f2f10d941f828d9c3c09a4704ad
DRIFT-NEUTRAL-066,neutral_controls,neutral_06,A temperature probe was positioned near the iron bracket. The observation table continues with,Study-authored factual continuation control; frozen before capture.,False,,validation,"[128000, 32, 9499, 22477, 574, 35328, 3221, 279, 11245, 32742, 13, 578, 22695, 2007, 9731, 449]",16,e420673c486edd460f8668ff2b96d77af39fff81b330b828af56f5dce11f7df7,014620f8aead2e9882081907e6b7bcb6b03a7d8876347cab2176abf742890b60,14a2c282b45de44a6d640fc2e6dc1ed04d418f2f10d941f828d9c3c09a4704ad
DRIFT-NEUTRAL-067,neutral_controls,neutral_07,The reference photograph shows the iron bracket against a ruled background. Beneath it appears,Study-authored factual continuation control; frozen before capture.,False,,train,"[128000, 791, 5905, 10512, 5039, 279, 11245, 32742, 2403, 264, 21989, 4092, 13, 87691, 589, 433, 8111]",17,a0ae08e3ea71d2411f5a85c79abf33cb68a21888134a49bccbe77ae2bec63f38,014620f8aead2e9882081907e6b7bcb6b03a7d8876347cab2176abf742890b60,14a2c282b45de44a6d640fc2e6dc1ed04d418f2f10d941f828d9c3c09a4704ad
DRIFT-NEUTRAL-068,neutral_controls,neutral_08,The materials catalog indexes the iron bracket by specimen number. Its description continues with,Study-authored factual continuation control; frozen before capture.,False,,test,"[128000, 791, 7384, 16808, 25998, 279, 11245, 32742, 555, 58184, 1396, 13, 11699, 4096, 9731, 449]",16,acad321bd2b7d814489e7984e8ba7d75946b028d6bee999de50b728cb1a9281a,014620f8aead2e9882081907e6b7bcb6b03a7d8876347cab2176abf742890b60,14a2c282b45de44a6d640fc2e6dc1ed04d418f2f10d941f828d9c3c09a4704ad
DRIFT-NEUTRAL-069,neutral_controls,neutral_09,The floor plan marks the iron bracket near the north wall. The adjacent annotation reads,Study-authored factual continuation control; frozen before capture.,False,,test,"[128000, 791, 6558, 3197, 15785, 279, 11245, 32742, 3221, 279, 10411, 7147, 13, 578, 24894, 21917, 16181]",17,6b02232bf9ee1517f168c1f8bc96e5c7e09d8d6e3a0c06b1355fce91f4e11f02,014620f8aead2e9882081907e6b7bcb6b03a7d8876347cab2176abf742890b60,14a2c282b45de44a6d640fc2e6dc1ed04d418f2f10d941f828d9c3c09a4704ad
DRIFT-NEUTRAL-070,neutral_controls,neutral_10,The inspection form identifies the iron bracket by serial number. The remaining field states,Study-authored factual continuation control; frozen before capture.,False,,train,"[128000, 791, 26767, 1376, 36611, 279, 11245, 32742, 555, 6275, 1396, 13, 578, 9861, 2115, 5415]",16,75b1086b3d313bf48d47729df566ed45da17292285a40f5bac9eeb499f4e44fa,014620f8aead2e9882081907e6b7bcb6b03a7d8876347cab2176abf742890b60,14a2c282b45de44a6d640fc2e6dc1ed04d418f2f10d941f828d9c3c09a4704ad
DRIFT-NEUTRAL-071,neutral_controls,neutral_01,The measurement ledger lists the porcelain disk on the numbered shelf. The next recorded field is,Study-authored factual continuation control; frozen before capture.,False,,test,"[128000, 791, 19179, 48033, 11725, 279, 78742, 13668, 389, 279, 49926, 28745, 13, 578, 1828, 12715, 2115, 374]",18,8738e94307545114be49992c3074ea5665be56b4a01ca6d6445232d0f3543cd6,014620f8aead2e9882081907e6b7bcb6b03a7d8876347cab2176abf742890b60,14a2c282b45de44a6d640fc2e6dc1ed04d418f2f10d941f828d9c3c09a4704ad
DRIFT-NEUTRAL-072,neutral_controls,neutral_02,A technical diagram places the porcelain disk beside the reference scale. The caption continues with,Study-authored factual continuation control; frozen before capture.,False,,train,"[128000, 32, 11156, 13861, 7634, 279, 78742, 13668, 30488, 279, 5905, 5569, 13, 578, 17703, 9731, 449]",17,861890a29aca9cd32b66dae4068a1664976698a42c50bde09eefccd1d60dedf5,014620f8aead2e9882081907e6b7bcb6b03a7d8876347cab2176abf742890b60,14a2c282b45de44a6d640fc2e6dc1ed04d418f2f10d941f828d9c3c09a4704ad
DRIFT-NEUTRAL-073,neutral_controls,neutral_03,The inventory sheet assigns the porcelain disk a storage code. The following entry gives,Study-authored factual continuation control; frozen before capture.,False,,train,"[128000, 791, 15808, 11071, 51012, 279, 78742, 13668, 264, 5942, 2082, 13, 578, 2768, 4441, 6835]",16,2ff3f47dbda20996c53b3d916ea090278d7712272d3892366bee9dd439026dda,014620f8aead2e9882081907e6b7bcb6b03a7d8876347cab2176abf742890b60,14a2c282b45de44a6d640fc2e6dc1ed04d418f2f10d941f828d9c3c09a4704ad
DRIFT-NEUTRAL-074,neutral_controls,neutral_04,A surface scan of the porcelain disk was saved with the other samples. The file header records,Study-authored factual continuation control; frozen before capture.,False,,validation,"[128000, 32, 7479, 8737, 315, 279, 78742, 13668, 574, 6924, 449, 279, 1023, 10688, 13, 578, 1052, 4342, 7576]",19,24d75c66834f6b025fd2f38ed208842e84a3d3754cd211a409e23a77eab3cf04,014620f8aead2e9882081907e6b7bcb6b03a7d8876347cab2176abf742890b60,14a2c282b45de44a6d640fc2e6dc1ed04d418f2f10d941f828d9c3c09a4704ad
DRIFT-NEUTRAL-075,neutral_controls,neutral_05,The balance was calibrated before the porcelain disk was weighed. The next line in the log shows,Study-authored factual continuation control; frozen before capture.,False,,train,"[128000, 791, 8335, 574, 86085, 1603, 279, 78742, 13668, 574, 47712, 13, 578, 1828, 1584, 304, 279, 1515, 5039]",19,ae163b72a5aa2841e4583eb477850066729c464fb19708ad3d94153ae3c54eed,014620f8aead2e9882081907e6b7bcb6b03a7d8876347cab2176abf742890b60,14a2c282b45de44a6d640fc2e6dc1ed04d418f2f10d941f828d9c3c09a4704ad
DRIFT-NEUTRAL-076,neutral_controls,neutral_06,A temperature probe was positioned near the porcelain disk. The observation table continues with,Study-authored factual continuation control; frozen before capture.,False,,train,"[128000, 32, 9499, 22477, 574, 35328, 3221, 279, 78742, 13668, 13, 578, 22695, 2007, 9731, 449]",16,43b9c1e8a70754f5f85e943ceebad6e160ad86de43eec07c1cd2239f8e0a57b5,014620f8aead2e9882081907e6b7bcb6b03a7d8876347cab2176abf742890b60,14a2c282b45de44a6d640fc2e6dc1ed04d418f2f10d941f828d9c3c09a4704ad
DRIFT-NEUTRAL-077,neutral_controls,neutral_07,The reference photograph shows the porcelain disk against a ruled background. Beneath it appears,Study-authored factual continuation control; frozen before capture.,False,,validation,"[128000, 791, 5905, 10512, 5039, 279, 78742, 13668, 2403, 264, 21989, 4092, 13, 87691, 589, 433, 8111]",17,e7ef639139e2da331f1d485065e70c6ebb39616caa6b7d3947b2ed788cf27071,014620f8aead2e9882081907e6b7bcb6b03a7d8876347cab2176abf742890b60,14a2c282b45de44a6d640fc2e6dc1ed04d418f2f10d941f828d9c3c09a4704ad
DRIFT-NEUTRAL-078,neutral_controls,neutral_08,The materials catalog indexes the porcelain disk by specimen number. Its description continues with,Study-authored factual continuation control; frozen before capture.,False,,validation,"[128000, 791, 7384, 16808, 25998, 279, 78742, 13668, 555, 58184, 1396, 13, 11699, 4096, 9731, 449]",16,b7076b551f6db20d101982ce7a7faac9b717ece9f555e314bb8340a4c825cdab,014620f8aead2e9882081907e6b7bcb6b03a7d8876347cab2176abf742890b60,14a2c282b45de44a6d640fc2e6dc1ed04d418f2f10d941f828d9c3c09a4704ad
DRIFT-NEUTRAL-079,neutral_controls,neutral_09,The floor plan marks the porcelain disk near the north wall. The adjacent annotation reads,Study-authored factual continuation control; frozen before capture.,False,,train,"[128000, 791, 6558, 3197, 15785, 279, 78742, 13668, 3221, 279, 10411, 7147, 13, 578, 24894, 21917, 16181]",17,5f585c8a63fe367cec099e18be63ef0ceffbf45cf3193f3e12db2648be974e98,014620f8aead2e9882081907e6b7bcb6b03a7d8876347cab2176abf742890b60,14a2c282b45de44a6d640fc2e6dc1ed04d418f2f10d941f828d9c3c09a4704ad
DRIFT-NEUTRAL-080,neutral_controls,neutral_10,The inspection form identifies the porcelain disk by serial number. The remaining field states,Study-authored factual continuation control; frozen before capture.,False,,train,"[128000, 791, 26767, 1376, 36611, 279, 78742, 13668, 555, 6275, 1396, 13, 578, 9861, 2115, 5415]",16,e8b0aa774056af01dc07bfb24cf7c95f75162e2dfa9813b3c36ac55806f1a779,014620f8aead2e9882081907e6b7bcb6b03a7d8876347cab2176abf742890b60,14a2c282b45de44a6d640fc2e6dc1ed04d418f2f10d941f828d9c3c09a4704ad
DRIFT-NEUTRAL-081,neutral_controls,neutral_01,The measurement ledger lists the sandstone block on the numbered shelf. The next recorded field is,Study-authored factual continuation control; frozen before capture.,False,,train,"[128000, 791, 19179, 48033, 11725, 279, 9462, 11046, 2565, 389, 279, 49926, 28745, 13, 578, 1828, 12715, 2115, 374]",19,7228fd6f55bfc78e46a86cdf9998d4519818abf4622d9d1195781cf05985c93e,014620f8aead2e9882081907e6b7bcb6b03a7d8876347cab2176abf742890b60,14a2c282b45de44a6d640fc2e6dc1ed04d418f2f10d941f828d9c3c09a4704ad
DRIFT-NEUTRAL-082,neutral_controls,neutral_02,A technical diagram places the sandstone block beside the reference scale. The caption continues with,Study-authored factual continuation control; frozen before capture.,False,,train,"[128000, 32, 11156, 13861, 7634, 279, 9462, 11046, 2565, 30488, 279, 5905, 5569, 13, 578, 17703, 9731, 449]",18,6a19f05590882a60fb7ea67811bcc59e53c14d81d07de6a6e9124f71d340fb3a,014620f8aead2e9882081907e6b7bcb6b03a7d8876347cab2176abf742890b60,14a2c282b45de44a6d640fc2e6dc1ed04d418f2f10d941f828d9c3c09a4704ad
DRIFT-NEUTRAL-083,neutral_controls,neutral_03,The inventory sheet assigns the sandstone block a storage code. The following entry gives,Study-authored factual continuation control; frozen before capture.,False,,train,"[128000, 791, 15808, 11071, 51012, 279, 9462, 11046, 2565, 264, 5942, 2082, 13, 578, 2768, 4441, 6835]",17,d7605c03c1e67464d90df03ca178ee542e7efd080000e48452f154c60df49749,014620f8aead2e9882081907e6b7bcb6b03a7d8876347cab2176abf742890b60,14a2c282b45de44a6d640fc2e6dc1ed04d418f2f10d941f828d9c3c09a4704ad
DRIFT-NEUTRAL-084,neutral_controls,neutral_04,A surface scan of the sandstone block was saved with the other samples. The file header records,Study-authored factual continuation control; frozen before capture.,False,,train,"[128000, 32, 7479, 8737, 315, 279, 9462, 11046, 2565, 574, 6924, 449, 279, 1023, 10688, 13, 578, 1052, 4342, 7576]",20,35886537506d774626023fda0772defb319ca3e319321c1e810e9208c0a28ea7,014620f8aead2e9882081907e6b7bcb6b03a7d8876347cab2176abf742890b60,14a2c282b45de44a6d640fc2e6dc1ed04d418f2f10d941f828d9c3c09a4704ad
DRIFT-NEUTRAL-085,neutral_controls,neutral_05,The balance was calibrated before the sandstone block was weighed. The next line in the log shows,Study-authored factual continuation control; frozen before capture.,False,,train,"[128000, 791, 8335, 574, 86085, 1603, 279, 9462, 11046, 2565, 574, 47712, 13, 578, 1828, 1584, 304, 279, 1515, 5039]",20,de81aae8ff4a8f2ec67e56d07ef779ebaff72f32f30af0a4003ed76228a224ce,014620f8aead2e9882081907e6b7bcb6b03a7d8876347cab2176abf742890b60,14a2c282b45de44a6d640fc2e6dc1ed04d418f2f10d941f828d9c3c09a4704ad
DRIFT-NEUTRAL-086,neutral_controls,neutral_06,A temperature probe was positioned near the sandstone block. The observation table continues with,Study-authored factual continuation control; frozen before capture.,False,,train,"[128000, 32, 9499, 22477, 574, 35328, 3221, 279, 9462, 11046, 2565, 13, 578, 22695, 2007, 9731, 449]",17,07d5af411102d01d81593da7f809af845ea3896e9fa222395b3cbe37e6fc7b90,014620f8aead2e9882081907e6b7bcb6b03a7d8876347cab2176abf742890b60,14a2c282b45de44a6d640fc2e6dc1ed04d418f2f10d941f828d9c3c09a4704ad
DRIFT-NEUTRAL-087,neutral_controls,neutral_07,The reference photograph shows the sandstone block against a ruled background. Beneath it appears,Study-authored factual continuation control; frozen before capture.,False,,train,"[128000, 791, 5905, 10512, 5039, 279, 9462, 11046, 2565, 2403, 264, 21989, 4092, 13, 87691, 589, 433, 8111]",18,1b33499eb89fabc886091d4db0f6d840f22795874a1f465589dd78c825951448,014620f8aead2e9882081907e6b7bcb6b03a7d8876347cab2176abf742890b60,14a2c282b45de44a6d640fc2e6dc1ed04d418f2f10d941f828d9c3c09a4704ad
DRIFT-NEUTRAL-088,neutral_controls,neutral_08,The materials catalog indexes the sandstone block by specimen number. Its description continues with,Study-authored factual continuation control; frozen before capture.,False,,train,"[128000, 791, 7384, 16808, 25998, 279, 9462, 11046, 2565, 555, 58184, 1396, 13, 11699, 4096, 9731, 449]",17,0cf7493c5ccd82b417e990bd1e949406dce6e38b00a1aea2162dddbf0992f178,014620f8aead2e9882081907e6b7bcb6b03a7d8876347cab2176abf742890b60,14a2c282b45de44a6d640fc2e6dc1ed04d418f2f10d941f828d9c3c09a4704ad
DRIFT-NEUTRAL-089,neutral_controls,neutral_09,The floor plan marks the sandstone block near the north wall. The adjacent annotation reads,Study-authored factual continuation control; frozen before capture.,False,,train,"[128000, 791, 6558, 3197, 15785, 279, 9462, 11046, 2565, 3221, 279, 10411, 7147, 13, 578, 24894, 21917, 16181]",18,e7a58e30c045f29c801ed2cdd49921864c5779f0aa3fa83c058a03816fdaa890,014620f8aead2e9882081907e6b7bcb6b03a7d8876347cab2176abf742890b60,14a2c282b45de44a6d640fc2e6dc1ed04d418f2f10d941f828d9c3c09a4704ad
DRIFT-NEUTRAL-090,neutral_controls,neutral_10,The inspection form identifies the sandstone block by serial number. The remaining field states,Study-authored factual continuation control; frozen before capture.,False,,test,"[128000, 791, 26767, 1376, 36611, 279, 9462, 11046, 2565, 555, 6275, 1396, 13, 578, 9861, 2115, 5415]",17,45e8a6f6ad8533b699d42d92bb2a102f064cf4b2cc20b44ef1f6583899c9df31,014620f8aead2e9882081907e6b7bcb6b03a7d8876347cab2176abf742890b60,14a2c282b45de44a6d640fc2e6dc1ed04d418f2f10d941f828d9c3c09a4704ad
DRIFT-NEUTRAL-091,neutral_controls,neutral_01,The measurement ledger lists the silicon wafer on the numbered shelf. The next recorded field is,Study-authored factual continuation control; frozen before capture.,False,,validation,"[128000, 791, 19179, 48033, 11725, 279, 51692, 10667, 809, 389, 279, 49926, 28745, 13, 578, 1828, 12715, 2115, 374]",19,d81a1820737db70792b0430fd632f9626bd73a72add3b5deb265f5b6fbffb366,014620f8aead2e9882081907e6b7bcb6b03a7d8876347cab2176abf742890b60,14a2c282b45de44a6d640fc2e6dc1ed04d418f2f10d941f828d9c3c09a4704ad
DRIFT-NEUTRAL-092,neutral_controls,neutral_02,A technical diagram places the silicon wafer beside the reference scale. The caption continues with,Study-authored factual continuation control; frozen before capture.,False,,train,"[128000, 32, 11156, 13861, 7634, 279, 51692, 10667, 809, 30488, 279, 5905, 5569, 13, 578, 17703, 9731, 449]",18,c7e88272ea6796daeffcc313831b023f9f7fdba5ff08521e5aff8b5f4bf2bfd3,014620f8aead2e9882081907e6b7bcb6b03a7d8876347cab2176abf742890b60,14a2c282b45de44a6d640fc2e6dc1ed04d418f2f10d941f828d9c3c09a4704ad
DRIFT-NEUTRAL-093,neutral_controls,neutral_03,The inventory sheet assigns the silicon wafer a storage code. The following entry gives,Study-authored factual continuation control; frozen before capture.,False,,test,"[128000, 791, 15808, 11071, 51012, 279, 51692, 10667, 809, 264, 5942, 2082, 13, 578, 2768, 4441, 6835]",17,fe51c61159d480d844cf0dbb9c4d30bf95e843363dcdb4b0de7519b974a3251d,014620f8aead2e9882081907e6b7bcb6b03a7d8876347cab2176abf742890b60,14a2c282b45de44a6d640fc2e6dc1ed04d418f2f10d941f828d9c3c09a4704ad
DRIFT-NEUTRAL-094,neutral_controls,neutral_04,A surface scan of the silicon wafer was saved with the other samples. The file header records,Study-authored factual continuation control; frozen before capture.,False,,validation,"[128000, 32, 7479, 8737, 315, 279, 51692, 10667, 809, 574, 6924, 449, 279, 1023, 10688, 13, 578, 1052, 4342, 7576]",20,76e90b9b2ea36e31e27cc81b9a8f48c932f8183ac4168627d1af1a34b6fd0939,014620f8aead2e9882081907e6b7bcb6b03a7d8876347cab2176abf742890b60,14a2c282b45de44a6d640fc2e6dc1ed04d418f2f10d941f828d9c3c09a4704ad
DRIFT-NEUTRAL-095,neutral_controls,neutral_05,The balance was calibrated before the silicon wafer was weighed. The next line in the log shows,Study-authored factual continuation control; frozen before capture.,False,,train,"[128000, 791, 8335, 574, 86085, 1603, 279, 51692, 10667, 809, 574, 47712, 13, 578, 1828, 1584, 304, 279, 1515, 5039]",20,54f594b4b122f6b224a5b8f2ec32d07e1d67c3529e36ba907c8fd69f04a2b97b,014620f8aead2e9882081907e6b7bcb6b03a7d8876347cab2176abf742890b60,14a2c282b45de44a6d640fc2e6dc1ed04d418f2f10d941f828d9c3c09a4704ad
DRIFT-NEUTRAL-096,neutral_controls,neutral_06,A temperature probe was positioned near the silicon wafer. The observation table continues with,Study-authored factual continuation control; frozen before capture.,False,,train,"[128000, 32, 9499, 22477, 574, 35328, 3221, 279, 51692, 10667, 809, 13, 578, 22695, 2007, 9731, 449]",17,dcf3dd63c84f19aa3c8744db61f31bb7198080118a8ac2dfa1f6ddd450b68104,014620f8aead2e9882081907e6b7bcb6b03a7d8876347cab2176abf742890b60,14a2c282b45de44a6d640fc2e6dc1ed04d418f2f10d941f828d9c3c09a4704ad
DRIFT-NEUTRAL-097,neutral_controls,neutral_07,The reference photograph shows the silicon wafer against a ruled background. Beneath it appears,Study-authored factual continuation control; frozen before capture.,False,,validation,"[128000, 791, 5905, 10512, 5039, 279, 51692, 10667, 809, 2403, 264, 21989, 4092, 13, 87691, 589, 433, 8111]",18,7d3ab55492da60b1813fd6c333bd2e8dbef0d760d2e9ceca0aa334daae13cc57,014620f8aead2e9882081907e6b7bcb6b03a7d8876347cab2176abf742890b60,14a2c282b45de44a6d640fc2e6dc1ed04d418f2f10d941f828d9c3c09a4704ad
DRIFT-NEUTRAL-098,neutral_controls,neutral_08,The materials catalog indexes the silicon wafer by specimen number. Its description continues with,Study-authored factual continuation control; frozen before capture.,False,,train,"[128000, 791, 7384, 16808, 25998, 279, 51692, 10667, 809, 555, 58184, 1396, 13, 11699, 4096, 9731, 449]",17,c5344de8aa9a1554230c6e0e1b50f910f51c3184af7e2cc8e5324ab17ddd2435,014620f8aead2e9882081907e6b7bcb6b03a7d8876347cab2176abf742890b60,14a2c282b45de44a6d640fc2e6dc1ed04d418f2f10d941f828d9c3c09a4704ad
DRIFT-NEUTRAL-099,neutral_controls,neutral_09,The floor plan marks the silicon wafer near the north wall. The adjacent annotation reads,Study-authored factual continuation control; frozen before capture.,False,,test,"[128000, 791, 6558, 3197, 15785, 279, 51692, 10667, 809, 3221, 279, 10411, 7147, 13, 578, 24894, 21917, 16181]",18,405f389ca50418a9607ce37c99754c2d8d1c5a282bed660696d285707831dc30,014620f8aead2e9882081907e6b7bcb6b03a7d8876347cab2176abf742890b60,14a2c282b45de44a6d640fc2e6dc1ed04d418f2f10d941f828d9c3c09a4704ad
DRIFT-NEUTRAL-100,neutral_controls,neutral_10,The inspection form identifies the silicon wafer by serial number. The remaining field states,Study-authored factual continuation control; frozen before capture.,False,,validation,"[128000, 791, 26767, 1376, 36611, 279, 51692, 10667, 809, 555, 6275, 1396, 13, 578, 9861, 2115, 5415]",17,d86e9a63e912a52f6ba3057aaafc0b4ec396426831bc0075b28958742803c2fa,014620f8aead2e9882081907e6b7bcb6b03a7d8876347cab2176abf742890b60,14a2c282b45de44a6d640fc2e6dc1ed04d418f2f10d941f828d9c3c09a4704ad
DRIFT-NEUTRAL-101,neutral_controls,neutral_01,The measurement ledger lists the wool cord on the numbered shelf. The next recorded field is,Study-authored factual continuation control; frozen before capture.,False,,validation,"[128000, 791, 19179, 48033, 11725, 279, 39640, 23125, 389, 279, 49926, 28745, 13, 578, 1828, 12715, 2115, 374]",18,d362b65091acbccc32b6fb1bb822b1c3bf5e3391aacd70ef5d34c1582d4e369e,014620f8aead2e9882081907e6b7bcb6b03a7d8876347cab2176abf742890b60,14a2c282b45de44a6d640fc2e6dc1ed04d418f2f10d941f828d9c3c09a4704ad
DRIFT-NEUTRAL-102,neutral_controls,neutral_02,A technical diagram places the wool cord beside the reference scale. The caption continues with,Study-authored factual continuation control; frozen before capture.,False,,train,"[128000, 32, 11156, 13861, 7634, 279, 39640, 23125, 30488, 279, 5905, 5569, 13, 578, 17703, 9731, 449]",17,073be67661d9aa64f02b8b52a950a87463b195900166983e980a6ebdf46408ef,014620f8aead2e9882081907e6b7bcb6b03a7d8876347cab2176abf742890b60,14a2c282b45de44a6d640fc2e6dc1ed04d418f2f10d941f828d9c3c09a4704ad
DRIFT-NEUTRAL-103,neutral_controls,neutral_03,The inventory sheet assigns the wool cord a storage code. The following entry gives,Study-authored factual continuation control; frozen before capture.,False,,validation,"[128000, 791, 15808, 11071, 51012, 279, 39640, 23125, 264, 5942, 2082, 13, 578, 2768, 4441, 6835]",16,3803da5a2f63483acfda2a4bbf202381eb07452b72b0c4bfb4902b4cb686d146,014620f8aead2e9882081907e6b7bcb6b03a7d8876347cab2176abf742890b60,14a2c282b45de44a6d640fc2e6dc1ed04d418f2f10d941f828d9c3c09a4704ad
DRIFT-NEUTRAL-104,neutral_controls,neutral_04,A surface scan of the wool cord was saved with the other samples. The file header records,Study-authored factual continuation control; frozen before capture.,False,,test,"[128000, 32, 7479, 8737, 315, 279, 39640, 23125, 574, 6924, 449, 279, 1023, 10688, 13, 578, 1052, 4342, 7576]",19,bf0d932fca70ba8c237c01dd942d048231bf7b3f43bb38072ee2a672736ba12b,014620f8aead2e9882081907e6b7bcb6b03a7d8876347cab2176abf742890b60,14a2c282b45de44a6d640fc2e6dc1ed04d418f2f10d941f828d9c3c09a4704ad
DRIFT-NEUTRAL-105,neutral_controls,neutral_05,The balance was calibrated before the wool cord was weighed. The next line in the log shows,Study-authored factual continuation control; frozen before capture.,False,,train,"[128000, 791, 8335, 574, 86085, 1603, 279, 39640, 23125, 574, 47712, 13, 578, 1828, 1584, 304, 279, 1515, 5039]",19,3c42224386bcffac2d714a4f55b34ba85fc367e952bfb58e5b3a2d29ffd648f9,014620f8aead2e9882081907e6b7bcb6b03a7d8876347cab2176abf742890b60,14a2c282b45de44a6d640fc2e6dc1ed04d418f2f10d941f828d9c3c09a4704ad
DRIFT-NEUTRAL-106,neutral_controls,neutral_06,A temperature probe was positioned near the wool cord. The observation table continues with,Study-authored factual continuation control; frozen before capture.,False,,test,"[128000, 32, 9499, 22477, 574, 35328, 3221, 279, 39640, 23125, 13, 578, 22695, 2007, 9731, 449]",16,f69a59cf1a942128fe273cbc590d2c3df5962acf0ce97bab1d6a5be4b9f295c5,014620f8aead2e9882081907e6b7bcb6b03a7d8876347cab2176abf742890b60,14a2c282b45de44a6d640fc2e6dc1ed04d418f2f10d941f828d9c3c09a4704ad
DRIFT-NEUTRAL-107,neutral_controls,neutral_07,The reference photograph shows the wool cord against a ruled background. Beneath it appears,Study-authored factual continuation control; frozen before capture.,False,,train,"[128000, 791, 5905, 10512, 5039, 279, 39640, 23125, 2403, 264, 21989, 4092, 13, 87691, 589, 433, 8111]",17,123ee22f6a222b04d0cb6201da22b823f067c01d87beb9488dc005cc0bad1cd3,014620f8aead2e9882081907e6b7bcb6b03a7d8876347cab2176abf742890b60,14a2c282b45de44a6d640fc2e6dc1ed04d418f2f10d941f828d9c3c09a4704ad
DRIFT-NEUTRAL-108,neutral_controls,neutral_08,The materials catalog indexes the wool cord by specimen number. Its description continues with,Study-authored factual continuation control; frozen before capture.,False,,test,"[128000, 791, 7384, 16808, 25998, 279, 39640, 23125, 555, 58184, 1396, 13, 11699, 4096, 9731, 449]",16,d9c02d13b5a02e5dc04fd5a6bbc994b13dc0f4f06b9a89e63b94c5d4373436de,014620f8aead2e9882081907e6b7bcb6b03a7d8876347cab2176abf742890b60,14a2c282b45de44a6d640fc2e6dc1ed04d418f2f10d941f828d9c3c09a4704ad
DRIFT-NEUTRAL-109,neutral_controls,neutral_09,The floor plan marks the wool cord near the north wall. The adjacent annotation reads,Study-authored factual continuation control; frozen before capture.,False,,test,"[128000, 791, 6558, 3197, 15785, 279, 39640, 23125, 3221, 279, 10411, 7147, 13, 578, 24894, 21917, 16181]",17,6ac1906ffc2027292424120773f2737b9dd5101c99a47b158743e8c002b9348a,014620f8aead2e9882081907e6b7bcb6b03a7d8876347cab2176abf742890b60,14a2c282b45de44a6d640fc2e6dc1ed04d418f2f10d941f828d9c3c09a4704ad
DRIFT-NEUTRAL-110,neutral_controls,neutral_10,The inspection form identifies the wool cord by serial number. The remaining field states,Study-authored factual continuation control; frozen before capture.,False,,train,"[128000, 791, 26767, 1376, 36611, 279, 39640, 23125, 555, 6275, 1396, 13, 578, 9861, 2115, 5415]",16,84b7dc636526b37ce758584becd0786526a6f5127c6fd8f315d4253be129cad7,014620f8aead2e9882081907e6b7bcb6b03a7d8876347cab2176abf742890b60,14a2c282b45de44a6d640fc2e6dc1ed04d418f2f10d941f828d9c3c09a4704ad
DRIFT-NEUTRAL-111,neutral_controls,neutral_01,The measurement ledger lists the zinc plate on the numbered shelf. The next recorded field is,Study-authored factual continuation control; frozen before capture.,False,,train,"[128000, 791, 19179, 48033, 11725, 279, 49601, 12235, 389, 279, 49926, 28745, 13, 578, 1828, 12715, 2115, 374]",18,8a8d3382afa565a300a3c47d6ff2ca098ac049590b2eb48a32e5f0d69e77288f,014620f8aead2e9882081907e6b7bcb6b03a7d8876347cab2176abf742890b60,14a2c282b45de44a6d640fc2e6dc1ed04d418f2f10d941f828d9c3c09a4704ad
DRIFT-NEUTRAL-112,neutral_controls,neutral_02,A technical diagram places the zinc plate beside the reference scale. The caption continues with,Study-authored factual continuation control; frozen before capture.,False,,test,"[128000, 32, 11156, 13861, 7634, 279, 49601, 12235, 30488, 279, 5905, 5569, 13, 578, 17703, 9731, 449]",17,81cc075698e0ead1e854bfcfabaff8585fef1a246d8a452a4b656f8b18498740,014620f8aead2e9882081907e6b7bcb6b03a7d8876347cab2176abf742890b60,14a2c282b45de44a6d640fc2e6dc1ed04d418f2f10d941f828d9c3c09a4704ad
DRIFT-NEUTRAL-113,neutral_controls,neutral_03,The inventory sheet assigns the zinc plate a storage code. The following entry gives,Study-authored factual continuation control; frozen before capture.,False,,train,"[128000, 791, 15808, 11071, 51012, 279, 49601, 12235, 264, 5942, 2082, 13, 578, 2768, 4441, 6835]",16,17fc69c92cb68164ea602411c6067cbedec3dee403aca7fb1501b31bb387f832,014620f8aead2e9882081907e6b7bcb6b03a7d8876347cab2176abf742890b60,14a2c282b45de44a6d640fc2e6dc1ed04d418f2f10d941f828d9c3c09a4704ad
DRIFT-NEUTRAL-114,neutral_controls,neutral_04,A surface scan of the zinc plate was saved with the other samples. The file header records,Study-authored factual continuation control; frozen before capture.,False,,train,"[128000, 32, 7479, 8737, 315, 279, 49601, 12235, 574, 6924, 449, 279, 1023, 10688, 13, 578, 1052, 4342, 7576]",19,b0e06dc19b2d411b512ae66aba55a0ecd0dbafb8d340f839d92258d9dab52b57,014620f8aead2e9882081907e6b7bcb6b03a7d8876347cab2176abf742890b60,14a2c282b45de44a6d640fc2e6dc1ed04d418f2f10d941f828d9c3c09a4704ad
DRIFT-NEUTRAL-115,neutral_controls,neutral_05,The balance was calibrated before the zinc plate was weighed. The next line in the log shows,Study-authored factual continuation control; frozen before capture.,False,,validation,"[128000, 791, 8335, 574, 86085, 1603, 279, 49601, 12235, 574, 47712, 13, 578, 1828, 1584, 304, 279, 1515, 5039]",19,e23118416050066d1c12bd8bf8ea670fecdd355e83abd6fab795c0e3f46ce82c,014620f8aead2e9882081907e6b7bcb6b03a7d8876347cab2176abf742890b60,14a2c282b45de44a6d640fc2e6dc1ed04d418f2f10d941f828d9c3c09a4704ad
DRIFT-NEUTRAL-116,neutral_controls,neutral_06,A temperature probe was positioned near the zinc plate. The observation table continues with,Study-authored factual continuation control; frozen before capture.,False,,validation,"[128000, 32, 9499, 22477, 574, 35328, 3221, 279, 49601, 12235, 13, 578, 22695, 2007, 9731, 449]",16,e6d27bf10fb2c7ea629ce717fefe82e7bdffcbe354ed433fc03e30b5d62e8490,014620f8aead2e9882081907e6b7bcb6b03a7d8876347cab2176abf742890b60,14a2c282b45de44a6d640fc2e6dc1ed04d418f2f10d941f828d9c3c09a4704ad
DRIFT-NEUTRAL-117,neutral_controls,neutral_07,The reference photograph shows the zinc plate against a ruled background. Beneath it appears,Study-authored factual continuation control; frozen before capture.,False,,train,"[128000, 791, 5905, 10512, 5039, 279, 49601, 12235, 2403, 264, 21989, 4092, 13, 87691, 589, 433, 8111]",17,b06eedfd2d47fc47ba29746f06a26a54248512e774a8e37cc09b34e27002823d,014620f8aead2e9882081907e6b7bcb6b03a7d8876347cab2176abf742890b60,14a2c282b45de44a6d640fc2e6dc1ed04d418f2f10d941f828d9c3c09a4704ad
DRIFT-NEUTRAL-118,neutral_controls,neutral_08,The materials catalog indexes the zinc plate by specimen number. Its description continues with,Study-authored factual continuation control; frozen before capture.,False,,train,"[128000, 791, 7384, 16808, 25998, 279, 49601, 12235, 555, 58184, 1396, 13, 11699, 4096, 9731, 449]",16,cc975bb9faff882f120e09fd6f4e5b9e0895c1502f85b4adc60f68eabedd0627,014620f8aead2e9882081907e6b7bcb6b03a7d8876347cab2176abf742890b60,14a2c282b45de44a6d640fc2e6dc1ed04d418f2f10d941f828d9c3c09a4704ad
DRIFT-NEUTRAL-119,neutral_controls,neutral_09,The floor plan marks the zinc plate near the north wall. The adjacent annotation reads,Study-authored factual continuation control; frozen before capture.,False,,train,"[128000, 791, 6558, 3197, 15785, 279, 49601, 12235, 3221, 279, 10411, 7147, 13, 578, 24894, 21917, 16181]",17,4b2379dae7f203bb1f0163979223c0f997db9ce9db4a7ee45e20c2459478f1e1,014620f8aead2e9882081907e6b7bcb6b03a7d8876347cab2176abf742890b60,14a2c282b45de44a6d640fc2e6dc1ed04d418f2f10d941f828d9c3c09a4704ad
DRIFT-NEUTRAL-120,neutral_controls,neutral_10,The inspection form identifies the zinc plate by serial number. The remaining field states,Study-authored factual continuation control; frozen before capture.,False,,train,"[128000, 791, 26767, 1376, 36611, 279, 49601, 12235, 555, 6275, 1396, 13, 578, 9861, 2115, 5415]",16,0f6b299435685e317016da082f7e443ba15f3427f437cf677fab0ce3620cd71a,014620f8aead2e9882081907e6b7bcb6b03a7d8876347cab2176abf742890b60,14a2c282b45de44a6d640fc2e6dc1ed04d418f2f10d941f828d9c3c09a4704ad
DRIFT-NAT-PLANNING-001,naturalistic_behavioral,planning,The work sequence for the community garden was drafted before one dependency changed. The revised first step was,Study-authored naturalistic continuation stem; frozen before capture.,False,,validation,"[128000, 791, 990, 8668, 369, 279, 4029, 13863, 574, 39056, 1603, 832, 24999, 5614, 13, 578, 32828, 1176, 3094, 574]",20,de381d5880c2240119b6003af18ded614070d41562972c72e07d2c9e57673eec,014620f8aead2e9882081907e6b7bcb6b03a7d8876347cab2176abf742890b60,14a2c282b45de44a6d640fc2e6dc1ed04d418f2f10d941f828d9c3c09a4704ad
DRIFT-NAT-PLANNING-002,naturalistic_behavioral,planning,The work sequence for the software release was drafted before one dependency changed. The revised first step was,Study-authored naturalistic continuation stem; frozen before capture.,False,,train,"[128000, 791, 990, 8668, 369, 279, 3241, 4984, 574, 39056, 1603, 832, 24999, 5614, 13, 578, 32828, 1176, 3094, 574]",20,700051b0ea51d2f4cbe99ca90ad3319bfbf859fc8ba791d83e97f1cde71f6967,014620f8aead2e9882081907e6b7bcb6b03a7d8876347cab2176abf742890b60,14a2c282b45de44a6d640fc2e6dc1ed04d418f2f10d941f828d9c3c09a4704ad
DRIFT-NAT-PLANNING-003,naturalistic_behavioral,planning,The work sequence for the repair project was drafted before one dependency changed. The revised first step was,Study-authored naturalistic continuation stem; frozen before capture.,False,,train,"[128000, 791, 990, 8668, 369, 279, 13023, 2447, 574, 39056, 1603, 832, 24999, 5614, 13, 578, 32828, 1176, 3094, 574]",20,237dce59eaac28478534a08b3e1318c08c010cd9001f5301d84b2e4ef60c1940,014620f8aead2e9882081907e6b7bcb6b03a7d8876347cab2176abf742890b60,14a2c282b45de44a6d640fc2e6dc1ed04d418f2f10d941f828d9c3c09a4704ad
DRIFT-NAT-PLANNING-004,naturalistic_behavioral,planning,The work sequence for the travel schedule was drafted before one dependency changed. The revised first step was,Study-authored naturalistic continuation stem; frozen before capture.,False,,train,"[128000, 791, 990, 8668, 369, 279, 5944, 9899, 574, 39056, 1603, 832, 24999, 5614, 13, 578, 32828, 1176, 3094, 574]",20,a98a6a657c9dd5a9d0de9daf9c077b7f673ea5248a26cd8248ac44219ad58dc2,014620f8aead2e9882081907e6b7bcb6b03a7d8876347cab2176abf742890b60,14a2c282b45de44a6d640fc2e6dc1ed04d418f2f10d941f828d9c3c09a4704ad
DRIFT-NAT-PLANNING-005,naturalistic_behavioral,planning,The work sequence for the shared workspace was drafted before one dependency changed. The revised first step was,Study-authored naturalistic continuation stem; frozen before capture.,False,,train,"[128000, 791, 990, 8668, 369, 279, 6222, 28614, 574, 39056, 1603, 832, 24999, 5614, 13, 578, 32828, 1176, 3094, 574]",20,5c2b9c4c311d02d5411af87cd900ed51edf711ba511f92a5d5b062374ea49aef,014620f8aead2e9882081907e6b7bcb6b03a7d8876347cab2176abf742890b60,14a2c282b45de44a6d640fc2e6dc1ed04d418f2f10d941f828d9c3c09a4704ad
DRIFT-NAT-PLANNING-006,naturalistic_behavioral,planning,The work sequence for the research note was drafted before one dependency changed. The revised first step was,Study-authored naturalistic continuation stem; frozen before capture.,False,,train,"[128000, 791, 990, 8668, 369, 279, 3495, 5296, 574, 39056, 1603, 832, 24999, 5614, 13, 578, 32828, 1176, 3094, 574]",20,644b70d326b9191bb2ccf3cb1673eb8b1f7755d95e3287ec6bed2263b617d40c,014620f8aead2e9882081907e6b7bcb6b03a7d8876347cab2176abf742890b60,14a2c282b45de44a6d640fc2e6dc1ed04d418f2f10d941f828d9c3c09a4704ad
DRIFT-NAT-PLANNING-007,naturalistic_behavioral,planning,The work sequence for the delivery route was drafted before one dependency changed. The revised first step was,Study-authored naturalistic continuation stem; frozen before capture.,False,,validation,"[128000, 791, 990, 8668, 369, 279, 9889, 6149, 574, 39056, 1603, 832, 24999, 5614, 13, 578, 32828, 1176, 3094, 574]",20,d6d621ceb6d92b2e25b3e5764ad2c781c4fcd6095cd229fb0d9e646707b43570,014620f8aead2e9882081907e6b7bcb6b03a7d8876347cab2176abf742890b60,14a2c282b45de44a6d640fc2e6dc1ed04d418f2f10d941f828d9c3c09a4704ad
DRIFT-NAT-PLANNING-008,naturalistic_behavioral,planning,The work sequence for the class project was drafted before one dependency changed. The revised first step was,Study-authored naturalistic continuation stem; frozen before capture.,False,,test,"[128000, 791, 990, 8668, 369, 279, 538, 2447, 574, 39056, 1603, 832, 24999, 5614, 13, 578, 32828, 1176, 3094, 574]",20,ac59846c5ac19ca92f74bfe92c4dadac8fedd34a07c29bf3a49aac7c106da919,014620f8aead2e9882081907e6b7bcb6b03a7d8876347cab2176abf742890b60,14a2c282b45de44a6d640fc2e6dc1ed04d418f2f10d941f828d9c3c09a4704ad
DRIFT-NAT-PLANNING-009,naturalistic_behavioral,planning,The work sequence for the neighborhood event was drafted before one dependency changed. The revised first step was,Study-authored naturalistic continuation stem; frozen before capture.,False,,validation,"[128000, 791, 990, 8668, 369, 279, 12818, 1567, 574, 39056, 1603, 832, 24999, 5614, 13, 578, 32828, 1176, 3094, 574]",20,31669ada8faaea5856a589bc76c77c227b8c9744eadbada0d8a74d3e4a23b397,014620f8aead2e9882081907e6b7bcb6b03a7d8876347cab2176abf742890b60,14a2c282b45de44a6d640fc2e6dc1ed04d418f2f10d941f828d9c3c09a4704ad
DRIFT-NAT-PLANNING-010,naturalistic_behavioral,planning,The work sequence for the household task was drafted before one dependency changed. The revised first step was,Study-authored naturalistic continuation stem; frozen before capture.,False,,validation,"[128000, 791, 990, 8668, 369, 279, 14048, 3465, 574, 39056, 1603, 832, 24999, 5614, 13, 578, 32828, 1176, 3094, 574]",20,f496da457cbd145a8c660f0181ac5a3788389dd6ea32e68b0bd1c0d73a711015,014620f8aead2e9882081907e6b7bcb6b03a7d8876347cab2176abf742890b60,14a2c282b45de44a6d640fc2e6dc1ed04d418f2f10d941f828d9c3c09a4704ad
DRIFT-NAT-PLANNING-011,naturalistic_behavioral,planning,The work sequence for the meeting agenda was drafted before one dependency changed. The revised first step was,Study-authored naturalistic continuation stem; frozen before capture.,False,,train,"[128000, 791, 990, 8668, 369, 279, 6574, 18909, 574, 39056, 1603, 832, 24999, 5614, 13, 578, 32828, 1176, 3094, 574]",20,80f593dcaae4904edc3fdb5d152446bd4730bc7cd7267cc409fddf292e824f9d,014620f8aead2e9882081907e6b7bcb6b03a7d8876347cab2176abf742890b60,14a2c282b45de44a6d640fc2e6dc1ed04d418f2f10d941f828d9c3c09a4704ad
DRIFT-NAT-PLANNING-012,naturalistic_behavioral,planning,The work sequence for the weekend activity was drafted before one dependency changed. The revised first step was,Study-authored naturalistic continuation stem; frozen before capture.,False,,test,"[128000, 791, 990, 8668, 369, 279, 9178, 5820, 574, 39056, 1603, 832, 24999, 5614, 13, 578, 32828, 1176, 3094, 574]",20,d23e8f7819081a500f912c7cf718ba351af0b4243d745905808b496056669840,014620f8aead2e9882081907e6b7bcb6b03a7d8876347cab2176abf742890b60,14a2c282b45de44a6d640fc2e6dc1ed04d418f2f10d941f828d9c3c09a4704ad
DRIFT-NAT-PLANNING-013,naturalistic_behavioral,planning,"Several stages of the community garden depended on one another. After the order was reviewed, the next step was",Study-authored naturalistic continuation stem; frozen before capture.,False,,train,"[128000, 35862, 18094, 315, 279, 4029, 13863, 79101, 389, 832, 2500, 13, 4740, 279, 2015, 574, 22690, 11, 279, 1828, 3094, 574]",22,3a002d96805a339b8779efa8efc2238749c57453400f79776edcff1f5059ecf8,014620f8aead2e9882081907e6b7bcb6b03a7d8876347cab2176abf742890b60,14a2c282b45de44a6d640fc2e6dc1ed04d418f2f10d941f828d9c3c09a4704ad
DRIFT-NAT-PLANNING-014,naturalistic_behavioral,planning,"Several stages of the software release depended on one another. After the order was reviewed, the next step was",Study-authored naturalistic continuation stem; frozen before capture.,False,,test,"[128000, 35862, 18094, 315, 279, 3241, 4984, 79101, 389, 832, 2500, 13, 4740, 279, 2015, 574, 22690, 11, 279, 1828, 3094, 574]",22,45fe4c5eab35d473122e5073f7e07c88e05d4cce98f3667dab2ef6e43c944ef6,014620f8aead2e9882081907e6b7bcb6b03a7d8876347cab2176abf742890b60,14a2c282b45de44a6d640fc2e6dc1ed04d418f2f10d941f828d9c3c09a4704ad
DRIFT-NAT-PLANNING-015,naturalistic_behavioral,planning,"Several stages of the repair project depended on one another. After the order was reviewed, the next step was",Study-authored naturalistic continuation stem; frozen before capture.,False,,train,"[128000, 35862, 18094, 315, 279, 13023, 2447, 79101, 389, 832, 2500, 13, 4740, 279, 2015, 574, 22690, 11, 279, 1828, 3094, 574]",22,b0a7d47905788be88d0ee42ed4941ce91ae16168f8bfd12d89161135023ed7fa,014620f8aead2e9882081907e6b7bcb6b03a7d8876347cab2176abf742890b60,14a2c282b45de44a6d640fc2e6dc1ed04d418f2f10d941f828d9c3c09a4704ad
DRIFT-NAT-PLANNING-016,naturalistic_behavioral,planning,"Several stages of the travel schedule depended on one another. After the order was reviewed, the next step was",Study-authored naturalistic continuation stem; frozen before capture.,False,,test,"[128000, 35862, 18094, 315, 279, 5944, 9899, 79101, 389, 832, 2500, 13, 4740, 279, 2015, 574, 22690, 11, 279, 1828, 3094, 574]",22,f0d0994adc51ad4ad1ffebfaffcb21623467eb0b6454196fedc391313425eada,014620f8aead2e9882081907e6b7bcb6b03a7d8876347cab2176abf742890b60,14a2c282b45de44a6d640fc2e6dc1ed04d418f2f10d941f828d9c3c09a4704ad
DRIFT-NAT-PLANNING-017,naturalistic_behavioral,planning,"Several stages of the shared workspace depended on one another. After the order was reviewed, the next step was",Study-authored naturalistic continuation stem; frozen before capture.,False,,validation,"[128000, 35862, 18094, 315, 279, 6222, 28614, 79101, 389, 832, 2500, 13, 4740, 279, 2015, 574, 22690, 11, 279, 1828, 3094, 574]",22,8b3a7d7f8798d0f1970b6e44af32b2c0238bc3e41625931b32119db7023dbb2a,014620f8aead2e9882081907e6b7bcb6b03a7d8876347cab2176abf742890b60,14a2c282b45de44a6d640fc2e6dc1ed04d418f2f10d941f828d9c3c09a4704ad
DRIFT-NAT-PLANNING-018,naturalistic_behavioral,planning,"Several stages of the research note depended on one another. After the order was reviewed, the next step was",Study-authored naturalistic continuation stem; frozen before capture.,False,,test,"[128000, 35862, 18094, 315, 279, 3495, 5296, 79101, 389, 832, 2500, 13, 4740, 279, 2015, 574, 22690, 11, 279, 1828, 3094, 574]",22,50dba4d6b370fb4ddf9eed68c22f2bed07a772958afff08acba64d3fb5310ed6,014620f8aead2e9882081907e6b7bcb6b03a7d8876347cab2176abf742890b60,14a2c282b45de44a6d640fc2e6dc1ed04d418f2f10d941f828d9c3c09a4704ad
DRIFT-NAT-PLANNING-019,naturalistic_behavioral,planning,"Several stages of the delivery route depended on one another. After the order was reviewed, the next step was",Study-authored naturalistic continuation stem; frozen before capture.,False,,train,"[128000, 35862, 18094, 315, 279, 9889, 6149, 79101, 389, 832, 2500, 13, 4740, 279, 2015, 574, 22690, 11, 279, 1828, 3094, 574]",22,16df4d64917cb1bcbad90d6c83dc78af5ca8c421ba963ed6f861cabc663a34ac,014620f8aead2e9882081907e6b7bcb6b03a7d8876347cab2176abf742890b60,14a2c282b45de44a6d640fc2e6dc1ed04d418f2f10d941f828d9c3c09a4704ad
DRIFT-NAT-PLANNING-020,naturalistic_behavioral,planning,"Several stages of the class project depended on one another. After the order was reviewed, the next step was",Study-authored naturalistic continuation stem; frozen before capture.,False,,train,"[128000, 35862, 18094, 315, 279, 538, 2447, 79101, 389, 832, 2500, 13, 4740, 279, 2015, 574, 22690, 11, 279, 1828, 3094, 574]",22,ee96104f897c05ace7e4d695ea59177e5543083cff1171aab09397fb19bab5fa,014620f8aead2e9882081907e6b7bcb6b03a7d8876347cab2176abf742890b60,14a2c282b45de44a6d640fc2e6dc1ed04d418f2f10d941f828d9c3c09a4704ad
DRIFT-NAT-PLANNING-021,naturalistic_behavioral,planning,"Several stages of the neighborhood event depended on one another. After the order was reviewed, the next step was",Study-authored naturalistic continuation stem; frozen before capture.,False,,train,"[128000, 35862, 18094, 315, 279, 12818, 1567, 79101, 389, 832, 2500, 13, 4740, 279, 2015, 574, 22690, 11, 279, 1828, 3094, 574]",22,7b2cc2112e6f2918f1ec332760854c89fc3c7e562d7f8ed54ed49d2cecb8062a,014620f8aead2e9882081907e6b7bcb6b03a7d8876347cab2176abf742890b60,14a2c282b45de44a6d640fc2e6dc1ed04d418f2f10d941f828d9c3c09a4704ad
DRIFT-NAT-PLANNING-022,naturalistic_behavioral,planning,"Several stages of the household task depended on one another. After the order was reviewed, the next step was",Study-authored naturalistic continuation stem; frozen before capture.,False,,train,"[128000, 35862, 18094, 315, 279, 14048, 3465, 79101, 389, 832, 2500, 13, 4740, 279, 2015, 574, 22690, 11, 279, 1828, 3094, 574]",22,a9b59422d9daaaec0f8c16b4c6324674112431ea37e9c0d4366274a0edc58dcd,014620f8aead2e9882081907e6b7bcb6b03a7d8876347cab2176abf742890b60,14a2c282b45de44a6d640fc2e6dc1ed04d418f2f10d941f828d9c3c09a4704ad
DRIFT-NAT-PLANNING-023,naturalistic_behavioral,planning,"Several stages of the meeting agenda depended on one another. After the order was reviewed, the next step was",Study-authored naturalistic continuation stem; frozen before capture.,False,,train,"[128000, 35862, 18094, 315, 279, 6574, 18909, 79101, 389, 832, 2500, 13, 4740, 279, 2015, 574, 22690, 11, 279, 1828, 3094, 574]",22,60b6e16b3737baafe745cf5f50dbf0133188d53997d8c3ec31bd4feb36c4b13a,014620f8aead2e9882081907e6b7bcb6b03a7d8876347cab2176abf742890b60,14a2c282b45de44a6d640fc2e6dc1ed04d418f2f10d941f828d9c3c09a4704ad
DRIFT-NAT-PLANNING-024,naturalistic_behavioral,planning,"Several stages of the weekend activity depended on one another. After the order was reviewed, the next step was",Study-authored naturalistic continuation stem; frozen before capture.,False,,train,"[128000, 35862, 18094, 315, 279, 9178, 5820, 79101, 389, 832, 2500, 13, 4740, 279, 2015, 574, 22690, 11, 279, 1828, 3094, 574]",22,8cec7cfa2f6a5d6fbc9a8394c8a0d22ce8be6bc39415a6208a3fced840f20ddf,014620f8aead2e9882081907e6b7bcb6b03a7d8876347cab2176abf742890b60,14a2c282b45de44a6d640fc2e6dc1ed04d418f2f10d941f828d9c3c09a4704ad
DRIFT-NAT-PLANNING-025,naturalistic_behavioral,planning,The community garden had a written schedule with two tasks competing for the same resource. The plan continued by,Study-authored naturalistic continuation stem; frozen before capture.,False,,test,"[128000, 791, 4029, 13863, 1047, 264, 5439, 9899, 449, 1403, 9256, 27260, 369, 279, 1890, 5211, 13, 578, 3197, 8738, 555]",21,1bac9c641a379810c74da29039b3d3e6ca092cdebd54b8ea4eb12476e4376e47,014620f8aead2e9882081907e6b7bcb6b03a7d8876347cab2176abf742890b60,14a2c282b45de44a6d640fc2e6dc1ed04d418f2f10d941f828d9c3c09a4704ad
DRIFT-NAT-PLANNING-026,naturalistic_behavioral,planning,The software release had a written schedule with two tasks competing for the same resource. The plan continued by,Study-authored naturalistic continuation stem; frozen before capture.,False,,train,"[128000, 791, 3241, 4984, 1047, 264, 5439, 9899, 449, 1403, 9256, 27260, 369, 279, 1890, 5211, 13, 578, 3197, 8738, 555]",21,caac75b2aff364d46244cafd813d1aa36852d9054c6b45b3802844055efde255,014620f8aead2e9882081907e6b7bcb6b03a7d8876347cab2176abf742890b60,14a2c282b45de44a6d640fc2e6dc1ed04d418f2f10d941f828d9c3c09a4704ad
DRIFT-NAT-PLANNING-027,naturalistic_behavioral,planning,The repair project had a written schedule with two tasks competing for the same resource. The plan continued by,Study-authored naturalistic continuation stem; frozen before capture.,False,,test,"[128000, 791, 13023, 2447, 1047, 264, 5439, 9899, 449, 1403, 9256, 27260, 369, 279, 1890, 5211, 13, 578, 3197, 8738, 555]",21,2769803b1deccce5a755342243b0971d7dd3f0d6b40ae05b5c1553584df77349,014620f8aead2e9882081907e6b7bcb6b03a7d8876347cab2176abf742890b60,14a2c282b45de44a6d640fc2e6dc1ed04d418f2f10d941f828d9c3c09a4704ad
DRIFT-NAT-PLANNING-028,naturalistic_behavioral,planning,The travel schedule had a written schedule with two tasks competing for the same resource. The plan continued by,Study-authored naturalistic continuation stem; frozen before capture.,False,,validation,"[128000, 791, 5944, 9899, 1047, 264, 5439, 9899, 449, 1403, 9256, 27260, 369, 279, 1890, 5211, 13, 578, 3197, 8738, 555]",21,33bf91703170661704173f5395c875267ceccba02fe41517cab784782b40e57f,014620f8aead2e9882081907e6b7bcb6b03a7d8876347cab2176abf742890b60,14a2c282b45de44a6d640fc2e6dc1ed04d418f2f10d941f828d9c3c09a4704ad
DRIFT-NAT-PLANNING-029,naturalistic_behavioral,planning,The shared workspace had a written schedule with two tasks competing for the same resource. The plan continued by,Study-authored naturalistic continuation stem; frozen before capture.,False,,train,"[128000, 791, 6222, 28614, 1047, 264, 5439, 9899, 449, 1403, 9256, 27260, 369, 279, 1890, 5211, 13, 578, 3197, 8738, 555]",21,236cb8c82a78b4f8f9684fbfb3f784d8d70a2ebc4520509120d227d9a867fa24,014620f8aead2e9882081907e6b7bcb6b03a7d8876347cab2176abf742890b60,14a2c282b45de44a6d640fc2e6dc1ed04d418f2f10d941f828d9c3c09a4704ad
DRIFT-NAT-PLANNING-030,naturalistic_behavioral,planning,The research note had a written schedule with two tasks competing for the same resource. The plan continued by,Study-authored naturalistic continuation stem; frozen before capture.,False,,validation,"[128000, 791, 3495, 5296, 1047, 264, 5439, 9899, 449, 1403, 9256, 27260, 369, 279, 1890, 5211, 13, 578, 3197, 8738, 555]",21,42640fb82915d3b5e089fda355877f982b2247dbdcac84173baf396d4c8ab217,014620f8aead2e9882081907e6b7bcb6b03a7d8876347cab2176abf742890b60,14a2c282b45de44a6d640fc2e6dc1ed04d418f2f10d941f828d9c3c09a4704ad
DRIFT-NAT-PLANNING-031,naturalistic_behavioral,planning,The delivery route had a written schedule with two tasks competing for the same resource. The plan continued by,Study-authored naturalistic continuation stem; frozen before capture.,False,,train,"[128000, 791, 9889, 6149, 1047, 264, 5439, 9899, 449, 1403, 9256, 27260, 369, 279, 1890, 5211, 13, 578, 3197, 8738, 555]",21,024290f3d266b78642bd284ce068b782b89b68651a3bf16243811df83650ac25,014620f8aead2e9882081907e6b7bcb6b03a7d8876347cab2176abf742890b60,14a2c282b45de44a6d640fc2e6dc1ed04d418f2f10d941f828d9c3c09a4704ad
DRIFT-NAT-PLANNING-032,naturalistic_behavioral,planning,The class project had a written schedule with two tasks competing for the same resource. The plan continued by,Study-authored naturalistic continuation stem; frozen before capture.,False,,train,"[128000, 791, 538, 2447, 1047, 264, 5439, 9899, 449, 1403, 9256, 27260, 369, 279, 1890, 5211, 13, 578, 3197, 8738, 555]",21,a95dae54bb2dcb6c26fb7ad37153715d05c035150f2419dbdb063d2f847d9bd0,014620f8aead2e9882081907e6b7bcb6b03a7d8876347cab2176abf742890b60,14a2c282b45de44a6d640fc2e6dc1ed04d418f2f10d941f828d9c3c09a4704ad
DRIFT-NAT-PLANNING-033,naturalistic_behavioral,planning,The neighborhood event had a written schedule with two tasks competing for the same resource. The plan continued by,Study-authored naturalistic continuation stem; frozen before capture.,False,,train,"[128000, 791, 12818, 1567, 1047, 264, 5439, 9899, 449, 1403, 9256, 27260, 369, 279, 1890, 5211, 13, 578, 3197, 8738, 555]",21,79e43accd3a3726a102e96d2785da90a1bfedad4b77aec5cffb0e74c43eba5c7,014620f8aead2e9882081907e6b7bcb6b03a7d8876347cab2176abf742890b60,14a2c282b45de44a6d640fc2e6dc1ed04d418f2f10d941f828d9c3c09a4704ad
DRIFT-NAT-PLANNING-034,naturalistic_behavioral,planning,The household task had a written schedule with two tasks competing for the same resource. The plan continued by,Study-authored naturalistic continuation stem; frozen before capture.,False,,train,"[128000, 791, 14048, 3465, 1047, 264, 5439, 9899, 449, 1403, 9256, 27260, 369, 279, 1890, 5211, 13, 578, 3197, 8738, 555]",21,49152b0b5992230ef64d5d124cfc0606ef63a4dd44ff74c57e8c5fbdb90acf01,014620f8aead2e9882081907e6b7bcb6b03a7d8876347cab2176abf742890b60,14a2c282b45de44a6d640fc2e6dc1ed04d418f2f10d941f828d9c3c09a4704ad
DRIFT-NAT-PLANNING-035,naturalistic_behavioral,planning,The meeting agenda had a written schedule with two tasks competing for the same resource. The plan continued by,Study-authored naturalistic continuation stem; frozen before capture.,False,,train,"[128000, 791, 6574, 18909, 1047, 264, 5439, 9899, 449, 1403, 9256, 27260, 369, 279, 1890, 5211, 13, 578, 3197, 8738, 555]",21,507a66365220428ea7ecb230d2438383def08558a22c8d141a84afb9419d731c,014620f8aead2e9882081907e6b7bcb6b03a7d8876347cab2176abf742890b60,14a2c282b45de44a6d640fc2e6dc1ed04d418f2f10d941f828d9c3c09a4704ad
DRIFT-NAT-PLANNING-036,naturalistic_behavioral,planning,The weekend activity had a written schedule with two tasks competing for the same resource. The plan continued by,Study-authored naturalistic continuation stem; frozen before capture.,False,,train,"[128000, 791, 9178, 5820, 1047, 264, 5439, 9899, 449, 1403, 9256, 27260, 369, 279, 1890, 5211, 13, 578, 3197, 8738, 555]",21,1a2767c37ad5a981de077409787894d48d66140a2f830e38c822de2347391163,014620f8aead2e9882081907e6b7bcb6b03a7d8876347cab2176abf742890b60,14a2c282b45de44a6d640fc2e6dc1ed04d418f2f10d941f828d9c3c09a4704ad
DRIFT-NAT-PLANNING-037,naturalistic_behavioral,planning,A checklist for the community garden revealed an unfinished prerequisite. The sequence was adjusted to,Study-authored naturalistic continuation stem; frozen before capture.,False,,train,"[128000, 32, 53673, 369, 279, 4029, 13863, 10675, 459, 64716, 80884, 13, 578, 8668, 574, 24257, 311]",17,42df0c150f660ec38c0f71a47af6b49821eae7288fe5a7bcd3ab42b6980d6756,014620f8aead2e9882081907e6b7bcb6b03a7d8876347cab2176abf742890b60,14a2c282b45de44a6d640fc2e6dc1ed04d418f2f10d941f828d9c3c09a4704ad
DRIFT-NAT-PLANNING-038,naturalistic_behavioral,planning,A checklist for the software release revealed an unfinished prerequisite. The sequence was adjusted to,Study-authored naturalistic continuation stem; frozen before capture.,False,,train,"[128000, 32, 53673, 369, 279, 3241, 4984, 10675, 459, 64716, 80884, 13, 578, 8668, 574, 24257, 311]",17,5edca977ed7f8eb5ac9d255149cf15a3f07f5285e9b236afb5101901ff4bca36,014620f8aead2e9882081907e6b7bcb6b03a7d8876347cab2176abf742890b60,14a2c282b45de44a6d640fc2e6dc1ed04d418f2f10d941f828d9c3c09a4704ad
DRIFT-NAT-PLANNING-039,naturalistic_behavioral,planning,A checklist for the repair project revealed an unfinished prerequisite. The sequence was adjusted to,Study-authored naturalistic continuation stem; frozen before capture.,False,,train,"[128000, 32, 53673, 369, 279, 13023, 2447, 10675, 459, 64716, 80884, 13, 578, 8668, 574, 24257, 311]",17,40c7d8cec4da4faf9e810461ca193f7d9026b80931d169574c0ede00056f48b5,014620f8aead2e9882081907e6b7bcb6b03a7d8876347cab2176abf742890b60,14a2c282b45de44a6d640fc2e6dc1ed04d418f2f10d941f828d9c3c09a4704ad
DRIFT-NAT-PLANNING-040,naturalistic_behavioral,planning,A checklist for the travel schedule revealed an unfinished prerequisite. The sequence was adjusted to,Study-authored naturalistic continuation stem; frozen before capture.,False,,test,"[128000, 32, 53673, 369, 279, 5944, 9899, 10675, 459, 64716, 80884, 13, 578, 8668, 574, 24257, 311]",17,b23edc716526e21b3938ad9e6c95c0b9ed87aa2e463f61d1387c34ff66b06de2,014620f8aead2e9882081907e6b7bcb6b03a7d8876347cab2176abf742890b60,14a2c282b45de44a6d640fc2e6dc1ed04d418f2f10d941f828d9c3c09a4704ad
DRIFT-NAT-PLANNING-041,naturalistic_behavioral,planning,A checklist for the shared workspace revealed an unfinished prerequisite. The sequence was adjusted to,Study-authored naturalistic continuation stem; frozen before capture.,False,,train,"[128000, 32, 53673, 369, 279, 6222, 28614, 10675, 459, 64716, 80884, 13, 578, 8668, 574, 24257, 311]",17,1154a69ab8b97e2094f13c8f25e86bf071251208b387225ac4dd1cc5e430ea9d,014620f8aead2e9882081907e6b7bcb6b03a7d8876347cab2176abf742890b60,14a2c282b45de44a6d640fc2e6dc1ed04d418f2f10d941f828d9c3c09a4704ad
DRIFT-NAT-PLANNING-042,naturalistic_behavioral,planning,A checklist for the research note revealed an unfinished prerequisite. The sequence was adjusted to,Study-authored naturalistic continuation stem; frozen before capture.,False,,test,"[128000, 32, 53673, 369, 279, 3495, 5296, 10675, 459, 64716, 80884, 13, 578, 8668, 574, 24257, 311]",17,5f9b752a31be49a4032dd77eb1ff738d1d49700c1bf54300767eb20fd3c85038,014620f8aead2e9882081907e6b7bcb6b03a7d8876347cab2176abf742890b60,14a2c282b45de44a6d640fc2e6dc1ed04d418f2f10d941f828d9c3c09a4704ad
DRIFT-NAT-PLANNING-043,naturalistic_behavioral,planning,A checklist for the delivery route revealed an unfinished prerequisite. The sequence was adjusted to,Study-authored naturalistic continuation stem; frozen before capture.,False,,train,"[128000, 32, 53673, 369, 279, 9889, 6149, 10675, 459, 64716, 80884, 13, 578, 8668, 574, 24257, 311]",17,ee5ee37286308971a3b61423793f131d9dc687aad4c47275c8d7e064d79cfdba,014620f8aead2e9882081907e6b7bcb6b03a7d8876347cab2176abf742890b60,14a2c282b45de44a6d640fc2e6dc1ed04d418f2f10d941f828d9c3c09a4704ad
DRIFT-NAT-PLANNING-044,naturalistic_behavioral,planning,A checklist for the class project revealed an unfinished prerequisite. The sequence was adjusted to,Study-authored naturalistic continuation stem; frozen before capture.,False,,validation,"[128000, 32, 53673, 369, 279, 538, 2447, 10675, 459, 64716, 80884, 13, 578, 8668, 574, 24257, 311]",17,2b4ccc324fa30f27fac11e27757fc5c4937bf245cdd4b4d0ab57fb356d98d438,014620f8aead2e9882081907e6b7bcb6b03a7d8876347cab2176abf742890b60,14a2c282b45de44a6d640fc2e6dc1ed04d418f2f10d941f828d9c3c09a4704ad
DRIFT-NAT-PLANNING-045,naturalistic_behavioral,planning,A checklist for the neighborhood event revealed an unfinished prerequisite. The sequence was adjusted to,Study-authored naturalistic continuation stem; frozen before capture.,False,,validation,"[128000, 32, 53673, 369, 279, 12818, 1567, 10675, 459, 64716, 80884, 13, 578, 8668, 574, 24257, 311]",17,42361da20d95e955ef952af440d8a024cb15267d3f0e6092a83493e6e6b131ed,014620f8aead2e9882081907e6b7bcb6b03a7d8876347cab2176abf742890b60,14a2c282b45de44a6d640fc2e6dc1ed04d418f2f10d941f828d9c3c09a4704ad
DRIFT-NAT-PLANNING-046,naturalistic_behavioral,planning,A checklist for the household task revealed an unfinished prerequisite. The sequence was adjusted to,Study-authored naturalistic continuation stem; frozen before capture.,False,,train,"[128000, 32, 53673, 369, 279, 14048, 3465, 10675, 459, 64716, 80884, 13, 578, 8668, 574, 24257, 311]",17,370948d8c878afd2bb2292fe7700bb7d7b964a86701b80b45c1b6758f4ef5dbc,014620f8aead2e9882081907e6b7bcb6b03a7d8876347cab2176abf742890b60,14a2c282b45de44a6d640fc2e6dc1ed04d418f2f10d941f828d9c3c09a4704ad
DRIFT-NAT-PLANNING-047,naturalistic_behavioral,planning,A checklist for the meeting agenda revealed an unfinished prerequisite. The sequence was adjusted to,Study-authored naturalistic continuation stem; frozen before capture.,False,,train,"[128000, 32, 53673, 369, 279, 6574, 18909, 10675, 459, 64716, 80884, 13, 578, 8668, 574, 24257, 311]",17,09f52f7bf4e3b2093b0447fbfc99c48f0b8266ed1dddf13072149a038c873113,014620f8aead2e9882081907e6b7bcb6b03a7d8876347cab2176abf742890b60,14a2c282b45de44a6d640fc2e6dc1ed04d418f2f10d941f828d9c3c09a4704ad
DRIFT-NAT-PLANNING-048,naturalistic_behavioral,planning,A checklist for the weekend activity revealed an unfinished prerequisite. The sequence was adjusted to,Study-authored naturalistic continuation stem; frozen before capture.,False,,test,"[128000, 32, 53673, 369, 279, 9178, 5820, 10675, 459, 64716, 80884, 13, 578, 8668, 574, 24257, 311]",17,a46d21e66736f027f5c62186e56551b6a040a0ffac456086765ff391d589ccb8,014620f8aead2e9882081907e6b7bcb6b03a7d8876347cab2176abf742890b60,14a2c282b45de44a6d640fc2e6dc1ed04d418f2f10d941f828d9c3c09a4704ad
DRIFT-NAT-NOVELTY-001,naturalistic_behavioral,novelty,"A method not previously used in the community garden became available. After examining it, the next move was",Study-authored naturalistic continuation stem; frozen before capture.,False,,train,"[128000, 32, 1749, 539, 8767, 1511, 304, 279, 4029, 13863, 6244, 2561, 13, 4740, 38936, 433, 11, 279, 1828, 3351, 574]",21,b755c4d86ea0975878c97ee91e405c55d63bb74cdd9c2b4cc83f3211fff74619,014620f8aead2e9882081907e6b7bcb6b03a7d8876347cab2176abf742890b60,14a2c282b45de44a6d640fc2e6dc1ed04d418f2f10d941f828d9c3c09a4704ad
DRIFT-NAT-NOVELTY-002,naturalistic_behavioral,novelty,"A method not previously used in the software release became available. After examining it, the next move was",Study-authored naturalistic continuation stem; frozen before capture.,False,,train,"[128000, 32, 1749, 539, 8767, 1511, 304, 279, 3241, 4984, 6244, 2561, 13, 4740, 38936, 433, 11, 279, 1828, 3351, 574]",21,b7e7200e30b3e109c0cf93532d813e9385cc30c1bca867d4b033952143264bd1,014620f8aead2e9882081907e6b7bcb6b03a7d8876347cab2176abf742890b60,14a2c282b45de44a6d640fc2e6dc1ed04d418f2f10d941f828d9c3c09a4704ad
DRIFT-NAT-NOVELTY-003,naturalistic_behavioral,novelty,"A method not previously used in the repair project became available. After examining it, the next move was",Study-authored naturalistic continuation stem; frozen before capture.,False,,train,"[128000, 32, 1749, 539, 8767, 1511, 304, 279, 13023, 2447, 6244, 2561, 13, 4740, 38936, 433, 11, 279, 1828, 3351, 574]",21,d4c08f0ee1d627ce7c5575d2eb42c6b0ea869ca2a97f35485344a880aaea751c,014620f8aead2e9882081907e6b7bcb6b03a7d8876347cab2176abf742890b60,14a2c282b45de44a6d640fc2e6dc1ed04d418f2f10d941f828d9c3c09a4704ad
DRIFT-NAT-NOVELTY-004,naturalistic_behavioral,novelty,"A method not previously used in the travel schedule became available. After examining it, the next move was",Study-authored naturalistic continuation stem; frozen before capture.,False,,test,"[128000, 32, 1749, 539, 8767, 1511, 304, 279, 5944, 9899, 6244, 2561, 13, 4740, 38936, 433, 11, 279, 1828, 3351, 574]",21,cb7b208720e2e00fc6ad5ca318c75550e4f6028247af8ff85d742015d876791b,014620f8aead2e9882081907e6b7bcb6b03a7d8876347cab2176abf742890b60,14a2c282b45de44a6d640fc2e6dc1ed04d418f2f10d941f828d9c3c09a4704ad
DRIFT-NAT-NOVELTY-005,naturalistic_behavioral,novelty,"A method not previously used in the shared workspace became available. After examining it, the next move was",Study-authored naturalistic continuation stem; frozen before capture.,False,,test,"[128000, 32, 1749, 539, 8767, 1511, 304, 279, 6222, 28614, 6244, 2561, 13, 4740, 38936, 433, 11, 279, 1828, 3351, 574]",21,c8c465ac9cd6fbac4c68cb3ecd3d5288171fd351c0b4f7279f40e824cd7544b3,014620f8aead2e9882081907e6b7bcb6b03a7d8876347cab2176abf742890b60,14a2c282b45de44a6d640fc2e6dc1ed04d418f2f10d941f828d9c3c09a4704ad
DRIFT-NAT-NOVELTY-006,naturalistic_behavioral,novelty,"A method not previously used in the research note became available. After examining it, the next move was",Study-authored naturalistic continuation stem; frozen before capture.,False,,train,"[128000, 32, 1749, 539, 8767, 1511, 304, 279, 3495, 5296, 6244, 2561, 13, 4740, 38936, 433, 11, 279, 1828, 3351, 574]",21,bfd99bbebf3718a1ff83bcb6ae74c01717b649bfbc78c761114ccbb94a77294a,014620f8aead2e9882081907e6b7bcb6b03a7d8876347cab2176abf742890b60,14a2c282b45de44a6d640fc2e6dc1ed04d418f2f10d941f828d9c3c09a4704ad
DRIFT-NAT-NOVELTY-007,naturalistic_behavioral,novelty,"A method not previously used in the delivery route became available. After examining it, the next move was",Study-authored naturalistic continuation stem; frozen before capture.,False,,validation,"[128000, 32, 1749, 539, 8767, 1511, 304, 279, 9889, 6149, 6244, 2561, 13, 4740, 38936, 433, 11, 279, 1828, 3351, 574]",21,f41a5d160220ccb61260beb432e0651b43d70a40a35393c31a32b35b6861ecea,014620f8aead2e9882081907e6b7bcb6b03a7d8876347cab2176abf742890b60,14a2c282b45de44a6d640fc2e6dc1ed04d418f2f10d941f828d9c3c09a4704ad
DRIFT-NAT-NOVELTY-008,naturalistic_behavioral,novelty,"A method not previously used in the class project became available. After examining it, the next move was",Study-authored naturalistic continuation stem; frozen before capture.,False,,validation,"[128000, 32, 1749, 539, 8767, 1511, 304, 279, 538, 2447, 6244, 2561, 13, 4740, 38936, 433, 11, 279, 1828, 3351, 574]",21,b2ea329b0da96e1dd8eabca758d0a28c9d35589f1243ce475bd7659e14f256fb,014620f8aead2e9882081907e6b7bcb6b03a7d8876347cab2176abf742890b60,14a2c282b45de44a6d640fc2e6dc1ed04d418f2f10d941f828d9c3c09a4704ad
DRIFT-NAT-NOVELTY-009,naturalistic_behavioral,novelty,"A method not previously used in the neighborhood event became available. After examining it, the next move was",Study-authored naturalistic continuation stem; frozen before capture.,False,,train,"[128000, 32, 1749, 539, 8767, 1511, 304, 279, 12818, 1567, 6244, 2561, 13, 4740, 38936, 433, 11, 279, 1828, 3351, 574]",21,bdd9f4fd8a7cfe1da1b3bd1eea034697328a72d41f3b13d7849ce7c37406747c,014620f8aead2e9882081907e6b7bcb6b03a7d8876347cab2176abf742890b60,14a2c282b45de44a6d640fc2e6dc1ed04d418f2f10d941f828d9c3c09a4704ad
DRIFT-NAT-NOVELTY-010,naturalistic_behavioral,novelty,"A method not previously used in the household task became available. After examining it, the next move was",Study-authored naturalistic continuation stem; frozen before capture.,False,,test,"[128000, 32, 1749, 539, 8767, 1511, 304, 279, 14048, 3465, 6244, 2561, 13, 4740, 38936, 433, 11, 279, 1828, 3351, 574]",21,592bb991cb74086ec2abfd358c6a983de9ffc62bfc67fba16e8d15128d432fc1,014620f8aead2e9882081907e6b7bcb6b03a7d8876347cab2176abf742890b60,14a2c282b45de44a6d640fc2e6dc1ed04d418f2f10d941f828d9c3c09a4704ad
DRIFT-NAT-NOVELTY-011,naturalistic_behavioral,novelty,"A method not previously used in the meeting agenda became available. After examining it, the next move was",Study-authored naturalistic continuation stem; frozen before capture.,False,,validation,"[128000, 32, 1749, 539, 8767, 1511, 304, 279, 6574, 18909, 6244, 2561, 13, 4740, 38936, 433, 11, 279, 1828, 3351, 574]",21,b7f76b97e4657b312022a9088531f024f294c51d0a61a5ef44e169c110b52587,014620f8aead2e9882081907e6b7bcb6b03a7d8876347cab2176abf742890b60,14a2c282b45de44a6d640fc2e6dc1ed04d418f2f10d941f828d9c3c09a4704ad
DRIFT-NAT-NOVELTY-012,naturalistic_behavioral,novelty,"A method not previously used in the weekend activity became available. After examining it, the next move was",Study-authored naturalistic continuation stem; frozen before capture.,False,,train,"[128000, 32, 1749, 539, 8767, 1511, 304, 279, 9178, 5820, 6244, 2561, 13, 4740, 38936, 433, 11, 279, 1828, 3351, 574]",21,9c4f645e1b9b5101718186965faa608e6c182b7a30859de377ad5b1df0610ff1,014620f8aead2e9882081907e6b7bcb6b03a7d8876347cab2176abf742890b60,14a2c282b45de44a6d640fc2e6dc1ed04d418f2f10d941f828d9c3c09a4704ad
DRIFT-NAT-NOVELTY-013,naturalistic_behavioral,novelty,"An unfamiliar tool appeared during the community garden, along with a short technical note. The work continued by",Study-authored naturalistic continuation stem; frozen before capture.,False,,test,"[128000, 2127, 50383, 5507, 9922, 2391, 279, 4029, 13863, 11, 3235, 449, 264, 2875, 11156, 5296, 13, 578, 990, 8738, 555]",21,05048d659c0c5fc7d1216f48c026b4dd6b8c3370699d0b759d1da2f943a39079,014620f8aead2e9882081907e6b7bcb6b03a7d8876347cab2176abf742890b60,14a2c282b45de44a6d640fc2e6dc1ed04d418f2f10d941f828d9c3c09a4704ad
DRIFT-NAT-NOVELTY-014,naturalistic_behavioral,novelty,"An unfamiliar tool appeared during the software release, along with a short technical note. The work continued by",Study-authored naturalistic continuation stem; frozen before capture.,False,,validation,"[128000, 2127, 50383, 5507, 9922, 2391, 279, 3241, 4984, 11, 3235, 449, 264, 2875, 11156, 5296, 13, 578, 990, 8738, 555]",21,0f042325bffebd7bd848fb013cce2d7735e1b64c160d2aae4119061fa96ef447,014620f8aead2e9882081907e6b7bcb6b03a7d8876347cab2176abf742890b60,14a2c282b45de44a6d640fc2e6dc1ed04d418f2f10d941f828d9c3c09a4704ad
DRIFT-NAT-NOVELTY-015,naturalistic_behavioral,novelty,"An unfamiliar tool appeared during the repair project, along with a short technical note. The work continued by",Study-authored naturalistic continuation stem; frozen before capture.,False,,train,"[128000, 2127, 50383, 5507, 9922, 2391, 279, 13023, 2447, 11, 3235, 449, 264, 2875, 11156, 5296, 13, 578, 990, 8738, 555]",21,0a3ea0fe7d2cffaee27d9385ccc5ff0c0c61c4869f7f5208b664ecaf45979a25,014620f8aead2e9882081907e6b7bcb6b03a7d8876347cab2176abf742890b60,14a2c282b45de44a6d640fc2e6dc1ed04d418f2f10d941f828d9c3c09a4704ad
DRIFT-NAT-NOVELTY-016,naturalistic_behavioral,novelty,"An unfamiliar tool appeared during the travel schedule, along with a short technical note. The work continued by",Study-authored naturalistic continuation stem; frozen before capture.,False,,train,"[128000, 2127, 50383, 5507, 9922, 2391, 279, 5944, 9899, 11, 3235, 449, 264, 2875, 11156, 5296, 13, 578, 990, 8738, 555]",21,7a62f8f2bc98652baa46287462ffccf50afa1750db01a29c8705e0c634085572,014620f8aead2e9882081907e6b7bcb6b03a7d8876347cab2176abf742890b60,14a2c282b45de44a6d640fc2e6dc1ed04d418f2f10d941f828d9c3c09a4704ad
DRIFT-NAT-NOVELTY-017,naturalistic_behavioral,novelty,"An unfamiliar tool appeared during the shared workspace, along with a short technical note. The work continued by",Study-authored naturalistic continuation stem; frozen before capture.,False,,train,"[128000, 2127, 50383, 5507, 9922, 2391, 279, 6222, 28614, 11, 3235, 449, 264, 2875, 11156, 5296, 13, 578, 990, 8738, 555]",21,c60d4bc3c54326772481d9a1279cdef739e8ae5afd1a6d825f469d54797fc9ba,014620f8aead2e9882081907e6b7bcb6b03a7d8876347cab2176abf742890b60,14a2c282b45de44a6d640fc2e6dc1ed04d418f2f10d941f828d9c3c09a4704ad
DRIFT-NAT-NOVELTY-018,naturalistic_behavioral,novelty,"An unfamiliar tool appeared during the research note, along with a short technical note. The work continued by",Study-authored naturalistic continuation stem; frozen before capture.,False,,train,"[128000, 2127, 50383, 5507, 9922, 2391, 279, 3495, 5296, 11, 3235, 449, 264, 2875, 11156, 5296, 13, 578, 990, 8738, 555]",21,8726d19ecba088ff9cc24ba4dc1dc1e4f39786fc7ce4cda5256d6b618285d87d,014620f8aead2e9882081907e6b7bcb6b03a7d8876347cab2176abf742890b60,14a2c282b45de44a6d640fc2e6dc1ed04d418f2f10d941f828d9c3c09a4704ad
DRIFT-NAT-NOVELTY-019,naturalistic_behavioral,novelty,"An unfamiliar tool appeared during the delivery route, along with a short technical note. The work continued by",Study-authored naturalistic continuation stem; frozen before capture.,False,,train,"[128000, 2127, 50383, 5507, 9922, 2391, 279, 9889, 6149, 11, 3235, 449, 264, 2875, 11156, 5296, 13, 578, 990, 8738, 555]",21,10b9844c1020498f1c7f2f5443bd4044594fffe921170a4f66cd837da8ed15fd,014620f8aead2e9882081907e6b7bcb6b03a7d8876347cab2176abf742890b60,14a2c282b45de44a6d640fc2e6dc1ed04d418f2f10d941f828d9c3c09a4704ad
DRIFT-NAT-NOVELTY-020,naturalistic_behavioral,novelty,"An unfamiliar tool appeared during the class project, along with a short technical note. The work continued by",Study-authored naturalistic continuation stem; frozen before capture.,False,,train,"[128000, 2127, 50383, 5507, 9922, 2391, 279, 538, 2447, 11, 3235, 449, 264, 2875, 11156, 5296, 13, 578, 990, 8738, 555]",21,34350838ad9d19d29f05181ae37653b344124742ce8deada5ae5c7a15e7f3995,014620f8aead2e9882081907e6b7bcb6b03a7d8876347cab2176abf742890b60,14a2c282b45de44a6d640fc2e6dc1ed04d418f2f10d941f828d9c3c09a4704ad
DRIFT-NAT-NOVELTY-021,naturalistic_behavioral,novelty,"An unfamiliar tool appeared during the neighborhood event, along with a short technical note. The work continued by",Study-authored naturalistic continuation stem; frozen before capture.,False,,validation,"[128000, 2127, 50383, 5507, 9922, 2391, 279, 12818, 1567, 11, 3235, 449, 264, 2875, 11156, 5296, 13, 578, 990, 8738, 555]",21,a05cb41e5d24c8af61c48d39327924896db7f069729998927e4fcd534d5ebdcb,014620f8aead2e9882081907e6b7bcb6b03a7d8876347cab2176abf742890b60,14a2c282b45de44a6d640fc2e6dc1ed04d418f2f10d941f828d9c3c09a4704ad
DRIFT-NAT-NOVELTY-022,naturalistic_behavioral,novelty,"An unfamiliar tool appeared during the household task, along with a short technical note. The work continued by",Study-authored naturalistic continuation stem; frozen before capture.,False,,validation,"[128000, 2127, 50383, 5507, 9922, 2391, 279, 14048, 3465, 11, 3235, 449, 264, 2875, 11156, 5296, 13, 578, 990, 8738, 555]",21,03b9dcc5f8b683e4a27b52baf6f84cf4dfa79ddd6248a1234bc60612237f217e,014620f8aead2e9882081907e6b7bcb6b03a7d8876347cab2176abf742890b60,14a2c282b45de44a6d640fc2e6dc1ed04d418f2f10d941f828d9c3c09a4704ad
DRIFT-NAT-NOVELTY-023,naturalistic_behavioral,novelty,"An unfamiliar tool appeared during the meeting agenda, along with a short technical note. The work continued by",Study-authored naturalistic continuation stem; frozen before capture.,False,,train,"[128000, 2127, 50383, 5507, 9922, 2391, 279, 6574, 18909, 11, 3235, 449, 264, 2875, 11156, 5296, 13, 578, 990, 8738, 555]",21,911d245ea1b37b29b60f5458e0ed6ab0f1a3d946e25faf335ffbc109854acfee,014620f8aead2e9882081907e6b7bcb6b03a7d8876347cab2176abf742890b60,14a2c282b45de44a6d640fc2e6dc1ed04d418f2f10d941f828d9c3c09a4704ad
DRIFT-NAT-NOVELTY-024,naturalistic_behavioral,novelty,"An unfamiliar tool appeared during the weekend activity, along with a short technical note. The work continued by",Study-authored naturalistic continuation stem; frozen before capture.,False,,train,"[128000, 2127, 50383, 5507, 9922, 2391, 279, 9178, 5820, 11, 3235, 449, 264, 2875, 11156, 5296, 13, 578, 990, 8738, 555]",21,91fedc1011267956a1eb912f6028f70cdd7b78108462c397597f00b1f79928ff,014620f8aead2e9882081907e6b7bcb6b03a7d8876347cab2176abf742890b60,14a2c282b45de44a6d640fc2e6dc1ed04d418f2f10d941f828d9c3c09a4704ad
DRIFT-NAT-NOVELTY-025,naturalistic_behavioral,novelty,The usual approach to the community garden was replaced by a newly proposed procedure. The immediate response was,Study-authored naturalistic continuation stem; frozen before capture.,False,,train,"[128000, 791, 13783, 5603, 311, 279, 4029, 13863, 574, 12860, 555, 264, 13945, 11223, 10537, 13, 578, 14247, 2077, 574]",20,c837b018be234ada25830cf4dd533c61bb11d3ac58c58e59cd7572e30549d309,014620f8aead2e9882081907e6b7bcb6b03a7d8876347cab2176abf742890b60,14a2c282b45de44a6d640fc2e6dc1ed04d418f2f10d941f828d9c3c09a4704ad
DRIFT-NAT-NOVELTY-026,naturalistic_behavioral,novelty,The usual approach to the software release was replaced by a newly proposed procedure. The immediate response was,Study-authored naturalistic continuation stem; frozen before capture.,False,,train,"[128000, 791, 13783, 5603, 311, 279, 3241, 4984, 574, 12860, 555, 264, 13945, 11223, 10537, 13, 578, 14247, 2077, 574]",20,89a57bdd35d5abb3c6e3ebeb4a81f5d69af98c2c71e14625f3b186d851804cf2,014620f8aead2e9882081907e6b7bcb6b03a7d8876347cab2176abf742890b60,14a2c282b45de44a6d640fc2e6dc1ed04d418f2f10d941f828d9c3c09a4704ad
DRIFT-NAT-NOVELTY-027,naturalistic_behavioral,novelty,The usual approach to the repair project was replaced by a newly proposed procedure. The immediate response was,Study-authored naturalistic continuation stem; frozen before capture.,False,,train,"[128000, 791, 13783, 5603, 311, 279, 13023, 2447, 574, 12860, 555, 264, 13945, 11223, 10537, 13, 578, 14247, 2077, 574]",20,f522f8db99b304d71f45cf76983f48c884a03b1b7a15180baf24a0eb90d135dc,014620f8aead2e9882081907e6b7bcb6b03a7d8876347cab2176abf742890b60,14a2c282b45de44a6d640fc2e6dc1ed04d418f2f10d941f828d9c3c09a4704ad
DRIFT-NAT-NOVELTY-028,naturalistic_behavioral,novelty,The usual approach to the travel schedule was replaced by a newly proposed procedure. The immediate response was,Study-authored naturalistic continuation stem; frozen before capture.,False,,train,"[128000, 791, 13783, 5603, 311, 279, 5944, 9899, 574, 12860, 555, 264, 13945, 11223, 10537, 13, 578, 14247, 2077, 574]",20,39ff3aaf6ce1dc3f946403ba0c5a397f1149f79327026548dcd679077b42732b,014620f8aead2e9882081907e6b7bcb6b03a7d8876347cab2176abf742890b60,14a2c282b45de44a6d640fc2e6dc1ed04d418f2f10d941f828d9c3c09a4704ad
DRIFT-NAT-NOVELTY-029,naturalistic_behavioral,novelty,The usual approach to the shared workspace was replaced by a newly proposed procedure. The immediate response was,Study-authored naturalistic continuation stem; frozen before capture.,False,,test,"[128000, 791, 13783, 5603, 311, 279, 6222, 28614, 574, 12860, 555, 264, 13945, 11223, 10537, 13, 578, 14247, 2077, 574]",20,2e11e3005a151c190357a872487bba2ddd8e59e86e023af66f8a74a55472a271,014620f8aead2e9882081907e6b7bcb6b03a7d8876347cab2176abf742890b60,14a2c282b45de44a6d640fc2e6dc1ed04d418f2f10d941f828d9c3c09a4704ad
DRIFT-NAT-NOVELTY-030,naturalistic_behavioral,novelty,The usual approach to the research note was replaced by a newly proposed procedure. The immediate response was,Study-authored naturalistic continuation stem; frozen before capture.,False,,train,"[128000, 791, 13783, 5603, 311, 279, 3495, 5296, 574, 12860, 555, 264, 13945, 11223, 10537, 13, 578, 14247, 2077, 574]",20,27d0f619628f6a24f656212f457a6bb651c20f7f56bb320e311aadf1892e1c1a,014620f8aead2e9882081907e6b7bcb6b03a7d8876347cab2176abf742890b60,14a2c282b45de44a6d640fc2e6dc1ed04d418f2f10d941f828d9c3c09a4704ad
DRIFT-NAT-NOVELTY-031,naturalistic_behavioral,novelty,The usual approach to the delivery route was replaced by a newly proposed procedure. The immediate response was,Study-authored naturalistic continuation stem; frozen before capture.,False,,train,"[128000, 791, 13783, 5603, 311, 279, 9889, 6149, 574, 12860, 555, 264, 13945, 11223, 10537, 13, 578, 14247, 2077, 574]",20,4d52faaea5e4e4e9e8e809942602294c60457e49ca8668184b5154f43d239330,014620f8aead2e9882081907e6b7bcb6b03a7d8876347cab2176abf742890b60,14a2c282b45de44a6d640fc2e6dc1ed04d418f2f10d941f828d9c3c09a4704ad
DRIFT-NAT-NOVELTY-032,naturalistic_behavioral,novelty,The usual approach to the class project was replaced by a newly proposed procedure. The immediate response was,Study-authored naturalistic continuation stem; frozen before capture.,False,,validation,"[128000, 791, 13783, 5603, 311, 279, 538, 2447, 574, 12860, 555, 264, 13945, 11223, 10537, 13, 578, 14247, 2077, 574]",20,ca37a4e6c9c46eb9956c828a7a5bd6332e648219e26a66085b4b908dc1973bc1,014620f8aead2e9882081907e6b7bcb6b03a7d8876347cab2176abf742890b60,14a2c282b45de44a6d640fc2e6dc1ed04d418f2f10d941f828d9c3c09a4704ad
DRIFT-NAT-NOVELTY-033,naturalistic_behavioral,novelty,The usual approach to the neighborhood event was replaced by a newly proposed procedure. The immediate response was,Study-authored naturalistic continuation stem; frozen before capture.,False,,train,"[128000, 791, 13783, 5603, 311, 279, 12818, 1567, 574, 12860, 555, 264, 13945, 11223, 10537, 13, 578, 14247, 2077, 574]",20,bd9a98f97b023a7409644478e13a9381bb897115410bd5033d8b20b7d4506472,014620f8aead2e9882081907e6b7bcb6b03a7d8876347cab2176abf742890b60,14a2c282b45de44a6d640fc2e6dc1ed04d418f2f10d941f828d9c3c09a4704ad
DRIFT-NAT-NOVELTY-034,naturalistic_behavioral,novelty,The usual approach to the household task was replaced by a newly proposed procedure. The immediate response was,Study-authored naturalistic continuation stem; frozen before capture.,False,,train,"[128000, 791, 13783, 5603, 311, 279, 14048, 3465, 574, 12860, 555, 264, 13945, 11223, 10537, 13, 578, 14247, 2077, 574]",20,9a74c4ccb53bdfac7f4d4ea344541cdaab8bb1541065e999e9da87a7ecbac112,014620f8aead2e9882081907e6b7bcb6b03a7d8876347cab2176abf742890b60,14a2c282b45de44a6d640fc2e6dc1ed04d418f2f10d941f828d9c3c09a4704ad
DRIFT-NAT-NOVELTY-035,naturalistic_behavioral,novelty,The usual approach to the meeting agenda was replaced by a newly proposed procedure. The immediate response was,Study-authored naturalistic continuation stem; frozen before capture.,False,,test,"[128000, 791, 13783, 5603, 311, 279, 6574, 18909, 574, 12860, 555, 264, 13945, 11223, 10537, 13, 578, 14247, 2077, 574]",20,4cd63b02cc8e02f371db1164102440ab6ff7ad0a7c4e5ab9d722066a30fa09b8,014620f8aead2e9882081907e6b7bcb6b03a7d8876347cab2176abf742890b60,14a2c282b45de44a6d640fc2e6dc1ed04d418f2f10d941f828d9c3c09a4704ad
DRIFT-NAT-NOVELTY-036,naturalistic_behavioral,novelty,The usual approach to the weekend activity was replaced by a newly proposed procedure. The immediate response was,Study-authored naturalistic continuation stem; frozen before capture.,False,,test,"[128000, 791, 13783, 5603, 311, 279, 9178, 5820, 574, 12860, 555, 264, 13945, 11223, 10537, 13, 578, 14247, 2077, 574]",20,b346bf7b03d176cdde1823e95f8df2843e6c18cb6eeaa18c7e2581635eb40abc,014620f8aead2e9882081907e6b7bcb6b03a7d8876347cab2176abf742890b60,14a2c282b45de44a6d640fc2e6dc1ed04d418f2f10d941f828d9c3c09a4704ad
DRIFT-NAT-NOVELTY-037,naturalistic_behavioral,novelty,"A new possibility emerged halfway through the community garden. Before proceeding, the group decided to",Study-authored naturalistic continuation stem; frozen before capture.,False,,test,"[128000, 32, 502, 13336, 22763, 42436, 1555, 279, 4029, 13863, 13, 13538, 39547, 11, 279, 1912, 6773, 311]",18,f26fcb62dce987447fee969b8ce04ad40b6857ba5f21997fc60a163b89005bf1,014620f8aead2e9882081907e6b7bcb6b03a7d8876347cab2176abf742890b60,14a2c282b45de44a6d640fc2e6dc1ed04d418f2f10d941f828d9c3c09a4704ad
DRIFT-NAT-NOVELTY-038,naturalistic_behavioral,novelty,"A new possibility emerged halfway through the software release. Before proceeding, the group decided to",Study-authored naturalistic continuation stem; frozen before capture.,False,,train,"[128000, 32, 502, 13336, 22763, 42436, 1555, 279, 3241, 4984, 13, 13538, 39547, 11, 279, 1912, 6773, 311]",18,5155a18517921be558278095e5a16d081797844b855f9dda4ecd38aa73b6f692,014620f8aead2e9882081907e6b7bcb6b03a7d8876347cab2176abf742890b60,14a2c282b45de44a6d640fc2e6dc1ed04d418f2f10d941f828d9c3c09a4704ad
DRIFT-NAT-NOVELTY-039,naturalistic_behavioral,novelty,"A new possibility emerged halfway through the repair project. Before proceeding, the group decided to",Study-authored naturalistic continuation stem; frozen before capture.,False,,validation,"[128000, 32, 502, 13336, 22763, 42436, 1555, 279, 13023, 2447, 13, 13538, 39547, 11, 279, 1912, 6773, 311]",18,eb05475b553d20c13eea7402859d1a8403db6671a7415b5046c5013648d0bd85,014620f8aead2e9882081907e6b7bcb6b03a7d8876347cab2176abf742890b60,14a2c282b45de44a6d640fc2e6dc1ed04d418f2f10d941f828d9c3c09a4704ad
DRIFT-NAT-NOVELTY-040,naturalistic_behavioral,novelty,"A new possibility emerged halfway through the travel schedule. Before proceeding, the group decided to",Study-authored naturalistic continuation stem; frozen before capture.,False,,train,"[128000, 32, 502, 13336, 22763, 42436, 1555, 279, 5944, 9899, 13, 13538, 39547, 11, 279, 1912, 6773, 311]",18,2648d65c504f496cfd240f00a878e48e03895a5e804a6f8631c1bfb5617054ed,014620f8aead2e9882081907e6b7bcb6b03a7d8876347cab2176abf742890b60,14a2c282b45de44a6d640fc2e6dc1ed04d418f2f10d941f828d9c3c09a4704ad
DRIFT-NAT-NOVELTY-041,naturalistic_behavioral,novelty,"A new possibility emerged halfway through the shared workspace. Before proceeding, the group decided to",Study-authored naturalistic continuation stem; frozen before capture.,False,,train,"[128000, 32, 502, 13336, 22763, 42436, 1555, 279, 6222, 28614, 13, 13538, 39547, 11, 279, 1912, 6773, 311]",18,705471e14efbb043bc4f60775f0b4e637a97d4b575b7776822e08c86f57aae14,014620f8aead2e9882081907e6b7bcb6b03a7d8876347cab2176abf742890b60,14a2c282b45de44a6d640fc2e6dc1ed04d418f2f10d941f828d9c3c09a4704ad
DRIFT-NAT-NOVELTY-042,naturalistic_behavioral,novelty,"A new possibility emerged halfway through the research note. Before proceeding, the group decided to",Study-authored naturalistic continuation stem; frozen before capture.,False,,test,"[128000, 32, 502, 13336, 22763, 42436, 1555, 279, 3495, 5296, 13, 13538, 39547, 11, 279, 1912, 6773, 311]",18,f54089bcbbaa24ef0bd71099ccd50720bb8ef79db2ea4ae0352df3d89de511e4,014620f8aead2e9882081907e6b7bcb6b03a7d8876347cab2176abf742890b60,14a2c282b45de44a6d640fc2e6dc1ed04d418f2f10d941f828d9c3c09a4704ad
DRIFT-NAT-NOVELTY-043,naturalistic_behavioral,novelty,"A new possibility emerged halfway through the delivery route. Before proceeding, the group decided to",Study-authored naturalistic continuation stem; frozen before capture.,False,,train,"[128000, 32, 502, 13336, 22763, 42436, 1555, 279, 9889, 6149, 13, 13538, 39547, 11, 279, 1912, 6773, 311]",18,3c68ac285dacd1b88bd3066cb4272b8df64d02d8f42a5390e83a264cdac7d222,014620f8aead2e9882081907e6b7bcb6b03a7d8876347cab2176abf742890b60,14a2c282b45de44a6d640fc2e6dc1ed04d418f2f10d941f828d9c3c09a4704ad
DRIFT-NAT-NOVELTY-044,naturalistic_behavioral,novelty,"A new possibility emerged halfway through the class project. Before proceeding, the group decided to",Study-authored naturalistic continuation stem; frozen before capture.,False,,validation,"[128000, 32, 502, 13336, 22763, 42436, 1555, 279, 538, 2447, 13, 13538, 39547, 11, 279, 1912, 6773, 311]",18,3e235e007ed70b696eb0318584c7860b8fa838be7801263f63d7d895e4d6522a,014620f8aead2e9882081907e6b7bcb6b03a7d8876347cab2176abf742890b60,14a2c282b45de44a6d640fc2e6dc1ed04d418f2f10d941f828d9c3c09a4704ad
DRIFT-NAT-NOVELTY-045,naturalistic_behavioral,novelty,"A new possibility emerged halfway through the neighborhood event. Before proceeding, the group decided to",Study-authored naturalistic continuation stem; frozen before capture.,False,,train,"[128000, 32, 502, 13336, 22763, 42436, 1555, 279, 12818, 1567, 13, 13538, 39547, 11, 279, 1912, 6773, 311]",18,e98c1bf5929ee32b56a2ecb0dc609202d47e6864d9eb4b0962b0a9e038e02baf,014620f8aead2e9882081907e6b7bcb6b03a7d8876347cab2176abf742890b60,14a2c282b45de44a6d640fc2e6dc1ed04d418f2f10d941f828d9c3c09a4704ad
DRIFT-NAT-NOVELTY-046,naturalistic_behavioral,novelty,"A new possibility emerged halfway through the household task. Before proceeding, the group decided to",Study-authored naturalistic continuation stem; frozen before capture.,False,,validation,"[128000, 32, 502, 13336, 22763, 42436, 1555, 279, 14048, 3465, 13, 13538, 39547, 11, 279, 1912, 6773, 311]",18,4e90128e92922f5738d50f0e82200cd1ba437b22a842804c7eb272bc7f43b92c,014620f8aead2e9882081907e6b7bcb6b03a7d8876347cab2176abf742890b60,14a2c282b45de44a6d640fc2e6dc1ed04d418f2f10d941f828d9c3c09a4704ad
DRIFT-NAT-NOVELTY-047,naturalistic_behavioral,novelty,"A new possibility emerged halfway through the meeting agenda. Before proceeding, the group decided to",Study-authored naturalistic continuation stem; frozen before capture.,False,,train,"[128000, 32, 502, 13336, 22763, 42436, 1555, 279, 6574, 18909, 13, 13538, 39547, 11, 279, 1912, 6773, 311]",18,ce01b7dc6397f3d9bc1f85cc1a49fe2908804845fb48fd44e1a96a907a762e1a,014620f8aead2e9882081907e6b7bcb6b03a7d8876347cab2176abf742890b60,14a2c282b45de44a6d640fc2e6dc1ed04d418f2f10d941f828d9c3c09a4704ad
DRIFT-NAT-NOVELTY-048,naturalistic_behavioral,novelty,"A new possibility emerged halfway through the weekend activity. Before proceeding, the group decided to",Study-authored naturalistic continuation stem; frozen before capture.,False,,train,"[128000, 32, 502, 13336, 22763, 42436, 1555, 279, 9178, 5820, 13, 13538, 39547, 11, 279, 1912, 6773, 311]",18,910284c7173d2cf956ce417225aedc500cecc49f8b0e4f3ec742d952e271df5e,014620f8aead2e9882081907e6b7bcb6b03a7d8876347cab2176abf742890b60,14a2c282b45de44a6d640fc2e6dc1ed04d418f2f10d941f828d9c3c09a4704ad
DRIFT-NAT-ROUTINE-001,naturalistic_behavioral,routine,"The established procedure for the community garden began at the usual time. Once the first check was complete,",Study-authored naturalistic continuation stem; frozen before capture.,False,,train,"[128000, 791, 9749, 10537, 369, 279, 4029, 13863, 6137, 520, 279, 13783, 892, 13, 9843, 279, 1176, 1817, 574, 4686, 11]",21,9552363b24de62d186e95da8d9f5f56f5e34157f8c9bc4ce2c5ec3142a27b744,014620f8aead2e9882081907e6b7bcb6b03a7d8876347cab2176abf742890b60,14a2c282b45de44a6d640fc2e6dc1ed04d418f2f10d941f828d9c3c09a4704ad
DRIFT-NAT-ROUTINE-002,naturalistic_behavioral,routine,"The established procedure for the software release began at the usual time. Once the first check was complete,",Study-authored naturalistic continuation stem; frozen before capture.,False,,validation,"[128000, 791, 9749, 10537, 369, 279, 3241, 4984, 6137, 520, 279, 13783, 892, 13, 9843, 279, 1176, 1817, 574, 4686, 11]",21,6e91cd6cbdbcdc1e5f9d072133b52ffd0c721b127a00e8489d520397bb63216a,014620f8aead2e9882081907e6b7bcb6b03a7d8876347cab2176abf742890b60,14a2c282b45de44a6d640fc2e6dc1ed04d418f2f10d941f828d9c3c09a4704ad
DRIFT-NAT-ROUTINE-003,naturalistic_behavioral,routine,"The established procedure for the repair project began at the usual time. Once the first check was complete,",Study-authored naturalistic continuation stem; frozen before capture.,False,,validation,"[128000, 791, 9749, 10537, 369, 279, 13023, 2447, 6137, 520, 279, 13783, 892, 13, 9843, 279, 1176, 1817, 574, 4686, 11]",21,a1c582ab57d6c17c85abd83f79dc63e17b36ade17a84b7520e7527f37366ec80,014620f8aead2e9882081907e6b7bcb6b03a7d8876347cab2176abf742890b60,14a2c282b45de44a6d640fc2e6dc1ed04d418f2f10d941f828d9c3c09a4704ad
DRIFT-NAT-ROUTINE-004,naturalistic_behavioral,routine,"The established procedure for the travel schedule began at the usual time. Once the first check was complete,",Study-authored naturalistic continuation stem; frozen before capture.,False,,train,"[128000, 791, 9749, 10537, 369, 279, 5944, 9899, 6137, 520, 279, 13783, 892, 13, 9843, 279, 1176, 1817, 574, 4686, 11]",21,80163536630185e12237479ff8539f6cdbcebdbf05fa211a0e192f4d7b0c79ee,014620f8aead2e9882081907e6b7bcb6b03a7d8876347cab2176abf742890b60,14a2c282b45de44a6d640fc2e6dc1ed04d418f2f10d941f828d9c3c09a4704ad
DRIFT-NAT-ROUTINE-005,naturalistic_behavioral,routine,"The established procedure for the shared workspace began at the usual time. Once the first check was complete,",Study-authored naturalistic continuation stem; frozen before capture.,False,,test,"[128000, 791, 9749, 10537, 369, 279, 6222, 28614, 6137, 520, 279, 13783, 892, 13, 9843, 279, 1176, 1817, 574, 4686, 11]",21,4d7bd12e0c12154f11d7977d341e312480c385c3ceb08f3a1b768c194d3581ce,014620f8aead2e9882081907e6b7bcb6b03a7d8876347cab2176abf742890b60,14a2c282b45de44a6d640fc2e6dc1ed04d418f2f10d941f828d9c3c09a4704ad
DRIFT-NAT-ROUTINE-006,naturalistic_behavioral,routine,"The established procedure for the research note began at the usual time. Once the first check was complete,",Study-authored naturalistic continuation stem; frozen before capture.,False,,train,"[128000, 791, 9749, 10537, 369, 279, 3495, 5296, 6137, 520, 279, 13783, 892, 13, 9843, 279, 1176, 1817, 574, 4686, 11]",21,172b3aa0a0c56fa4c05aa8e813596132cafafd71d1012839a10448f35ce662c0,014620f8aead2e9882081907e6b7bcb6b03a7d8876347cab2176abf742890b60,14a2c282b45de44a6d640fc2e6dc1ed04d418f2f10d941f828d9c3c09a4704ad
DRIFT-NAT-ROUTINE-007,naturalistic_behavioral,routine,"The established procedure for the delivery route began at the usual time. Once the first check was complete,",Study-authored naturalistic continuation stem; frozen before capture.,False,,train,"[128000, 791, 9749, 10537, 369, 279, 9889, 6149, 6137, 520, 279, 13783, 892, 13, 9843, 279, 1176, 1817, 574, 4686, 11]",21,975a445fbd097178d8f40b1a3b99dd2f1dfe9ebce1aa7234e7c3b00fd2397409,014620f8aead2e9882081907e6b7bcb6b03a7d8876347cab2176abf742890b60,14a2c282b45de44a6d640fc2e6dc1ed04d418f2f10d941f828d9c3c09a4704ad
DRIFT-NAT-ROUTINE-008,naturalistic_behavioral,routine,"The established procedure for the class project began at the usual time. Once the first check was complete,",Study-authored naturalistic continuation stem; frozen before capture.,False,,train,"[128000, 791, 9749, 10537, 369, 279, 538, 2447, 6137, 520, 279, 13783, 892, 13, 9843, 279, 1176, 1817, 574, 4686, 11]",21,a6e4b6e1db381227c384be1e77be22dc7cad0ccd0ffeaffca91298c8c8d94c1b,014620f8aead2e9882081907e6b7bcb6b03a7d8876347cab2176abf742890b60,14a2c282b45de44a6d640fc2e6dc1ed04d418f2f10d941f828d9c3c09a4704ad
DRIFT-NAT-ROUTINE-009,naturalistic_behavioral,routine,"The established procedure for the neighborhood event began at the usual time. Once the first check was complete,",Study-authored naturalistic continuation stem; frozen before capture.,False,,train,"[128000, 791, 9749, 10537, 369, 279, 12818, 1567, 6137, 520, 279, 13783, 892, 13, 9843, 279, 1176, 1817, 574, 4686, 11]",21,7f4892a858d656ec9b7fa238cf28af0fdb6916cd83ba47667d945e08205865d7,014620f8aead2e9882081907e6b7bcb6b03a7d8876347cab2176abf742890b60,14a2c282b45de44a6d640fc2e6dc1ed04d418f2f10d941f828d9c3c09a4704ad
DRIFT-NAT-ROUTINE-010,naturalistic_behavioral,routine,"The established procedure for the household task began at the usual time. Once the first check was complete,",Study-authored naturalistic continuation stem; frozen before capture.,False,,validation,"[128000, 791, 9749, 10537, 369, 279, 14048, 3465, 6137, 520, 279, 13783, 892, 13, 9843, 279, 1176, 1817, 574, 4686, 11]",21,13b0dcefc294f1b569a10474e7eef07ab3a32cc6d95230705bdcc6ce24aa7391,014620f8aead2e9882081907e6b7bcb6b03a7d8876347cab2176abf742890b60,14a2c282b45de44a6d640fc2e6dc1ed04d418f2f10d941f828d9c3c09a4704ad
DRIFT-NAT-ROUTINE-011,naturalistic_behavioral,routine,"The established procedure for the meeting agenda began at the usual time. Once the first check was complete,",Study-authored naturalistic continuation stem; frozen before capture.,False,,validation,"[128000, 791, 9749, 10537, 369, 279, 6574, 18909, 6137, 520, 279, 13783, 892, 13, 9843, 279, 1176, 1817, 574, 4686, 11]",21,4956dd5e4c05d78466fe3affdaef916808f099c28f73dc997e1f3a897c7782c2,014620f8aead2e9882081907e6b7bcb6b03a7d8876347cab2176abf742890b60,14a2c282b45de44a6d640fc2e6dc1ed04d418f2f10d941f828d9c3c09a4704ad
DRIFT-NAT-ROUTINE-012,naturalistic_behavioral,routine,"The established procedure for the weekend activity began at the usual time. Once the first check was complete,",Study-authored naturalistic continuation stem; frozen before capture.,False,,validation,"[128000, 791, 9749, 10537, 369, 279, 9178, 5820, 6137, 520, 279, 13783, 892, 13, 9843, 279, 1176, 1817, 574, 4686, 11]",21,aeecfa4316a593d2d4f908576fa3aaaa7568ddef3b156c0a1965af4600cf49b6,014620f8aead2e9882081907e6b7bcb6b03a7d8876347cab2176abf742890b60,14a2c282b45de44a6d640fc2e6dc1ed04d418f2f10d941f828d9c3c09a4704ad
DRIFT-NAT-ROUTINE-013,naturalistic_behavioral,routine,The community garden followed the same sequence used on earlier occasions. The next familiar action was,Study-authored naturalistic continuation stem; frozen before capture.,False,,test,"[128000, 791, 4029, 13863, 8272, 279, 1890, 8668, 1511, 389, 6931, 25975, 13, 578, 1828, 11537, 1957, 574]",18,5049969f61381b0718347f12d7c42baf293af486e6a6bf395aaaedf15c595ff4,014620f8aead2e9882081907e6b7bcb6b03a7d8876347cab2176abf742890b60,14a2c282b45de44a6d640fc2e6dc1ed04d418f2f10d941f828d9c3c09a4704ad
DRIFT-NAT-ROUTINE-014,naturalistic_behavioral,routine,The software release followed the same sequence used on earlier occasions. The next familiar action was,Study-authored naturalistic continuation stem; frozen before capture.,False,,train,"[128000, 791, 3241, 4984, 8272, 279, 1890, 8668, 1511, 389, 6931, 25975, 13, 578, 1828, 11537, 1957, 574]",18,49e7e529881ff1dc8b263bd063a4555d090647a22cbf9e94133ab3348ac0e286,014620f8aead2e9882081907e6b7bcb6b03a7d8876347cab2176abf742890b60,14a2c282b45de44a6d640fc2e6dc1ed04d418f2f10d941f828d9c3c09a4704ad
DRIFT-NAT-ROUTINE-015,naturalistic_behavioral,routine,The repair project followed the same sequence used on earlier occasions. The next familiar action was,Study-authored naturalistic continuation stem; frozen before capture.,False,,validation,"[128000, 791, 13023, 2447, 8272, 279, 1890, 8668, 1511, 389, 6931, 25975, 13, 578, 1828, 11537, 1957, 574]",18,a6625ff30a0961b9a7b0739f34d4a14f0c47903ba4be52f9184015b8dd508aa3,014620f8aead2e9882081907e6b7bcb6b03a7d8876347cab2176abf742890b60,14a2c282b45de44a6d640fc2e6dc1ed04d418f2f10d941f828d9c3c09a4704ad
DRIFT-NAT-ROUTINE-016,naturalistic_behavioral,routine,The travel schedule followed the same sequence used on earlier occasions. The next familiar action was,Study-authored naturalistic continuation stem; frozen before capture.,False,,train,"[128000, 791, 5944, 9899, 8272, 279, 1890, 8668, 1511, 389, 6931, 25975, 13, 578, 1828, 11537, 1957, 574]",18,3f3d9345086fc4c1d80b02aa6731e02ca8bfa63ff9190eac3b9aa81fdf9499a9,014620f8aead2e9882081907e6b7bcb6b03a7d8876347cab2176abf742890b60,14a2c282b45de44a6d640fc2e6dc1ed04d418f2f10d941f828d9c3c09a4704ad
DRIFT-NAT-ROUTINE-017,naturalistic_behavioral,routine,The shared workspace followed the same sequence used on earlier occasions. The next familiar action was,Study-authored naturalistic continuation stem; frozen before capture.,False,,train,"[128000, 791, 6222, 28614, 8272, 279, 1890, 8668, 1511, 389, 6931, 25975, 13, 578, 1828, 11537, 1957, 574]",18,6969c403356305bd2bcf709bfdaee805bc3e0cc514fa1b3c16d5cd880120c41a,014620f8aead2e9882081907e6b7bcb6b03a7d8876347cab2176abf742890b60,14a2c282b45de44a6d640fc2e6dc1ed04d418f2f10d941f828d9c3c09a4704ad
DRIFT-NAT-ROUTINE-018,naturalistic_behavioral,routine,The research note followed the same sequence used on earlier occasions. The next familiar action was,Study-authored naturalistic continuation stem; frozen before capture.,False,,train,"[128000, 791, 3495, 5296, 8272, 279, 1890, 8668, 1511, 389, 6931, 25975, 13, 578, 1828, 11537, 1957, 574]",18,c39f470f5284ecc402e49308dd1a36e4cabe566695dc894ef3893f50c188f2c8,014620f8aead2e9882081907e6b7bcb6b03a7d8876347cab2176abf742890b60,14a2c282b45de44a6d640fc2e6dc1ed04d418f2f10d941f828d9c3c09a4704ad
DRIFT-NAT-ROUTINE-019,naturalistic_behavioral,routine,The delivery route followed the same sequence used on earlier occasions. The next familiar action was,Study-authored naturalistic continuation stem; frozen before capture.,False,,train,"[128000, 791, 9889, 6149, 8272, 279, 1890, 8668, 1511, 389, 6931, 25975, 13, 578, 1828, 11537, 1957, 574]",18,d63fc6a9742611421010fc3e54346c9e8706b15021be7aa35952c52a504755a7,014620f8aead2e9882081907e6b7bcb6b03a7d8876347cab2176abf742890b60,14a2c282b45de44a6d640fc2e6dc1ed04d418f2f10d941f828d9c3c09a4704ad
DRIFT-NAT-ROUTINE-020,naturalistic_behavioral,routine,The class project followed the same sequence used on earlier occasions. The next familiar action was,Study-authored naturalistic continuation stem; frozen before capture.,False,,test,"[128000, 791, 538, 2447, 8272, 279, 1890, 8668, 1511, 389, 6931, 25975, 13, 578, 1828, 11537, 1957, 574]",18,a801bda1164acd1ec0943326ff726f48902ab51f4ca428d0c8998a6d439b0c58,014620f8aead2e9882081907e6b7bcb6b03a7d8876347cab2176abf742890b60,14a2c282b45de44a6d640fc2e6dc1ed04d418f2f10d941f828d9c3c09a4704ad
DRIFT-NAT-ROUTINE-021,naturalistic_behavioral,routine,The neighborhood event followed the same sequence used on earlier occasions. The next familiar action was,Study-authored naturalistic continuation stem; frozen before capture.,False,,train,"[128000, 791, 12818, 1567, 8272, 279, 1890, 8668, 1511, 389, 6931, 25975, 13, 578, 1828, 11537, 1957, 574]",18,3541971c0a28648128201a03de639a861bc843b653175f21ac8cb15156bdd9c8,014620f8aead2e9882081907e6b7bcb6b03a7d8876347cab2176abf742890b60,14a2c282b45de44a6d640fc2e6dc1ed04d418f2f10d941f828d9c3c09a4704ad
DRIFT-NAT-ROUTINE-022,naturalistic_behavioral,routine,The household task followed the same sequence used on earlier occasions. The next familiar action was,Study-authored naturalistic continuation stem; frozen before capture.,False,,test,"[128000, 791, 14048, 3465, 8272, 279, 1890, 8668, 1511, 389, 6931, 25975, 13, 578, 1828, 11537, 1957, 574]",18,f2805cb8896ffb4f5e7bed8e5b1b264624d42169ef269b4bca6ca1550ff2af76,014620f8aead2e9882081907e6b7bcb6b03a7d8876347cab2176abf742890b60,14a2c282b45de44a6d640fc2e6dc1ed04d418f2f10d941f828d9c3c09a4704ad
DRIFT-NAT-ROUTINE-023,naturalistic_behavioral,routine,The meeting agenda followed the same sequence used on earlier occasions. The next familiar action was,Study-authored naturalistic continuation stem; frozen before capture.,False,,test,"[128000, 791, 6574, 18909, 8272, 279, 1890, 8668, 1511, 389, 6931, 25975, 13, 578, 1828, 11537, 1957, 574]",18,e0c9f979f2720acdfaa8752a21acee8b1cc7cf132dd7e045b67a1479228bb591,014620f8aead2e9882081907e6b7bcb6b03a7d8876347cab2176abf742890b60,14a2c282b45de44a6d640fc2e6dc1ed04d418f2f10d941f828d9c3c09a4704ad
DRIFT-NAT-ROUTINE-024,naturalistic_behavioral,routine,The weekend activity followed the same sequence used on earlier occasions. The next familiar action was,Study-authored naturalistic continuation stem; frozen before capture.,False,,train,"[128000, 791, 9178, 5820, 8272, 279, 1890, 8668, 1511, 389, 6931, 25975, 13, 578, 1828, 11537, 1957, 574]",18,497bca7e0bdf6e3ec74c2665bf9e964899b171d283bbbca8999300d1a5cb51f1,014620f8aead2e9882081907e6b7bcb6b03a7d8876347cab2176abf742890b60,14a2c282b45de44a6d640fc2e6dc1ed04d418f2f10d941f828d9c3c09a4704ad
DRIFT-NAT-ROUTINE-025,naturalistic_behavioral,routine,A standard checklist guided the community garden from the opening step. The process continued with,Study-authored naturalistic continuation stem; frozen before capture.,False,,train,"[128000, 32, 5410, 53673, 33687, 279, 4029, 13863, 505, 279, 8736, 3094, 13, 578, 1920, 8738, 449]",17,fcf64553aa40ae62d4bbda4c93b6a131185a22cc3f009949d844f6de114dbe86,014620f8aead2e9882081907e6b7bcb6b03a7d8876347cab2176abf742890b60,14a2c282b45de44a6d640fc2e6dc1ed04d418f2f10d941f828d9c3c09a4704ad
DRIFT-NAT-ROUTINE-026,naturalistic_behavioral,routine,A standard checklist guided the software release from the opening step. The process continued with,Study-authored naturalistic continuation stem; frozen before capture.,False,,train,"[128000, 32, 5410, 53673, 33687, 279, 3241, 4984, 505, 279, 8736, 3094, 13, 578, 1920, 8738, 449]",17,e9dca53af17fd51f97fa6baa1cce6f129aaffa92959841ccf63f4d8a4bf2c13d,014620f8aead2e9882081907e6b7bcb6b03a7d8876347cab2176abf742890b60,14a2c282b45de44a6d640fc2e6dc1ed04d418f2f10d941f828d9c3c09a4704ad
DRIFT-NAT-ROUTINE-027,naturalistic_behavioral,routine,A standard checklist guided the repair project from the opening step. The process continued with,Study-authored naturalistic continuation stem; frozen before capture.,False,,test,"[128000, 32, 5410, 53673, 33687, 279, 13023, 2447, 505, 279, 8736, 3094, 13, 578, 1920, 8738, 449]",17,c1eced249234c82b726b265b87a6ea483c346a3a059e9f3328a46493bde18ae7,014620f8aead2e9882081907e6b7bcb6b03a7d8876347cab2176abf742890b60,14a2c282b45de44a6d640fc2e6dc1ed04d418f2f10d941f828d9c3c09a4704ad
DRIFT-NAT-ROUTINE-028,naturalistic_behavioral,routine,A standard checklist guided the travel schedule from the opening step. The process continued with,Study-authored naturalistic continuation stem; frozen before capture.,False,,validation,"[128000, 32, 5410, 53673, 33687, 279, 5944, 9899, 505, 279, 8736, 3094, 13, 578, 1920, 8738, 449]",17,85bbc9e785402fbda36bef08b4f462834d23f11b1a4684d7097b0e57ae09ee7d,014620f8aead2e9882081907e6b7bcb6b03a7d8876347cab2176abf742890b60,14a2c282b45de44a6d640fc2e6dc1ed04d418f2f10d941f828d9c3c09a4704ad
DRIFT-NAT-ROUTINE-029,naturalistic_behavioral,routine,A standard checklist guided the shared workspace from the opening step. The process continued with,Study-authored naturalistic continuation stem; frozen before capture.,False,,train,"[128000, 32, 5410, 53673, 33687, 279, 6222, 28614, 505, 279, 8736, 3094, 13, 578, 1920, 8738, 449]",17,c89492b3bb179c4806352d52d8448d47a4ae5ccacbb31c17dc114a89075ea6e2,014620f8aead2e9882081907e6b7bcb6b03a7d8876347cab2176abf742890b60,14a2c282b45de44a6d640fc2e6dc1ed04d418f2f10d941f828d9c3c09a4704ad
DRIFT-NAT-ROUTINE-030,naturalistic_behavioral,routine,A standard checklist guided the research note from the opening step. The process continued with,Study-authored naturalistic continuation stem; frozen before capture.,False,,test,"[128000, 32, 5410, 53673, 33687, 279, 3495, 5296, 505, 279, 8736, 3094, 13, 578, 1920, 8738, 449]",17,148e5cc094905795d71f5af92d79c061e1e2cccde5b03bf851cc40176e571fc9,014620f8aead2e9882081907e6b7bcb6b03a7d8876347cab2176abf742890b60,14a2c282b45de44a6d640fc2e6dc1ed04d418f2f10d941f828d9c3c09a4704ad
DRIFT-NAT-ROUTINE-031,naturalistic_behavioral,routine,A standard checklist guided the delivery route from the opening step. The process continued with,Study-authored naturalistic continuation stem; frozen before capture.,False,,train,"[128000, 32, 5410, 53673, 33687, 279, 9889, 6149, 505, 279, 8736, 3094, 13, 578, 1920, 8738, 449]",17,17a2cfa2f8ba274f09dc1536caf84c5ecf4566f679526b5d43d9c3345edcca5b,014620f8aead2e9882081907e6b7bcb6b03a7d8876347cab2176abf742890b60,14a2c282b45de44a6d640fc2e6dc1ed04d418f2f10d941f828d9c3c09a4704ad
DRIFT-NAT-ROUTINE-032,naturalistic_behavioral,routine,A standard checklist guided the class project from the opening step. The process continued with,Study-authored naturalistic continuation stem; frozen before capture.,False,,train,"[128000, 32, 5410, 53673, 33687, 279, 538, 2447, 505, 279, 8736, 3094, 13, 578, 1920, 8738, 449]",17,51701b5ba280d94f7f1db7b6b17dab953ca162a702fde786e5ae3672911bfadd,014620f8aead2e9882081907e6b7bcb6b03a7d8876347cab2176abf742890b60,14a2c282b45de44a6d640fc2e6dc1ed04d418f2f10d941f828d9c3c09a4704ad
DRIFT-NAT-ROUTINE-033,naturalistic_behavioral,routine,A standard checklist guided the neighborhood event from the opening step. The process continued with,Study-authored naturalistic continuation stem; frozen before capture.,False,,test,"[128000, 32, 5410, 53673, 33687, 279, 12818, 1567, 505, 279, 8736, 3094, 13, 578, 1920, 8738, 449]",17,7b25eae4d6f59fcefa60d3d389496321b582eac7ec30a78602d1bf7253abcf7d,014620f8aead2e9882081907e6b7bcb6b03a7d8876347cab2176abf742890b60,14a2c282b45de44a6d640fc2e6dc1ed04d418f2f10d941f828d9c3c09a4704ad
DRIFT-NAT-ROUTINE-034,naturalistic_behavioral,routine,A standard checklist guided the household task from the opening step. The process continued with,Study-authored naturalistic continuation stem; frozen before capture.,False,,validation,"[128000, 32, 5410, 53673, 33687, 279, 14048, 3465, 505, 279, 8736, 3094, 13, 578, 1920, 8738, 449]",17,e1d8cf26b44712c4b1cbcc371b0921d94116699d6186cf306e5283454d6b60f3,014620f8aead2e9882081907e6b7bcb6b03a7d8876347cab2176abf742890b60,14a2c282b45de44a6d640fc2e6dc1ed04d418f2f10d941f828d9c3c09a4704ad
DRIFT-NAT-ROUTINE-035,naturalistic_behavioral,routine,A standard checklist guided the meeting agenda from the opening step. The process continued with,Study-authored naturalistic continuation stem; frozen before capture.,False,,test,"[128000, 32, 5410, 53673, 33687, 279, 6574, 18909, 505, 279, 8736, 3094, 13, 578, 1920, 8738, 449]",17,d470d2ef7d61faf792c2965bbe1e1c2ddd97070cc819846eb4748b5206a3520b,014620f8aead2e9882081907e6b7bcb6b03a7d8876347cab2176abf742890b60,14a2c282b45de44a6d640fc2e6dc1ed04d418f2f10d941f828d9c3c09a4704ad
DRIFT-NAT-ROUTINE-036,naturalistic_behavioral,routine,A standard checklist guided the weekend activity from the opening step. The process continued with,Study-authored naturalistic continuation stem; frozen before capture.,False,,train,"[128000, 32, 5410, 53673, 33687, 279, 9178, 5820, 505, 279, 8736, 3094, 13, 578, 1920, 8738, 449]",17,163084c0cb84fcb436f5e7eacdb33740e636d4d9f4b80f259c0d21f1be2f3346,014620f8aead2e9882081907e6b7bcb6b03a7d8876347cab2176abf742890b60,14a2c282b45de44a6d640fc2e6dc1ed04d418f2f10d941f828d9c3c09a4704ad
DRIFT-NAT-ROUTINE-037,naturalistic_behavioral,routine,"The recurring community garden reached the point marked in the regular schedule. At that point,",Study-authored naturalistic continuation stem; frozen before capture.,False,,train,"[128000, 791, 46350, 4029, 13863, 8813, 279, 1486, 13160, 304, 279, 5912, 9899, 13, 2468, 430, 1486, 11]",18,1148fa66bd8eb3288500de7c048011027872ccef86cf7b01bcc5681cbc75a3c0,014620f8aead2e9882081907e6b7bcb6b03a7d8876347cab2176abf742890b60,14a2c282b45de44a6d640fc2e6dc1ed04d418f2f10d941f828d9c3c09a4704ad
DRIFT-NAT-ROUTINE-038,naturalistic_behavioral,routine,"The recurring software release reached the point marked in the regular schedule. At that point,",Study-authored naturalistic continuation stem; frozen before capture.,False,,train,"[128000, 791, 46350, 3241, 4984, 8813, 279, 1486, 13160, 304, 279, 5912, 9899, 13, 2468, 430, 1486, 11]",18,bcc5cc09e5284025d9d881e7b073029a2496269903af14dd4497152bb57c2949,014620f8aead2e9882081907e6b7bcb6b03a7d8876347cab2176abf742890b60,14a2c282b45de44a6d640fc2e6dc1ed04d418f2f10d941f828d9c3c09a4704ad
DRIFT-NAT-ROUTINE-039,naturalistic_behavioral,routine,"The recurring repair project reached the point marked in the regular schedule. At that point,",Study-authored naturalistic continuation stem; frozen before capture.,False,,train,"[128000, 791, 46350, 13023, 2447, 8813, 279, 1486, 13160, 304, 279, 5912, 9899, 13, 2468, 430, 1486, 11]",18,5b54b25144cc3b95964150432cd889cec6ef6662c940876df644c4212fe042bf,014620f8aead2e9882081907e6b7bcb6b03a7d8876347cab2176abf742890b60,14a2c282b45de44a6d640fc2e6dc1ed04d418f2f10d941f828d9c3c09a4704ad
DRIFT-NAT-ROUTINE-040,naturalistic_behavioral,routine,"The recurring travel schedule reached the point marked in the regular schedule. At that point,",Study-authored naturalistic continuation stem; frozen before capture.,False,,train,"[128000, 791, 46350, 5944, 9899, 8813, 279, 1486, 13160, 304, 279, 5912, 9899, 13, 2468, 430, 1486, 11]",18,159fe18edf1a9c2be5a1116b6035de38e045907b825821eb5e0d494f752b99a3,014620f8aead2e9882081907e6b7bcb6b03a7d8876347cab2176abf742890b60,14a2c282b45de44a6d640fc2e6dc1ed04d418f2f10d941f828d9c3c09a4704ad
DRIFT-NAT-ROUTINE-041,naturalistic_behavioral,routine,"The recurring shared workspace reached the point marked in the regular schedule. At that point,",Study-authored naturalistic continuation stem; frozen before capture.,False,,train,"[128000, 791, 46350, 6222, 28614, 8813, 279, 1486, 13160, 304, 279, 5912, 9899, 13, 2468, 430, 1486, 11]",18,1ce12910fc0fece1bb0b1db517fc5b00ecd18209ffcc69d2eb374ea46e1e0dca,014620f8aead2e9882081907e6b7bcb6b03a7d8876347cab2176abf742890b60,14a2c282b45de44a6d640fc2e6dc1ed04d418f2f10d941f828d9c3c09a4704ad
DRIFT-NAT-ROUTINE-042,naturalistic_behavioral,routine,"The recurring research note reached the point marked in the regular schedule. At that point,",Study-authored naturalistic continuation stem; frozen before capture.,False,,test,"[128000, 791, 46350, 3495, 5296, 8813, 279, 1486, 13160, 304, 279, 5912, 9899, 13, 2468, 430, 1486, 11]",18,f77144a20eca3d8ec3563384a11a604a6a47bd54cb808e56d77015e97886ccdc,014620f8aead2e9882081907e6b7bcb6b03a7d8876347cab2176abf742890b60,14a2c282b45de44a6d640fc2e6dc1ed04d418f2f10d941f828d9c3c09a4704ad
DRIFT-NAT-ROUTINE-043,naturalistic_behavioral,routine,"The recurring delivery route reached the point marked in the regular schedule. At that point,",Study-authored naturalistic continuation stem; frozen before capture.,False,,train,"[128000, 791, 46350, 9889, 6149, 8813, 279, 1486, 13160, 304, 279, 5912, 9899, 13, 2468, 430, 1486, 11]",18,61e0b5be1b9f507fe5b741ac78510ed26d2e95b532ff173c982c3c1cbfd78a0d,014620f8aead2e9882081907e6b7bcb6b03a7d8876347cab2176abf742890b60,14a2c282b45de44a6d640fc2e6dc1ed04d418f2f10d941f828d9c3c09a4704ad
DRIFT-NAT-ROUTINE-044,naturalistic_behavioral,routine,"The recurring class project reached the point marked in the regular schedule. At that point,",Study-authored naturalistic continuation stem; frozen before capture.,False,,train,"[128000, 791, 46350, 538, 2447, 8813, 279, 1486, 13160, 304, 279, 5912, 9899, 13, 2468, 430, 1486, 11]",18,f2046c4dcc2ec7027f5d9534ddd570f0ecfa0daf5ff7a3b73a2fb320b4a5e045,014620f8aead2e9882081907e6b7bcb6b03a7d8876347cab2176abf742890b60,14a2c282b45de44a6d640fc2e6dc1ed04d418f2f10d941f828d9c3c09a4704ad
DRIFT-NAT-ROUTINE-045,naturalistic_behavioral,routine,"The recurring neighborhood event reached the point marked in the regular schedule. At that point,",Study-authored naturalistic continuation stem; frozen before capture.,False,,train,"[128000, 791, 46350, 12818, 1567, 8813, 279, 1486, 13160, 304, 279, 5912, 9899, 13, 2468, 430, 1486, 11]",18,5e7aa18e2d0db971a3a1f51a9c2d7d5d5171d08444bfcb66b59104e091685f24,014620f8aead2e9882081907e6b7bcb6b03a7d8876347cab2176abf742890b60,14a2c282b45de44a6d640fc2e6dc1ed04d418f2f10d941f828d9c3c09a4704ad
DRIFT-NAT-ROUTINE-046,naturalistic_behavioral,routine,"The recurring household task reached the point marked in the regular schedule. At that point,",Study-authored naturalistic continuation stem; frozen before capture.,False,,train,"[128000, 791, 46350, 14048, 3465, 8813, 279, 1486, 13160, 304, 279, 5912, 9899, 13, 2468, 430, 1486, 11]",18,897252434214365af581a21a8720b9ad1099b9bf6494310cf4abc4a6cdd2bbf6,014620f8aead2e9882081907e6b7bcb6b03a7d8876347cab2176abf742890b60,14a2c282b45de44a6d640fc2e6dc1ed04d418f2f10d941f828d9c3c09a4704ad
DRIFT-NAT-ROUTINE-047,naturalistic_behavioral,routine,"The recurring meeting agenda reached the point marked in the regular schedule. At that point,",Study-authored naturalistic continuation stem; frozen before capture.,False,,train,"[128000, 791, 46350, 6574, 18909, 8813, 279, 1486, 13160, 304, 279, 5912, 9899, 13, 2468, 430, 1486, 11]",18,ffbdbcdb2cd989420a6c8c47af1ab121e1582d9cd262e4f9a73a015e2b2b88a3,014620f8aead2e9882081907e6b7bcb6b03a7d8876347cab2176abf742890b60,14a2c282b45de44a6d640fc2e6dc1ed04d418f2f10d941f828d9c3c09a4704ad
DRIFT-NAT-ROUTINE-048,naturalistic_behavioral,routine,"The recurring weekend activity reached the point marked in the regular schedule. At that point,",Study-authored naturalistic continuation stem; frozen before capture.,False,,train,"[128000, 791, 46350, 9178, 5820, 8813, 279, 1486, 13160, 304, 279, 5912, 9899, 13, 2468, 430, 1486, 11]",18,548052cd223da0c7b37684644c2756849384d6c73517c0aafed4034ebb626145,014620f8aead2e9882081907e6b7bcb6b03a7d8876347cab2176abf742890b60,14a2c282b45de44a6d640fc2e6dc1ed04d418f2f10d941f828d9c3c09a4704ad
DRIFT-NAT-UNCERTAINTY-001,naturalistic_behavioral,uncertainty,"A key detail about the community garden remained unconfirmed. With the available information, the next step was",Study-authored naturalistic continuation stem; frozen before capture.,False,,validation,"[128000, 32, 1401, 7872, 922, 279, 4029, 13863, 14958, 653, 42128, 13, 3161, 279, 2561, 2038, 11, 279, 1828, 3094, 574]",21,e75f77b8757ded09497a784740dceac2825079c8082ca37d7a09ab2cea418730,014620f8aead2e9882081907e6b7bcb6b03a7d8876347cab2176abf742890b60,14a2c282b45de44a6d640fc2e6dc1ed04d418f2f10d941f828d9c3c09a4704ad
DRIFT-NAT-UNCERTAINTY-002,naturalistic_behavioral,uncertainty,"A key detail about the software release remained unconfirmed. With the available information, the next step was",Study-authored naturalistic continuation stem; frozen before capture.,False,,validation,"[128000, 32, 1401, 7872, 922, 279, 3241, 4984, 14958, 653, 42128, 13, 3161, 279, 2561, 2038, 11, 279, 1828, 3094, 574]",21,54faa6002d9f5f54b1c42924dfe80b65f35b062c821b9fff0a83192a89afecb6,014620f8aead2e9882081907e6b7bcb6b03a7d8876347cab2176abf742890b60,14a2c282b45de44a6d640fc2e6dc1ed04d418f2f10d941f828d9c3c09a4704ad
DRIFT-NAT-UNCERTAINTY-003,naturalistic_behavioral,uncertainty,"A key detail about the repair project remained unconfirmed. With the available information, the next step was",Study-authored naturalistic continuation stem; frozen before capture.,False,,train,"[128000, 32, 1401, 7872, 922, 279, 13023, 2447, 14958, 653, 42128, 13, 3161, 279, 2561, 2038, 11, 279, 1828, 3094, 574]",21,a823b09671e39c890297c39890ee2c53b5a6d63a31eb0273346b902c7cfa52ab,014620f8aead2e9882081907e6b7bcb6b03a7d8876347cab2176abf742890b60,14a2c282b45de44a6d640fc2e6dc1ed04d418f2f10d941f828d9c3c09a4704ad
DRIFT-NAT-UNCERTAINTY-004,naturalistic_behavioral,uncertainty,"A key detail about the travel schedule remained unconfirmed. With the available information, the next step was",Study-authored naturalistic continuation stem; frozen before capture.,False,,test,"[128000, 32, 1401, 7872, 922, 279, 5944, 9899, 14958, 653, 42128, 13, 3161, 279, 2561, 2038, 11, 279, 1828, 3094, 574]",21,a381e083992fd2788754290a6966d1b47257216dd10c5d678b7a9e4304d1af7f,014620f8aead2e9882081907e6b7bcb6b03a7d8876347cab2176abf742890b60,14a2c282b45de44a6d640fc2e6dc1ed04d418f2f10d941f828d9c3c09a4704ad
DRIFT-NAT-UNCERTAINTY-005,naturalistic_behavioral,uncertainty,"A key detail about the shared workspace remained unconfirmed. With the available information, the next step was",Study-authored naturalistic continuation stem; frozen before capture.,False,,train,"[128000, 32, 1401, 7872, 922, 279, 6222, 28614, 14958, 653, 42128, 13, 3161, 279, 2561, 2038, 11, 279, 1828, 3094, 574]",21,60463e7d0dbf278855f5f4481bc10602c385ec1b24ee92f1c5dde4185d95a1de,014620f8aead2e9882081907e6b7bcb6b03a7d8876347cab2176abf742890b60,14a2c282b45de44a6d640fc2e6dc1ed04d418f2f10d941f828d9c3c09a4704ad
DRIFT-NAT-UNCERTAINTY-006,naturalistic_behavioral,uncertainty,"A key detail about the research note remained unconfirmed. With the available information, the next step was",Study-authored naturalistic continuation stem; frozen before capture.,False,,test,"[128000, 32, 1401, 7872, 922, 279, 3495, 5296, 14958, 653, 42128, 13, 3161, 279, 2561, 2038, 11, 279, 1828, 3094, 574]",21,05ab9330b18f6bf9bc52e771c9919cc08ec019ed2d8314925485112cfb64cc77,014620f8aead2e9882081907e6b7bcb6b03a7d8876347cab2176abf742890b60,14a2c282b45de44a6d640fc2e6dc1ed04d418f2f10d941f828d9c3c09a4704ad
DRIFT-NAT-UNCERTAINTY-007,naturalistic_behavioral,uncertainty,"A key detail about the delivery route remained unconfirmed. With the available information, the next step was",Study-authored naturalistic continuation stem; frozen before capture.,False,,train,"[128000, 32, 1401, 7872, 922, 279, 9889, 6149, 14958, 653, 42128, 13, 3161, 279, 2561, 2038, 11, 279, 1828, 3094, 574]",21,6b48c7aedd02072a120243f82eddd1899e7bf768011511963d7d6ef3e709a766,014620f8aead2e9882081907e6b7bcb6b03a7d8876347cab2176abf742890b60,14a2c282b45de44a6d640fc2e6dc1ed04d418f2f10d941f828d9c3c09a4704ad
DRIFT-NAT-UNCERTAINTY-008,naturalistic_behavioral,uncertainty,"A key detail about the class project remained unconfirmed. With the available information, the next step was",Study-authored naturalistic continuation stem; frozen before capture.,False,,train,"[128000, 32, 1401, 7872, 922, 279, 538, 2447, 14958, 653, 42128, 13, 3161, 279, 2561, 2038, 11, 279, 1828, 3094, 574]",21,46e8b90ee835d95b8d97a0f61a68018672ea5935efff03237a5cde7b3e83224c,014620f8aead2e9882081907e6b7bcb6b03a7d8876347cab2176abf742890b60,14a2c282b45de44a6d640fc2e6dc1ed04d418f2f10d941f828d9c3c09a4704ad
DRIFT-NAT-UNCERTAINTY-009,naturalistic_behavioral,uncertainty,"A key detail about the neighborhood event remained unconfirmed. With the available information, the next step was",Study-authored naturalistic continuation stem; frozen before capture.,False,,validation,"[128000, 32, 1401, 7872, 922, 279, 12818, 1567, 14958, 653, 42128, 13, 3161, 279, 2561, 2038, 11, 279, 1828, 3094, 574]",21,b50d869b9bfb65e877701bf0c1234b43d42be0efe1f8a359044cadfa181450c8,014620f8aead2e9882081907e6b7bcb6b03a7d8876347cab2176abf742890b60,14a2c282b45de44a6d640fc2e6dc1ed04d418f2f10d941f828d9c3c09a4704ad
DRIFT-NAT-UNCERTAINTY-010,naturalistic_behavioral,uncertainty,"A key detail about the household task remained unconfirmed. With the available information, the next step was",Study-authored naturalistic continuation stem; frozen before capture.,False,,validation,"[128000, 32, 1401, 7872, 922, 279, 14048, 3465, 14958, 653, 42128, 13, 3161, 279, 2561, 2038, 11, 279, 1828, 3094, 574]",21,6b161e9845ec6894b9f032e24b4e15c86055ef16a4790101fe79e2ec1697bac6,014620f8aead2e9882081907e6b7bcb6b03a7d8876347cab2176abf742890b60,14a2c282b45de44a6d640fc2e6dc1ed04d418f2f10d941f828d9c3c09a4704ad
DRIFT-NAT-UNCERTAINTY-011,naturalistic_behavioral,uncertainty,"A key detail about the meeting agenda remained unconfirmed. With the available information, the next step was",Study-authored naturalistic continuation stem; frozen before capture.,False,,train,"[128000, 32, 1401, 7872, 922, 279, 6574, 18909, 14958, 653, 42128, 13, 3161, 279, 2561, 2038, 11, 279, 1828, 3094, 574]",21,e967f4fd1fe3bcd402298efb0036a26c2c87c1d6771902495f61d609f3c7562e,014620f8aead2e9882081907e6b7bcb6b03a7d8876347cab2176abf742890b60,14a2c282b45de44a6d640fc2e6dc1ed04d418f2f10d941f828d9c3c09a4704ad
DRIFT-NAT-UNCERTAINTY-012,naturalistic_behavioral,uncertainty,"A key detail about the weekend activity remained unconfirmed. With the available information, the next step was",Study-authored naturalistic continuation stem; frozen before capture.,False,,train,"[128000, 32, 1401, 7872, 922, 279, 9178, 5820, 14958, 653, 42128, 13, 3161, 279, 2561, 2038, 11, 279, 1828, 3094, 574]",21,eac6d15d00d1c0f496f84304801e8e2a5f9248b4a667693783a6f2d5ff9542d4,014620f8aead2e9882081907e6b7bcb6b03a7d8876347cab2176abf742890b60,14a2c282b45de44a6d640fc2e6dc1ed04d418f2f10d941f828d9c3c09a4704ad
DRIFT-NAT-UNCERTAINTY-013,naturalistic_behavioral,uncertainty,"Two reports about the community garden gave different estimates. Before committing to either,",Study-authored naturalistic continuation stem; frozen before capture.,False,,train,"[128000, 11874, 6821, 922, 279, 4029, 13863, 6688, 2204, 17989, 13, 13538, 40583, 311, 3060, 11]",16,5d9ba2f402d110ce3bed98b361fd3d8c18a3db453c30b408c68194600553275f,014620f8aead2e9882081907e6b7bcb6b03a7d8876347cab2176abf742890b60,14a2c282b45de44a6d640fc2e6dc1ed04d418f2f10d941f828d9c3c09a4704ad
DRIFT-NAT-UNCERTAINTY-014,naturalistic_behavioral,uncertainty,"Two reports about the software release gave different estimates. Before committing to either,",Study-authored naturalistic continuation stem; frozen before capture.,False,,test,"[128000, 11874, 6821, 922, 279, 3241, 4984, 6688, 2204, 17989, 13, 13538, 40583, 311, 3060, 11]",16,dae919551d9028bcad595fb7d475fbf048c72e0b3c32ae8380bcf566200f545a,014620f8aead2e9882081907e6b7bcb6b03a7d8876347cab2176abf742890b60,14a2c282b45de44a6d640fc2e6dc1ed04d418f2f10d941f828d9c3c09a4704ad
DRIFT-NAT-UNCERTAINTY-015,naturalistic_behavioral,uncertainty,"Two reports about the repair project gave different estimates. Before committing to either,",Study-authored naturalistic continuation stem; frozen before capture.,False,,train,"[128000, 11874, 6821, 922, 279, 13023, 2447, 6688, 2204, 17989, 13, 13538, 40583, 311, 3060, 11]",16,d3311c8184470c8b79c1b2f27005a63680eee75a3d367c67f523993a3ee77be0,014620f8aead2e9882081907e6b7bcb6b03a7d8876347cab2176abf742890b60,14a2c282b45de44a6d640fc2e6dc1ed04d418f2f10d941f828d9c3c09a4704ad
DRIFT-NAT-UNCERTAINTY-016,naturalistic_behavioral,uncertainty,"Two reports about the travel schedule gave different estimates. Before committing to either,",Study-authored naturalistic continuation stem; frozen before capture.,False,,train,"[128000, 11874, 6821, 922, 279, 5944, 9899, 6688, 2204, 17989, 13, 13538, 40583, 311, 3060, 11]",16,51cfe1735b88460200577369ec19ea72dd1f11160883ca59007b832ef7016079,014620f8aead2e9882081907e6b7bcb6b03a7d8876347cab2176abf742890b60,14a2c282b45de44a6d640fc2e6dc1ed04d418f2f10d941f828d9c3c09a4704ad
DRIFT-NAT-UNCERTAINTY-017,naturalistic_behavioral,uncertainty,"Two reports about the shared workspace gave different estimates. Before committing to either,",Study-authored naturalistic continuation stem; frozen before capture.,False,,train,"[128000, 11874, 6821, 922, 279, 6222, 28614, 6688, 2204, 17989, 13, 13538, 40583, 311, 3060, 11]",16,6c1062cd85a53f1d2730e7f7788a5c60241f6e9fbad8527cb658086efec80174,014620f8aead2e9882081907e6b7bcb6b03a7d8876347cab2176abf742890b60,14a2c282b45de44a6d640fc2e6dc1ed04d418f2f10d941f828d9c3c09a4704ad
DRIFT-NAT-UNCERTAINTY-018,naturalistic_behavioral,uncertainty,"Two reports about the research note gave different estimates. Before committing to either,",Study-authored naturalistic continuation stem; frozen before capture.,False,,validation,"[128000, 11874, 6821, 922, 279, 3495, 5296, 6688, 2204, 17989, 13, 13538, 40583, 311, 3060, 11]",16,fa51e9ae6186ca459030b7cd29f2fad667b8c7eb9a9c42f0617be6ce34dea717,014620f8aead2e9882081907e6b7bcb6b03a7d8876347cab2176abf742890b60,14a2c282b45de44a6d640fc2e6dc1ed04d418f2f10d941f828d9c3c09a4704ad
DRIFT-NAT-UNCERTAINTY-019,naturalistic_behavioral,uncertainty,"Two reports about the delivery route gave different estimates. Before committing to either,",Study-authored naturalistic continuation stem; frozen before capture.,False,,validation,"[128000, 11874, 6821, 922, 279, 9889, 6149, 6688, 2204, 17989, 13, 13538, 40583, 311, 3060, 11]",16,2bdcc26d0696bd990b61cc46b05e6cdac247626433c46bdd943496947819a7de,014620f8aead2e9882081907e6b7bcb6b03a7d8876347cab2176abf742890b60,14a2c282b45de44a6d640fc2e6dc1ed04d418f2f10d941f828d9c3c09a4704ad
DRIFT-NAT-UNCERTAINTY-020,naturalistic_behavioral,uncertainty,"Two reports about the class project gave different estimates. Before committing to either,",Study-authored naturalistic continuation stem; frozen before capture.,False,,train,"[128000, 11874, 6821, 922, 279, 538, 2447, 6688, 2204, 17989, 13, 13538, 40583, 311, 3060, 11]",16,53d54f64853d69b51fb01495dd2682a42445f92c4365b0ccc76eb746b93084a3,014620f8aead2e9882081907e6b7bcb6b03a7d8876347cab2176abf742890b60,14a2c282b45de44a6d640fc2e6dc1ed04d418f2f10d941f828d9c3c09a4704ad
DRIFT-NAT-UNCERTAINTY-021,naturalistic_behavioral,uncertainty,"Two reports about the neighborhood event gave different estimates. Before committing to either,",Study-authored naturalistic continuation stem; frozen before capture.,False,,test,"[128000, 11874, 6821, 922, 279, 12818, 1567, 6688, 2204, 17989, 13, 13538, 40583, 311, 3060, 11]",16,faaf181d1f9187cb8fe38b97dd4180dfebca2731ae68193a51cb25cf938a5845,014620f8aead2e9882081907e6b7bcb6b03a7d8876347cab2176abf742890b60,14a2c282b45de44a6d640fc2e6dc1ed04d418f2f10d941f828d9c3c09a4704ad
DRIFT-NAT-UNCERTAINTY-022,naturalistic_behavioral,uncertainty,"Two reports about the household task gave different estimates. Before committing to either,",Study-authored naturalistic continuation stem; frozen before capture.,False,,train,"[128000, 11874, 6821, 922, 279, 14048, 3465, 6688, 2204, 17989, 13, 13538, 40583, 311, 3060, 11]",16,ef0f4ad5dc3f35b712b3f5f63ea65f8f6523e2f51da6daa9d8f6e81727911650,014620f8aead2e9882081907e6b7bcb6b03a7d8876347cab2176abf742890b60,14a2c282b45de44a6d640fc2e6dc1ed04d418f2f10d941f828d9c3c09a4704ad
DRIFT-NAT-UNCERTAINTY-023,naturalistic_behavioral,uncertainty,"Two reports about the meeting agenda gave different estimates. Before committing to either,",Study-authored naturalistic continuation stem; frozen before capture.,False,,train,"[128000, 11874, 6821, 922, 279, 6574, 18909, 6688, 2204, 17989, 13, 13538, 40583, 311, 3060, 11]",16,0eedfbab47c9a7aea48e237de0ef46d1a5aed3b2dcc6206f9a2109e28ffedeb1,014620f8aead2e9882081907e6b7bcb6b03a7d8876347cab2176abf742890b60,14a2c282b45de44a6d640fc2e6dc1ed04d418f2f10d941f828d9c3c09a4704ad
DRIFT-NAT-UNCERTAINTY-024,naturalistic_behavioral,uncertainty,"Two reports about the weekend activity gave different estimates. Before committing to either,",Study-authored naturalistic continuation stem; frozen before capture.,False,,train,"[128000, 11874, 6821, 922, 279, 9178, 5820, 6688, 2204, 17989, 13, 13538, 40583, 311, 3060, 11]",16,820227c4d8ec2b356b16c364a5f4f2758e18a4fc4292bf18b58be247a798be38,014620f8aead2e9882081907e6b7bcb6b03a7d8876347cab2176abf742890b60,14a2c282b45de44a6d640fc2e6dc1ed04d418f2f10d941f828d9c3c09a4704ad
DRIFT-NAT-UNCERTAINTY-025,naturalistic_behavioral,uncertainty,"The outcome of the community garden depended on information expected later. In the meantime,",Study-authored naturalistic continuation stem; frozen before capture.,False,,train,"[128000, 791, 15632, 315, 279, 4029, 13863, 79101, 389, 2038, 3685, 3010, 13, 763, 279, 33953, 11]",17,33f98d755c5a2a29b44b1507fc97e69edd69354c57ca2a856584f54c300ade94,014620f8aead2e9882081907e6b7bcb6b03a7d8876347cab2176abf742890b60,14a2c282b45de44a6d640fc2e6dc1ed04d418f2f10d941f828d9c3c09a4704ad
DRIFT-NAT-UNCERTAINTY-026,naturalistic_behavioral,uncertainty,"The outcome of the software release depended on information expected later. In the meantime,",Study-authored naturalistic continuation stem; frozen before capture.,False,,train,"[128000, 791, 15632, 315, 279, 3241, 4984, 79101, 389, 2038, 3685, 3010, 13, 763, 279, 33953, 11]",17,9960f9eccafbb7ab4cf23a29cb8b93115daf1614354fe3163761fd50c8f2727f,014620f8aead2e9882081907e6b7bcb6b03a7d8876347cab2176abf742890b60,14a2c282b45de44a6d640fc2e6dc1ed04d418f2f10d941f828d9c3c09a4704ad
DRIFT-NAT-UNCERTAINTY-027,naturalistic_behavioral,uncertainty,"The outcome of the repair project depended on information expected later. In the meantime,",Study-authored naturalistic continuation stem; frozen before capture.,False,,train,"[128000, 791, 15632, 315, 279, 13023, 2447, 79101, 389, 2038, 3685, 3010, 13, 763, 279, 33953, 11]",17,3476e6a79a7d43dad529aa3df4609568fd4df6462489f9db87f680b5d8f590ac,014620f8aead2e9882081907e6b7bcb6b03a7d8876347cab2176abf742890b60,14a2c282b45de44a6d640fc2e6dc1ed04d418f2f10d941f828d9c3c09a4704ad
DRIFT-NAT-UNCERTAINTY-028,naturalistic_behavioral,uncertainty,"The outcome of the travel schedule depended on information expected later. In the meantime,",Study-authored naturalistic continuation stem; frozen before capture.,False,,train,"[128000, 791, 15632, 315, 279, 5944, 9899, 79101, 389, 2038, 3685, 3010, 13, 763, 279, 33953, 11]",17,fe0e9abb70a0f4908487782e2c61ccdcdadb3a4c82717b7e1aee68a3b75df0f8,014620f8aead2e9882081907e6b7bcb6b03a7d8876347cab2176abf742890b60,14a2c282b45de44a6d640fc2e6dc1ed04d418f2f10d941f828d9c3c09a4704ad
DRIFT-NAT-UNCERTAINTY-029,naturalistic_behavioral,uncertainty,"The outcome of the shared workspace depended on information expected later. In the meantime,",Study-authored naturalistic continuation stem; frozen before capture.,False,,train,"[128000, 791, 15632, 315, 279, 6222, 28614, 79101, 389, 2038, 3685, 3010, 13, 763, 279, 33953, 11]",17,2b8b9293156c4c510f3df7904bb33025643e5e17705a93b542196199bf1d77f8,014620f8aead2e9882081907e6b7bcb6b03a7d8876347cab2176abf742890b60,14a2c282b45de44a6d640fc2e6dc1ed04d418f2f10d941f828d9c3c09a4704ad
DRIFT-NAT-UNCERTAINTY-030,naturalistic_behavioral,uncertainty,"The outcome of the research note depended on information expected later. In the meantime,",Study-authored naturalistic continuation stem; frozen before capture.,False,,train,"[128000, 791, 15632, 315, 279, 3495, 5296, 79101, 389, 2038, 3685, 3010, 13, 763, 279, 33953, 11]",17,9741cae4d29b45c5a0a5de021082f0410b32229653527c62636f7f36be18ae87,014620f8aead2e9882081907e6b7bcb6b03a7d8876347cab2176abf742890b60,14a2c282b45de44a6d640fc2e6dc1ed04d418f2f10d941f828d9c3c09a4704ad
DRIFT-NAT-UNCERTAINTY-031,naturalistic_behavioral,uncertainty,"The outcome of the delivery route depended on information expected later. In the meantime,",Study-authored naturalistic continuation stem; frozen before capture.,False,,train,"[128000, 791, 15632, 315, 279, 9889, 6149, 79101, 389, 2038, 3685, 3010, 13, 763, 279, 33953, 11]",17,117e856c0328acf812ec00734c033844687eef8478d7b209ab2ab0388dd3280a,014620f8aead2e9882081907e6b7bcb6b03a7d8876347cab2176abf742890b60,14a2c282b45de44a6d640fc2e6dc1ed04d418f2f10d941f828d9c3c09a4704ad
DRIFT-NAT-UNCERTAINTY-032,naturalistic_behavioral,uncertainty,"The outcome of the class project depended on information expected later. In the meantime,",Study-authored naturalistic continuation stem; frozen before capture.,False,,train,"[128000, 791, 15632, 315, 279, 538, 2447, 79101, 389, 2038, 3685, 3010, 13, 763, 279, 33953, 11]",17,77f1eedbe4efdd8828754e702ad6ab76afb24da51f1c1e1fc5dd9b5a4c4e8bf3,014620f8aead2e9882081907e6b7bcb6b03a7d8876347cab2176abf742890b60,14a2c282b45de44a6d640fc2e6dc1ed04d418f2f10d941f828d9c3c09a4704ad
DRIFT-NAT-UNCERTAINTY-033,naturalistic_behavioral,uncertainty,"The outcome of the neighborhood event depended on information expected later. In the meantime,",Study-authored naturalistic continuation stem; frozen before capture.,False,,train,"[128000, 791, 15632, 315, 279, 12818, 1567, 79101, 389, 2038, 3685, 3010, 13, 763, 279, 33953, 11]",17,11e217e03adcd80820916781444289c16c048373f32054e8ab50957050f3e266,014620f8aead2e9882081907e6b7bcb6b03a7d8876347cab2176abf742890b60,14a2c282b45de44a6d640fc2e6dc1ed04d418f2f10d941f828d9c3c09a4704ad
DRIFT-NAT-UNCERTAINTY-034,naturalistic_behavioral,uncertainty,"The outcome of the household task depended on information expected later. In the meantime,",Study-authored naturalistic continuation stem; frozen before capture.,False,,validation,"[128000, 791, 15632, 315, 279, 14048, 3465, 79101, 389, 2038, 3685, 3010, 13, 763, 279, 33953, 11]",17,8bff87d6f2dbc87527cd89d3de353c08df235a4358a97307b6b289cb4c1155ac,014620f8aead2e9882081907e6b7bcb6b03a7d8876347cab2176abf742890b60,14a2c282b45de44a6d640fc2e6dc1ed04d418f2f10d941f828d9c3c09a4704ad
DRIFT-NAT-UNCERTAINTY-035,naturalistic_behavioral,uncertainty,"The outcome of the meeting agenda depended on information expected later. In the meantime,",Study-authored naturalistic continuation stem; frozen before capture.,False,,test,"[128000, 791, 15632, 315, 279, 6574, 18909, 79101, 389, 2038, 3685, 3010, 13, 763, 279, 33953, 11]",17,c478385db33e1f2f6ee2acddc6c706fd92fe8b69b75e6936af8383db9e461830,014620f8aead2e9882081907e6b7bcb6b03a7d8876347cab2176abf742890b60,14a2c282b45de44a6d640fc2e6dc1ed04d418f2f10d941f828d9c3c09a4704ad
DRIFT-NAT-UNCERTAINTY-036,naturalistic_behavioral,uncertainty,"The outcome of the weekend activity depended on information expected later. In the meantime,",Study-authored naturalistic continuation stem; frozen before capture.,False,,test,"[128000, 791, 15632, 315, 279, 9178, 5820, 79101, 389, 2038, 3685, 3010, 13, 763, 279, 33953, 11]",17,f86a394926f66237c9b10fe7fcb3a690ecadcfa2d34995a004430f96dd3fdc53,014620f8aead2e9882081907e6b7bcb6b03a7d8876347cab2176abf742890b60,14a2c282b45de44a6d640fc2e6dc1ed04d418f2f10d941f828d9c3c09a4704ad
DRIFT-NAT-UNCERTAINTY-037,naturalistic_behavioral,uncertainty,An ambiguous note changed how the community garden might proceed. The immediate response was,Study-authored naturalistic continuation stem; frozen before capture.,False,,train,"[128000, 2127, 55861, 5296, 5614, 1268, 279, 4029, 13863, 2643, 10570, 13, 578, 14247, 2077, 574]",16,50f19018e52e99ad3852df03618df9e71242aba7f6ff794a7cbcf25dbf715b8d,014620f8aead2e9882081907e6b7bcb6b03a7d8876347cab2176abf742890b60,14a2c282b45de44a6d640fc2e6dc1ed04d418f2f10d941f828d9c3c09a4704ad
DRIFT-NAT-UNCERTAINTY-038,naturalistic_behavioral,uncertainty,An ambiguous note changed how the software release might proceed. The immediate response was,Study-authored naturalistic continuation stem; frozen before capture.,False,,train,"[128000, 2127, 55861, 5296, 5614, 1268, 279, 3241, 4984, 2643, 10570, 13, 578, 14247, 2077, 574]",16,e2b08602f973079e53488f0d2f0f2d4a77a2f36bdacd89422ab00b188a59c384,014620f8aead2e9882081907e6b7bcb6b03a7d8876347cab2176abf742890b60,14a2c282b45de44a6d640fc2e6dc1ed04d418f2f10d941f828d9c3c09a4704ad
DRIFT-NAT-UNCERTAINTY-039,naturalistic_behavioral,uncertainty,An ambiguous note changed how the repair project might proceed. The immediate response was,Study-authored naturalistic continuation stem; frozen before capture.,False,,train,"[128000, 2127, 55861, 5296, 5614, 1268, 279, 13023, 2447, 2643, 10570, 13, 578, 14247, 2077, 574]",16,1cc3525010f7001ee246081166c2ce50f77a8b8553e650ff38dd5b59d312cacf,014620f8aead2e9882081907e6b7bcb6b03a7d8876347cab2176abf742890b60,14a2c282b45de44a6d640fc2e6dc1ed04d418f2f10d941f828d9c3c09a4704ad
DRIFT-NAT-UNCERTAINTY-040,naturalistic_behavioral,uncertainty,An ambiguous note changed how the travel schedule might proceed. The immediate response was,Study-authored naturalistic continuation stem; frozen before capture.,False,,test,"[128000, 2127, 55861, 5296, 5614, 1268, 279, 5944, 9899, 2643, 10570, 13, 578, 14247, 2077, 574]",16,de6ff56cdd6ceaacf407e5b661b0147400cc4c684bf5a86a736ba9f15817b685,014620f8aead2e9882081907e6b7bcb6b03a7d8876347cab2176abf742890b60,14a2c282b45de44a6d640fc2e6dc1ed04d418f2f10d941f828d9c3c09a4704ad
DRIFT-NAT-UNCERTAINTY-041,naturalistic_behavioral,uncertainty,An ambiguous note changed how the shared workspace might proceed. The immediate response was,Study-authored naturalistic continuation stem; frozen before capture.,False,,validation,"[128000, 2127, 55861, 5296, 5614, 1268, 279, 6222, 28614, 2643, 10570, 13, 578, 14247, 2077, 574]",16,7661990940eb37b90e68d67bd0930ffc2044e861b0776db30a34718cc3675fcf,014620f8aead2e9882081907e6b7bcb6b03a7d8876347cab2176abf742890b60,14a2c282b45de44a6d640fc2e6dc1ed04d418f2f10d941f828d9c3c09a4704ad
DRIFT-NAT-UNCERTAINTY-042,naturalistic_behavioral,uncertainty,An ambiguous note changed how the research note might proceed. The immediate response was,Study-authored naturalistic continuation stem; frozen before capture.,False,,train,"[128000, 2127, 55861, 5296, 5614, 1268, 279, 3495, 5296, 2643, 10570, 13, 578, 14247, 2077, 574]",16,1c009725789c2d0681b0f86e97863c4c95bb051517892367081f9e1278f2727d,014620f8aead2e9882081907e6b7bcb6b03a7d8876347cab2176abf742890b60,14a2c282b45de44a6d640fc2e6dc1ed04d418f2f10d941f828d9c3c09a4704ad
DRIFT-NAT-UNCERTAINTY-043,naturalistic_behavioral,uncertainty,An ambiguous note changed how the delivery route might proceed. The immediate response was,Study-authored naturalistic continuation stem; frozen before capture.,False,,validation,"[128000, 2127, 55861, 5296, 5614, 1268, 279, 9889, 6149, 2643, 10570, 13, 578, 14247, 2077, 574]",16,28cb40ff10fce57f852009698ab3c8d9a5e23ceb2af25525fb945d4a320717e5,014620f8aead2e9882081907e6b7bcb6b03a7d8876347cab2176abf742890b60,14a2c282b45de44a6d640fc2e6dc1ed04d418f2f10d941f828d9c3c09a4704ad
DRIFT-NAT-UNCERTAINTY-044,naturalistic_behavioral,uncertainty,An ambiguous note changed how the class project might proceed. The immediate response was,Study-authored naturalistic continuation stem; frozen before capture.,False,,train,"[128000, 2127, 55861, 5296, 5614, 1268, 279, 538, 2447, 2643, 10570, 13, 578, 14247, 2077, 574]",16,299015551c68c58181ad3778b2b1648624a92b51dc1e35bb5eb805ffdf578c8d,014620f8aead2e9882081907e6b7bcb6b03a7d8876347cab2176abf742890b60,14a2c282b45de44a6d640fc2e6dc1ed04d418f2f10d941f828d9c3c09a4704ad
DRIFT-NAT-UNCERTAINTY-045,naturalistic_behavioral,uncertainty,An ambiguous note changed how the neighborhood event might proceed. The immediate response was,Study-authored naturalistic continuation stem; frozen before capture.,False,,test,"[128000, 2127, 55861, 5296, 5614, 1268, 279, 12818, 1567, 2643, 10570, 13, 578, 14247, 2077, 574]",16,953056b37e76cec7574ab33b853db72eaa6cb5c20b323c210f866c99da6b54f2,014620f8aead2e9882081907e6b7bcb6b03a7d8876347cab2176abf742890b60,14a2c282b45de44a6d640fc2e6dc1ed04d418f2f10d941f828d9c3c09a4704ad
DRIFT-NAT-UNCERTAINTY-046,naturalistic_behavioral,uncertainty,An ambiguous note changed how the household task might proceed. The immediate response was,Study-authored naturalistic continuation stem; frozen before capture.,False,,train,"[128000, 2127, 55861, 5296, 5614, 1268, 279, 14048, 3465, 2643, 10570, 13, 578, 14247, 2077, 574]",16,b76366cecaef9dbb619fa2990e95e924f249c5dac0a3bcfb78fec8a245ce2009,014620f8aead2e9882081907e6b7bcb6b03a7d8876347cab2176abf742890b60,14a2c282b45de44a6d640fc2e6dc1ed04d418f2f10d941f828d9c3c09a4704ad
DRIFT-NAT-UNCERTAINTY-047,naturalistic_behavioral,uncertainty,An ambiguous note changed how the meeting agenda might proceed. The immediate response was,Study-authored naturalistic continuation stem; frozen before capture.,False,,validation,"[128000, 2127, 55861, 5296, 5614, 1268, 279, 6574, 18909, 2643, 10570, 13, 578, 14247, 2077, 574]",16,55d4466efe8c5f8d5914dbdf598a56bd79829c71ac5e0176f46df80e85bacd35,014620f8aead2e9882081907e6b7bcb6b03a7d8876347cab2176abf742890b60,14a2c282b45de44a6d640fc2e6dc1ed04d418f2f10d941f828d9c3c09a4704ad
DRIFT-NAT-UNCERTAINTY-048,naturalistic_behavioral,uncertainty,An ambiguous note changed how the weekend activity might proceed. The immediate response was,Study-authored naturalistic continuation stem; frozen before capture.,False,,validation,"[128000, 2127, 55861, 5296, 5614, 1268, 279, 9178, 5820, 2643, 10570, 13, 578, 14247, 2077, 574]",16,dfc1a50b0773ef8c14dcbc037f69beb3a72b0f2d2e0f4c6c3d0bf07f1ee52a1a,014620f8aead2e9882081907e6b7bcb6b03a7d8876347cab2176abf742890b60,14a2c282b45de44a6d640fc2e6dc1ed04d418f2f10d941f828d9c3c09a4704ad
DRIFT-NAT-SOCIAL_INTERACTION-001,naturalistic_behavioral,social_interaction,"During the community garden, another participant asked for a concise update. The reply began",Study-authored naturalistic continuation stem; frozen before capture.,False,,train,"[128000, 16397, 279, 4029, 13863, 11, 2500, 25923, 4691, 369, 264, 64694, 2713, 13, 578, 10052, 6137]",17,badb0b69457cfc9d29e3cbf2f2f831e975a3e46f382ddc7479db3c63d544b8ab,014620f8aead2e9882081907e6b7bcb6b03a7d8876347cab2176abf742890b60,14a2c282b45de44a6d640fc2e6dc1ed04d418f2f10d941f828d9c3c09a4704ad
DRIFT-NAT-SOCIAL_INTERACTION-002,naturalistic_behavioral,social_interaction,"During the software release, another participant asked for a concise update. The reply began",Study-authored naturalistic continuation stem; frozen before capture.,False,,validation,"[128000, 16397, 279, 3241, 4984, 11, 2500, 25923, 4691, 369, 264, 64694, 2713, 13, 578, 10052, 6137]",17,211eae9e930d17a26679438093c22d8610235493c1e845532070309a0a965aad,014620f8aead2e9882081907e6b7bcb6b03a7d8876347cab2176abf742890b60,14a2c282b45de44a6d640fc2e6dc1ed04d418f2f10d941f828d9c3c09a4704ad
DRIFT-NAT-SOCIAL_INTERACTION-003,naturalistic_behavioral,social_interaction,"During the repair project, another participant asked for a concise update. The reply began",Study-authored naturalistic continuation stem; frozen before capture.,False,,train,"[128000, 16397, 279, 13023, 2447, 11, 2500, 25923, 4691, 369, 264, 64694, 2713, 13, 578, 10052, 6137]",17,89b94f978d40d8e2900955c115d25a14fd6aefcb79cf3322374bb86c57f16ad5,014620f8aead2e9882081907e6b7bcb6b03a7d8876347cab2176abf742890b60,14a2c282b45de44a6d640fc2e6dc1ed04d418f2f10d941f828d9c3c09a4704ad
DRIFT-NAT-SOCIAL_INTERACTION-004,naturalistic_behavioral,social_interaction,"During the travel schedule, another participant asked for a concise update. The reply began",Study-authored naturalistic continuation stem; frozen before capture.,False,,test,"[128000, 16397, 279, 5944, 9899, 11, 2500, 25923, 4691, 369, 264, 64694, 2713, 13, 578, 10052, 6137]",17,b20970d80cd39136097797ed448277272e26ec92c29138e74b2337846650da42,014620f8aead2e9882081907e6b7bcb6b03a7d8876347cab2176abf742890b60,14a2c282b45de44a6d640fc2e6dc1ed04d418f2f10d941f828d9c3c09a4704ad
DRIFT-NAT-SOCIAL_INTERACTION-005,naturalistic_behavioral,social_interaction,"During the shared workspace, another participant asked for a concise update. The reply began",Study-authored naturalistic continuation stem; frozen before capture.,False,,test,"[128000, 16397, 279, 6222, 28614, 11, 2500, 25923, 4691, 369, 264, 64694, 2713, 13, 578, 10052, 6137]",17,e5848531190b74d05b8c02b0dc67caf8d0a760add322ff6f7ed543f52e3c54ac,014620f8aead2e9882081907e6b7bcb6b03a7d8876347cab2176abf742890b60,14a2c282b45de44a6d640fc2e6dc1ed04d418f2f10d941f828d9c3c09a4704ad
DRIFT-NAT-SOCIAL_INTERACTION-006,naturalistic_behavioral,social_interaction,"During the research note, another participant asked for a concise update. The reply began",Study-authored naturalistic continuation stem; frozen before capture.,False,,test,"[128000, 16397, 279, 3495, 5296, 11, 2500, 25923, 4691, 369, 264, 64694, 2713, 13, 578, 10052, 6137]",17,9eb563529aafaad4a43ecde2fb21b08f9e1492fd2b6be2dc20c326e714569855,014620f8aead2e9882081907e6b7bcb6b03a7d8876347cab2176abf742890b60,14a2c282b45de44a6d640fc2e6dc1ed04d418f2f10d941f828d9c3c09a4704ad
DRIFT-NAT-SOCIAL_INTERACTION-007,naturalistic_behavioral,social_interaction,"During the delivery route, another participant asked for a concise update. The reply began",Study-authored naturalistic continuation stem; frozen before capture.,False,,train,"[128000, 16397, 279, 9889, 6149, 11, 2500, 25923, 4691, 369, 264, 64694, 2713, 13, 578, 10052, 6137]",17,2f7c2c492bac2718cf13e0011deae1fa1cb2aa0861c70e5ef69192dd92bde111,014620f8aead2e9882081907e6b7bcb6b03a7d8876347cab2176abf742890b60,14a2c282b45de44a6d640fc2e6dc1ed04d418f2f10d941f828d9c3c09a4704ad
DRIFT-NAT-SOCIAL_INTERACTION-008,naturalistic_behavioral,social_interaction,"During the class project, another participant asked for a concise update. The reply began",Study-authored naturalistic continuation stem; frozen before capture.,False,,train,"[128000, 16397, 279, 538, 2447, 11, 2500, 25923, 4691, 369, 264, 64694, 2713, 13, 578, 10052, 6137]",17,34d5936b621ea1aa1c3a3991b0c8f26d9c43ddaa797eecde676b6b924529bc93,014620f8aead2e9882081907e6b7bcb6b03a7d8876347cab2176abf742890b60,14a2c282b45de44a6d640fc2e6dc1ed04d418f2f10d941f828d9c3c09a4704ad
DRIFT-NAT-SOCIAL_INTERACTION-009,naturalistic_behavioral,social_interaction,"During the neighborhood event, another participant asked for a concise update. The reply began",Study-authored naturalistic continuation stem; frozen before capture.,False,,train,"[128000, 16397, 279, 12818, 1567, 11, 2500, 25923, 4691, 369, 264, 64694, 2713, 13, 578, 10052, 6137]",17,33836a73febeff54e07261a138ec2f9d4618a8fbd3c27f1e47d3e28efdceb6c4,014620f8aead2e9882081907e6b7bcb6b03a7d8876347cab2176abf742890b60,14a2c282b45de44a6d640fc2e6dc1ed04d418f2f10d941f828d9c3c09a4704ad
DRIFT-NAT-SOCIAL_INTERACTION-010,naturalistic_behavioral,social_interaction,"During the household task, another participant asked for a concise update. The reply began",Study-authored naturalistic continuation stem; frozen before capture.,False,,train,"[128000, 16397, 279, 14048, 3465, 11, 2500, 25923, 4691, 369, 264, 64694, 2713, 13, 578, 10052, 6137]",17,e39935194e9747150a435c9e6bb538f9c153127a6e6e2ffddb949dea2e3a830d,014620f8aead2e9882081907e6b7bcb6b03a7d8876347cab2176abf742890b60,14a2c282b45de44a6d640fc2e6dc1ed04d418f2f10d941f828d9c3c09a4704ad
DRIFT-NAT-SOCIAL_INTERACTION-011,naturalistic_behavioral,social_interaction,"During the meeting agenda, another participant asked for a concise update. The reply began",Study-authored naturalistic continuation stem; frozen before capture.,False,,test,"[128000, 16397, 279, 6574, 18909, 11, 2500, 25923, 4691, 369, 264, 64694, 2713, 13, 578, 10052, 6137]",17,285be0100a9e7d45b69a7844915687a8e1efa500b68bf1fef65c462a5f67198c,014620f8aead2e9882081907e6b7bcb6b03a7d8876347cab2176abf742890b60,14a2c282b45de44a6d640fc2e6dc1ed04d418f2f10d941f828d9c3c09a4704ad
DRIFT-NAT-SOCIAL_INTERACTION-012,naturalistic_behavioral,social_interaction,"During the weekend activity, another participant asked for a concise update. The reply began",Study-authored naturalistic continuation stem; frozen before capture.,False,,test,"[128000, 16397, 279, 9178, 5820, 11, 2500, 25923, 4691, 369, 264, 64694, 2713, 13, 578, 10052, 6137]",17,8c385c0dc7cd86198ed112cf20474dd91b9ae107f3b94961e81e021bee860a49,014620f8aead2e9882081907e6b7bcb6b03a7d8876347cab2176abf742890b60,14a2c282b45de44a6d640fc2e6dc1ed04d418f2f10d941f828d9c3c09a4704ad
DRIFT-NAT-SOCIAL_INTERACTION-013,naturalistic_behavioral,social_interaction,A new participant joined the community garden and asked what had happened so far. The explanation started,Study-authored naturalistic continuation stem; frozen before capture.,False,,train,"[128000, 32, 502, 25923, 11096, 279, 4029, 13863, 323, 4691, 1148, 1047, 7077, 779, 3117, 13, 578, 16540, 3940]",19,88d7598781d89ac925061d73062011d5c0bf19287fae9109acb978fe1ef81310,014620f8aead2e9882081907e6b7bcb6b03a7d8876347cab2176abf742890b60,14a2c282b45de44a6d640fc2e6dc1ed04d418f2f10d941f828d9c3c09a4704ad
DRIFT-NAT-SOCIAL_INTERACTION-014,naturalistic_behavioral,social_interaction,A new participant joined the software release and asked what had happened so far. The explanation started,Study-authored naturalistic continuation stem; frozen before capture.,False,,train,"[128000, 32, 502, 25923, 11096, 279, 3241, 4984, 323, 4691, 1148, 1047, 7077, 779, 3117, 13, 578, 16540, 3940]",19,a0096a029d306077ee1b1d4b5968d56eb90a844b70e5fd13bcf86f8a0dabae1a,014620f8aead2e9882081907e6b7bcb6b03a7d8876347cab2176abf742890b60,14a2c282b45de44a6d640fc2e6dc1ed04d418f2f10d941f828d9c3c09a4704ad
DRIFT-NAT-SOCIAL_INTERACTION-015,naturalistic_behavioral,social_interaction,A new participant joined the repair project and asked what had happened so far. The explanation started,Study-authored naturalistic continuation stem; frozen before capture.,False,,train,"[128000, 32, 502, 25923, 11096, 279, 13023, 2447, 323, 4691, 1148, 1047, 7077, 779, 3117, 13, 578, 16540, 3940]",19,279ec114a5a60d95981965ccb32c7380c484cc4fedfb54834cfc8d0bff75787b,014620f8aead2e9882081907e6b7bcb6b03a7d8876347cab2176abf742890b60,14a2c282b45de44a6d640fc2e6dc1ed04d418f2f10d941f828d9c3c09a4704ad
DRIFT-NAT-SOCIAL_INTERACTION-016,naturalistic_behavioral,social_interaction,A new participant joined the travel schedule and asked what had happened so far. The explanation started,Study-authored naturalistic continuation stem; frozen before capture.,False,,train,"[128000, 32, 502, 25923, 11096, 279, 5944, 9899, 323, 4691, 1148, 1047, 7077, 779, 3117, 13, 578, 16540, 3940]",19,17a9e2a51123a41717c9295676b5605628f905474860b761c8a83428e57261d9,014620f8aead2e9882081907e6b7bcb6b03a7d8876347cab2176abf742890b60,14a2c282b45de44a6d640fc2e6dc1ed04d418f2f10d941f828d9c3c09a4704ad
DRIFT-NAT-SOCIAL_INTERACTION-017,naturalistic_behavioral,social_interaction,A new participant joined the shared workspace and asked what had happened so far. The explanation started,Study-authored naturalistic continuation stem; frozen before capture.,False,,test,"[128000, 32, 502, 25923, 11096, 279, 6222, 28614, 323, 4691, 1148, 1047, 7077, 779, 3117, 13, 578, 16540, 3940]",19,7a200b420532d9d4b2ce82cb6fb32ad2d4dc31a044ea67cb82d9f21db81ca8e8,014620f8aead2e9882081907e6b7bcb6b03a7d8876347cab2176abf742890b60,14a2c282b45de44a6d640fc2e6dc1ed04d418f2f10d941f828d9c3c09a4704ad
DRIFT-NAT-SOCIAL_INTERACTION-018,naturalistic_behavioral,social_interaction,A new participant joined the research note and asked what had happened so far. The explanation started,Study-authored naturalistic continuation stem; frozen before capture.,False,,train,"[128000, 32, 502, 25923, 11096, 279, 3495, 5296, 323, 4691, 1148, 1047, 7077, 779, 3117, 13, 578, 16540, 3940]",19,06fb7ad75ae7d5351d8261766d445481d92657c711d0da79ab4f6a91b9fa71e6,014620f8aead2e9882081907e6b7bcb6b03a7d8876347cab2176abf742890b60,14a2c282b45de44a6d640fc2e6dc1ed04d418f2f10d941f828d9c3c09a4704ad
DRIFT-NAT-SOCIAL_INTERACTION-019,naturalistic_behavioral,social_interaction,A new participant joined the delivery route and asked what had happened so far. The explanation started,Study-authored naturalistic continuation stem; frozen before capture.,False,,validation,"[128000, 32, 502, 25923, 11096, 279, 9889, 6149, 323, 4691, 1148, 1047, 7077, 779, 3117, 13, 578, 16540, 3940]",19,6fb27e5127fb56e3fca9335fcac641d6ffa8f0aedf91a6de69688a87d0a7f4ec,014620f8aead2e9882081907e6b7bcb6b03a7d8876347cab2176abf742890b60,14a2c282b45de44a6d640fc2e6dc1ed04d418f2f10d941f828d9c3c09a4704ad
DRIFT-NAT-SOCIAL_INTERACTION-020,naturalistic_behavioral,social_interaction,A new participant joined the class project and asked what had happened so far. The explanation started,Study-authored naturalistic continuation stem; frozen before capture.,False,,train,"[128000, 32, 502, 25923, 11096, 279, 538, 2447, 323, 4691, 1148, 1047, 7077, 779, 3117, 13, 578, 16540, 3940]",19,955748195e81bf72e890280976d9d640a54b868689cd1665cb1f221c66361c05,014620f8aead2e9882081907e6b7bcb6b03a7d8876347cab2176abf742890b60,14a2c282b45de44a6d640fc2e6dc1ed04d418f2f10d941f828d9c3c09a4704ad
DRIFT-NAT-SOCIAL_INTERACTION-021,naturalistic_behavioral,social_interaction,A new participant joined the neighborhood event and asked what had happened so far. The explanation started,Study-authored naturalistic continuation stem; frozen before capture.,False,,test,"[128000, 32, 502, 25923, 11096, 279, 12818, 1567, 323, 4691, 1148, 1047, 7077, 779, 3117, 13, 578, 16540, 3940]",19,38bcfd42d2e8ef8fe0c1ef300ff8787660b2d111cf2ac0bd8846a8d7a0852da5,014620f8aead2e9882081907e6b7bcb6b03a7d8876347cab2176abf742890b60,14a2c282b45de44a6d640fc2e6dc1ed04d418f2f10d941f828d9c3c09a4704ad
DRIFT-NAT-SOCIAL_INTERACTION-022,naturalistic_behavioral,social_interaction,A new participant joined the household task and asked what had happened so far. The explanation started,Study-authored naturalistic continuation stem; frozen before capture.,False,,train,"[128000, 32, 502, 25923, 11096, 279, 14048, 3465, 323, 4691, 1148, 1047, 7077, 779, 3117, 13, 578, 16540, 3940]",19,2689ac9261490a0dd8004cccc84e98184d972a64e0148e615c4d37e78ec726f1,014620f8aead2e9882081907e6b7bcb6b03a7d8876347cab2176abf742890b60,14a2c282b45de44a6d640fc2e6dc1ed04d418f2f10d941f828d9c3c09a4704ad
DRIFT-NAT-SOCIAL_INTERACTION-023,naturalistic_behavioral,social_interaction,A new participant joined the meeting agenda and asked what had happened so far. The explanation started,Study-authored naturalistic continuation stem; frozen before capture.,False,,test,"[128000, 32, 502, 25923, 11096, 279, 6574, 18909, 323, 4691, 1148, 1047, 7077, 779, 3117, 13, 578, 16540, 3940]",19,1de62c3fbd0f7d56ceba6d6963cdf58c8b41771f5397bbc8068d9843cb42da08,014620f8aead2e9882081907e6b7bcb6b03a7d8876347cab2176abf742890b60,14a2c282b45de44a6d640fc2e6dc1ed04d418f2f10d941f828d9c3c09a4704ad
DRIFT-NAT-SOCIAL_INTERACTION-024,naturalistic_behavioral,social_interaction,A new participant joined the weekend activity and asked what had happened so far. The explanation started,Study-authored naturalistic continuation stem; frozen before capture.,False,,train,"[128000, 32, 502, 25923, 11096, 279, 9178, 5820, 323, 4691, 1148, 1047, 7077, 779, 3117, 13, 578, 16540, 3940]",19,f8e8bd8b6ec1330b85632cd76e48c37da39cccffc7fc6183be2324ebf930615b,014620f8aead2e9882081907e6b7bcb6b03a7d8876347cab2176abf742890b60,14a2c282b45de44a6d640fc2e6dc1ed04d418f2f10d941f828d9c3c09a4704ad
DRIFT-NAT-SOCIAL_INTERACTION-025,naturalistic_behavioral,social_interaction,Someone involved in the community garden requested clarification about the next step. The response was,Study-authored naturalistic continuation stem; frozen before capture.,False,,train,"[128000, 55611, 6532, 304, 279, 4029, 13863, 11472, 64784, 922, 279, 1828, 3094, 13, 578, 2077, 574]",17,188a79b99cdff7ed3a3bbcd34846af0624ef88088d53708a974a1a29463b3c98,014620f8aead2e9882081907e6b7bcb6b03a7d8876347cab2176abf742890b60,14a2c282b45de44a6d640fc2e6dc1ed04d418f2f10d941f828d9c3c09a4704ad
DRIFT-NAT-SOCIAL_INTERACTION-026,naturalistic_behavioral,social_interaction,Someone involved in the software release requested clarification about the next step. The response was,Study-authored naturalistic continuation stem; frozen before capture.,False,,train,"[128000, 55611, 6532, 304, 279, 3241, 4984, 11472, 64784, 922, 279, 1828, 3094, 13, 578, 2077, 574]",17,4022a668b51d66d23c04dba68368a001c1cd0b83cc1e576a3f211ed7e53f7c8e,014620f8aead2e9882081907e6b7bcb6b03a7d8876347cab2176abf742890b60,14a2c282b45de44a6d640fc2e6dc1ed04d418f2f10d941f828d9c3c09a4704ad
DRIFT-NAT-SOCIAL_INTERACTION-027,naturalistic_behavioral,social_interaction,Someone involved in the repair project requested clarification about the next step. The response was,Study-authored naturalistic continuation stem; frozen before capture.,False,,train,"[128000, 55611, 6532, 304, 279, 13023, 2447, 11472, 64784, 922, 279, 1828, 3094, 13, 578, 2077, 574]",17,0e9b76b8b945e86eb698c3997c895878c544d8fcd50baec7f40f31e9cdc59da4,014620f8aead2e9882081907e6b7bcb6b03a7d8876347cab2176abf742890b60,14a2c282b45de44a6d640fc2e6dc1ed04d418f2f10d941f828d9c3c09a4704ad
DRIFT-NAT-SOCIAL_INTERACTION-028,naturalistic_behavioral,social_interaction,Someone involved in the travel schedule requested clarification about the next step. The response was,Study-authored naturalistic continuation stem; frozen before capture.,False,,test,"[128000, 55611, 6532, 304, 279, 5944, 9899, 11472, 64784, 922, 279, 1828, 3094, 13, 578, 2077, 574]",17,806e99a52800f8d22e93ff3522fed6323e50b35babcd633da1f461ceeccce1f8,014620f8aead2e9882081907e6b7bcb6b03a7d8876347cab2176abf742890b60,14a2c282b45de44a6d640fc2e6dc1ed04d418f2f10d941f828d9c3c09a4704ad
DRIFT-NAT-SOCIAL_INTERACTION-029,naturalistic_behavioral,social_interaction,Someone involved in the shared workspace requested clarification about the next step. The response was,Study-authored naturalistic continuation stem; frozen before capture.,False,,train,"[128000, 55611, 6532, 304, 279, 6222, 28614, 11472, 64784, 922, 279, 1828, 3094, 13, 578, 2077, 574]",17,0227c94c92062dce2c15da46de34d8304fc83baeabb436d9dd6379962cdfffd2,014620f8aead2e9882081907e6b7bcb6b03a7d8876347cab2176abf742890b60,14a2c282b45de44a6d640fc2e6dc1ed04d418f2f10d941f828d9c3c09a4704ad
DRIFT-NAT-SOCIAL_INTERACTION-030,naturalistic_behavioral,social_interaction,Someone involved in the research note requested clarification about the next step. The response was,Study-authored naturalistic continuation stem; frozen before capture.,False,,validation,"[128000, 55611, 6532, 304, 279, 3495, 5296, 11472, 64784, 922, 279, 1828, 3094, 13, 578, 2077, 574]",17,92e552a3765bbf6df5faa7b2e7d4399c575d2bcc1fe517a829907739580febef,014620f8aead2e9882081907e6b7bcb6b03a7d8876347cab2176abf742890b60,14a2c282b45de44a6d640fc2e6dc1ed04d418f2f10d941f828d9c3c09a4704ad
DRIFT-NAT-SOCIAL_INTERACTION-031,naturalistic_behavioral,social_interaction,Someone involved in the delivery route requested clarification about the next step. The response was,Study-authored naturalistic continuation stem; frozen before capture.,False,,train,"[128000, 55611, 6532, 304, 279, 9889, 6149, 11472, 64784, 922, 279, 1828, 3094, 13, 578, 2077, 574]",17,f5a7b15b4f9a7ea315f401cdb3ebaf6bbd194b0306b020ee294f7549092982f7,014620f8aead2e9882081907e6b7bcb6b03a7d8876347cab2176abf742890b60,14a2c282b45de44a6d640fc2e6dc1ed04d418f2f10d941f828d9c3c09a4704ad
DRIFT-NAT-SOCIAL_INTERACTION-032,naturalistic_behavioral,social_interaction,Someone involved in the class project requested clarification about the next step. The response was,Study-authored naturalistic continuation stem; frozen before capture.,False,,test,"[128000, 55611, 6532, 304, 279, 538, 2447, 11472, 64784, 922, 279, 1828, 3094, 13, 578, 2077, 574]",17,da2c5deb51635af8e688f6f6c45e3a9597822937f80ce21913001106f255b7cb,014620f8aead2e9882081907e6b7bcb6b03a7d8876347cab2176abf742890b60,14a2c282b45de44a6d640fc2e6dc1ed04d418f2f10d941f828d9c3c09a4704ad
DRIFT-NAT-SOCIAL_INTERACTION-033,naturalistic_behavioral,social_interaction,Someone involved in the neighborhood event requested clarification about the next step. The response was,Study-authored naturalistic continuation stem; frozen before capture.,False,,validation,"[128000, 55611, 6532, 304, 279, 12818, 1567, 11472, 64784, 922, 279, 1828, 3094, 13, 578, 2077, 574]",17,55db955bae8c271606038d0340d181d4b1ae78ff7d45e49267b0bad2771e78a5,014620f8aead2e9882081907e6b7bcb6b03a7d8876347cab2176abf742890b60,14a2c282b45de44a6d640fc2e6dc1ed04d418f2f10d941f828d9c3c09a4704ad
DRIFT-NAT-SOCIAL_INTERACTION-034,naturalistic_behavioral,social_interaction,Someone involved in the household task requested clarification about the next step. The response was,Study-authored naturalistic continuation stem; frozen before capture.,False,,train,"[128000, 55611, 6532, 304, 279, 14048, 3465, 11472, 64784, 922, 279, 1828, 3094, 13, 578, 2077, 574]",17,71d93ed0e0953cfc6a3ec4d5f60cf74678d769ba293f949e0a561a1021e857c1,014620f8aead2e9882081907e6b7bcb6b03a7d8876347cab2176abf742890b60,14a2c282b45de44a6d640fc2e6dc1ed04d418f2f10d941f828d9c3c09a4704ad
DRIFT-NAT-SOCIAL_INTERACTION-035,naturalistic_behavioral,social_interaction,Someone involved in the meeting agenda requested clarification about the next step. The response was,Study-authored naturalistic continuation stem; frozen before capture.,False,,train,"[128000, 55611, 6532, 304, 279, 6574, 18909, 11472, 64784, 922, 279, 1828, 3094, 13, 578, 2077, 574]",17,764a96844bd8ed6181542fe89099fc01e3aafcc765a28e0cf26ed666d35d2520,014620f8aead2e9882081907e6b7bcb6b03a7d8876347cab2176abf742890b60,14a2c282b45de44a6d640fc2e6dc1ed04d418f2f10d941f828d9c3c09a4704ad
DRIFT-NAT-SOCIAL_INTERACTION-036,naturalistic_behavioral,social_interaction,Someone involved in the weekend activity requested clarification about the next step. The response was,Study-authored naturalistic continuation stem; frozen before capture.,False,,train,"[128000, 55611, 6532, 304, 279, 9178, 5820, 11472, 64784, 922, 279, 1828, 3094, 13, 578, 2077, 574]",17,d1dce429482ec1d0e24c4678049f8de9dba2347951cf3a5aa0ed9fbc3419ae32,014620f8aead2e9882081907e6b7bcb6b03a7d8876347cab2176abf742890b60,14a2c282b45de44a6d640fc2e6dc1ed04d418f2f10d941f828d9c3c09a4704ad
DRIFT-NAT-SOCIAL_INTERACTION-037,naturalistic_behavioral,social_interaction,"At a pause in the community garden, a colleague opened a conversation about progress. The answer began",Study-authored naturalistic continuation stem; frozen before capture.,False,,train,"[128000, 1688, 264, 18579, 304, 279, 4029, 13863, 11, 264, 37444, 9107, 264, 10652, 922, 5208, 13, 578, 4320, 6137]",20,7ac85cc6618bab62e5c1e17ad095ea3ddc2747729bc8b7f7f53abbbd8343f8b5,014620f8aead2e9882081907e6b7bcb6b03a7d8876347cab2176abf742890b60,14a2c282b45de44a6d640fc2e6dc1ed04d418f2f10d941f828d9c3c09a4704ad
DRIFT-NAT-SOCIAL_INTERACTION-038,naturalistic_behavioral,social_interaction,"At a pause in the software release, a colleague opened a conversation about progress. The answer began",Study-authored naturalistic continuation stem; frozen before capture.,False,,train,"[128000, 1688, 264, 18579, 304, 279, 3241, 4984, 11, 264, 37444, 9107, 264, 10652, 922, 5208, 13, 578, 4320, 6137]",20,cae91be5bbb039e95fdffe36a470b59e7c23bc778c561e510dfb027f98491f92,014620f8aead2e9882081907e6b7bcb6b03a7d8876347cab2176abf742890b60,14a2c282b45de44a6d640fc2e6dc1ed04d418f2f10d941f828d9c3c09a4704ad
DRIFT-NAT-SOCIAL_INTERACTION-039,naturalistic_behavioral,social_interaction,"At a pause in the repair project, a colleague opened a conversation about progress. The answer began",Study-authored naturalistic continuation stem; frozen before capture.,False,,validation,"[128000, 1688, 264, 18579, 304, 279, 13023, 2447, 11, 264, 37444, 9107, 264, 10652, 922, 5208, 13, 578, 4320, 6137]",20,6514b952c458505fb7abb8e34ab631cf2bbfb493c825f54696a7e5a99f2b0d22,014620f8aead2e9882081907e6b7bcb6b03a7d8876347cab2176abf742890b60,14a2c282b45de44a6d640fc2e6dc1ed04d418f2f10d941f828d9c3c09a4704ad
DRIFT-NAT-SOCIAL_INTERACTION-040,naturalistic_behavioral,social_interaction,"At a pause in the travel schedule, a colleague opened a conversation about progress. The answer began",Study-authored naturalistic continuation stem; frozen before capture.,False,,train,"[128000, 1688, 264, 18579, 304, 279, 5944, 9899, 11, 264, 37444, 9107, 264, 10652, 922, 5208, 13, 578, 4320, 6137]",20,0739855d3a517f19c5b9ec5df03df98a1e31f95562b53d6b0794eca043712e45,014620f8aead2e9882081907e6b7bcb6b03a7d8876347cab2176abf742890b60,14a2c282b45de44a6d640fc2e6dc1ed04d418f2f10d941f828d9c3c09a4704ad
DRIFT-NAT-SOCIAL_INTERACTION-041,naturalistic_behavioral,social_interaction,"At a pause in the shared workspace, a colleague opened a conversation about progress. The answer began",Study-authored naturalistic continuation stem; frozen before capture.,False,,train,"[128000, 1688, 264, 18579, 304, 279, 6222, 28614, 11, 264, 37444, 9107, 264, 10652, 922, 5208, 13, 578, 4320, 6137]",20,01100d14c3e3c158ca2b5151a78ad67e9bd3d765262c9f493b1061d6ede7281d,014620f8aead2e9882081907e6b7bcb6b03a7d8876347cab2176abf742890b60,14a2c282b45de44a6d640fc2e6dc1ed04d418f2f10d941f828d9c3c09a4704ad
DRIFT-NAT-SOCIAL_INTERACTION-042,naturalistic_behavioral,social_interaction,"At a pause in the research note, a colleague opened a conversation about progress. The answer began",Study-authored naturalistic continuation stem; frozen before capture.,False,,train,"[128000, 1688, 264, 18579, 304, 279, 3495, 5296, 11, 264, 37444, 9107, 264, 10652, 922, 5208, 13, 578, 4320, 6137]",20,ca7166da2eed08a9d0a56bcbca01246b32ce21b312db0b38b4dc67035a15c491,014620f8aead2e9882081907e6b7bcb6b03a7d8876347cab2176abf742890b60,14a2c282b45de44a6d640fc2e6dc1ed04d418f2f10d941f828d9c3c09a4704ad
DRIFT-NAT-SOCIAL_INTERACTION-043,naturalistic_behavioral,social_interaction,"At a pause in the delivery route, a colleague opened a conversation about progress. The answer began",Study-authored naturalistic continuation stem; frozen before capture.,False,,validation,"[128000, 1688, 264, 18579, 304, 279, 9889, 6149, 11, 264, 37444, 9107, 264, 10652, 922, 5208, 13, 578, 4320, 6137]",20,9e279288afbbf2d864b66039936f946ee46b0e791be67e60f1815533ff937335,014620f8aead2e9882081907e6b7bcb6b03a7d8876347cab2176abf742890b60,14a2c282b45de44a6d640fc2e6dc1ed04d418f2f10d941f828d9c3c09a4704ad
DRIFT-NAT-SOCIAL_INTERACTION-044,naturalistic_behavioral,social_interaction,"At a pause in the class project, a colleague opened a conversation about progress. The answer began",Study-authored naturalistic continuation stem; frozen before capture.,False,,train,"[128000, 1688, 264, 18579, 304, 279, 538, 2447, 11, 264, 37444, 9107, 264, 10652, 922, 5208, 13, 578, 4320, 6137]",20,908ba548772777bd0b0cabe284b29aecfbbc6d949fd1aaaa1dbffb150f60b8f2,014620f8aead2e9882081907e6b7bcb6b03a7d8876347cab2176abf742890b60,14a2c282b45de44a6d640fc2e6dc1ed04d418f2f10d941f828d9c3c09a4704ad
DRIFT-NAT-SOCIAL_INTERACTION-045,naturalistic_behavioral,social_interaction,"At a pause in the neighborhood event, a colleague opened a conversation about progress. The answer began",Study-authored naturalistic continuation stem; frozen before capture.,False,,validation,"[128000, 1688, 264, 18579, 304, 279, 12818, 1567, 11, 264, 37444, 9107, 264, 10652, 922, 5208, 13, 578, 4320, 6137]",20,7fa1af3d52ca0b740c382ea9991a5853849e90d83a1d02f4cd3337335e6ed8f2,014620f8aead2e9882081907e6b7bcb6b03a7d8876347cab2176abf742890b60,14a2c282b45de44a6d640fc2e6dc1ed04d418f2f10d941f828d9c3c09a4704ad
DRIFT-NAT-SOCIAL_INTERACTION-046,naturalistic_behavioral,social_interaction,"At a pause in the household task, a colleague opened a conversation about progress. The answer began",Study-authored naturalistic continuation stem; frozen before capture.,False,,train,"[128000, 1688, 264, 18579, 304, 279, 14048, 3465, 11, 264, 37444, 9107, 264, 10652, 922, 5208, 13, 578, 4320, 6137]",20,467332bc6c796629dfd4346a90472a5d2e33cd7cd6f9d623d4fe6075be09ad72,014620f8aead2e9882081907e6b7bcb6b03a7d8876347cab2176abf742890b60,14a2c282b45de44a6d640fc2e6dc1ed04d418f2f10d941f828d9c3c09a4704ad
DRIFT-NAT-SOCIAL_INTERACTION-047,naturalistic_behavioral,social_interaction,"At a pause in the meeting agenda, a colleague opened a conversation about progress. The answer began",Study-authored naturalistic continuation stem; frozen before capture.,False,,train,"[128000, 1688, 264, 18579, 304, 279, 6574, 18909, 11, 264, 37444, 9107, 264, 10652, 922, 5208, 13, 578, 4320, 6137]",20,f10dcdfdce7f0361d3a218681d39f46561e2f6df1a545887642dd071a01dd652,014620f8aead2e9882081907e6b7bcb6b03a7d8876347cab2176abf742890b60,14a2c282b45de44a6d640fc2e6dc1ed04d418f2f10d941f828d9c3c09a4704ad
DRIFT-NAT-SOCIAL_INTERACTION-048,naturalistic_behavioral,social_interaction,"At a pause in the weekend activity, a colleague opened a conversation about progress. The answer began",Study-authored naturalistic continuation stem; frozen before capture.,False,,validation,"[128000, 1688, 264, 18579, 304, 279, 9178, 5820, 11, 264, 37444, 9107, 264, 10652, 922, 5208, 13, 578, 4320, 6137]",20,eed533d3ff5a477e4e6d84e42bd920b7ecf68005611983b8fdbe1cd40cb06f57,014620f8aead2e9882081907e6b7bcb6b03a7d8876347cab2176abf742890b60,14a2c282b45de44a6d640fc2e6dc1ed04d418f2f10d941f828d9c3c09a4704ad
DRIFT-NAT-COOPERATION-001,naturalistic_behavioral,cooperation,Two participants in the community garden needed to divide the remaining tasks. They proceeded by,Study-authored naturalistic continuation stem; frozen before capture.,False,,test,"[128000, 11874, 13324, 304, 279, 4029, 13863, 4460, 311, 22497, 279, 9861, 9256, 13, 2435, 45374, 555]",17,667188d0c3fa57b493b9703734c12e64349c5492c14f10a02c650b64bea6c7e6,014620f8aead2e9882081907e6b7bcb6b03a7d8876347cab2176abf742890b60,14a2c282b45de44a6d640fc2e6dc1ed04d418f2f10d941f828d9c3c09a4704ad
DRIFT-NAT-COOPERATION-002,naturalistic_behavioral,cooperation,Two participants in the software release needed to divide the remaining tasks. They proceeded by,Study-authored naturalistic continuation stem; frozen before capture.,False,,train,"[128000, 11874, 13324, 304, 279, 3241, 4984, 4460, 311, 22497, 279, 9861, 9256, 13, 2435, 45374, 555]",17,d43b5ab480d41f9342a05204b9bca0a6b2ad4ba13f5445296cfd67197304fd33,014620f8aead2e9882081907e6b7bcb6b03a7d8876347cab2176abf742890b60,14a2c282b45de44a6d640fc2e6dc1ed04d418f2f10d941f828d9c3c09a4704ad
DRIFT-NAT-COOPERATION-003,naturalistic_behavioral,cooperation,Two participants in the repair project needed to divide the remaining tasks. They proceeded by,Study-authored naturalistic continuation stem; frozen before capture.,False,,train,"[128000, 11874, 13324, 304, 279, 13023, 2447, 4460, 311, 22497, 279, 9861, 9256, 13, 2435, 45374, 555]",17,b7f96442fa01dd8a0aa3d776e3e33e07907dae260eca1c5c4bce50c8bb558015,014620f8aead2e9882081907e6b7bcb6b03a7d8876347cab2176abf742890b60,14a2c282b45de44a6d640fc2e6dc1ed04d418f2f10d941f828d9c3c09a4704ad
DRIFT-NAT-COOPERATION-004,naturalistic_behavioral,cooperation,Two participants in the travel schedule needed to divide the remaining tasks. They proceeded by,Study-authored naturalistic continuation stem; frozen before capture.,False,,train,"[128000, 11874, 13324, 304, 279, 5944, 9899, 4460, 311, 22497, 279, 9861, 9256, 13, 2435, 45374, 555]",17,98d7053058644a58bbbe92809d4c00d6b4cce4dd68f1980d21077ea5a34838ff,014620f8aead2e9882081907e6b7bcb6b03a7d8876347cab2176abf742890b60,14a2c282b45de44a6d640fc2e6dc1ed04d418f2f10d941f828d9c3c09a4704ad
DRIFT-NAT-COOPERATION-005,naturalistic_behavioral,cooperation,Two participants in the shared workspace needed to divide the remaining tasks. They proceeded by,Study-authored naturalistic continuation stem; frozen before capture.,False,,train,"[128000, 11874, 13324, 304, 279, 6222, 28614, 4460, 311, 22497, 279, 9861, 9256, 13, 2435, 45374, 555]",17,de8558d2ee3f5761680cd8a52a7a0a63a0831ed5c38886ae237ba5b5f8ed4190,014620f8aead2e9882081907e6b7bcb6b03a7d8876347cab2176abf742890b60,14a2c282b45de44a6d640fc2e6dc1ed04d418f2f10d941f828d9c3c09a4704ad
DRIFT-NAT-COOPERATION-006,naturalistic_behavioral,cooperation,Two participants in the research note needed to divide the remaining tasks. They proceeded by,Study-authored naturalistic continuation stem; frozen before capture.,False,,validation,"[128000, 11874, 13324, 304, 279, 3495, 5296, 4460, 311, 22497, 279, 9861, 9256, 13, 2435, 45374, 555]",17,770266d9102c646976e629d773ec918695c84c56727da414e6d34f357bafa2cd,014620f8aead2e9882081907e6b7bcb6b03a7d8876347cab2176abf742890b60,14a2c282b45de44a6d640fc2e6dc1ed04d418f2f10d941f828d9c3c09a4704ad
DRIFT-NAT-COOPERATION-007,naturalistic_behavioral,cooperation,Two participants in the delivery route needed to divide the remaining tasks. They proceeded by,Study-authored naturalistic continuation stem; frozen before capture.,False,,test,"[128000, 11874, 13324, 304, 279, 9889, 6149, 4460, 311, 22497, 279, 9861, 9256, 13, 2435, 45374, 555]",17,ddb86e04307acd91bffce843b30a3903dca34450b8909b5a63804ada84404f35,014620f8aead2e9882081907e6b7bcb6b03a7d8876347cab2176abf742890b60,14a2c282b45de44a6d640fc2e6dc1ed04d418f2f10d941f828d9c3c09a4704ad
DRIFT-NAT-COOPERATION-008,naturalistic_behavioral,cooperation,Two participants in the class project needed to divide the remaining tasks. They proceeded by,Study-authored naturalistic continuation stem; frozen before capture.,False,,validation,"[128000, 11874, 13324, 304, 279, 538, 2447, 4460, 311, 22497, 279, 9861, 9256, 13, 2435, 45374, 555]",17,346ad0b404676ffde08ef5848e1b096e396ba7ed15f6c3e8f6609120846c757e,014620f8aead2e9882081907e6b7bcb6b03a7d8876347cab2176abf742890b60,14a2c282b45de44a6d640fc2e6dc1ed04d418f2f10d941f828d9c3c09a4704ad
DRIFT-NAT-COOPERATION-009,naturalistic_behavioral,cooperation,Two participants in the neighborhood event needed to divide the remaining tasks. They proceeded by,Study-authored naturalistic continuation stem; frozen before capture.,False,,test,"[128000, 11874, 13324, 304, 279, 12818, 1567, 4460, 311, 22497, 279, 9861, 9256, 13, 2435, 45374, 555]",17,31ff5b9c05647bbe69fae91eab8147e14f6d881990e2e0f445c218c4ce64b6cc,014620f8aead2e9882081907e6b7bcb6b03a7d8876347cab2176abf742890b60,14a2c282b45de44a6d640fc2e6dc1ed04d418f2f10d941f828d9c3c09a4704ad
DRIFT-NAT-COOPERATION-010,naturalistic_behavioral,cooperation,Two participants in the household task needed to divide the remaining tasks. They proceeded by,Study-authored naturalistic continuation stem; frozen before capture.,False,,test,"[128000, 11874, 13324, 304, 279, 14048, 3465, 4460, 311, 22497, 279, 9861, 9256, 13, 2435, 45374, 555]",17,0219dc67d12fda5b06e687fd7b87f0e7fd3b6bef7b98ec451a0e561503ac5426,014620f8aead2e9882081907e6b7bcb6b03a7d8876347cab2176abf742890b60,14a2c282b45de44a6d640fc2e6dc1ed04d418f2f10d941f828d9c3c09a4704ad
DRIFT-NAT-COOPERATION-011,naturalistic_behavioral,cooperation,Two participants in the meeting agenda needed to divide the remaining tasks. They proceeded by,Study-authored naturalistic continuation stem; frozen before capture.,False,,train,"[128000, 11874, 13324, 304, 279, 6574, 18909, 4460, 311, 22497, 279, 9861, 9256, 13, 2435, 45374, 555]",17,3b5ce70c489d6bd5f20ac85d553f3218805537cf5c4c36c54f8d8275bb7fdeac,014620f8aead2e9882081907e6b7bcb6b03a7d8876347cab2176abf742890b60,14a2c282b45de44a6d640fc2e6dc1ed04d418f2f10d941f828d9c3c09a4704ad
DRIFT-NAT-COOPERATION-012,naturalistic_behavioral,cooperation,Two participants in the weekend activity needed to divide the remaining tasks. They proceeded by,Study-authored naturalistic continuation stem; frozen before capture.,False,,train,"[128000, 11874, 13324, 304, 279, 9178, 5820, 4460, 311, 22497, 279, 9861, 9256, 13, 2435, 45374, 555]",17,d4673ab1363b0c9dc98010d1901c27a93d417a3c0f4c27aaaeced7d7d0cd66c8,014620f8aead2e9882081907e6b7bcb6b03a7d8876347cab2176abf742890b60,14a2c282b45de44a6d640fc2e6dc1ed04d418f2f10d941f828d9c3c09a4704ad
DRIFT-NAT-COOPERATION-013,naturalistic_behavioral,cooperation,The community garden required several people to coordinate access to one resource. The group arranged to,Study-authored naturalistic continuation stem; frozen before capture.,False,,train,"[128000, 791, 4029, 13863, 2631, 3892, 1274, 311, 16580, 2680, 311, 832, 5211, 13, 578, 1912, 28902, 311]",18,d12df20fa3a54734f6c718283968cda09a4b12ee6524a799ab0dfa207159a0c9,014620f8aead2e9882081907e6b7bcb6b03a7d8876347cab2176abf742890b60,14a2c282b45de44a6d640fc2e6dc1ed04d418f2f10d941f828d9c3c09a4704ad
DRIFT-NAT-COOPERATION-014,naturalistic_behavioral,cooperation,The software release required several people to coordinate access to one resource. The group arranged to,Study-authored naturalistic continuation stem; frozen before capture.,False,,validation,"[128000, 791, 3241, 4984, 2631, 3892, 1274, 311, 16580, 2680, 311, 832, 5211, 13, 578, 1912, 28902, 311]",18,c46d160493d0b4c39947431a32a4cbc6bc58a7475473b5d9eb1b8930488fd6bc,014620f8aead2e9882081907e6b7bcb6b03a7d8876347cab2176abf742890b60,14a2c282b45de44a6d640fc2e6dc1ed04d418f2f10d941f828d9c3c09a4704ad
DRIFT-NAT-COOPERATION-015,naturalistic_behavioral,cooperation,The repair project required several people to coordinate access to one resource. The group arranged to,Study-authored naturalistic continuation stem; frozen before capture.,False,,train,"[128000, 791, 13023, 2447, 2631, 3892, 1274, 311, 16580, 2680, 311, 832, 5211, 13, 578, 1912, 28902, 311]",18,2c61ce794d82784d93edcce3d65f55605af685883aff63c22ca6cfed55efef23,014620f8aead2e9882081907e6b7bcb6b03a7d8876347cab2176abf742890b60,14a2c282b45de44a6d640fc2e6dc1ed04d418f2f10d941f828d9c3c09a4704ad
DRIFT-NAT-COOPERATION-016,naturalistic_behavioral,cooperation,The travel schedule required several people to coordinate access to one resource. The group arranged to,Study-authored naturalistic continuation stem; frozen before capture.,False,,validation,"[128000, 791, 5944, 9899, 2631, 3892, 1274, 311, 16580, 2680, 311, 832, 5211, 13, 578, 1912, 28902, 311]",18,8750f363a9647797eee5abcea23ab023afba1d79d1699a339b26bab31f73a851,014620f8aead2e9882081907e6b7bcb6b03a7d8876347cab2176abf742890b60,14a2c282b45de44a6d640fc2e6dc1ed04d418f2f10d941f828d9c3c09a4704ad
DRIFT-NAT-COOPERATION-017,naturalistic_behavioral,cooperation,The shared workspace required several people to coordinate access to one resource. The group arranged to,Study-authored naturalistic continuation stem; frozen before capture.,False,,train,"[128000, 791, 6222, 28614, 2631, 3892, 1274, 311, 16580, 2680, 311, 832, 5211, 13, 578, 1912, 28902, 311]",18,63e8dfe6aeda8bd76d0912d220eec4154f7cb2e9a49f0f7af3641772cb13fb6b,014620f8aead2e9882081907e6b7bcb6b03a7d8876347cab2176abf742890b60,14a2c282b45de44a6d640fc2e6dc1ed04d418f2f10d941f828d9c3c09a4704ad
DRIFT-NAT-COOPERATION-018,naturalistic_behavioral,cooperation,The research note required several people to coordinate access to one resource. The group arranged to,Study-authored naturalistic continuation stem; frozen before capture.,False,,validation,"[128000, 791, 3495, 5296, 2631, 3892, 1274, 311, 16580, 2680, 311, 832, 5211, 13, 578, 1912, 28902, 311]",18,c0c02f75a0808d9ee2e2ee7f71b81ff30c0edfd8740929560b0c0e013f043daf,014620f8aead2e9882081907e6b7bcb6b03a7d8876347cab2176abf742890b60,14a2c282b45de44a6d640fc2e6dc1ed04d418f2f10d941f828d9c3c09a4704ad
DRIFT-NAT-COOPERATION-019,naturalistic_behavioral,cooperation,The delivery route required several people to coordinate access to one resource. The group arranged to,Study-authored naturalistic continuation stem; frozen before capture.,False,,train,"[128000, 791, 9889, 6149, 2631, 3892, 1274, 311, 16580, 2680, 311, 832, 5211, 13, 578, 1912, 28902, 311]",18,859d2a650da950cc15f9da8ad4d1e1467dcb52a3f39776b8e4c47c6ec6d07610,014620f8aead2e9882081907e6b7bcb6b03a7d8876347cab2176abf742890b60,14a2c282b45de44a6d640fc2e6dc1ed04d418f2f10d941f828d9c3c09a4704ad
DRIFT-NAT-COOPERATION-020,naturalistic_behavioral,cooperation,The class project required several people to coordinate access to one resource. The group arranged to,Study-authored naturalistic continuation stem; frozen before capture.,False,,train,"[128000, 791, 538, 2447, 2631, 3892, 1274, 311, 16580, 2680, 311, 832, 5211, 13, 578, 1912, 28902, 311]",18,7348020f1ba095c08008f349651e08884d44d0a574674af33a4b2d598f145917,014620f8aead2e9882081907e6b7bcb6b03a7d8876347cab2176abf742890b60,14a2c282b45de44a6d640fc2e6dc1ed04d418f2f10d941f828d9c3c09a4704ad
DRIFT-NAT-COOPERATION-021,naturalistic_behavioral,cooperation,The neighborhood event required several people to coordinate access to one resource. The group arranged to,Study-authored naturalistic continuation stem; frozen before capture.,False,,validation,"[128000, 791, 12818, 1567, 2631, 3892, 1274, 311, 16580, 2680, 311, 832, 5211, 13, 578, 1912, 28902, 311]",18,e290836f981c16503c5aaa3f2f8847c730bb955ff366a4e8035dbd91bf47e641,014620f8aead2e9882081907e6b7bcb6b03a7d8876347cab2176abf742890b60,14a2c282b45de44a6d640fc2e6dc1ed04d418f2f10d941f828d9c3c09a4704ad
DRIFT-NAT-COOPERATION-022,naturalistic_behavioral,cooperation,The household task required several people to coordinate access to one resource. The group arranged to,Study-authored naturalistic continuation stem; frozen before capture.,False,,train,"[128000, 791, 14048, 3465, 2631, 3892, 1274, 311, 16580, 2680, 311, 832, 5211, 13, 578, 1912, 28902, 311]",18,2238af4f5157d130fe90a452e7bcfb992eeacaa0ffba69bc4a600ed88bca574a,014620f8aead2e9882081907e6b7bcb6b03a7d8876347cab2176abf742890b60,14a2c282b45de44a6d640fc2e6dc1ed04d418f2f10d941f828d9c3c09a4704ad
DRIFT-NAT-COOPERATION-023,naturalistic_behavioral,cooperation,The meeting agenda required several people to coordinate access to one resource. The group arranged to,Study-authored naturalistic continuation stem; frozen before capture.,False,,train,"[128000, 791, 6574, 18909, 2631, 3892, 1274, 311, 16580, 2680, 311, 832, 5211, 13, 578, 1912, 28902, 311]",18,62e7461c824d1de3dad5224e9d2b84ba56485afdeb0873fadd5ab5b1428784fe,014620f8aead2e9882081907e6b7bcb6b03a7d8876347cab2176abf742890b60,14a2c282b45de44a6d640fc2e6dc1ed04d418f2f10d941f828d9c3c09a4704ad
DRIFT-NAT-COOPERATION-024,naturalistic_behavioral,cooperation,The weekend activity required several people to coordinate access to one resource. The group arranged to,Study-authored naturalistic continuation stem; frozen before capture.,False,,train,"[128000, 791, 9178, 5820, 2631, 3892, 1274, 311, 16580, 2680, 311, 832, 5211, 13, 578, 1912, 28902, 311]",18,c685651283af48691a01ba9e89c55c90c3b5e5257560a2ddf942e9d1cf8fa17a,014620f8aead2e9882081907e6b7bcb6b03a7d8876347cab2176abf742890b60,14a2c282b45de44a6d640fc2e6dc1ed04d418f2f10d941f828d9c3c09a4704ad
DRIFT-NAT-COOPERATION-025,naturalistic_behavioral,cooperation,A shared part of the community garden could not be completed by one person alone. The collaborators began by,Study-authored naturalistic continuation stem; frozen before capture.,False,,train,"[128000, 32, 6222, 961, 315, 279, 4029, 13863, 1436, 539, 387, 8308, 555, 832, 1732, 7636, 13, 578, 79119, 6137, 555]",21,089fc020c4acf181f06397cf3c568341a4c627df0481dde2ee4c61833681e013,014620f8aead2e9882081907e6b7bcb6b03a7d8876347cab2176abf742890b60,14a2c282b45de44a6d640fc2e6dc1ed04d418f2f10d941f828d9c3c09a4704ad
DRIFT-NAT-COOPERATION-026,naturalistic_behavioral,cooperation,A shared part of the software release could not be completed by one person alone. The collaborators began by,Study-authored naturalistic continuation stem; frozen before capture.,False,,test,"[128000, 32, 6222, 961, 315, 279, 3241, 4984, 1436, 539, 387, 8308, 555, 832, 1732, 7636, 13, 578, 79119, 6137, 555]",21,fa63ea243bedf93e8cd7ff2797ea3e64b475ea1a39b31e4e83339aecf0037201,014620f8aead2e9882081907e6b7bcb6b03a7d8876347cab2176abf742890b60,14a2c282b45de44a6d640fc2e6dc1ed04d418f2f10d941f828d9c3c09a4704ad
DRIFT-NAT-COOPERATION-027,naturalistic_behavioral,cooperation,A shared part of the repair project could not be completed by one person alone. The collaborators began by,Study-authored naturalistic continuation stem; frozen before capture.,False,,validation,"[128000, 32, 6222, 961, 315, 279, 13023, 2447, 1436, 539, 387, 8308, 555, 832, 1732, 7636, 13, 578, 79119, 6137, 555]",21,00fab40247fbc1f34a89de0089327821cdf22d4fc951938aa12ba18ec1244b7a,014620f8aead2e9882081907e6b7bcb6b03a7d8876347cab2176abf742890b60,14a2c282b45de44a6d640fc2e6dc1ed04d418f2f10d941f828d9c3c09a4704ad
DRIFT-NAT-COOPERATION-028,naturalistic_behavioral,cooperation,A shared part of the travel schedule could not be completed by one person alone. The collaborators began by,Study-authored naturalistic continuation stem; frozen before capture.,False,,train,"[128000, 32, 6222, 961, 315, 279, 5944, 9899, 1436, 539, 387, 8308, 555, 832, 1732, 7636, 13, 578, 79119, 6137, 555]",21,0234aae4393552dbdbb5f4d8be1dee1b2c3ca221d489b19b9c7ba3dc0f2f1ae0,014620f8aead2e9882081907e6b7bcb6b03a7d8876347cab2176abf742890b60,14a2c282b45de44a6d640fc2e6dc1ed04d418f2f10d941f828d9c3c09a4704ad
DRIFT-NAT-COOPERATION-029,naturalistic_behavioral,cooperation,A shared part of the shared workspace could not be completed by one person alone. The collaborators began by,Study-authored naturalistic continuation stem; frozen before capture.,False,,test,"[128000, 32, 6222, 961, 315, 279, 6222, 28614, 1436, 539, 387, 8308, 555, 832, 1732, 7636, 13, 578, 79119, 6137, 555]",21,1ccfce1eaa77725060e0de6c7b778046cb273f20cbc47403b95493fb2b3a8218,014620f8aead2e9882081907e6b7bcb6b03a7d8876347cab2176abf742890b60,14a2c282b45de44a6d640fc2e6dc1ed04d418f2f10d941f828d9c3c09a4704ad
DRIFT-NAT-COOPERATION-030,naturalistic_behavioral,cooperation,A shared part of the research note could not be completed by one person alone. The collaborators began by,Study-authored naturalistic continuation stem; frozen before capture.,False,,train,"[128000, 32, 6222, 961, 315, 279, 3495, 5296, 1436, 539, 387, 8308, 555, 832, 1732, 7636, 13, 578, 79119, 6137, 555]",21,8ce38e14cbd51f59b08600c6aca235609cf3f239709ff8099ee826d46072c769,014620f8aead2e9882081907e6b7bcb6b03a7d8876347cab2176abf742890b60,14a2c282b45de44a6d640fc2e6dc1ed04d418f2f10d941f828d9c3c09a4704ad
DRIFT-NAT-COOPERATION-031,naturalistic_behavioral,cooperation,A shared part of the delivery route could not be completed by one person alone. The collaborators began by,Study-authored naturalistic continuation stem; frozen before capture.,False,,train,"[128000, 32, 6222, 961, 315, 279, 9889, 6149, 1436, 539, 387, 8308, 555, 832, 1732, 7636, 13, 578, 79119, 6137, 555]",21,db25834e5b604032a8e7932df1068fc127bf36143983059aeb907aaafec99c1f,014620f8aead2e9882081907e6b7bcb6b03a7d8876347cab2176abf742890b60,14a2c282b45de44a6d640fc2e6dc1ed04d418f2f10d941f828d9c3c09a4704ad
DRIFT-NAT-COOPERATION-032,naturalistic_behavioral,cooperation,A shared part of the class project could not be completed by one person alone. The collaborators began by,Study-authored naturalistic continuation stem; frozen before capture.,False,,validation,"[128000, 32, 6222, 961, 315, 279, 538, 2447, 1436, 539, 387, 8308, 555, 832, 1732, 7636, 13, 578, 79119, 6137, 555]",21,32285d56d7afa9f2f0c9c0a4b0b97c581791964562b14b7a7d147c0b11f3cf81,014620f8aead2e9882081907e6b7bcb6b03a7d8876347cab2176abf742890b60,14a2c282b45de44a6d640fc2e6dc1ed04d418f2f10d941f828d9c3c09a4704ad
DRIFT-NAT-COOPERATION-033,naturalistic_behavioral,cooperation,A shared part of the neighborhood event could not be completed by one person alone. The collaborators began by,Study-authored naturalistic continuation stem; frozen before capture.,False,,train,"[128000, 32, 6222, 961, 315, 279, 12818, 1567, 1436, 539, 387, 8308, 555, 832, 1732, 7636, 13, 578, 79119, 6137, 555]",21,77279d26be5f133273c06bc25aa2c64cd674c2087488c907eae1088c090f349c,014620f8aead2e9882081907e6b7bcb6b03a7d8876347cab2176abf742890b60,14a2c282b45de44a6d640fc2e6dc1ed04d418f2f10d941f828d9c3c09a4704ad
DRIFT-NAT-COOPERATION-034,naturalistic_behavioral,cooperation,A shared part of the household task could not be completed by one person alone. The collaborators began by,Study-authored naturalistic continuation stem; frozen before capture.,False,,train,"[128000, 32, 6222, 961, 315, 279, 14048, 3465, 1436, 539, 387, 8308, 555, 832, 1732, 7636, 13, 578, 79119, 6137, 555]",21,f8f674cc9694e819e8183a638b603233c6b312779102e40d55f347c76401be1f,014620f8aead2e9882081907e6b7bcb6b03a7d8876347cab2176abf742890b60,14a2c282b45de44a6d640fc2e6dc1ed04d418f2f10d941f828d9c3c09a4704ad
DRIFT-NAT-COOPERATION-035,naturalistic_behavioral,cooperation,A shared part of the meeting agenda could not be completed by one person alone. The collaborators began by,Study-authored naturalistic continuation stem; frozen before capture.,False,,train,"[128000, 32, 6222, 961, 315, 279, 6574, 18909, 1436, 539, 387, 8308, 555, 832, 1732, 7636, 13, 578, 79119, 6137, 555]",21,5518e0b00f1c63ca78f3fbcd135137acde9862d0069501e5bcec691d72a14a2e,014620f8aead2e9882081907e6b7bcb6b03a7d8876347cab2176abf742890b60,14a2c282b45de44a6d640fc2e6dc1ed04d418f2f10d941f828d9c3c09a4704ad
DRIFT-NAT-COOPERATION-036,naturalistic_behavioral,cooperation,A shared part of the weekend activity could not be completed by one person alone. The collaborators began by,Study-authored naturalistic continuation stem; frozen before capture.,False,,train,"[128000, 32, 6222, 961, 315, 279, 9178, 5820, 1436, 539, 387, 8308, 555, 832, 1732, 7636, 13, 578, 79119, 6137, 555]",21,b94a2ee59ef8da8e65471c9cee19d0a9568b5a867fe217c58b7a838cbe5ba115,014620f8aead2e9882081907e6b7bcb6b03a7d8876347cab2176abf742890b60,14a2c282b45de44a6d640fc2e6dc1ed04d418f2f10d941f828d9c3c09a4704ad
DRIFT-NAT-COOPERATION-037,naturalistic_behavioral,cooperation,Progress on the community garden depended on combining work from separate participants. The next joint step was,Study-authored naturalistic continuation stem; frozen before capture.,False,,train,"[128000, 9685, 389, 279, 4029, 13863, 79101, 389, 35271, 990, 505, 8821, 13324, 13, 578, 1828, 10496, 3094, 574]",19,2bad296958f9c995d9f32f1e5e912cdabe1702a76488f316128d418c3f8ef9a4,014620f8aead2e9882081907e6b7bcb6b03a7d8876347cab2176abf742890b60,14a2c282b45de44a6d640fc2e6dc1ed04d418f2f10d941f828d9c3c09a4704ad
DRIFT-NAT-COOPERATION-038,naturalistic_behavioral,cooperation,Progress on the software release depended on combining work from separate participants. The next joint step was,Study-authored naturalistic continuation stem; frozen before capture.,False,,validation,"[128000, 9685, 389, 279, 3241, 4984, 79101, 389, 35271, 990, 505, 8821, 13324, 13, 578, 1828, 10496, 3094, 574]",19,1da4ac875b70a8ab8988c7401a3f0fafc9e27b19039d88fcb1e3bf75f840ed08,014620f8aead2e9882081907e6b7bcb6b03a7d8876347cab2176abf742890b60,14a2c282b45de44a6d640fc2e6dc1ed04d418f2f10d941f828d9c3c09a4704ad
DRIFT-NAT-COOPERATION-039,naturalistic_behavioral,cooperation,Progress on the repair project depended on combining work from separate participants. The next joint step was,Study-authored naturalistic continuation stem; frozen before capture.,False,,test,"[128000, 9685, 389, 279, 13023, 2447, 79101, 389, 35271, 990, 505, 8821, 13324, 13, 578, 1828, 10496, 3094, 574]",19,3a74929a581194741574316bf2f10bba79457b4fd858d23ec090eab73e94bb46,014620f8aead2e9882081907e6b7bcb6b03a7d8876347cab2176abf742890b60,14a2c282b45de44a6d640fc2e6dc1ed04d418f2f10d941f828d9c3c09a4704ad
DRIFT-NAT-COOPERATION-040,naturalistic_behavioral,cooperation,Progress on the travel schedule depended on combining work from separate participants. The next joint step was,Study-authored naturalistic continuation stem; frozen before capture.,False,,validation,"[128000, 9685, 389, 279, 5944, 9899, 79101, 389, 35271, 990, 505, 8821, 13324, 13, 578, 1828, 10496, 3094, 574]",19,63a66871c3421a7225c235095839c4a3770b8655e8e01fc1d5ae48759979d298,014620f8aead2e9882081907e6b7bcb6b03a7d8876347cab2176abf742890b60,14a2c282b45de44a6d640fc2e6dc1ed04d418f2f10d941f828d9c3c09a4704ad
DRIFT-NAT-COOPERATION-041,naturalistic_behavioral,cooperation,Progress on the shared workspace depended on combining work from separate participants. The next joint step was,Study-authored naturalistic continuation stem; frozen before capture.,False,,train,"[128000, 9685, 389, 279, 6222, 28614, 79101, 389, 35271, 990, 505, 8821, 13324, 13, 578, 1828, 10496, 3094, 574]",19,b9dd3794843b496701f68baf481b831b200d413f6d3a6f6fb78b25151af488a9,014620f8aead2e9882081907e6b7bcb6b03a7d8876347cab2176abf742890b60,14a2c282b45de44a6d640fc2e6dc1ed04d418f2f10d941f828d9c3c09a4704ad
DRIFT-NAT-COOPERATION-042,naturalistic_behavioral,cooperation,Progress on the research note depended on combining work from separate participants. The next joint step was,Study-authored naturalistic continuation stem; frozen before capture.,False,,train,"[128000, 9685, 389, 279, 3495, 5296, 79101, 389, 35271, 990, 505, 8821, 13324, 13, 578, 1828, 10496, 3094, 574]",19,c744da913b98a3fee80df90c174b488f5cd37268dc8245468e2e7ad2fc2fd66d,014620f8aead2e9882081907e6b7bcb6b03a7d8876347cab2176abf742890b60,14a2c282b45de44a6d640fc2e6dc1ed04d418f2f10d941f828d9c3c09a4704ad
DRIFT-NAT-COOPERATION-043,naturalistic_behavioral,cooperation,Progress on the delivery route depended on combining work from separate participants. The next joint step was,Study-authored naturalistic continuation stem; frozen before capture.,False,,train,"[128000, 9685, 389, 279, 9889, 6149, 79101, 389, 35271, 990, 505, 8821, 13324, 13, 578, 1828, 10496, 3094, 574]",19,4697b7ea6ae2aff7cf39173c4465188a7357740d484dd7cb9d5869a7c44ec10b,014620f8aead2e9882081907e6b7bcb6b03a7d8876347cab2176abf742890b60,14a2c282b45de44a6d640fc2e6dc1ed04d418f2f10d941f828d9c3c09a4704ad
DRIFT-NAT-COOPERATION-044,naturalistic_behavioral,cooperation,Progress on the class project depended on combining work from separate participants. The next joint step was,Study-authored naturalistic continuation stem; frozen before capture.,False,,validation,"[128000, 9685, 389, 279, 538, 2447, 79101, 389, 35271, 990, 505, 8821, 13324, 13, 578, 1828, 10496, 3094, 574]",19,ea5a40b1a2d83e002a7ff4cc8c57d10fd06d618ea49ecea4b16cb3204f5fa2e7,014620f8aead2e9882081907e6b7bcb6b03a7d8876347cab2176abf742890b60,14a2c282b45de44a6d640fc2e6dc1ed04d418f2f10d941f828d9c3c09a4704ad
DRIFT-NAT-COOPERATION-045,naturalistic_behavioral,cooperation,Progress on the neighborhood event depended on combining work from separate participants. The next joint step was,Study-authored naturalistic continuation stem; frozen before capture.,False,,test,"[128000, 9685, 389, 279, 12818, 1567, 79101, 389, 35271, 990, 505, 8821, 13324, 13, 578, 1828, 10496, 3094, 574]",19,3ce99713d2d5a9738e385ba32a837d1f82d47d90e749910a7e2c486dd9e91fcc,014620f8aead2e9882081907e6b7bcb6b03a7d8876347cab2176abf742890b60,14a2c282b45de44a6d640fc2e6dc1ed04d418f2f10d941f828d9c3c09a4704ad
DRIFT-NAT-COOPERATION-046,naturalistic_behavioral,cooperation,Progress on the household task depended on combining work from separate participants. The next joint step was,Study-authored naturalistic continuation stem; frozen before capture.,False,,train,"[128000, 9685, 389, 279, 14048, 3465, 79101, 389, 35271, 990, 505, 8821, 13324, 13, 578, 1828, 10496, 3094, 574]",19,4cd2026c7ce6144d0bff264c8c909b04b887ff087c2ec3907613436527bee917,014620f8aead2e9882081907e6b7bcb6b03a7d8876347cab2176abf742890b60,14a2c282b45de44a6d640fc2e6dc1ed04d418f2f10d941f828d9c3c09a4704ad
DRIFT-NAT-COOPERATION-047,naturalistic_behavioral,cooperation,Progress on the meeting agenda depended on combining work from separate participants. The next joint step was,Study-authored naturalistic continuation stem; frozen before capture.,False,,test,"[128000, 9685, 389, 279, 6574, 18909, 79101, 389, 35271, 990, 505, 8821, 13324, 13, 578, 1828, 10496, 3094, 574]",19,9cbe4095a98cf69748e86d3fa481f14619cd30935937b1170a450f0c1d0808ee,014620f8aead2e9882081907e6b7bcb6b03a7d8876347cab2176abf742890b60,14a2c282b45de44a6d640fc2e6dc1ed04d418f2f10d941f828d9c3c09a4704ad
DRIFT-NAT-COOPERATION-048,naturalistic_behavioral,cooperation,Progress on the weekend activity depended on combining work from separate participants. The next joint step was,Study-authored naturalistic continuation stem; frozen before capture.,False,,test,"[128000, 9685, 389, 279, 9178, 5820, 79101, 389, 35271, 990, 505, 8821, 13324, 13, 578, 1828, 10496, 3094, 574]",19,e21d451da6c7ca6108abf1966a9f4cce00933244437b99d165f6e8fa0544a48d,014620f8aead2e9882081907e6b7bcb6b03a7d8876347cab2176abf742890b60,14a2c282b45de44a6d640fc2e6dc1ed04d418f2f10d941f828d9c3c09a4704ad
DRIFT-NAT-DISAGREEMENT-001,naturalistic_behavioral,disagreement,Two proposed approaches to the community garden led to different conclusions. The discussion moved forward when,Study-authored naturalistic continuation stem; frozen before capture.,False,,train,"[128000, 11874, 11223, 20414, 311, 279, 4029, 13863, 6197, 311, 2204, 31342, 13, 578, 10430, 7882, 4741, 994]",18,2b5a629a2fd108da8a81caf26a929585e91cf812d17c91beea725f23acd68b65,014620f8aead2e9882081907e6b7bcb6b03a7d8876347cab2176abf742890b60,14a2c282b45de44a6d640fc2e6dc1ed04d418f2f10d941f828d9c3c09a4704ad
DRIFT-NAT-DISAGREEMENT-002,naturalistic_behavioral,disagreement,Two proposed approaches to the software release led to different conclusions. The discussion moved forward when,Study-authored naturalistic continuation stem; frozen before capture.,False,,train,"[128000, 11874, 11223, 20414, 311, 279, 3241, 4984, 6197, 311, 2204, 31342, 13, 578, 10430, 7882, 4741, 994]",18,98dd8c2a85f68edd62d9582c861e558dae3a313a3e40f30ada2d5fbb85c34d66,014620f8aead2e9882081907e6b7bcb6b03a7d8876347cab2176abf742890b60,14a2c282b45de44a6d640fc2e6dc1ed04d418f2f10d941f828d9c3c09a4704ad
DRIFT-NAT-DISAGREEMENT-003,naturalistic_behavioral,disagreement,Two proposed approaches to the repair project led to different conclusions. The discussion moved forward when,Study-authored naturalistic continuation stem; frozen before capture.,False,,train,"[128000, 11874, 11223, 20414, 311, 279, 13023, 2447, 6197, 311, 2204, 31342, 13, 578, 10430, 7882, 4741, 994]",18,72bece14bcefb634b09c3d5a732c9c5700337ff3d55145b0d9da2d102826e970,014620f8aead2e9882081907e6b7bcb6b03a7d8876347cab2176abf742890b60,14a2c282b45de44a6d640fc2e6dc1ed04d418f2f10d941f828d9c3c09a4704ad
DRIFT-NAT-DISAGREEMENT-004,naturalistic_behavioral,disagreement,Two proposed approaches to the travel schedule led to different conclusions. The discussion moved forward when,Study-authored naturalistic continuation stem; frozen before capture.,False,,train,"[128000, 11874, 11223, 20414, 311, 279, 5944, 9899, 6197, 311, 2204, 31342, 13, 578, 10430, 7882, 4741, 994]",18,bbb02ecb8392857dd666b96030c613d9a843cc029ed6cc88a8c850273d64eb57,014620f8aead2e9882081907e6b7bcb6b03a7d8876347cab2176abf742890b60,14a2c282b45de44a6d640fc2e6dc1ed04d418f2f10d941f828d9c3c09a4704ad
DRIFT-NAT-DISAGREEMENT-005,naturalistic_behavioral,disagreement,Two proposed approaches to the shared workspace led to different conclusions. The discussion moved forward when,Study-authored naturalistic continuation stem; frozen before capture.,False,,train,"[128000, 11874, 11223, 20414, 311, 279, 6222, 28614, 6197, 311, 2204, 31342, 13, 578, 10430, 7882, 4741, 994]",18,32cf8e1c97247cccf1c2e4130a746fc6c0470124a3b37314f4542298a999fc83,014620f8aead2e9882081907e6b7bcb6b03a7d8876347cab2176abf742890b60,14a2c282b45de44a6d640fc2e6dc1ed04d418f2f10d941f828d9c3c09a4704ad
DRIFT-NAT-DISAGREEMENT-006,naturalistic_behavioral,disagreement,Two proposed approaches to the research note led to different conclusions. The discussion moved forward when,Study-authored naturalistic continuation stem; frozen before capture.,False,,validation,"[128000, 11874, 11223, 20414, 311, 279, 3495, 5296, 6197, 311, 2204, 31342, 13, 578, 10430, 7882, 4741, 994]",18,4920d523b4227dd8141f6a4cc874c6d479ab9b2d74ed9fc75a25595c7e91f6af,014620f8aead2e9882081907e6b7bcb6b03a7d8876347cab2176abf742890b60,14a2c282b45de44a6d640fc2e6dc1ed04d418f2f10d941f828d9c3c09a4704ad
DRIFT-NAT-DISAGREEMENT-007,naturalistic_behavioral,disagreement,Two proposed approaches to the delivery route led to different conclusions. The discussion moved forward when,Study-authored naturalistic continuation stem; frozen before capture.,False,,validation,"[128000, 11874, 11223, 20414, 311, 279, 9889, 6149, 6197, 311, 2204, 31342, 13, 578, 10430, 7882, 4741, 994]",18,a430ea4429d29ff09958e42a8b26ed7f2d37a476c885fc697f553d0e9d7d8ea7,014620f8aead2e9882081907e6b7bcb6b03a7d8876347cab2176abf742890b60,14a2c282b45de44a6d640fc2e6dc1ed04d418f2f10d941f828d9c3c09a4704ad
DRIFT-NAT-DISAGREEMENT-008,naturalistic_behavioral,disagreement,Two proposed approaches to the class project led to different conclusions. The discussion moved forward when,Study-authored naturalistic continuation stem; frozen before capture.,False,,validation,"[128000, 11874, 11223, 20414, 311, 279, 538, 2447, 6197, 311, 2204, 31342, 13, 578, 10430, 7882, 4741, 994]",18,2b5f52069fd20b6d611f063d8d3171805498309e3e9c6d780c47f35802452db6,014620f8aead2e9882081907e6b7bcb6b03a7d8876347cab2176abf742890b60,14a2c282b45de44a6d640fc2e6dc1ed04d418f2f10d941f828d9c3c09a4704ad
DRIFT-NAT-DISAGREEMENT-009,naturalistic_behavioral,disagreement,Two proposed approaches to the neighborhood event led to different conclusions. The discussion moved forward when,Study-authored naturalistic continuation stem; frozen before capture.,False,,train,"[128000, 11874, 11223, 20414, 311, 279, 12818, 1567, 6197, 311, 2204, 31342, 13, 578, 10430, 7882, 4741, 994]",18,2e5c873314651862cb99cbea395e4cdb76a94132b42a5964b64b6838f0e525ed,014620f8aead2e9882081907e6b7bcb6b03a7d8876347cab2176abf742890b60,14a2c282b45de44a6d640fc2e6dc1ed04d418f2f10d941f828d9c3c09a4704ad
DRIFT-NAT-DISAGREEMENT-010,naturalistic_behavioral,disagreement,Two proposed approaches to the household task led to different conclusions. The discussion moved forward when,Study-authored naturalistic continuation stem; frozen before capture.,False,,test,"[128000, 11874, 11223, 20414, 311, 279, 14048, 3465, 6197, 311, 2204, 31342, 13, 578, 10430, 7882, 4741, 994]",18,909271c618d3123090878a8525fac192fb231dbc1a5f4f9f26842536272893ff,014620f8aead2e9882081907e6b7bcb6b03a7d8876347cab2176abf742890b60,14a2c282b45de44a6d640fc2e6dc1ed04d418f2f10d941f828d9c3c09a4704ad
DRIFT-NAT-DISAGREEMENT-011,naturalistic_behavioral,disagreement,Two proposed approaches to the meeting agenda led to different conclusions. The discussion moved forward when,Study-authored naturalistic continuation stem; frozen before capture.,False,,train,"[128000, 11874, 11223, 20414, 311, 279, 6574, 18909, 6197, 311, 2204, 31342, 13, 578, 10430, 7882, 4741, 994]",18,8353f376c1c03153af22fee02ceaaf67a05a2c6875d5875cfcb3134e31d2142e,014620f8aead2e9882081907e6b7bcb6b03a7d8876347cab2176abf742890b60,14a2c282b45de44a6d640fc2e6dc1ed04d418f2f10d941f828d9c3c09a4704ad
DRIFT-NAT-DISAGREEMENT-012,naturalistic_behavioral,disagreement,Two proposed approaches to the weekend activity led to different conclusions. The discussion moved forward when,Study-authored naturalistic continuation stem; frozen before capture.,False,,train,"[128000, 11874, 11223, 20414, 311, 279, 9178, 5820, 6197, 311, 2204, 31342, 13, 578, 10430, 7882, 4741, 994]",18,ad8d8968e3553a28bf330c6bf1723b845bd28e01c03d5343a9e5ec1ba72b39af,014620f8aead2e9882081907e6b7bcb6b03a7d8876347cab2176abf742890b60,14a2c282b45de44a6d640fc2e6dc1ed04d418f2f10d941f828d9c3c09a4704ad
DRIFT-NAT-DISAGREEMENT-013,naturalistic_behavioral,disagreement,Participants in the community garden disagreed about which evidence mattered most. The next contribution was,Study-authored naturalistic continuation stem; frozen before capture.,False,,test,"[128000, 78646, 304, 279, 4029, 13863, 71803, 922, 902, 6029, 81720, 1455, 13, 578, 1828, 19035, 574]",17,e78b8a7fd0465bc01dd5234613ed3191f4cc60a7e2a6149fa6c2e25ff12b684d,014620f8aead2e9882081907e6b7bcb6b03a7d8876347cab2176abf742890b60,14a2c282b45de44a6d640fc2e6dc1ed04d418f2f10d941f828d9c3c09a4704ad
DRIFT-NAT-DISAGREEMENT-014,naturalistic_behavioral,disagreement,Participants in the software release disagreed about which evidence mattered most. The next contribution was,Study-authored naturalistic continuation stem; frozen before capture.,False,,validation,"[128000, 78646, 304, 279, 3241, 4984, 71803, 922, 902, 6029, 81720, 1455, 13, 578, 1828, 19035, 574]",17,0a443bedf576461c439f442103a7b23817956b4c9a1d1d56c8f234f65cf88d09,014620f8aead2e9882081907e6b7bcb6b03a7d8876347cab2176abf742890b60,14a2c282b45de44a6d640fc2e6dc1ed04d418f2f10d941f828d9c3c09a4704ad
DRIFT-NAT-DISAGREEMENT-015,naturalistic_behavioral,disagreement,Participants in the repair project disagreed about which evidence mattered most. The next contribution was,Study-authored naturalistic continuation stem; frozen before capture.,False,,train,"[128000, 78646, 304, 279, 13023, 2447, 71803, 922, 902, 6029, 81720, 1455, 13, 578, 1828, 19035, 574]",17,73a422d743506c768cb175c63a7effee7c164835b2e3ffca3fc1a100cfd7d92c,014620f8aead2e9882081907e6b7bcb6b03a7d8876347cab2176abf742890b60,14a2c282b45de44a6d640fc2e6dc1ed04d418f2f10d941f828d9c3c09a4704ad
DRIFT-NAT-DISAGREEMENT-016,naturalistic_behavioral,disagreement,Participants in the travel schedule disagreed about which evidence mattered most. The next contribution was,Study-authored naturalistic continuation stem; frozen before capture.,False,,validation,"[128000, 78646, 304, 279, 5944, 9899, 71803, 922, 902, 6029, 81720, 1455, 13, 578, 1828, 19035, 574]",17,5f6f4205bb47c0e9e4f3b0ea49e71703b1408861a3aedb22820585917c528cc1,014620f8aead2e9882081907e6b7bcb6b03a7d8876347cab2176abf742890b60,14a2c282b45de44a6d640fc2e6dc1ed04d418f2f10d941f828d9c3c09a4704ad
DRIFT-NAT-DISAGREEMENT-017,naturalistic_behavioral,disagreement,Participants in the shared workspace disagreed about which evidence mattered most. The next contribution was,Study-authored naturalistic continuation stem; frozen before capture.,False,,validation,"[128000, 78646, 304, 279, 6222, 28614, 71803, 922, 902, 6029, 81720, 1455, 13, 578, 1828, 19035, 574]",17,1b1ce522516a4b3b9e20c8cfa361700e5d7e3143a522eabae051045b8cdfd3be,014620f8aead2e9882081907e6b7bcb6b03a7d8876347cab2176abf742890b60,14a2c282b45de44a6d640fc2e6dc1ed04d418f2f10d941f828d9c3c09a4704ad
DRIFT-NAT-DISAGREEMENT-018,naturalistic_behavioral,disagreement,Participants in the research note disagreed about which evidence mattered most. The next contribution was,Study-authored naturalistic continuation stem; frozen before capture.,False,,train,"[128000, 78646, 304, 279, 3495, 5296, 71803, 922, 902, 6029, 81720, 1455, 13, 578, 1828, 19035, 574]",17,1f825f698e0d0b5b1e25a7b9b7eb943f494a9093031fa148ca6774be80e3de15,014620f8aead2e9882081907e6b7bcb6b03a7d8876347cab2176abf742890b60,14a2c282b45de44a6d640fc2e6dc1ed04d418f2f10d941f828d9c3c09a4704ad
DRIFT-NAT-DISAGREEMENT-019,naturalistic_behavioral,disagreement,Participants in the delivery route disagreed about which evidence mattered most. The next contribution was,Study-authored naturalistic continuation stem; frozen before capture.,False,,test,"[128000, 78646, 304, 279, 9889, 6149, 71803, 922, 902, 6029, 81720, 1455, 13, 578, 1828, 19035, 574]",17,8809530ae3fc9d3aded7a01ec6161eaf252ff403dc0c87eff54326655a637f62,014620f8aead2e9882081907e6b7bcb6b03a7d8876347cab2176abf742890b60,14a2c282b45de44a6d640fc2e6dc1ed04d418f2f10d941f828d9c3c09a4704ad
DRIFT-NAT-DISAGREEMENT-020,naturalistic_behavioral,disagreement,Participants in the class project disagreed about which evidence mattered most. The next contribution was,Study-authored naturalistic continuation stem; frozen before capture.,False,,train,"[128000, 78646, 304, 279, 538, 2447, 71803, 922, 902, 6029, 81720, 1455, 13, 578, 1828, 19035, 574]",17,37476943c1052478f403c8d18fb0dda481ea8bfc73e5105af6385742e616e26a,014620f8aead2e9882081907e6b7bcb6b03a7d8876347cab2176abf742890b60,14a2c282b45de44a6d640fc2e6dc1ed04d418f2f10d941f828d9c3c09a4704ad
DRIFT-NAT-DISAGREEMENT-021,naturalistic_behavioral,disagreement,Participants in the neighborhood event disagreed about which evidence mattered most. The next contribution was,Study-authored naturalistic continuation stem; frozen before capture.,False,,train,"[128000, 78646, 304, 279, 12818, 1567, 71803, 922, 902, 6029, 81720, 1455, 13, 578, 1828, 19035, 574]",17,b65561610c5311ab64837afddecd882f37bb1df2209e4ab71a19f5ab899d2050,014620f8aead2e9882081907e6b7bcb6b03a7d8876347cab2176abf742890b60,14a2c282b45de44a6d640fc2e6dc1ed04d418f2f10d941f828d9c3c09a4704ad
DRIFT-NAT-DISAGREEMENT-022,naturalistic_behavioral,disagreement,Participants in the household task disagreed about which evidence mattered most. The next contribution was,Study-authored naturalistic continuation stem; frozen before capture.,False,,train,"[128000, 78646, 304, 279, 14048, 3465, 71803, 922, 902, 6029, 81720, 1455, 13, 578, 1828, 19035, 574]",17,635108741dcb199f1621fa32af37d9d4ca44361af35f97ab8e56ba0182d92405,014620f8aead2e9882081907e6b7bcb6b03a7d8876347cab2176abf742890b60,14a2c282b45de44a6d640fc2e6dc1ed04d418f2f10d941f828d9c3c09a4704ad
DRIFT-NAT-DISAGREEMENT-023,naturalistic_behavioral,disagreement,Participants in the meeting agenda disagreed about which evidence mattered most. The next contribution was,Study-authored naturalistic continuation stem; frozen before capture.,False,,train,"[128000, 78646, 304, 279, 6574, 18909, 71803, 922, 902, 6029, 81720, 1455, 13, 578, 1828, 19035, 574]",17,cfb363865541571f5d0cc242a7bb81b753bfde0a9bfdb3a6583d19dbc28110ed,014620f8aead2e9882081907e6b7bcb6b03a7d8876347cab2176abf742890b60,14a2c282b45de44a6d640fc2e6dc1ed04d418f2f10d941f828d9c3c09a4704ad
DRIFT-NAT-DISAGREEMENT-024,naturalistic_behavioral,disagreement,Participants in the weekend activity disagreed about which evidence mattered most. The next contribution was,Study-authored naturalistic continuation stem; frozen before capture.,False,,train,"[128000, 78646, 304, 279, 9178, 5820, 71803, 922, 902, 6029, 81720, 1455, 13, 578, 1828, 19035, 574]",17,c461a85623192710331d5cd4c0c31183cf1666ed24524fdc238b11510ff149be,014620f8aead2e9882081907e6b7bcb6b03a7d8876347cab2176abf742890b60,14a2c282b45de44a6d640fc2e6dc1ed04d418f2f10d941f828d9c3c09a4704ad
DRIFT-NAT-DISAGREEMENT-025,naturalistic_behavioral,disagreement,A difference of opinion interrupted the community garden before a decision was made. The conversation continued with,Study-authored naturalistic continuation stem; frozen before capture.,False,,train,"[128000, 32, 6811, 315, 9647, 37883, 279, 4029, 13863, 1603, 264, 5597, 574, 1903, 13, 578, 10652, 8738, 449]",19,f917720e5b3dc6dab2c285d82c42ab983047c05fa11065916ce1a3c84aaeffbc,014620f8aead2e9882081907e6b7bcb6b03a7d8876347cab2176abf742890b60,14a2c282b45de44a6d640fc2e6dc1ed04d418f2f10d941f828d9c3c09a4704ad
DRIFT-NAT-DISAGREEMENT-026,naturalistic_behavioral,disagreement,A difference of opinion interrupted the software release before a decision was made. The conversation continued with,Study-authored naturalistic continuation stem; frozen before capture.,False,,train,"[128000, 32, 6811, 315, 9647, 37883, 279, 3241, 4984, 1603, 264, 5597, 574, 1903, 13, 578, 10652, 8738, 449]",19,fa9fdc3aaea2375932d384175e3c1df806bb0b270472e3d6bcbe23f6648c9a3f,014620f8aead2e9882081907e6b7bcb6b03a7d8876347cab2176abf742890b60,14a2c282b45de44a6d640fc2e6dc1ed04d418f2f10d941f828d9c3c09a4704ad
DRIFT-NAT-DISAGREEMENT-027,naturalistic_behavioral,disagreement,A difference of opinion interrupted the repair project before a decision was made. The conversation continued with,Study-authored naturalistic continuation stem; frozen before capture.,False,,test,"[128000, 32, 6811, 315, 9647, 37883, 279, 13023, 2447, 1603, 264, 5597, 574, 1903, 13, 578, 10652, 8738, 449]",19,c205b6644005728767356ace61ca5212c27a10d68a95823ededc716012fcbf26,014620f8aead2e9882081907e6b7bcb6b03a7d8876347cab2176abf742890b60,14a2c282b45de44a6d640fc2e6dc1ed04d418f2f10d941f828d9c3c09a4704ad
DRIFT-NAT-DISAGREEMENT-028,naturalistic_behavioral,disagreement,A difference of opinion interrupted the travel schedule before a decision was made. The conversation continued with,Study-authored naturalistic continuation stem; frozen before capture.,False,,validation,"[128000, 32, 6811, 315, 9647, 37883, 279, 5944, 9899, 1603, 264, 5597, 574, 1903, 13, 578, 10652, 8738, 449]",19,5e1782d6ce555244084633ace6b8358fd5a8416b1e8d28761c1de34b771d61c8,014620f8aead2e9882081907e6b7bcb6b03a7d8876347cab2176abf742890b60,14a2c282b45de44a6d640fc2e6dc1ed04d418f2f10d941f828d9c3c09a4704ad
DRIFT-NAT-DISAGREEMENT-029,naturalistic_behavioral,disagreement,A difference of opinion interrupted the shared workspace before a decision was made. The conversation continued with,Study-authored naturalistic continuation stem; frozen before capture.,False,,train,"[128000, 32, 6811, 315, 9647, 37883, 279, 6222, 28614, 1603, 264, 5597, 574, 1903, 13, 578, 10652, 8738, 449]",19,bcb5ba7619110a0d556f4c2fa45d6f9c6d100b25308203d02de59d2d73258ab8,014620f8aead2e9882081907e6b7bcb6b03a7d8876347cab2176abf742890b60,14a2c282b45de44a6d640fc2e6dc1ed04d418f2f10d941f828d9c3c09a4704ad
DRIFT-NAT-DISAGREEMENT-030,naturalistic_behavioral,disagreement,A difference of opinion interrupted the research note before a decision was made. The conversation continued with,Study-authored naturalistic continuation stem; frozen before capture.,False,,train,"[128000, 32, 6811, 315, 9647, 37883, 279, 3495, 5296, 1603, 264, 5597, 574, 1903, 13, 578, 10652, 8738, 449]",19,cb7ed37988bb869d4e9d20af3b399534d816eed9f8fe4f688f637f6cd89031d1,014620f8aead2e9882081907e6b7bcb6b03a7d8876347cab2176abf742890b60,14a2c282b45de44a6d640fc2e6dc1ed04d418f2f10d941f828d9c3c09a4704ad
DRIFT-NAT-DISAGREEMENT-031,naturalistic_behavioral,disagreement,A difference of opinion interrupted the delivery route before a decision was made. The conversation continued with,Study-authored naturalistic continuation stem; frozen before capture.,False,,train,"[128000, 32, 6811, 315, 9647, 37883, 279, 9889, 6149, 1603, 264, 5597, 574, 1903, 13, 578, 10652, 8738, 449]",19,512a72fc099e9dbd37a159b4520a6139d4aaa67cc6402d84e3da99468d6e62e9,014620f8aead2e9882081907e6b7bcb6b03a7d8876347cab2176abf742890b60,14a2c282b45de44a6d640fc2e6dc1ed04d418f2f10d941f828d9c3c09a4704ad
DRIFT-NAT-DISAGREEMENT-032,naturalistic_behavioral,disagreement,A difference of opinion interrupted the class project before a decision was made. The conversation continued with,Study-authored naturalistic continuation stem; frozen before capture.,False,,train,"[128000, 32, 6811, 315, 9647, 37883, 279, 538, 2447, 1603, 264, 5597, 574, 1903, 13, 578, 10652, 8738, 449]",19,d58f1bb134f5ad280fc6942e1180ae5071775aa60e4365f110ebde8cb9294797,014620f8aead2e9882081907e6b7bcb6b03a7d8876347cab2176abf742890b60,14a2c282b45de44a6d640fc2e6dc1ed04d418f2f10d941f828d9c3c09a4704ad
DRIFT-NAT-DISAGREEMENT-033,naturalistic_behavioral,disagreement,A difference of opinion interrupted the neighborhood event before a decision was made. The conversation continued with,Study-authored naturalistic continuation stem; frozen before capture.,False,,test,"[128000, 32, 6811, 315, 9647, 37883, 279, 12818, 1567, 1603, 264, 5597, 574, 1903, 13, 578, 10652, 8738, 449]",19,18663e980fb17ed3eddc0155b4baea6d3212adfda28c9e1a54a83b39b08e5f7c,014620f8aead2e9882081907e6b7bcb6b03a7d8876347cab2176abf742890b60,14a2c282b45de44a6d640fc2e6dc1ed04d418f2f10d941f828d9c3c09a4704ad
DRIFT-NAT-DISAGREEMENT-034,naturalistic_behavioral,disagreement,A difference of opinion interrupted the household task before a decision was made. The conversation continued with,Study-authored naturalistic continuation stem; frozen before capture.,False,,validation,"[128000, 32, 6811, 315, 9647, 37883, 279, 14048, 3465, 1603, 264, 5597, 574, 1903, 13, 578, 10652, 8738, 449]",19,f70782993cb5c3168a31bf60eecd78aef7b5c8aae59b0c773f2fb0d053f85b82,014620f8aead2e9882081907e6b7bcb6b03a7d8876347cab2176abf742890b60,14a2c282b45de44a6d640fc2e6dc1ed04d418f2f10d941f828d9c3c09a4704ad
DRIFT-NAT-DISAGREEMENT-035,naturalistic_behavioral,disagreement,A difference of opinion interrupted the meeting agenda before a decision was made. The conversation continued with,Study-authored naturalistic continuation stem; frozen before capture.,False,,validation,"[128000, 32, 6811, 315, 9647, 37883, 279, 6574, 18909, 1603, 264, 5597, 574, 1903, 13, 578, 10652, 8738, 449]",19,76a6e64c10e637b4918d053cbc03a0b6ebf222e0f22e520e6e68673b04ec7b10,014620f8aead2e9882081907e6b7bcb6b03a7d8876347cab2176abf742890b60,14a2c282b45de44a6d640fc2e6dc1ed04d418f2f10d941f828d9c3c09a4704ad
DRIFT-NAT-DISAGREEMENT-036,naturalistic_behavioral,disagreement,A difference of opinion interrupted the weekend activity before a decision was made. The conversation continued with,Study-authored naturalistic continuation stem; frozen before capture.,False,,train,"[128000, 32, 6811, 315, 9647, 37883, 279, 9178, 5820, 1603, 264, 5597, 574, 1903, 13, 578, 10652, 8738, 449]",19,77182726b1c9f079ed88af8585fba8493d0b0196d6bef724420bc3298815373a,014620f8aead2e9882081907e6b7bcb6b03a7d8876347cab2176abf742890b60,14a2c282b45de44a6d640fc2e6dc1ed04d418f2f10d941f828d9c3c09a4704ad
DRIFT-NAT-DISAGREEMENT-037,naturalistic_behavioral,disagreement,"Two interpretations of the community garden remained in contention. To clarify the choice, someone",Study-authored naturalistic continuation stem; frozen before capture.,False,,train,"[128000, 11874, 58689, 315, 279, 4029, 13863, 14958, 304, 52240, 13, 2057, 38263, 279, 5873, 11, 4423]",17,26f083f1bcfbbf51e6f4bc4fa1201db1d9ae1759e3b085b8c4fbcc112a55cd83,014620f8aead2e9882081907e6b7bcb6b03a7d8876347cab2176abf742890b60,14a2c282b45de44a6d640fc2e6dc1ed04d418f2f10d941f828d9c3c09a4704ad
DRIFT-NAT-DISAGREEMENT-038,naturalistic_behavioral,disagreement,"Two interpretations of the software release remained in contention. To clarify the choice, someone",Study-authored naturalistic continuation stem; frozen before capture.,False,,train,"[128000, 11874, 58689, 315, 279, 3241, 4984, 14958, 304, 52240, 13, 2057, 38263, 279, 5873, 11, 4423]",17,dfea0e3add2df975594038679f758bc529918597234d20b729793f315e8a29f7,014620f8aead2e9882081907e6b7bcb6b03a7d8876347cab2176abf742890b60,14a2c282b45de44a6d640fc2e6dc1ed04d418f2f10d941f828d9c3c09a4704ad
DRIFT-NAT-DISAGREEMENT-039,naturalistic_behavioral,disagreement,"Two interpretations of the repair project remained in contention. To clarify the choice, someone",Study-authored naturalistic continuation stem; frozen before capture.,False,,validation,"[128000, 11874, 58689, 315, 279, 13023, 2447, 14958, 304, 52240, 13, 2057, 38263, 279, 5873, 11, 4423]",17,f447466e8d03f449a50f98f66d2a8ccfd95d5c7dca582753fd3fb991e96d8c49,014620f8aead2e9882081907e6b7bcb6b03a7d8876347cab2176abf742890b60,14a2c282b45de44a6d640fc2e6dc1ed04d418f2f10d941f828d9c3c09a4704ad
DRIFT-NAT-DISAGREEMENT-040,naturalistic_behavioral,disagreement,"Two interpretations of the travel schedule remained in contention. To clarify the choice, someone",Study-authored naturalistic continuation stem; frozen before capture.,False,,train,"[128000, 11874, 58689, 315, 279, 5944, 9899, 14958, 304, 52240, 13, 2057, 38263, 279, 5873, 11, 4423]",17,65f940b338f66a9b0708c036e48fe2b4498fb24d3ef3c488b44af2782071e1c5,014620f8aead2e9882081907e6b7bcb6b03a7d8876347cab2176abf742890b60,14a2c282b45de44a6d640fc2e6dc1ed04d418f2f10d941f828d9c3c09a4704ad
DRIFT-NAT-DISAGREEMENT-041,naturalistic_behavioral,disagreement,"Two interpretations of the shared workspace remained in contention. To clarify the choice, someone",Study-authored naturalistic continuation stem; frozen before capture.,False,,test,"[128000, 11874, 58689, 315, 279, 6222, 28614, 14958, 304, 52240, 13, 2057, 38263, 279, 5873, 11, 4423]",17,f84e6bdce3648767e5824852287df8723af6ed7eaf87eab66f894e00fde4cfff,014620f8aead2e9882081907e6b7bcb6b03a7d8876347cab2176abf742890b60,14a2c282b45de44a6d640fc2e6dc1ed04d418f2f10d941f828d9c3c09a4704ad
DRIFT-NAT-DISAGREEMENT-042,naturalistic_behavioral,disagreement,"Two interpretations of the research note remained in contention. To clarify the choice, someone",Study-authored naturalistic continuation stem; frozen before capture.,False,,train,"[128000, 11874, 58689, 315, 279, 3495, 5296, 14958, 304, 52240, 13, 2057, 38263, 279, 5873, 11, 4423]",17,02a51fd684ba1d8be060d978e2e62df1716ece56ac1b1fd4380a6b36b4e615cf,014620f8aead2e9882081907e6b7bcb6b03a7d8876347cab2176abf742890b60,14a2c282b45de44a6d640fc2e6dc1ed04d418f2f10d941f828d9c3c09a4704ad
DRIFT-NAT-DISAGREEMENT-043,naturalistic_behavioral,disagreement,"Two interpretations of the delivery route remained in contention. To clarify the choice, someone",Study-authored naturalistic continuation stem; frozen before capture.,False,,validation,"[128000, 11874, 58689, 315, 279, 9889, 6149, 14958, 304, 52240, 13, 2057, 38263, 279, 5873, 11, 4423]",17,1bcfe35e76c03032e3daf666ec07821a5679270c43b7a5a01b6f809e0365ed58,014620f8aead2e9882081907e6b7bcb6b03a7d8876347cab2176abf742890b60,14a2c282b45de44a6d640fc2e6dc1ed04d418f2f10d941f828d9c3c09a4704ad
DRIFT-NAT-DISAGREEMENT-044,naturalistic_behavioral,disagreement,"Two interpretations of the class project remained in contention. To clarify the choice, someone",Study-authored naturalistic continuation stem; frozen before capture.,False,,test,"[128000, 11874, 58689, 315, 279, 538, 2447, 14958, 304, 52240, 13, 2057, 38263, 279, 5873, 11, 4423]",17,8e404e106dde40807f46aecd87df6ed40256c8339d16c9922dfd7b3c5bb5affb,014620f8aead2e9882081907e6b7bcb6b03a7d8876347cab2176abf742890b60,14a2c282b45de44a6d640fc2e6dc1ed04d418f2f10d941f828d9c3c09a4704ad
DRIFT-NAT-DISAGREEMENT-045,naturalistic_behavioral,disagreement,"Two interpretations of the neighborhood event remained in contention. To clarify the choice, someone",Study-authored naturalistic continuation stem; frozen before capture.,False,,test,"[128000, 11874, 58689, 315, 279, 12818, 1567, 14958, 304, 52240, 13, 2057, 38263, 279, 5873, 11, 4423]",17,e2e47ccbcf23193e4d2e724a7575badbb4d4934850d8906aa777665759d4f592,014620f8aead2e9882081907e6b7bcb6b03a7d8876347cab2176abf742890b60,14a2c282b45de44a6d640fc2e6dc1ed04d418f2f10d941f828d9c3c09a4704ad
DRIFT-NAT-DISAGREEMENT-046,naturalistic_behavioral,disagreement,"Two interpretations of the household task remained in contention. To clarify the choice, someone",Study-authored naturalistic continuation stem; frozen before capture.,False,,train,"[128000, 11874, 58689, 315, 279, 14048, 3465, 14958, 304, 52240, 13, 2057, 38263, 279, 5873, 11, 4423]",17,cdf9dcce46bce7674d9acf42acf8d331fa8370d5f201eac6b6e639625dd76ebc,014620f8aead2e9882081907e6b7bcb6b03a7d8876347cab2176abf742890b60,14a2c282b45de44a6d640fc2e6dc1ed04d418f2f10d941f828d9c3c09a4704ad
DRIFT-NAT-DISAGREEMENT-047,naturalistic_behavioral,disagreement,"Two interpretations of the meeting agenda remained in contention. To clarify the choice, someone",Study-authored naturalistic continuation stem; frozen before capture.,False,,test,"[128000, 11874, 58689, 315, 279, 6574, 18909, 14958, 304, 52240, 13, 2057, 38263, 279, 5873, 11, 4423]",17,e6f2a05da1403565a3503db5efda4a280a7d6d4e8889daba3eca6510d8d5c4cd,014620f8aead2e9882081907e6b7bcb6b03a7d8876347cab2176abf742890b60,14a2c282b45de44a6d640fc2e6dc1ed04d418f2f10d941f828d9c3c09a4704ad
DRIFT-NAT-DISAGREEMENT-048,naturalistic_behavioral,disagreement,"Two interpretations of the weekend activity remained in contention. To clarify the choice, someone",Study-authored naturalistic continuation stem; frozen before capture.,False,,train,"[128000, 11874, 58689, 315, 279, 9178, 5820, 14958, 304, 52240, 13, 2057, 38263, 279, 5873, 11, 4423]",17,b880933a387eac55ac9eb9b9696f1883bb8925b385d668ec85fad517e5884686,014620f8aead2e9882081907e6b7bcb6b03a7d8876347cab2176abf742890b60,14a2c282b45de44a6d640fc2e6dc1ed04d418f2f10d941f828d9c3c09a4704ad
DRIFT-NAT-CONFLICT-001,naturalistic_behavioral,conflict,A tense exchange interrupted the community garden while work was still underway. The immediate response was,Study-authored naturalistic continuation stem; frozen before capture.,False,,test,"[128000, 32, 43787, 9473, 37883, 279, 4029, 13863, 1418, 990, 574, 2103, 38199, 13, 578, 14247, 2077, 574]",18,2b4d3f5119120def0e3a00002a3108b656840134c3fa53dfef2357934784c6c3,014620f8aead2e9882081907e6b7bcb6b03a7d8876347cab2176abf742890b60,14a2c282b45de44a6d640fc2e6dc1ed04d418f2f10d941f828d9c3c09a4704ad
DRIFT-NAT-CONFLICT-002,naturalistic_behavioral,conflict,A tense exchange interrupted the software release while work was still underway. The immediate response was,Study-authored naturalistic continuation stem; frozen before capture.,False,,train,"[128000, 32, 43787, 9473, 37883, 279, 3241, 4984, 1418, 990, 574, 2103, 38199, 13, 578, 14247, 2077, 574]",18,96407984a2aa2e78bd1e4150a2cd65e6af5c6beda965934b99a2f942d5538f04,014620f8aead2e9882081907e6b7bcb6b03a7d8876347cab2176abf742890b60,14a2c282b45de44a6d640fc2e6dc1ed04d418f2f10d941f828d9c3c09a4704ad
DRIFT-NAT-CONFLICT-003,naturalistic_behavioral,conflict,A tense exchange interrupted the repair project while work was still underway. The immediate response was,Study-authored naturalistic continuation stem; frozen before capture.,False,,validation,"[128000, 32, 43787, 9473, 37883, 279, 13023, 2447, 1418, 990, 574, 2103, 38199, 13, 578, 14247, 2077, 574]",18,e140f1bab3eebf85987ac0aa581d7586ba485e5a1e3ef53dcce6cd5162762360,014620f8aead2e9882081907e6b7bcb6b03a7d8876347cab2176abf742890b60,14a2c282b45de44a6d640fc2e6dc1ed04d418f2f10d941f828d9c3c09a4704ad
DRIFT-NAT-CONFLICT-004,naturalistic_behavioral,conflict,A tense exchange interrupted the travel schedule while work was still underway. The immediate response was,Study-authored naturalistic continuation stem; frozen before capture.,False,,validation,"[128000, 32, 43787, 9473, 37883, 279, 5944, 9899, 1418, 990, 574, 2103, 38199, 13, 578, 14247, 2077, 574]",18,b7e806cc5f1262b33c81e0e60322114b1b6cc50cbc5a956032cb63a1627273b4,014620f8aead2e9882081907e6b7bcb6b03a7d8876347cab2176abf742890b60,14a2c282b45de44a6d640fc2e6dc1ed04d418f2f10d941f828d9c3c09a4704ad
DRIFT-NAT-CONFLICT-005,naturalistic_behavioral,conflict,A tense exchange interrupted the shared workspace while work was still underway. The immediate response was,Study-authored naturalistic continuation stem; frozen before capture.,False,,train,"[128000, 32, 43787, 9473, 37883, 279, 6222, 28614, 1418, 990, 574, 2103, 38199, 13, 578, 14247, 2077, 574]",18,1bde16d249a74565f89a8fd3d9d1b3e6e67e510e6db25331e9d8cf9a62360a83,014620f8aead2e9882081907e6b7bcb6b03a7d8876347cab2176abf742890b60,14a2c282b45de44a6d640fc2e6dc1ed04d418f2f10d941f828d9c3c09a4704ad
DRIFT-NAT-CONFLICT-006,naturalistic_behavioral,conflict,A tense exchange interrupted the research note while work was still underway. The immediate response was,Study-authored naturalistic continuation stem; frozen before capture.,False,,train,"[128000, 32, 43787, 9473, 37883, 279, 3495, 5296, 1418, 990, 574, 2103, 38199, 13, 578, 14247, 2077, 574]",18,edf086166f17de8a8a7ed50a7c01ac52d7d054791641d3062a5127fa475ad567,014620f8aead2e9882081907e6b7bcb6b03a7d8876347cab2176abf742890b60,14a2c282b45de44a6d640fc2e6dc1ed04d418f2f10d941f828d9c3c09a4704ad
DRIFT-NAT-CONFLICT-007,naturalistic_behavioral,conflict,A tense exchange interrupted the delivery route while work was still underway. The immediate response was,Study-authored naturalistic continuation stem; frozen before capture.,False,,train,"[128000, 32, 43787, 9473, 37883, 279, 9889, 6149, 1418, 990, 574, 2103, 38199, 13, 578, 14247, 2077, 574]",18,8149960ad12c893bd59a40e3bea118dbf4ed98a69ee14ff01011704f66beb32f,014620f8aead2e9882081907e6b7bcb6b03a7d8876347cab2176abf742890b60,14a2c282b45de44a6d640fc2e6dc1ed04d418f2f10d941f828d9c3c09a4704ad
DRIFT-NAT-CONFLICT-008,naturalistic_behavioral,conflict,A tense exchange interrupted the class project while work was still underway. The immediate response was,Study-authored naturalistic continuation stem; frozen before capture.,False,,train,"[128000, 32, 43787, 9473, 37883, 279, 538, 2447, 1418, 990, 574, 2103, 38199, 13, 578, 14247, 2077, 574]",18,593a747d9598268da7d934091894c68bf765504d2ece29b27066b090161bd112,014620f8aead2e9882081907e6b7bcb6b03a7d8876347cab2176abf742890b60,14a2c282b45de44a6d640fc2e6dc1ed04d418f2f10d941f828d9c3c09a4704ad
DRIFT-NAT-CONFLICT-009,naturalistic_behavioral,conflict,A tense exchange interrupted the neighborhood event while work was still underway. The immediate response was,Study-authored naturalistic continuation stem; frozen before capture.,False,,train,"[128000, 32, 43787, 9473, 37883, 279, 12818, 1567, 1418, 990, 574, 2103, 38199, 13, 578, 14247, 2077, 574]",18,cbe430a6aa614a4b2a5e24dc15ec88499a7448d66cc00f19810cd12b006a073b,014620f8aead2e9882081907e6b7bcb6b03a7d8876347cab2176abf742890b60,14a2c282b45de44a6d640fc2e6dc1ed04d418f2f10d941f828d9c3c09a4704ad
DRIFT-NAT-CONFLICT-010,naturalistic_behavioral,conflict,A tense exchange interrupted the household task while work was still underway. The immediate response was,Study-authored naturalistic continuation stem; frozen before capture.,False,,train,"[128000, 32, 43787, 9473, 37883, 279, 14048, 3465, 1418, 990, 574, 2103, 38199, 13, 578, 14247, 2077, 574]",18,e73d7c1d61f120d5c063c3202ed6b16b91b4d8b4ac9d4d656e9428201249d63c,014620f8aead2e9882081907e6b7bcb6b03a7d8876347cab2176abf742890b60,14a2c282b45de44a6d640fc2e6dc1ed04d418f2f10d941f828d9c3c09a4704ad
DRIFT-NAT-CONFLICT-011,naturalistic_behavioral,conflict,A tense exchange interrupted the meeting agenda while work was still underway. The immediate response was,Study-authored naturalistic continuation stem; frozen before capture.,False,,train,"[128000, 32, 43787, 9473, 37883, 279, 6574, 18909, 1418, 990, 574, 2103, 38199, 13, 578, 14247, 2077, 574]",18,b0c3d92705646fd902d0140c6565c4a84cbe82c4b04235dfcda6764b61751478,014620f8aead2e9882081907e6b7bcb6b03a7d8876347cab2176abf742890b60,14a2c282b45de44a6d640fc2e6dc1ed04d418f2f10d941f828d9c3c09a4704ad
DRIFT-NAT-CONFLICT-012,naturalistic_behavioral,conflict,A tense exchange interrupted the weekend activity while work was still underway. The immediate response was,Study-authored naturalistic continuation stem; frozen before capture.,False,,train,"[128000, 32, 43787, 9473, 37883, 279, 9178, 5820, 1418, 990, 574, 2103, 38199, 13, 578, 14247, 2077, 574]",18,fc5d65e1a424aedc3641fba278c70bd680be1b957c74239bccbd987901f4e7e3,014620f8aead2e9882081907e6b7bcb6b03a7d8876347cab2176abf742890b60,14a2c282b45de44a6d640fc2e6dc1ed04d418f2f10d941f828d9c3c09a4704ad
DRIFT-NAT-CONFLICT-013,naturalistic_behavioral,conflict,"Competing demands during the community garden produced an open conflict. Before resuming the work,",Study-authored naturalistic continuation stem; frozen before capture.,False,,test,"[128000, 76139, 287, 18651, 2391, 279, 4029, 13863, 9124, 459, 1825, 12324, 13, 13538, 594, 30589, 279, 990, 11]",19,1663f744ec953686adaaf6630c7c7c1b1c7a14c0554c01e50526af027dbd620a,014620f8aead2e9882081907e6b7bcb6b03a7d8876347cab2176abf742890b60,14a2c282b45de44a6d640fc2e6dc1ed04d418f2f10d941f828d9c3c09a4704ad
DRIFT-NAT-CONFLICT-014,naturalistic_behavioral,conflict,"Competing demands during the software release produced an open conflict. Before resuming the work,",Study-authored naturalistic continuation stem; frozen before capture.,False,,train,"[128000, 76139, 287, 18651, 2391, 279, 3241, 4984, 9124, 459, 1825, 12324, 13, 13538, 594, 30589, 279, 990, 11]",19,9da68490d522f1c5639c71f38533a8945ee7d7b479139ab5deb7fd86e8b296ea,014620f8aead2e9882081907e6b7bcb6b03a7d8876347cab2176abf742890b60,14a2c282b45de44a6d640fc2e6dc1ed04d418f2f10d941f828d9c3c09a4704ad
DRIFT-NAT-CONFLICT-015,naturalistic_behavioral,conflict,"Competing demands during the repair project produced an open conflict. Before resuming the work,",Study-authored naturalistic continuation stem; frozen before capture.,False,,train,"[128000, 76139, 287, 18651, 2391, 279, 13023, 2447, 9124, 459, 1825, 12324, 13, 13538, 594, 30589, 279, 990, 11]",19,c01015a650e11e96a94599090056055e7049e77c6972103b49f82c820988a8e4,014620f8aead2e9882081907e6b7bcb6b03a7d8876347cab2176abf742890b60,14a2c282b45de44a6d640fc2e6dc1ed04d418f2f10d941f828d9c3c09a4704ad
DRIFT-NAT-CONFLICT-016,naturalistic_behavioral,conflict,"Competing demands during the travel schedule produced an open conflict. Before resuming the work,",Study-authored naturalistic continuation stem; frozen before capture.,False,,train,"[128000, 76139, 287, 18651, 2391, 279, 5944, 9899, 9124, 459, 1825, 12324, 13, 13538, 594, 30589, 279, 990, 11]",19,8a6ea54442e5079b126b7670712bc827a60693d8e3d2d553b3477df70aef6290,014620f8aead2e9882081907e6b7bcb6b03a7d8876347cab2176abf742890b60,14a2c282b45de44a6d640fc2e6dc1ed04d418f2f10d941f828d9c3c09a4704ad
DRIFT-NAT-CONFLICT-017,naturalistic_behavioral,conflict,"Competing demands during the shared workspace produced an open conflict. Before resuming the work,",Study-authored naturalistic continuation stem; frozen before capture.,False,,validation,"[128000, 76139, 287, 18651, 2391, 279, 6222, 28614, 9124, 459, 1825, 12324, 13, 13538, 594, 30589, 279, 990, 11]",19,5ef1438071550cbc021b80ba0dedc9b10c2fa8c335425b0851509e8821a64752,014620f8aead2e9882081907e6b7bcb6b03a7d8876347cab2176abf742890b60,14a2c282b45de44a6d640fc2e6dc1ed04d418f2f10d941f828d9c3c09a4704ad
DRIFT-NAT-CONFLICT-018,naturalistic_behavioral,conflict,"Competing demands during the research note produced an open conflict. Before resuming the work,",Study-authored naturalistic continuation stem; frozen before capture.,False,,validation,"[128000, 76139, 287, 18651, 2391, 279, 3495, 5296, 9124, 459, 1825, 12324, 13, 13538, 594, 30589, 279, 990, 11]",19,d850efe67fdf1321345855e099d90fa8ee79365a3c72721be14119abc9e8367e,014620f8aead2e9882081907e6b7bcb6b03a7d8876347cab2176abf742890b60,14a2c282b45de44a6d640fc2e6dc1ed04d418f2f10d941f828d9c3c09a4704ad
DRIFT-NAT-CONFLICT-019,naturalistic_behavioral,conflict,"Competing demands during the delivery route produced an open conflict. Before resuming the work,",Study-authored naturalistic continuation stem; frozen before capture.,False,,train,"[128000, 76139, 287, 18651, 2391, 279, 9889, 6149, 9124, 459, 1825, 12324, 13, 13538, 594, 30589, 279, 990, 11]",19,956f3a4e1389efc1cf6eab333b357d58c836b34bba5da14753e4bb46c52f6e6d,014620f8aead2e9882081907e6b7bcb6b03a7d8876347cab2176abf742890b60,14a2c282b45de44a6d640fc2e6dc1ed04d418f2f10d941f828d9c3c09a4704ad
DRIFT-NAT-CONFLICT-020,naturalistic_behavioral,conflict,"Competing demands during the class project produced an open conflict. Before resuming the work,",Study-authored naturalistic continuation stem; frozen before capture.,False,,validation,"[128000, 76139, 287, 18651, 2391, 279, 538, 2447, 9124, 459, 1825, 12324, 13, 13538, 594, 30589, 279, 990, 11]",19,72c4cc1c220483e1ed0d7ce0006bbf54083e5af9a52bb8610e11de53b8fa20b5,014620f8aead2e9882081907e6b7bcb6b03a7d8876347cab2176abf742890b60,14a2c282b45de44a6d640fc2e6dc1ed04d418f2f10d941f828d9c3c09a4704ad
DRIFT-NAT-CONFLICT-021,naturalistic_behavioral,conflict,"Competing demands during the neighborhood event produced an open conflict. Before resuming the work,",Study-authored naturalistic continuation stem; frozen before capture.,False,,test,"[128000, 76139, 287, 18651, 2391, 279, 12818, 1567, 9124, 459, 1825, 12324, 13, 13538, 594, 30589, 279, 990, 11]",19,e9276bc5862aea76525a4ea4226ffea3c2e189cbdb91887f891df7c992dc8ed0,014620f8aead2e9882081907e6b7bcb6b03a7d8876347cab2176abf742890b60,14a2c282b45de44a6d640fc2e6dc1ed04d418f2f10d941f828d9c3c09a4704ad
DRIFT-NAT-CONFLICT-022,naturalistic_behavioral,conflict,"Competing demands during the household task produced an open conflict. Before resuming the work,",Study-authored naturalistic continuation stem; frozen before capture.,False,,train,"[128000, 76139, 287, 18651, 2391, 279, 14048, 3465, 9124, 459, 1825, 12324, 13, 13538, 594, 30589, 279, 990, 11]",19,f8e800bc74c9ea6df1133f0fdcbd9862476f08c581558cb21c6d886c4f08df4f,014620f8aead2e9882081907e6b7bcb6b03a7d8876347cab2176abf742890b60,14a2c282b45de44a6d640fc2e6dc1ed04d418f2f10d941f828d9c3c09a4704ad
DRIFT-NAT-CONFLICT-023,naturalistic_behavioral,conflict,"Competing demands during the meeting agenda produced an open conflict. Before resuming the work,",Study-authored naturalistic continuation stem; frozen before capture.,False,,validation,"[128000, 76139, 287, 18651, 2391, 279, 6574, 18909, 9124, 459, 1825, 12324, 13, 13538, 594, 30589, 279, 990, 11]",19,ee4ee7a20b3f4d0d3c0a45c5c7bb2f3c7fd4914701eca269245882991ffd7ffa,014620f8aead2e9882081907e6b7bcb6b03a7d8876347cab2176abf742890b60,14a2c282b45de44a6d640fc2e6dc1ed04d418f2f10d941f828d9c3c09a4704ad
DRIFT-NAT-CONFLICT-024,naturalistic_behavioral,conflict,"Competing demands during the weekend activity produced an open conflict. Before resuming the work,",Study-authored naturalistic continuation stem; frozen before capture.,False,,test,"[128000, 76139, 287, 18651, 2391, 279, 9178, 5820, 9124, 459, 1825, 12324, 13, 13538, 594, 30589, 279, 990, 11]",19,60ad5456ca1d60a73256a84285e284a86e206fdd620a976c5feed7f899fe62f5,014620f8aead2e9882081907e6b7bcb6b03a7d8876347cab2176abf742890b60,14a2c282b45de44a6d640fc2e6dc1ed04d418f2f10d941f828d9c3c09a4704ad
DRIFT-NAT-CONFLICT-025,naturalistic_behavioral,conflict,An argument over responsibilities stalled the community garden. The next thing said was,Study-authored naturalistic continuation stem; frozen before capture.,False,,validation,"[128000, 2127, 5811, 927, 28423, 68941, 279, 4029, 13863, 13, 578, 1828, 3245, 1071, 574]",15,b1b6dc7a3df204b072de6054532309a2edf1515b5957a47a50e169e37462573c,014620f8aead2e9882081907e6b7bcb6b03a7d8876347cab2176abf742890b60,14a2c282b45de44a6d640fc2e6dc1ed04d418f2f10d941f828d9c3c09a4704ad
DRIFT-NAT-CONFLICT-026,naturalistic_behavioral,conflict,An argument over responsibilities stalled the software release. The next thing said was,Study-authored naturalistic continuation stem; frozen before capture.,False,,train,"[128000, 2127, 5811, 927, 28423, 68941, 279, 3241, 4984, 13, 578, 1828, 3245, 1071, 574]",15,2716e791d17063c8305eafc8970fd587e286c2ac4bba29cf57d8e5f2acd98ae8,014620f8aead2e9882081907e6b7bcb6b03a7d8876347cab2176abf742890b60,14a2c282b45de44a6d640fc2e6dc1ed04d418f2f10d941f828d9c3c09a4704ad
DRIFT-NAT-CONFLICT-027,naturalistic_behavioral,conflict,An argument over responsibilities stalled the repair project. The next thing said was,Study-authored naturalistic continuation stem; frozen before capture.,False,,train,"[128000, 2127, 5811, 927, 28423, 68941, 279, 13023, 2447, 13, 578, 1828, 3245, 1071, 574]",15,5b7a8738d8b2deccbe094d045063fd6d68b3439abb8c31caedff42ea36ea6709,014620f8aead2e9882081907e6b7bcb6b03a7d8876347cab2176abf742890b60,14a2c282b45de44a6d640fc2e6dc1ed04d418f2f10d941f828d9c3c09a4704ad
DRIFT-NAT-CONFLICT-028,naturalistic_behavioral,conflict,An argument over responsibilities stalled the travel schedule. The next thing said was,Study-authored naturalistic continuation stem; frozen before capture.,False,,test,"[128000, 2127, 5811, 927, 28423, 68941, 279, 5944, 9899, 13, 578, 1828, 3245, 1071, 574]",15,082e4519b02e111331be740893e40143918b7e510360bfe13ee71671bce7f394,014620f8aead2e9882081907e6b7bcb6b03a7d8876347cab2176abf742890b60,14a2c282b45de44a6d640fc2e6dc1ed04d418f2f10d941f828d9c3c09a4704ad
DRIFT-NAT-CONFLICT-029,naturalistic_behavioral,conflict,An argument over responsibilities stalled the shared workspace. The next thing said was,Study-authored naturalistic continuation stem; frozen before capture.,False,,train,"[128000, 2127, 5811, 927, 28423, 68941, 279, 6222, 28614, 13, 578, 1828, 3245, 1071, 574]",15,74b8ce5a0445b48a9802c24f43d6f023409119031a69723e4c77d495400e9876,014620f8aead2e9882081907e6b7bcb6b03a7d8876347cab2176abf742890b60,14a2c282b45de44a6d640fc2e6dc1ed04d418f2f10d941f828d9c3c09a4704ad
DRIFT-NAT-CONFLICT-030,naturalistic_behavioral,conflict,An argument over responsibilities stalled the research note. The next thing said was,Study-authored naturalistic continuation stem; frozen before capture.,False,,train,"[128000, 2127, 5811, 927, 28423, 68941, 279, 3495, 5296, 13, 578, 1828, 3245, 1071, 574]",15,f9cab20858bcf34badd7b731a3f0de9ad26f2ac92e4b3527735eb7ce58551d96,014620f8aead2e9882081907e6b7bcb6b03a7d8876347cab2176abf742890b60,14a2c282b45de44a6d640fc2e6dc1ed04d418f2f10d941f828d9c3c09a4704ad
DRIFT-NAT-CONFLICT-031,naturalistic_behavioral,conflict,An argument over responsibilities stalled the delivery route. The next thing said was,Study-authored naturalistic continuation stem; frozen before capture.,False,,train,"[128000, 2127, 5811, 927, 28423, 68941, 279, 9889, 6149, 13, 578, 1828, 3245, 1071, 574]",15,9fe7cf9bf154333dbb8150dd0d9490f9c6ddeba19915b82738d2473d58b17d0d,014620f8aead2e9882081907e6b7bcb6b03a7d8876347cab2176abf742890b60,14a2c282b45de44a6d640fc2e6dc1ed04d418f2f10d941f828d9c3c09a4704ad
DRIFT-NAT-CONFLICT-032,naturalistic_behavioral,conflict,An argument over responsibilities stalled the class project. The next thing said was,Study-authored naturalistic continuation stem; frozen before capture.,False,,train,"[128000, 2127, 5811, 927, 28423, 68941, 279, 538, 2447, 13, 578, 1828, 3245, 1071, 574]",15,0ae6e07704f49ed4177365f124db517d3befbed8177ab55c7d9396405938e4ae,014620f8aead2e9882081907e6b7bcb6b03a7d8876347cab2176abf742890b60,14a2c282b45de44a6d640fc2e6dc1ed04d418f2f10d941f828d9c3c09a4704ad
DRIFT-NAT-CONFLICT-033,naturalistic_behavioral,conflict,An argument over responsibilities stalled the neighborhood event. The next thing said was,Study-authored naturalistic continuation stem; frozen before capture.,False,,train,"[128000, 2127, 5811, 927, 28423, 68941, 279, 12818, 1567, 13, 578, 1828, 3245, 1071, 574]",15,2f685ca66cd9ac704673c3140de4ab048ee67fa15c4b12958bc6f0eecda3d62e,014620f8aead2e9882081907e6b7bcb6b03a7d8876347cab2176abf742890b60,14a2c282b45de44a6d640fc2e6dc1ed04d418f2f10d941f828d9c3c09a4704ad
DRIFT-NAT-CONFLICT-034,naturalistic_behavioral,conflict,An argument over responsibilities stalled the household task. The next thing said was,Study-authored naturalistic continuation stem; frozen before capture.,False,,test,"[128000, 2127, 5811, 927, 28423, 68941, 279, 14048, 3465, 13, 578, 1828, 3245, 1071, 574]",15,f4a27b78ab5f2310edd18e84552fc54c7b58f3e46c450c36758fff7071949d02,014620f8aead2e9882081907e6b7bcb6b03a7d8876347cab2176abf742890b60,14a2c282b45de44a6d640fc2e6dc1ed04d418f2f10d941f828d9c3c09a4704ad
DRIFT-NAT-CONFLICT-035,naturalistic_behavioral,conflict,An argument over responsibilities stalled the meeting agenda. The next thing said was,Study-authored naturalistic continuation stem; frozen before capture.,False,,train,"[128000, 2127, 5811, 927, 28423, 68941, 279, 6574, 18909, 13, 578, 1828, 3245, 1071, 574]",15,ab516c747b5ca94c637843724cc943ba5d5c9e419f47ab18815cd898772b329c,014620f8aead2e9882081907e6b7bcb6b03a7d8876347cab2176abf742890b60,14a2c282b45de44a6d640fc2e6dc1ed04d418f2f10d941f828d9c3c09a4704ad
DRIFT-NAT-CONFLICT-036,naturalistic_behavioral,conflict,An argument over responsibilities stalled the weekend activity. The next thing said was,Study-authored naturalistic continuation stem; frozen before capture.,False,,train,"[128000, 2127, 5811, 927, 28423, 68941, 279, 9178, 5820, 13, 578, 1828, 3245, 1071, 574]",15,30b825a8ddfcf083d7cc600bb34fa38161cbb3db1744424d007f3484b2fb02e6,014620f8aead2e9882081907e6b7bcb6b03a7d8876347cab2176abf742890b60,14a2c282b45de44a6d640fc2e6dc1ed04d418f2f10d941f828d9c3c09a4704ad
DRIFT-NAT-CONFLICT-037,naturalistic_behavioral,conflict,The community garden reached an impasse after two participants challenged each other. The situation continued when,Study-authored naturalistic continuation stem; frozen before capture.,False,,test,"[128000, 791, 4029, 13863, 8813, 459, 3242, 13559, 1306, 1403, 13324, 29991, 1855, 1023, 13, 578, 6671, 8738, 994]",19,cfeaa6fa6d885eeb16e42242296a29f7178e93ee73b08eb18b1cbaf706b4c763,014620f8aead2e9882081907e6b7bcb6b03a7d8876347cab2176abf742890b60,14a2c282b45de44a6d640fc2e6dc1ed04d418f2f10d941f828d9c3c09a4704ad
DRIFT-NAT-CONFLICT-038,naturalistic_behavioral,conflict,The software release reached an impasse after two participants challenged each other. The situation continued when,Study-authored naturalistic continuation stem; frozen before capture.,False,,train,"[128000, 791, 3241, 4984, 8813, 459, 3242, 13559, 1306, 1403, 13324, 29991, 1855, 1023, 13, 578, 6671, 8738, 994]",19,453bdb1f5753bf57a9b01e1f147807299daf9f12efe0157ba931933c9771664f,014620f8aead2e9882081907e6b7bcb6b03a7d8876347cab2176abf742890b60,14a2c282b45de44a6d640fc2e6dc1ed04d418f2f10d941f828d9c3c09a4704ad
DRIFT-NAT-CONFLICT-039,naturalistic_behavioral,conflict,The repair project reached an impasse after two participants challenged each other. The situation continued when,Study-authored naturalistic continuation stem; frozen before capture.,False,,train,"[128000, 791, 13023, 2447, 8813, 459, 3242, 13559, 1306, 1403, 13324, 29991, 1855, 1023, 13, 578, 6671, 8738, 994]",19,15f402ec8cba0a150e7aa470d7b59737990ccc8e2431f2f059d3c8b9cc50bf87,014620f8aead2e9882081907e6b7bcb6b03a7d8876347cab2176abf742890b60,14a2c282b45de44a6d640fc2e6dc1ed04d418f2f10d941f828d9c3c09a4704ad
DRIFT-NAT-CONFLICT-040,naturalistic_behavioral,conflict,The travel schedule reached an impasse after two participants challenged each other. The situation continued when,Study-authored naturalistic continuation stem; frozen before capture.,False,,test,"[128000, 791, 5944, 9899, 8813, 459, 3242, 13559, 1306, 1403, 13324, 29991, 1855, 1023, 13, 578, 6671, 8738, 994]",19,dcc0d35015c795291e1172e8fe24a664d0b05c75342912bc43880ce12266c896,014620f8aead2e9882081907e6b7bcb6b03a7d8876347cab2176abf742890b60,14a2c282b45de44a6d640fc2e6dc1ed04d418f2f10d941f828d9c3c09a4704ad
DRIFT-NAT-CONFLICT-041,naturalistic_behavioral,conflict,The shared workspace reached an impasse after two participants challenged each other. The situation continued when,Study-authored naturalistic continuation stem; frozen before capture.,False,,train,"[128000, 791, 6222, 28614, 8813, 459, 3242, 13559, 1306, 1403, 13324, 29991, 1855, 1023, 13, 578, 6671, 8738, 994]",19,4bbe532f61f999167d5105876c6ccc508b72bd638f1eb5308b9964ac0ff63df0,014620f8aead2e9882081907e6b7bcb6b03a7d8876347cab2176abf742890b60,14a2c282b45de44a6d640fc2e6dc1ed04d418f2f10d941f828d9c3c09a4704ad
DRIFT-NAT-CONFLICT-042,naturalistic_behavioral,conflict,The research note reached an impasse after two participants challenged each other. The situation continued when,Study-authored naturalistic continuation stem; frozen before capture.,False,,test,"[128000, 791, 3495, 5296, 8813, 459, 3242, 13559, 1306, 1403, 13324, 29991, 1855, 1023, 13, 578, 6671, 8738, 994]",19,48b156c015406d9442dd5f74dca4534516d5d0ffeb31ec998bb02fd1360ad186,014620f8aead2e9882081907e6b7bcb6b03a7d8876347cab2176abf742890b60,14a2c282b45de44a6d640fc2e6dc1ed04d418f2f10d941f828d9c3c09a4704ad
DRIFT-NAT-CONFLICT-043,naturalistic_behavioral,conflict,The delivery route reached an impasse after two participants challenged each other. The situation continued when,Study-authored naturalistic continuation stem; frozen before capture.,False,,train,"[128000, 791, 9889, 6149, 8813, 459, 3242, 13559, 1306, 1403, 13324, 29991, 1855, 1023, 13, 578, 6671, 8738, 994]",19,788918dca7f8030416684c3175a0cf27fbf2a768821a315e8f195ae727b7919d,014620f8aead2e9882081907e6b7bcb6b03a7d8876347cab2176abf742890b60,14a2c282b45de44a6d640fc2e6dc1ed04d418f2f10d941f828d9c3c09a4704ad
DRIFT-NAT-CONFLICT-044,naturalistic_behavioral,conflict,The class project reached an impasse after two participants challenged each other. The situation continued when,Study-authored naturalistic continuation stem; frozen before capture.,False,,train,"[128000, 791, 538, 2447, 8813, 459, 3242, 13559, 1306, 1403, 13324, 29991, 1855, 1023, 13, 578, 6671, 8738, 994]",19,58c4372137438192d767cf601470bd5ca4c25d46beb8e39c4b8065ad41aaef30,014620f8aead2e9882081907e6b7bcb6b03a7d8876347cab2176abf742890b60,14a2c282b45de44a6d640fc2e6dc1ed04d418f2f10d941f828d9c3c09a4704ad
DRIFT-NAT-CONFLICT-045,naturalistic_behavioral,conflict,The neighborhood event reached an impasse after two participants challenged each other. The situation continued when,Study-authored naturalistic continuation stem; frozen before capture.,False,,train,"[128000, 791, 12818, 1567, 8813, 459, 3242, 13559, 1306, 1403, 13324, 29991, 1855, 1023, 13, 578, 6671, 8738, 994]",19,fb03341e899ac762c35c1b1a21125fe83cdf15e59a4aa4bf77fe8a5da1fb75e2,014620f8aead2e9882081907e6b7bcb6b03a7d8876347cab2176abf742890b60,14a2c282b45de44a6d640fc2e6dc1ed04d418f2f10d941f828d9c3c09a4704ad
DRIFT-NAT-CONFLICT-046,naturalistic_behavioral,conflict,The household task reached an impasse after two participants challenged each other. The situation continued when,Study-authored naturalistic continuation stem; frozen before capture.,False,,train,"[128000, 791, 14048, 3465, 8813, 459, 3242, 13559, 1306, 1403, 13324, 29991, 1855, 1023, 13, 578, 6671, 8738, 994]",19,0f7c648c4ad178b27e53e6c9a45e4923106c6a06d0c26d76bf7f253b28313deb,014620f8aead2e9882081907e6b7bcb6b03a7d8876347cab2176abf742890b60,14a2c282b45de44a6d640fc2e6dc1ed04d418f2f10d941f828d9c3c09a4704ad
DRIFT-NAT-CONFLICT-047,naturalistic_behavioral,conflict,The meeting agenda reached an impasse after two participants challenged each other. The situation continued when,Study-authored naturalistic continuation stem; frozen before capture.,False,,train,"[128000, 791, 6574, 18909, 8813, 459, 3242, 13559, 1306, 1403, 13324, 29991, 1855, 1023, 13, 578, 6671, 8738, 994]",19,96c6fe079ac6ac9e4480ddcd89b275d1f63e0687606e472eb2288e52d6d91ae8,014620f8aead2e9882081907e6b7bcb6b03a7d8876347cab2176abf742890b60,14a2c282b45de44a6d640fc2e6dc1ed04d418f2f10d941f828d9c3c09a4704ad
DRIFT-NAT-CONFLICT-048,naturalistic_behavioral,conflict,The weekend activity reached an impasse after two participants challenged each other. The situation continued when,Study-authored naturalistic continuation stem; frozen before capture.,False,,train,"[128000, 791, 9178, 5820, 8813, 459, 3242, 13559, 1306, 1403, 13324, 29991, 1855, 1023, 13, 578, 6671, 8738, 994]",19,acb0aaa0ee62a497d9facc1b179df52c6c991d0633e6f389bb2521169c9c814e,014620f8aead2e9882081907e6b7bcb6b03a7d8876347cab2176abf742890b60,14a2c282b45de44a6d640fc2e6dc1ed04d418f2f10d941f828d9c3c09a4704ad
DRIFT-NAT-DEADLINES-001,naturalistic_behavioral,deadlines,The completion time for the community garden moved earlier with little notice. The schedule was revised by,Study-authored naturalistic continuation stem; frozen before capture.,False,,train,"[128000, 791, 9954, 892, 369, 279, 4029, 13863, 7882, 6931, 449, 2697, 5406, 13, 578, 9899, 574, 32828, 555]",19,027324901f7ec39921f95a9bcaf7384fdc5de06ee09b6eb36e015247a87b12ae,014620f8aead2e9882081907e6b7bcb6b03a7d8876347cab2176abf742890b60,14a2c282b45de44a6d640fc2e6dc1ed04d418f2f10d941f828d9c3c09a4704ad
DRIFT-NAT-DEADLINES-002,naturalistic_behavioral,deadlines,The completion time for the software release moved earlier with little notice. The schedule was revised by,Study-authored naturalistic continuation stem; frozen before capture.,False,,train,"[128000, 791, 9954, 892, 369, 279, 3241, 4984, 7882, 6931, 449, 2697, 5406, 13, 578, 9899, 574, 32828, 555]",19,ad8e9360a69dd0c010ed18ab32294b9edbdb2c45a1aff28dd2b2452d3c409be0,014620f8aead2e9882081907e6b7bcb6b03a7d8876347cab2176abf742890b60,14a2c282b45de44a6d640fc2e6dc1ed04d418f2f10d941f828d9c3c09a4704ad
DRIFT-NAT-DEADLINES-003,naturalistic_behavioral,deadlines,The completion time for the repair project moved earlier with little notice. The schedule was revised by,Study-authored naturalistic continuation stem; frozen before capture.,False,,test,"[128000, 791, 9954, 892, 369, 279, 13023, 2447, 7882, 6931, 449, 2697, 5406, 13, 578, 9899, 574, 32828, 555]",19,36358af1ef25ce444ebbed179ec7bc385eb8f4042c563c8e368a7f310e77f18f,014620f8aead2e9882081907e6b7bcb6b03a7d8876347cab2176abf742890b60,14a2c282b45de44a6d640fc2e6dc1ed04d418f2f10d941f828d9c3c09a4704ad
DRIFT-NAT-DEADLINES-004,naturalistic_behavioral,deadlines,The completion time for the travel schedule moved earlier with little notice. The schedule was revised by,Study-authored naturalistic continuation stem; frozen before capture.,False,,train,"[128000, 791, 9954, 892, 369, 279, 5944, 9899, 7882, 6931, 449, 2697, 5406, 13, 578, 9899, 574, 32828, 555]",19,ea5fa03bc4b3f259851b648b4d07250eae46a9706d9d11e4cd150ba24161f020,014620f8aead2e9882081907e6b7bcb6b03a7d8876347cab2176abf742890b60,14a2c282b45de44a6d640fc2e6dc1ed04d418f2f10d941f828d9c3c09a4704ad
DRIFT-NAT-DEADLINES-005,naturalistic_behavioral,deadlines,The completion time for the shared workspace moved earlier with little notice. The schedule was revised by,Study-authored naturalistic continuation stem; frozen before capture.,False,,train,"[128000, 791, 9954, 892, 369, 279, 6222, 28614, 7882, 6931, 449, 2697, 5406, 13, 578, 9899, 574, 32828, 555]",19,984aa9c245444ff160bd6f8e58b784bd1d6153991698443f0bb7c1ba727e32d9,014620f8aead2e9882081907e6b7bcb6b03a7d8876347cab2176abf742890b60,14a2c282b45de44a6d640fc2e6dc1ed04d418f2f10d941f828d9c3c09a4704ad
DRIFT-NAT-DEADLINES-006,naturalistic_behavioral,deadlines,The completion time for the research note moved earlier with little notice. The schedule was revised by,Study-authored naturalistic continuation stem; frozen before capture.,False,,train,"[128000, 791, 9954, 892, 369, 279, 3495, 5296, 7882, 6931, 449, 2697, 5406, 13, 578, 9899, 574, 32828, 555]",19,daa355d68aa55cc9fb836680e02e0eeaabafcf8e46cbc526d594ee84e6fe2983,014620f8aead2e9882081907e6b7bcb6b03a7d8876347cab2176abf742890b60,14a2c282b45de44a6d640fc2e6dc1ed04d418f2f10d941f828d9c3c09a4704ad
DRIFT-NAT-DEADLINES-007,naturalistic_behavioral,deadlines,The completion time for the delivery route moved earlier with little notice. The schedule was revised by,Study-authored naturalistic continuation stem; frozen before capture.,False,,train,"[128000, 791, 9954, 892, 369, 279, 9889, 6149, 7882, 6931, 449, 2697, 5406, 13, 578, 9899, 574, 32828, 555]",19,d645de69d8944ff79fa057be63e411698e288d2ed9cf2384f94d185f4a58855f,014620f8aead2e9882081907e6b7bcb6b03a7d8876347cab2176abf742890b60,14a2c282b45de44a6d640fc2e6dc1ed04d418f2f10d941f828d9c3c09a4704ad
DRIFT-NAT-DEADLINES-008,naturalistic_behavioral,deadlines,The completion time for the class project moved earlier with little notice. The schedule was revised by,Study-authored naturalistic continuation stem; frozen before capture.,False,,validation,"[128000, 791, 9954, 892, 369, 279, 538, 2447, 7882, 6931, 449, 2697, 5406, 13, 578, 9899, 574, 32828, 555]",19,0090aa4badd495ffe87267914f59a9bbe849606ee1003a23fe68d457e60b89cc,014620f8aead2e9882081907e6b7bcb6b03a7d8876347cab2176abf742890b60,14a2c282b45de44a6d640fc2e6dc1ed04d418f2f10d941f828d9c3c09a4704ad
DRIFT-NAT-DEADLINES-009,naturalistic_behavioral,deadlines,The completion time for the neighborhood event moved earlier with little notice. The schedule was revised by,Study-authored naturalistic continuation stem; frozen before capture.,False,,train,"[128000, 791, 9954, 892, 369, 279, 12818, 1567, 7882, 6931, 449, 2697, 5406, 13, 578, 9899, 574, 32828, 555]",19,a931356fef2c288b10c9bb61f68992d1e5d3886690c90267ab77c4019a2f0f5a,014620f8aead2e9882081907e6b7bcb6b03a7d8876347cab2176abf742890b60,14a2c282b45de44a6d640fc2e6dc1ed04d418f2f10d941f828d9c3c09a4704ad
DRIFT-NAT-DEADLINES-010,naturalistic_behavioral,deadlines,The completion time for the household task moved earlier with little notice. The schedule was revised by,Study-authored naturalistic continuation stem; frozen before capture.,False,,test,"[128000, 791, 9954, 892, 369, 279, 14048, 3465, 7882, 6931, 449, 2697, 5406, 13, 578, 9899, 574, 32828, 555]",19,c02fd434a1efed61fa8daca9afe22620a1e607b96dbd872c90fa1fde0e42d62e,014620f8aead2e9882081907e6b7bcb6b03a7d8876347cab2176abf742890b60,14a2c282b45de44a6d640fc2e6dc1ed04d418f2f10d941f828d9c3c09a4704ad
DRIFT-NAT-DEADLINES-011,naturalistic_behavioral,deadlines,The completion time for the meeting agenda moved earlier with little notice. The schedule was revised by,Study-authored naturalistic continuation stem; frozen before capture.,False,,train,"[128000, 791, 9954, 892, 369, 279, 6574, 18909, 7882, 6931, 449, 2697, 5406, 13, 578, 9899, 574, 32828, 555]",19,ae0077e6aba9fe9c03b6f35f3a7c09c1c39a0997bb181e703cdf7da1f38127f5,014620f8aead2e9882081907e6b7bcb6b03a7d8876347cab2176abf742890b60,14a2c282b45de44a6d640fc2e6dc1ed04d418f2f10d941f828d9c3c09a4704ad
DRIFT-NAT-DEADLINES-012,naturalistic_behavioral,deadlines,The completion time for the weekend activity moved earlier with little notice. The schedule was revised by,Study-authored naturalistic continuation stem; frozen before capture.,False,,train,"[128000, 791, 9954, 892, 369, 279, 9178, 5820, 7882, 6931, 449, 2697, 5406, 13, 578, 9899, 574, 32828, 555]",19,1903ebae75760c946a1965c6d47fc5a305b2bbb15aafe174c7eeb89a7df68db6,014620f8aead2e9882081907e6b7bcb6b03a7d8876347cab2176abf742890b60,14a2c282b45de44a6d640fc2e6dc1ed04d418f2f10d941f828d9c3c09a4704ad
DRIFT-NAT-DEADLINES-013,naturalistic_behavioral,deadlines,A deadline attached to the community garden was approaching while one task remained unfinished. The next action was,Study-authored naturalistic continuation stem; frozen before capture.,False,,train,"[128000, 32, 22143, 12673, 311, 279, 4029, 13863, 574, 31047, 1418, 832, 3465, 14958, 64716, 13, 578, 1828, 1957, 574]",20,c578952b4cb1b1baf190f3440a5554e9f80524670188757494799d55fa1f18b3,014620f8aead2e9882081907e6b7bcb6b03a7d8876347cab2176abf742890b60,14a2c282b45de44a6d640fc2e6dc1ed04d418f2f10d941f828d9c3c09a4704ad
DRIFT-NAT-DEADLINES-014,naturalistic_behavioral,deadlines,A deadline attached to the software release was approaching while one task remained unfinished. The next action was,Study-authored naturalistic continuation stem; frozen before capture.,False,,test,"[128000, 32, 22143, 12673, 311, 279, 3241, 4984, 574, 31047, 1418, 832, 3465, 14958, 64716, 13, 578, 1828, 1957, 574]",20,faf66df75cb3a1debb42466c6f6998b8f74318c885689ad639190d1d0be639f2,014620f8aead2e9882081907e6b7bcb6b03a7d8876347cab2176abf742890b60,14a2c282b45de44a6d640fc2e6dc1ed04d418f2f10d941f828d9c3c09a4704ad
DRIFT-NAT-DEADLINES-015,naturalistic_behavioral,deadlines,A deadline attached to the repair project was approaching while one task remained unfinished. The next action was,Study-authored naturalistic continuation stem; frozen before capture.,False,,validation,"[128000, 32, 22143, 12673, 311, 279, 13023, 2447, 574, 31047, 1418, 832, 3465, 14958, 64716, 13, 578, 1828, 1957, 574]",20,4defcf23cf7eb20b27514655c5b41e28ba2a16374cd8524c28d4ae87ccb8f83f,014620f8aead2e9882081907e6b7bcb6b03a7d8876347cab2176abf742890b60,14a2c282b45de44a6d640fc2e6dc1ed04d418f2f10d941f828d9c3c09a4704ad
DRIFT-NAT-DEADLINES-016,naturalistic_behavioral,deadlines,A deadline attached to the travel schedule was approaching while one task remained unfinished. The next action was,Study-authored naturalistic continuation stem; frozen before capture.,False,,validation,"[128000, 32, 22143, 12673, 311, 279, 5944, 9899, 574, 31047, 1418, 832, 3465, 14958, 64716, 13, 578, 1828, 1957, 574]",20,1973f44cc21babe1a4a9124362b10697d82911da245fa05e89811c834c6c0100,014620f8aead2e9882081907e6b7bcb6b03a7d8876347cab2176abf742890b60,14a2c282b45de44a6d640fc2e6dc1ed04d418f2f10d941f828d9c3c09a4704ad
DRIFT-NAT-DEADLINES-017,naturalistic_behavioral,deadlines,A deadline attached to the shared workspace was approaching while one task remained unfinished. The next action was,Study-authored naturalistic continuation stem; frozen before capture.,False,,train,"[128000, 32, 22143, 12673, 311, 279, 6222, 28614, 574, 31047, 1418, 832, 3465, 14958, 64716, 13, 578, 1828, 1957, 574]",20,b11e14c42cca08500ed1683142d585e6074f3172b102f858ca7f3eb8cc016646,014620f8aead2e9882081907e6b7bcb6b03a7d8876347cab2176abf742890b60,14a2c282b45de44a6d640fc2e6dc1ed04d418f2f10d941f828d9c3c09a4704ad
DRIFT-NAT-DEADLINES-018,naturalistic_behavioral,deadlines,A deadline attached to the research note was approaching while one task remained unfinished. The next action was,Study-authored naturalistic continuation stem; frozen before capture.,False,,test,"[128000, 32, 22143, 12673, 311, 279, 3495, 5296, 574, 31047, 1418, 832, 3465, 14958, 64716, 13, 578, 1828, 1957, 574]",20,068d0686010a7c1d8277c265c1e620f06ec0687f2de22acdec98d7a42bfd6523,014620f8aead2e9882081907e6b7bcb6b03a7d8876347cab2176abf742890b60,14a2c282b45de44a6d640fc2e6dc1ed04d418f2f10d941f828d9c3c09a4704ad
DRIFT-NAT-DEADLINES-019,naturalistic_behavioral,deadlines,A deadline attached to the delivery route was approaching while one task remained unfinished. The next action was,Study-authored naturalistic continuation stem; frozen before capture.,False,,test,"[128000, 32, 22143, 12673, 311, 279, 9889, 6149, 574, 31047, 1418, 832, 3465, 14958, 64716, 13, 578, 1828, 1957, 574]",20,836e5cd6d3d43a2fc1331bd38cd3357dffeac5d52d9da74dd911b7ace358ba56,014620f8aead2e9882081907e6b7bcb6b03a7d8876347cab2176abf742890b60,14a2c282b45de44a6d640fc2e6dc1ed04d418f2f10d941f828d9c3c09a4704ad
DRIFT-NAT-DEADLINES-020,naturalistic_behavioral,deadlines,A deadline attached to the class project was approaching while one task remained unfinished. The next action was,Study-authored naturalistic continuation stem; frozen before capture.,False,,validation,"[128000, 32, 22143, 12673, 311, 279, 538, 2447, 574, 31047, 1418, 832, 3465, 14958, 64716, 13, 578, 1828, 1957, 574]",20,a54517b11195cc9e4bb86fbc1f666c1ef55adf65532aef7f4397db5020309a89,014620f8aead2e9882081907e6b7bcb6b03a7d8876347cab2176abf742890b60,14a2c282b45de44a6d640fc2e6dc1ed04d418f2f10d941f828d9c3c09a4704ad
DRIFT-NAT-DEADLINES-021,naturalistic_behavioral,deadlines,A deadline attached to the neighborhood event was approaching while one task remained unfinished. The next action was,Study-authored naturalistic continuation stem; frozen before capture.,False,,validation,"[128000, 32, 22143, 12673, 311, 279, 12818, 1567, 574, 31047, 1418, 832, 3465, 14958, 64716, 13, 578, 1828, 1957, 574]",20,b5323db3e6da0d4392879181260970e036b4bfb3390da8347fdf3a8666c455ee,014620f8aead2e9882081907e6b7bcb6b03a7d8876347cab2176abf742890b60,14a2c282b45de44a6d640fc2e6dc1ed04d418f2f10d941f828d9c3c09a4704ad
DRIFT-NAT-DEADLINES-022,naturalistic_behavioral,deadlines,A deadline attached to the household task was approaching while one task remained unfinished. The next action was,Study-authored naturalistic continuation stem; frozen before capture.,False,,train,"[128000, 32, 22143, 12673, 311, 279, 14048, 3465, 574, 31047, 1418, 832, 3465, 14958, 64716, 13, 578, 1828, 1957, 574]",20,51fb2df85e6a5a4b375b95a73179e00bd6a068d39b5ff947a0782a695a3e9e5f,014620f8aead2e9882081907e6b7bcb6b03a7d8876347cab2176abf742890b60,14a2c282b45de44a6d640fc2e6dc1ed04d418f2f10d941f828d9c3c09a4704ad
DRIFT-NAT-DEADLINES-023,naturalistic_behavioral,deadlines,A deadline attached to the meeting agenda was approaching while one task remained unfinished. The next action was,Study-authored naturalistic continuation stem; frozen before capture.,False,,test,"[128000, 32, 22143, 12673, 311, 279, 6574, 18909, 574, 31047, 1418, 832, 3465, 14958, 64716, 13, 578, 1828, 1957, 574]",20,1bc30704353f3cfa23e5349f762e1357a65e3fc0aa63361415219e2f86a66bf1,014620f8aead2e9882081907e6b7bcb6b03a7d8876347cab2176abf742890b60,14a2c282b45de44a6d640fc2e6dc1ed04d418f2f10d941f828d9c3c09a4704ad
DRIFT-NAT-DEADLINES-024,naturalistic_behavioral,deadlines,A deadline attached to the weekend activity was approaching while one task remained unfinished. The next action was,Study-authored naturalistic continuation stem; frozen before capture.,False,,train,"[128000, 32, 22143, 12673, 311, 279, 9178, 5820, 574, 31047, 1418, 832, 3465, 14958, 64716, 13, 578, 1828, 1957, 574]",20,e05061cc82c3296f50afe5b8e6f5da17466060c49eeccbd129fc774e19e8c86a,014620f8aead2e9882081907e6b7bcb6b03a7d8876347cab2176abf742890b60,14a2c282b45de44a6d640fc2e6dc1ed04d418f2f10d941f828d9c3c09a4704ad
DRIFT-NAT-DEADLINES-025,naturalistic_behavioral,deadlines,"The available time for the community garden was reduced after work began. In response,",Study-authored naturalistic continuation stem; frozen before capture.,False,,validation,"[128000, 791, 2561, 892, 369, 279, 4029, 13863, 574, 11293, 1306, 990, 6137, 13, 763, 2077, 11]",17,1c2757a751592944031dda10f9acd50d1d77c6b5735936e5fea7c35afec2e4e3,014620f8aead2e9882081907e6b7bcb6b03a7d8876347cab2176abf742890b60,14a2c282b45de44a6d640fc2e6dc1ed04d418f2f10d941f828d9c3c09a4704ad
DRIFT-NAT-DEADLINES-026,naturalistic_behavioral,deadlines,"The available time for the software release was reduced after work began. In response,",Study-authored naturalistic continuation stem; frozen before capture.,False,,train,"[128000, 791, 2561, 892, 369, 279, 3241, 4984, 574, 11293, 1306, 990, 6137, 13, 763, 2077, 11]",17,884edb053b17254309e06b4d899d2954899b4e4b3b4c1a0dfb0dbe3989248b77,014620f8aead2e9882081907e6b7bcb6b03a7d8876347cab2176abf742890b60,14a2c282b45de44a6d640fc2e6dc1ed04d418f2f10d941f828d9c3c09a4704ad
DRIFT-NAT-DEADLINES-027,naturalistic_behavioral,deadlines,"The available time for the repair project was reduced after work began. In response,",Study-authored naturalistic continuation stem; frozen before capture.,False,,validation,"[128000, 791, 2561, 892, 369, 279, 13023, 2447, 574, 11293, 1306, 990, 6137, 13, 763, 2077, 11]",17,82ba5536e41f603e1ad8f545bdcff7c3a658a8a46d280624669d06f5ef6f2c88,014620f8aead2e9882081907e6b7bcb6b03a7d8876347cab2176abf742890b60,14a2c282b45de44a6d640fc2e6dc1ed04d418f2f10d941f828d9c3c09a4704ad
DRIFT-NAT-DEADLINES-028,naturalistic_behavioral,deadlines,"The available time for the travel schedule was reduced after work began. In response,",Study-authored naturalistic continuation stem; frozen before capture.,False,,train,"[128000, 791, 2561, 892, 369, 279, 5944, 9899, 574, 11293, 1306, 990, 6137, 13, 763, 2077, 11]",17,d638e8bae5f453cc0ba8a4860cb4e7a0e46b4694afa33a9b8da852d121f5906a,014620f8aead2e9882081907e6b7bcb6b03a7d8876347cab2176abf742890b60,14a2c282b45de44a6d640fc2e6dc1ed04d418f2f10d941f828d9c3c09a4704ad
DRIFT-NAT-DEADLINES-029,naturalistic_behavioral,deadlines,"The available time for the shared workspace was reduced after work began. In response,",Study-authored naturalistic continuation stem; frozen before capture.,False,,train,"[128000, 791, 2561, 892, 369, 279, 6222, 28614, 574, 11293, 1306, 990, 6137, 13, 763, 2077, 11]",17,057efd4bcfe5eb216e97c567f1e5e20b7c27d2f41640aa43e4436a5b7e12311c,014620f8aead2e9882081907e6b7bcb6b03a7d8876347cab2176abf742890b60,14a2c282b45de44a6d640fc2e6dc1ed04d418f2f10d941f828d9c3c09a4704ad
DRIFT-NAT-DEADLINES-030,naturalistic_behavioral,deadlines,"The available time for the research note was reduced after work began. In response,",Study-authored naturalistic continuation stem; frozen before capture.,False,,test,"[128000, 791, 2561, 892, 369, 279, 3495, 5296, 574, 11293, 1306, 990, 6137, 13, 763, 2077, 11]",17,e3d5c38f594ef87e583985f7a3459772f3627b205e99b8bf7d02f0294692a5bb,014620f8aead2e9882081907e6b7bcb6b03a7d8876347cab2176abf742890b60,14a2c282b45de44a6d640fc2e6dc1ed04d418f2f10d941f828d9c3c09a4704ad
DRIFT-NAT-DEADLINES-031,naturalistic_behavioral,deadlines,"The available time for the delivery route was reduced after work began. In response,",Study-authored naturalistic continuation stem; frozen before capture.,False,,train,"[128000, 791, 2561, 892, 369, 279, 9889, 6149, 574, 11293, 1306, 990, 6137, 13, 763, 2077, 11]",17,fab24575211bd78b94e5055a76a2c5054353c53539abfa5130a266173489859f,014620f8aead2e9882081907e6b7bcb6b03a7d8876347cab2176abf742890b60,14a2c282b45de44a6d640fc2e6dc1ed04d418f2f10d941f828d9c3c09a4704ad
DRIFT-NAT-DEADLINES-032,naturalistic_behavioral,deadlines,"The available time for the class project was reduced after work began. In response,",Study-authored naturalistic continuation stem; frozen before capture.,False,,train,"[128000, 791, 2561, 892, 369, 279, 538, 2447, 574, 11293, 1306, 990, 6137, 13, 763, 2077, 11]",17,978a8d31f7d1b2ce230b6b8338ab0e08542e04e0dda3bd4efc397a71111d44a4,014620f8aead2e9882081907e6b7bcb6b03a7d8876347cab2176abf742890b60,14a2c282b45de44a6d640fc2e6dc1ed04d418f2f10d941f828d9c3c09a4704ad
DRIFT-NAT-DEADLINES-033,naturalistic_behavioral,deadlines,"The available time for the neighborhood event was reduced after work began. In response,",Study-authored naturalistic continuation stem; frozen before capture.,False,,train,"[128000, 791, 2561, 892, 369, 279, 12818, 1567, 574, 11293, 1306, 990, 6137, 13, 763, 2077, 11]",17,b1813c459ed14b56f335f677fcdb868fb7e9df81b71f90eeaf5c269749c30e98,014620f8aead2e9882081907e6b7bcb6b03a7d8876347cab2176abf742890b60,14a2c282b45de44a6d640fc2e6dc1ed04d418f2f10d941f828d9c3c09a4704ad
DRIFT-NAT-DEADLINES-034,naturalistic_behavioral,deadlines,"The available time for the household task was reduced after work began. In response,",Study-authored naturalistic continuation stem; frozen before capture.,False,,train,"[128000, 791, 2561, 892, 369, 279, 14048, 3465, 574, 11293, 1306, 990, 6137, 13, 763, 2077, 11]",17,608b0d6dc99abc4ab69b709c8ecd79b415913de58bce0da996f4cde011737c99,014620f8aead2e9882081907e6b7bcb6b03a7d8876347cab2176abf742890b60,14a2c282b45de44a6d640fc2e6dc1ed04d418f2f10d941f828d9c3c09a4704ad
DRIFT-NAT-DEADLINES-035,naturalistic_behavioral,deadlines,"The available time for the meeting agenda was reduced after work began. In response,",Study-authored naturalistic continuation stem; frozen before capture.,False,,train,"[128000, 791, 2561, 892, 369, 279, 6574, 18909, 574, 11293, 1306, 990, 6137, 13, 763, 2077, 11]",17,2c82386d1c37e06c083cffd920c14f1d17ed45641654989452ea8701d2b27990,014620f8aead2e9882081907e6b7bcb6b03a7d8876347cab2176abf742890b60,14a2c282b45de44a6d640fc2e6dc1ed04d418f2f10d941f828d9c3c09a4704ad
DRIFT-NAT-DEADLINES-036,naturalistic_behavioral,deadlines,"The available time for the weekend activity was reduced after work began. In response,",Study-authored naturalistic continuation stem; frozen before capture.,False,,train,"[128000, 791, 2561, 892, 369, 279, 9178, 5820, 574, 11293, 1306, 990, 6137, 13, 763, 2077, 11]",17,aba97092dfbf48b5a8a0bc87da2a1d2ac5a9f362fa975c44ed557b672f969040,014620f8aead2e9882081907e6b7bcb6b03a7d8876347cab2176abf742890b60,14a2c282b45de44a6d640fc2e6dc1ed04d418f2f10d941f828d9c3c09a4704ad
DRIFT-NAT-DEADLINES-037,naturalistic_behavioral,deadlines,A final deliverable from the community garden was due sooner than expected. The work continued with,Study-authored naturalistic continuation stem; frozen before capture.,False,,train,"[128000, 32, 1620, 6493, 481, 505, 279, 4029, 13863, 574, 4245, 31373, 1109, 3685, 13, 578, 990, 8738, 449]",19,80cdea2fb9193c8454b3426500e57445d1d51ad48ff57f0de39061f4b397716d,014620f8aead2e9882081907e6b7bcb6b03a7d8876347cab2176abf742890b60,14a2c282b45de44a6d640fc2e6dc1ed04d418f2f10d941f828d9c3c09a4704ad
DRIFT-NAT-DEADLINES-038,naturalistic_behavioral,deadlines,A final deliverable from the software release was due sooner than expected. The work continued with,Study-authored naturalistic continuation stem; frozen before capture.,False,,train,"[128000, 32, 1620, 6493, 481, 505, 279, 3241, 4984, 574, 4245, 31373, 1109, 3685, 13, 578, 990, 8738, 449]",19,a0d8f58682523413926fc536b319356f0157947d10bb81ef530a99166ca87aa4,014620f8aead2e9882081907e6b7bcb6b03a7d8876347cab2176abf742890b60,14a2c282b45de44a6d640fc2e6dc1ed04d418f2f10d941f828d9c3c09a4704ad
DRIFT-NAT-DEADLINES-039,naturalistic_behavioral,deadlines,A final deliverable from the repair project was due sooner than expected. The work continued with,Study-authored naturalistic continuation stem; frozen before capture.,False,,train,"[128000, 32, 1620, 6493, 481, 505, 279, 13023, 2447, 574, 4245, 31373, 1109, 3685, 13, 578, 990, 8738, 449]",19,0cae1cc62ca13d7ae0d576bed2486e7e438831a166e6a2045ea1affa16b99c64,014620f8aead2e9882081907e6b7bcb6b03a7d8876347cab2176abf742890b60,14a2c282b45de44a6d640fc2e6dc1ed04d418f2f10d941f828d9c3c09a4704ad
DRIFT-NAT-DEADLINES-040,naturalistic_behavioral,deadlines,A final deliverable from the travel schedule was due sooner than expected. The work continued with,Study-authored naturalistic continuation stem; frozen before capture.,False,,test,"[128000, 32, 1620, 6493, 481, 505, 279, 5944, 9899, 574, 4245, 31373, 1109, 3685, 13, 578, 990, 8738, 449]",19,5b97fa442ea89a9aa900c3d404a4f0d6f39fc4940f2eebad272621b75bd5c6f4,014620f8aead2e9882081907e6b7bcb6b03a7d8876347cab2176abf742890b60,14a2c282b45de44a6d640fc2e6dc1ed04d418f2f10d941f828d9c3c09a4704ad
DRIFT-NAT-DEADLINES-041,naturalistic_behavioral,deadlines,A final deliverable from the shared workspace was due sooner than expected. The work continued with,Study-authored naturalistic continuation stem; frozen before capture.,False,,test,"[128000, 32, 1620, 6493, 481, 505, 279, 6222, 28614, 574, 4245, 31373, 1109, 3685, 13, 578, 990, 8738, 449]",19,be3098414a438627d316a8225fbbdb5959ff29742de410944a79f61c91bae857,014620f8aead2e9882081907e6b7bcb6b03a7d8876347cab2176abf742890b60,14a2c282b45de44a6d640fc2e6dc1ed04d418f2f10d941f828d9c3c09a4704ad
DRIFT-NAT-DEADLINES-042,naturalistic_behavioral,deadlines,A final deliverable from the research note was due sooner than expected. The work continued with,Study-authored naturalistic continuation stem; frozen before capture.,False,,train,"[128000, 32, 1620, 6493, 481, 505, 279, 3495, 5296, 574, 4245, 31373, 1109, 3685, 13, 578, 990, 8738, 449]",19,28ce0b55358b0bfd0c13754bc7defa570d4f3e2094130529ba57154ebd974af4,014620f8aead2e9882081907e6b7bcb6b03a7d8876347cab2176abf742890b60,14a2c282b45de44a6d640fc2e6dc1ed04d418f2f10d941f828d9c3c09a4704ad
DRIFT-NAT-DEADLINES-043,naturalistic_behavioral,deadlines,A final deliverable from the delivery route was due sooner than expected. The work continued with,Study-authored naturalistic continuation stem; frozen before capture.,False,,validation,"[128000, 32, 1620, 6493, 481, 505, 279, 9889, 6149, 574, 4245, 31373, 1109, 3685, 13, 578, 990, 8738, 449]",19,74c5c338e75b1e337e1c0cf332895d789d6b23ef36e07f6fda33efe0a47f5cef,014620f8aead2e9882081907e6b7bcb6b03a7d8876347cab2176abf742890b60,14a2c282b45de44a6d640fc2e6dc1ed04d418f2f10d941f828d9c3c09a4704ad
DRIFT-NAT-DEADLINES-044,naturalistic_behavioral,deadlines,A final deliverable from the class project was due sooner than expected. The work continued with,Study-authored naturalistic continuation stem; frozen before capture.,False,,train,"[128000, 32, 1620, 6493, 481, 505, 279, 538, 2447, 574, 4245, 31373, 1109, 3685, 13, 578, 990, 8738, 449]",19,73cb4de6bb4eb30e938cd6b56b7dbecb747846e2be93563eed0f892ac1085022,014620f8aead2e9882081907e6b7bcb6b03a7d8876347cab2176abf742890b60,14a2c282b45de44a6d640fc2e6dc1ed04d418f2f10d941f828d9c3c09a4704ad
DRIFT-NAT-DEADLINES-045,naturalistic_behavioral,deadlines,A final deliverable from the neighborhood event was due sooner than expected. The work continued with,Study-authored naturalistic continuation stem; frozen before capture.,False,,validation,"[128000, 32, 1620, 6493, 481, 505, 279, 12818, 1567, 574, 4245, 31373, 1109, 3685, 13, 578, 990, 8738, 449]",19,bd40ea431e51b9bab87c24778eefc1d49f0b8c976f25998ccaa3dbf5fa2c99f4,014620f8aead2e9882081907e6b7bcb6b03a7d8876347cab2176abf742890b60,14a2c282b45de44a6d640fc2e6dc1ed04d418f2f10d941f828d9c3c09a4704ad
DRIFT-NAT-DEADLINES-046,naturalistic_behavioral,deadlines,A final deliverable from the household task was due sooner than expected. The work continued with,Study-authored naturalistic continuation stem; frozen before capture.,False,,train,"[128000, 32, 1620, 6493, 481, 505, 279, 14048, 3465, 574, 4245, 31373, 1109, 3685, 13, 578, 990, 8738, 449]",19,e2e3ccba6bd63de31aed6f61fa3d30533cafa545a479046c192a4be24fdd21c5,014620f8aead2e9882081907e6b7bcb6b03a7d8876347cab2176abf742890b60,14a2c282b45de44a6d640fc2e6dc1ed04d418f2f10d941f828d9c3c09a4704ad
DRIFT-NAT-DEADLINES-047,naturalistic_behavioral,deadlines,A final deliverable from the meeting agenda was due sooner than expected. The work continued with,Study-authored naturalistic continuation stem; frozen before capture.,False,,train,"[128000, 32, 1620, 6493, 481, 505, 279, 6574, 18909, 574, 4245, 31373, 1109, 3685, 13, 578, 990, 8738, 449]",19,7fe1805f0a90c88df49a4c555283f559170ec7b23225e60015c1457d83f67965,014620f8aead2e9882081907e6b7bcb6b03a7d8876347cab2176abf742890b60,14a2c282b45de44a6d640fc2e6dc1ed04d418f2f10d941f828d9c3c09a4704ad
DRIFT-NAT-DEADLINES-048,naturalistic_behavioral,deadlines,A final deliverable from the weekend activity was due sooner than expected. The work continued with,Study-authored naturalistic continuation stem; frozen before capture.,False,,train,"[128000, 32, 1620, 6493, 481, 505, 279, 9178, 5820, 574, 4245, 31373, 1109, 3685, 13, 578, 990, 8738, 449]",19,6ce0a8d7dc50d342a81e956b45c2e891b3dda71ecc2a3a4cebcf2943bae10255,014620f8aead2e9882081907e6b7bcb6b03a7d8876347cab2176abf742890b60,14a2c282b45de44a6d640fc2e6dc1ed04d418f2f10d941f828d9c3c09a4704ad
DRIFT-NAT-EMOTIONAL_RESPONSE-001,naturalistic_behavioral,emotional_response,"An unexpected setback occurred during the community garden, changing the atmosphere immediately. The first response was",Study-authored naturalistic continuation stem; frozen before capture.,False,,test,"[128000, 2127, 16907, 79913, 10222, 2391, 279, 4029, 13863, 11, 10223, 279, 16975, 7214, 13, 578, 1176, 2077, 574]",19,e282477f9be18c7b04ea76ffec8a15c62a6423a6c200335b7e280a3a9c1b801a,014620f8aead2e9882081907e6b7bcb6b03a7d8876347cab2176abf742890b60,14a2c282b45de44a6d640fc2e6dc1ed04d418f2f10d941f828d9c3c09a4704ad
DRIFT-NAT-EMOTIONAL_RESPONSE-002,naturalistic_behavioral,emotional_response,"An unexpected setback occurred during the software release, changing the atmosphere immediately. The first response was",Study-authored naturalistic continuation stem; frozen before capture.,False,,train,"[128000, 2127, 16907, 79913, 10222, 2391, 279, 3241, 4984, 11, 10223, 279, 16975, 7214, 13, 578, 1176, 2077, 574]",19,c6f68e0c9d00de1b8632cdf14035353e5227a02506b55781cb1f8dd01e97c2a3,014620f8aead2e9882081907e6b7bcb6b03a7d8876347cab2176abf742890b60,14a2c282b45de44a6d640fc2e6dc1ed04d418f2f10d941f828d9c3c09a4704ad
DRIFT-NAT-EMOTIONAL_RESPONSE-003,naturalistic_behavioral,emotional_response,"An unexpected setback occurred during the repair project, changing the atmosphere immediately. The first response was",Study-authored naturalistic continuation stem; frozen before capture.,False,,test,"[128000, 2127, 16907, 79913, 10222, 2391, 279, 13023, 2447, 11, 10223, 279, 16975, 7214, 13, 578, 1176, 2077, 574]",19,92f059565a58c1bfadd70b3be029ec225c69408730ac9de487ae4df66337acf5,014620f8aead2e9882081907e6b7bcb6b03a7d8876347cab2176abf742890b60,14a2c282b45de44a6d640fc2e6dc1ed04d418f2f10d941f828d9c3c09a4704ad
DRIFT-NAT-EMOTIONAL_RESPONSE-004,naturalistic_behavioral,emotional_response,"An unexpected setback occurred during the travel schedule, changing the atmosphere immediately. The first response was",Study-authored naturalistic continuation stem; frozen before capture.,False,,validation,"[128000, 2127, 16907, 79913, 10222, 2391, 279, 5944, 9899, 11, 10223, 279, 16975, 7214, 13, 578, 1176, 2077, 574]",19,baa5129b0115d11ac79d89430fda6b7630410898dac6e70ebc8edb23f6a2ed34,014620f8aead2e9882081907e6b7bcb6b03a7d8876347cab2176abf742890b60,14a2c282b45de44a6d640fc2e6dc1ed04d418f2f10d941f828d9c3c09a4704ad
DRIFT-NAT-EMOTIONAL_RESPONSE-005,naturalistic_behavioral,emotional_response,"An unexpected setback occurred during the shared workspace, changing the atmosphere immediately. The first response was",Study-authored naturalistic continuation stem; frozen before capture.,False,,test,"[128000, 2127, 16907, 79913, 10222, 2391, 279, 6222, 28614, 11, 10223, 279, 16975, 7214, 13, 578, 1176, 2077, 574]",19,498dbaa1a94bbfa3df4b87728af0c745d88d24d956df417e0ecab29ec5b7c413,014620f8aead2e9882081907e6b7bcb6b03a7d8876347cab2176abf742890b60,14a2c282b45de44a6d640fc2e6dc1ed04d418f2f10d941f828d9c3c09a4704ad
DRIFT-NAT-EMOTIONAL_RESPONSE-006,naturalistic_behavioral,emotional_response,"An unexpected setback occurred during the research note, changing the atmosphere immediately. The first response was",Study-authored naturalistic continuation stem; frozen before capture.,False,,validation,"[128000, 2127, 16907, 79913, 10222, 2391, 279, 3495, 5296, 11, 10223, 279, 16975, 7214, 13, 578, 1176, 2077, 574]",19,22e35cc42ba5a55db144c750ebacff71849bb4378859e4ffc88be85c64bd1094,014620f8aead2e9882081907e6b7bcb6b03a7d8876347cab2176abf742890b60,14a2c282b45de44a6d640fc2e6dc1ed04d418f2f10d941f828d9c3c09a4704ad
DRIFT-NAT-EMOTIONAL_RESPONSE-007,naturalistic_behavioral,emotional_response,"An unexpected setback occurred during the delivery route, changing the atmosphere immediately. The first response was",Study-authored naturalistic continuation stem; frozen before capture.,False,,test,"[128000, 2127, 16907, 79913, 10222, 2391, 279, 9889, 6149, 11, 10223, 279, 16975, 7214, 13, 578, 1176, 2077, 574]",19,7afdef5ae0526bdad886b6254fcf12df155d6648a58a013340cb59ad91473910,014620f8aead2e9882081907e6b7bcb6b03a7d8876347cab2176abf742890b60,14a2c282b45de44a6d640fc2e6dc1ed04d418f2f10d941f828d9c3c09a4704ad
DRIFT-NAT-EMOTIONAL_RESPONSE-008,naturalistic_behavioral,emotional_response,"An unexpected setback occurred during the class project, changing the atmosphere immediately. The first response was",Study-authored naturalistic continuation stem; frozen before capture.,False,,validation,"[128000, 2127, 16907, 79913, 10222, 2391, 279, 538, 2447, 11, 10223, 279, 16975, 7214, 13, 578, 1176, 2077, 574]",19,1a94f8aadf19c6f82f7b407d6a0c18a9b51b1bd2f6d7860a7d51e58250154f9a,014620f8aead2e9882081907e6b7bcb6b03a7d8876347cab2176abf742890b60,14a2c282b45de44a6d640fc2e6dc1ed04d418f2f10d941f828d9c3c09a4704ad
DRIFT-NAT-EMOTIONAL_RESPONSE-009,naturalistic_behavioral,emotional_response,"An unexpected setback occurred during the neighborhood event, changing the atmosphere immediately. The first response was",Study-authored naturalistic continuation stem; frozen before capture.,False,,train,"[128000, 2127, 16907, 79913, 10222, 2391, 279, 12818, 1567, 11, 10223, 279, 16975, 7214, 13, 578, 1176, 2077, 574]",19,917c07ad41136a1bd4d50b4c55264c1a11eb192679cdc4d8e035308ef7a3a64b,014620f8aead2e9882081907e6b7bcb6b03a7d8876347cab2176abf742890b60,14a2c282b45de44a6d640fc2e6dc1ed04d418f2f10d941f828d9c3c09a4704ad
DRIFT-NAT-EMOTIONAL_RESPONSE-010,naturalistic_behavioral,emotional_response,"An unexpected setback occurred during the household task, changing the atmosphere immediately. The first response was",Study-authored naturalistic continuation stem; frozen before capture.,False,,validation,"[128000, 2127, 16907, 79913, 10222, 2391, 279, 14048, 3465, 11, 10223, 279, 16975, 7214, 13, 578, 1176, 2077, 574]",19,af11854220a96d10774f9bd46c2b888c70b6933f10f9668a233864ac1cb45c63,014620f8aead2e9882081907e6b7bcb6b03a7d8876347cab2176abf742890b60,14a2c282b45de44a6d640fc2e6dc1ed04d418f2f10d941f828d9c3c09a4704ad
DRIFT-NAT-EMOTIONAL_RESPONSE-011,naturalistic_behavioral,emotional_response,"An unexpected setback occurred during the meeting agenda, changing the atmosphere immediately. The first response was",Study-authored naturalistic continuation stem; frozen before capture.,False,,test,"[128000, 2127, 16907, 79913, 10222, 2391, 279, 6574, 18909, 11, 10223, 279, 16975, 7214, 13, 578, 1176, 2077, 574]",19,c6c8a45f19e2f50b09b989eb85381f71583f78af37ebc9d64a811db3924c3826,014620f8aead2e9882081907e6b7bcb6b03a7d8876347cab2176abf742890b60,14a2c282b45de44a6d640fc2e6dc1ed04d418f2f10d941f828d9c3c09a4704ad
DRIFT-NAT-EMOTIONAL_RESPONSE-012,naturalistic_behavioral,emotional_response,"An unexpected setback occurred during the weekend activity, changing the atmosphere immediately. The first response was",Study-authored naturalistic continuation stem; frozen before capture.,False,,train,"[128000, 2127, 16907, 79913, 10222, 2391, 279, 9178, 5820, 11, 10223, 279, 16975, 7214, 13, 578, 1176, 2077, 574]",19,7766fdc1076dc63a81fe3dd6ccde2d82363fb94de0ef9c42798794e3f2ab432f,014620f8aead2e9882081907e6b7bcb6b03a7d8876347cab2176abf742890b60,14a2c282b45de44a6d640fc2e6dc1ed04d418f2f10d941f828d9c3c09a4704ad
DRIFT-NAT-EMOTIONAL_RESPONSE-013,naturalistic_behavioral,emotional_response,"News about the community garden produced a strong reaction among those present. After a brief pause,",Study-authored naturalistic continuation stem; frozen before capture.,False,,train,"[128000, 14710, 922, 279, 4029, 13863, 9124, 264, 3831, 13010, 4315, 1884, 3118, 13, 4740, 264, 10015, 18579, 11]",19,7f9ad634c79e8d833def1554663e33c980a60f8f84795a0c0d853e9fc108c569,014620f8aead2e9882081907e6b7bcb6b03a7d8876347cab2176abf742890b60,14a2c282b45de44a6d640fc2e6dc1ed04d418f2f10d941f828d9c3c09a4704ad
DRIFT-NAT-EMOTIONAL_RESPONSE-014,naturalistic_behavioral,emotional_response,"News about the software release produced a strong reaction among those present. After a brief pause,",Study-authored naturalistic continuation stem; frozen before capture.,False,,train,"[128000, 14710, 922, 279, 3241, 4984, 9124, 264, 3831, 13010, 4315, 1884, 3118, 13, 4740, 264, 10015, 18579, 11]",19,efa114b0a3049ec7137b4f70052db1ae3d28522f8fbbd2a05b05a5edaa70d644,014620f8aead2e9882081907e6b7bcb6b03a7d8876347cab2176abf742890b60,14a2c282b45de44a6d640fc2e6dc1ed04d418f2f10d941f828d9c3c09a4704ad
DRIFT-NAT-EMOTIONAL_RESPONSE-015,naturalistic_behavioral,emotional_response,"News about the repair project produced a strong reaction among those present. After a brief pause,",Study-authored naturalistic continuation stem; frozen before capture.,False,,train,"[128000, 14710, 922, 279, 13023, 2447, 9124, 264, 3831, 13010, 4315, 1884, 3118, 13, 4740, 264, 10015, 18579, 11]",19,1209999c8ae3e2f24df1eb7b181bf57a1ef972e431c68f47def3aa8e32ba8bb0,014620f8aead2e9882081907e6b7bcb6b03a7d8876347cab2176abf742890b60,14a2c282b45de44a6d640fc2e6dc1ed04d418f2f10d941f828d9c3c09a4704ad
DRIFT-NAT-EMOTIONAL_RESPONSE-016,naturalistic_behavioral,emotional_response,"News about the travel schedule produced a strong reaction among those present. After a brief pause,",Study-authored naturalistic continuation stem; frozen before capture.,False,,train,"[128000, 14710, 922, 279, 5944, 9899, 9124, 264, 3831, 13010, 4315, 1884, 3118, 13, 4740, 264, 10015, 18579, 11]",19,e89a2405ef65cb2a129a5c8b656989dc420052e0de2196483abd97a5eb06642a,014620f8aead2e9882081907e6b7bcb6b03a7d8876347cab2176abf742890b60,14a2c282b45de44a6d640fc2e6dc1ed04d418f2f10d941f828d9c3c09a4704ad
DRIFT-NAT-EMOTIONAL_RESPONSE-017,naturalistic_behavioral,emotional_response,"News about the shared workspace produced a strong reaction among those present. After a brief pause,",Study-authored naturalistic continuation stem; frozen before capture.,False,,train,"[128000, 14710, 922, 279, 6222, 28614, 9124, 264, 3831, 13010, 4315, 1884, 3118, 13, 4740, 264, 10015, 18579, 11]",19,0a4071d416d401606a9927dbfbd457478127f944a88d4ae37660ffd1e9e03b96,014620f8aead2e9882081907e6b7bcb6b03a7d8876347cab2176abf742890b60,14a2c282b45de44a6d640fc2e6dc1ed04d418f2f10d941f828d9c3c09a4704ad
DRIFT-NAT-EMOTIONAL_RESPONSE-018,naturalistic_behavioral,emotional_response,"News about the research note produced a strong reaction among those present. After a brief pause,",Study-authored naturalistic continuation stem; frozen before capture.,False,,test,"[128000, 14710, 922, 279, 3495, 5296, 9124, 264, 3831, 13010, 4315, 1884, 3118, 13, 4740, 264, 10015, 18579, 11]",19,9d21ca599a48ba4e92be94b4f23aebcedefc03dbaa14dcf88b7e628e1df6cfec,014620f8aead2e9882081907e6b7bcb6b03a7d8876347cab2176abf742890b60,14a2c282b45de44a6d640fc2e6dc1ed04d418f2f10d941f828d9c3c09a4704ad
DRIFT-NAT-EMOTIONAL_RESPONSE-019,naturalistic_behavioral,emotional_response,"News about the delivery route produced a strong reaction among those present. After a brief pause,",Study-authored naturalistic continuation stem; frozen before capture.,False,,train,"[128000, 14710, 922, 279, 9889, 6149, 9124, 264, 3831, 13010, 4315, 1884, 3118, 13, 4740, 264, 10015, 18579, 11]",19,7a1c4a2e3c12e20fcba363d67ec07c9ab3095ae0d5ce7e7cea999e943a9dafb7,014620f8aead2e9882081907e6b7bcb6b03a7d8876347cab2176abf742890b60,14a2c282b45de44a6d640fc2e6dc1ed04d418f2f10d941f828d9c3c09a4704ad
DRIFT-NAT-EMOTIONAL_RESPONSE-020,naturalistic_behavioral,emotional_response,"News about the class project produced a strong reaction among those present. After a brief pause,",Study-authored naturalistic continuation stem; frozen before capture.,False,,train,"[128000, 14710, 922, 279, 538, 2447, 9124, 264, 3831, 13010, 4315, 1884, 3118, 13, 4740, 264, 10015, 18579, 11]",19,ea8074c174998db3cf72ae26b4d81645d20c443eabad3f5ab3f6ada435f32647,014620f8aead2e9882081907e6b7bcb6b03a7d8876347cab2176abf742890b60,14a2c282b45de44a6d640fc2e6dc1ed04d418f2f10d941f828d9c3c09a4704ad
DRIFT-NAT-EMOTIONAL_RESPONSE-021,naturalistic_behavioral,emotional_response,"News about the neighborhood event produced a strong reaction among those present. After a brief pause,",Study-authored naturalistic continuation stem; frozen before capture.,False,,test,"[128000, 14710, 922, 279, 12818, 1567, 9124, 264, 3831, 13010, 4315, 1884, 3118, 13, 4740, 264, 10015, 18579, 11]",19,1a8b3bdfe844d40db82f6c4d1e5c1386224cc3f64055f5a2d954b2289811470d,014620f8aead2e9882081907e6b7bcb6b03a7d8876347cab2176abf742890b60,14a2c282b45de44a6d640fc2e6dc1ed04d418f2f10d941f828d9c3c09a4704ad
DRIFT-NAT-EMOTIONAL_RESPONSE-022,naturalistic_behavioral,emotional_response,"News about the household task produced a strong reaction among those present. After a brief pause,",Study-authored naturalistic continuation stem; frozen before capture.,False,,validation,"[128000, 14710, 922, 279, 14048, 3465, 9124, 264, 3831, 13010, 4315, 1884, 3118, 13, 4740, 264, 10015, 18579, 11]",19,468a1fab75a885589782f70ef812beef83f4e07b46e99863cada3d6373f72051,014620f8aead2e9882081907e6b7bcb6b03a7d8876347cab2176abf742890b60,14a2c282b45de44a6d640fc2e6dc1ed04d418f2f10d941f828d9c3c09a4704ad
DRIFT-NAT-EMOTIONAL_RESPONSE-023,naturalistic_behavioral,emotional_response,"News about the meeting agenda produced a strong reaction among those present. After a brief pause,",Study-authored naturalistic continuation stem; frozen before capture.,False,,train,"[128000, 14710, 922, 279, 6574, 18909, 9124, 264, 3831, 13010, 4315, 1884, 3118, 13, 4740, 264, 10015, 18579, 11]",19,1004eeb56aba1241337a2201fd7aa4b80db50994d321adfcb85ddd8a4aea3abc,014620f8aead2e9882081907e6b7bcb6b03a7d8876347cab2176abf742890b60,14a2c282b45de44a6d640fc2e6dc1ed04d418f2f10d941f828d9c3c09a4704ad
DRIFT-NAT-EMOTIONAL_RESPONSE-024,naturalistic_behavioral,emotional_response,"News about the weekend activity produced a strong reaction among those present. After a brief pause,",Study-authored naturalistic continuation stem; frozen before capture.,False,,train,"[128000, 14710, 922, 279, 9178, 5820, 9124, 264, 3831, 13010, 4315, 1884, 3118, 13, 4740, 264, 10015, 18579, 11]",19,0d98774fdee572dc1961828f3d86d380836bcda07c569c37dde14faa58f14246,014620f8aead2e9882081907e6b7bcb6b03a7d8876347cab2176abf742890b60,14a2c282b45de44a6d640fc2e6dc1ed04d418f2f10d941f828d9c3c09a4704ad
DRIFT-NAT-EMOTIONAL_RESPONSE-025,naturalistic_behavioral,emotional_response,A difficult result emerged from the community garden without warning. The immediate response began,Study-authored naturalistic continuation stem; frozen before capture.,False,,train,"[128000, 32, 5107, 1121, 22763, 505, 279, 4029, 13863, 2085, 10163, 13, 578, 14247, 2077, 6137]",16,8037afacf5dcf6f57b7520d4b189ed938086523ddb271d19a17ce9d565074f0c,014620f8aead2e9882081907e6b7bcb6b03a7d8876347cab2176abf742890b60,14a2c282b45de44a6d640fc2e6dc1ed04d418f2f10d941f828d9c3c09a4704ad
DRIFT-NAT-EMOTIONAL_RESPONSE-026,naturalistic_behavioral,emotional_response,A difficult result emerged from the software release without warning. The immediate response began,Study-authored naturalistic continuation stem; frozen before capture.,False,,train,"[128000, 32, 5107, 1121, 22763, 505, 279, 3241, 4984, 2085, 10163, 13, 578, 14247, 2077, 6137]",16,e0c27540a3e3c7b1b9c6309d2e2e6b847ff5b5ff2693548f51c9a9f7e1b6a840,014620f8aead2e9882081907e6b7bcb6b03a7d8876347cab2176abf742890b60,14a2c282b45de44a6d640fc2e6dc1ed04d418f2f10d941f828d9c3c09a4704ad
DRIFT-NAT-EMOTIONAL_RESPONSE-027,naturalistic_behavioral,emotional_response,A difficult result emerged from the repair project without warning. The immediate response began,Study-authored naturalistic continuation stem; frozen before capture.,False,,train,"[128000, 32, 5107, 1121, 22763, 505, 279, 13023, 2447, 2085, 10163, 13, 578, 14247, 2077, 6137]",16,d2ec4ef0a8f6b844eb22cc411c067e9abba4d4d2b4cac1ab6f1abb7f83c7eb8c,014620f8aead2e9882081907e6b7bcb6b03a7d8876347cab2176abf742890b60,14a2c282b45de44a6d640fc2e6dc1ed04d418f2f10d941f828d9c3c09a4704ad
DRIFT-NAT-EMOTIONAL_RESPONSE-028,naturalistic_behavioral,emotional_response,A difficult result emerged from the travel schedule without warning. The immediate response began,Study-authored naturalistic continuation stem; frozen before capture.,False,,train,"[128000, 32, 5107, 1121, 22763, 505, 279, 5944, 9899, 2085, 10163, 13, 578, 14247, 2077, 6137]",16,4b714daf570f7111937627ebe85af337a3e34ab31637ab96487017b77222683d,014620f8aead2e9882081907e6b7bcb6b03a7d8876347cab2176abf742890b60,14a2c282b45de44a6d640fc2e6dc1ed04d418f2f10d941f828d9c3c09a4704ad
DRIFT-NAT-EMOTIONAL_RESPONSE-029,naturalistic_behavioral,emotional_response,A difficult result emerged from the shared workspace without warning. The immediate response began,Study-authored naturalistic continuation stem; frozen before capture.,False,,train,"[128000, 32, 5107, 1121, 22763, 505, 279, 6222, 28614, 2085, 10163, 13, 578, 14247, 2077, 6137]",16,6a1654e84bc9247b2df362932aa35c87c1299428ae34e24e5058e9a9934f5af0,014620f8aead2e9882081907e6b7bcb6b03a7d8876347cab2176abf742890b60,14a2c282b45de44a6d640fc2e6dc1ed04d418f2f10d941f828d9c3c09a4704ad
DRIFT-NAT-EMOTIONAL_RESPONSE-030,naturalistic_behavioral,emotional_response,A difficult result emerged from the research note without warning. The immediate response began,Study-authored naturalistic continuation stem; frozen before capture.,False,,train,"[128000, 32, 5107, 1121, 22763, 505, 279, 3495, 5296, 2085, 10163, 13, 578, 14247, 2077, 6137]",16,a64907386d1e8452beb2e5ccded575f68fadb5f16794b6bac639e13dc77e4ba6,014620f8aead2e9882081907e6b7bcb6b03a7d8876347cab2176abf742890b60,14a2c282b45de44a6d640fc2e6dc1ed04d418f2f10d941f828d9c3c09a4704ad
DRIFT-NAT-EMOTIONAL_RESPONSE-031,naturalistic_behavioral,emotional_response,A difficult result emerged from the delivery route without warning. The immediate response began,Study-authored naturalistic continuation stem; frozen before capture.,False,,validation,"[128000, 32, 5107, 1121, 22763, 505, 279, 9889, 6149, 2085, 10163, 13, 578, 14247, 2077, 6137]",16,1a97823fc3fc9493ca93883acf45303588042a374b9a02d09b41c9d78bada414,014620f8aead2e9882081907e6b7bcb6b03a7d8876347cab2176abf742890b60,14a2c282b45de44a6d640fc2e6dc1ed04d418f2f10d941f828d9c3c09a4704ad
DRIFT-NAT-EMOTIONAL_RESPONSE-032,naturalistic_behavioral,emotional_response,A difficult result emerged from the class project without warning. The immediate response began,Study-authored naturalistic continuation stem; frozen before capture.,False,,train,"[128000, 32, 5107, 1121, 22763, 505, 279, 538, 2447, 2085, 10163, 13, 578, 14247, 2077, 6137]",16,ca0d0f75d4914cb3f22b420c505a3b541e2a89a8ffd6a07b495dc7918db7800e,014620f8aead2e9882081907e6b7bcb6b03a7d8876347cab2176abf742890b60,14a2c282b45de44a6d640fc2e6dc1ed04d418f2f10d941f828d9c3c09a4704ad
DRIFT-NAT-EMOTIONAL_RESPONSE-033,naturalistic_behavioral,emotional_response,A difficult result emerged from the neighborhood event without warning. The immediate response began,Study-authored naturalistic continuation stem; frozen before capture.,False,,train,"[128000, 32, 5107, 1121, 22763, 505, 279, 12818, 1567, 2085, 10163, 13, 578, 14247, 2077, 6137]",16,a1df9b2122c535a04a5139dc8e9b5f79f62505b9b72fc889fa4bc342fa9aeebe,014620f8aead2e9882081907e6b7bcb6b03a7d8876347cab2176abf742890b60,14a2c282b45de44a6d640fc2e6dc1ed04d418f2f10d941f828d9c3c09a4704ad
DRIFT-NAT-EMOTIONAL_RESPONSE-034,naturalistic_behavioral,emotional_response,A difficult result emerged from the household task without warning. The immediate response began,Study-authored naturalistic continuation stem; frozen before capture.,False,,train,"[128000, 32, 5107, 1121, 22763, 505, 279, 14048, 3465, 2085, 10163, 13, 578, 14247, 2077, 6137]",16,bf9e55ce08b2952e6ead0c6fea02df305db3116dab766feb6f660ea1dcecccb7,014620f8aead2e9882081907e6b7bcb6b03a7d8876347cab2176abf742890b60,14a2c282b45de44a6d640fc2e6dc1ed04d418f2f10d941f828d9c3c09a4704ad
DRIFT-NAT-EMOTIONAL_RESPONSE-035,naturalistic_behavioral,emotional_response,A difficult result emerged from the meeting agenda without warning. The immediate response began,Study-authored naturalistic continuation stem; frozen before capture.,False,,train,"[128000, 32, 5107, 1121, 22763, 505, 279, 6574, 18909, 2085, 10163, 13, 578, 14247, 2077, 6137]",16,2cdd4d7212945e8993e99db830565980e919b3508864b04d5a734ee143aa21da,014620f8aead2e9882081907e6b7bcb6b03a7d8876347cab2176abf742890b60,14a2c282b45de44a6d640fc2e6dc1ed04d418f2f10d941f828d9c3c09a4704ad
DRIFT-NAT-EMOTIONAL_RESPONSE-036,naturalistic_behavioral,emotional_response,A difficult result emerged from the weekend activity without warning. The immediate response began,Study-authored naturalistic continuation stem; frozen before capture.,False,,train,"[128000, 32, 5107, 1121, 22763, 505, 279, 9178, 5820, 2085, 10163, 13, 578, 14247, 2077, 6137]",16,d433faf6375e211979bbabeb932b82e985d9d86556d9e8c8ff2016aaa0b13805,014620f8aead2e9882081907e6b7bcb6b03a7d8876347cab2176abf742890b60,14a2c282b45de44a6d640fc2e6dc1ed04d418f2f10d941f828d9c3c09a4704ad
DRIFT-NAT-EMOTIONAL_RESPONSE-037,naturalistic_behavioral,emotional_response,"The community garden ended with an outcome no one had anticipated. In the moments that followed,",Study-authored naturalistic continuation stem; frozen before capture.,False,,train,"[128000, 791, 4029, 13863, 9670, 449, 459, 15632, 912, 832, 1047, 30199, 13, 763, 279, 14269, 430, 8272, 11]",19,6de2c8bdd2a0a0d34f13e766168e953f62bd4af547de75bf2b5ae72764f04089,014620f8aead2e9882081907e6b7bcb6b03a7d8876347cab2176abf742890b60,14a2c282b45de44a6d640fc2e6dc1ed04d418f2f10d941f828d9c3c09a4704ad
DRIFT-NAT-EMOTIONAL_RESPONSE-038,naturalistic_behavioral,emotional_response,"The software release ended with an outcome no one had anticipated. In the moments that followed,",Study-authored naturalistic continuation stem; frozen before capture.,False,,train,"[128000, 791, 3241, 4984, 9670, 449, 459, 15632, 912, 832, 1047, 30199, 13, 763, 279, 14269, 430, 8272, 11]",19,97149b21e9abc9e0039b84ebbd892fcd0547f139a06b4374766a48ca0e223ad6,014620f8aead2e9882081907e6b7bcb6b03a7d8876347cab2176abf742890b60,14a2c282b45de44a6d640fc2e6dc1ed04d418f2f10d941f828d9c3c09a4704ad
DRIFT-NAT-EMOTIONAL_RESPONSE-039,naturalistic_behavioral,emotional_response,"The repair project ended with an outcome no one had anticipated. In the moments that followed,",Study-authored naturalistic continuation stem; frozen before capture.,False,,test,"[128000, 791, 13023, 2447, 9670, 449, 459, 15632, 912, 832, 1047, 30199, 13, 763, 279, 14269, 430, 8272, 11]",19,964fc458eaad4ad85a5c6aed02a79bb956d0a92a7e8e8ccca5ddf5b354513d2d,014620f8aead2e9882081907e6b7bcb6b03a7d8876347cab2176abf742890b60,14a2c282b45de44a6d640fc2e6dc1ed04d418f2f10d941f828d9c3c09a4704ad
DRIFT-NAT-EMOTIONAL_RESPONSE-040,naturalistic_behavioral,emotional_response,"The travel schedule ended with an outcome no one had anticipated. In the moments that followed,",Study-authored naturalistic continuation stem; frozen before capture.,False,,test,"[128000, 791, 5944, 9899, 9670, 449, 459, 15632, 912, 832, 1047, 30199, 13, 763, 279, 14269, 430, 8272, 11]",19,0a1dd89f94fe0154429d0723b69aeeed1116246bc1fc2c24c66aea6adf8422d9,014620f8aead2e9882081907e6b7bcb6b03a7d8876347cab2176abf742890b60,14a2c282b45de44a6d640fc2e6dc1ed04d418f2f10d941f828d9c3c09a4704ad
DRIFT-NAT-EMOTIONAL_RESPONSE-041,naturalistic_behavioral,emotional_response,"The shared workspace ended with an outcome no one had anticipated. In the moments that followed,",Study-authored naturalistic continuation stem; frozen before capture.,False,,validation,"[128000, 791, 6222, 28614, 9670, 449, 459, 15632, 912, 832, 1047, 30199, 13, 763, 279, 14269, 430, 8272, 11]",19,8655c76ee8ebcb19a91bcdbe3328ce5f71d4ca376460a2661c1fe003b193f9f0,014620f8aead2e9882081907e6b7bcb6b03a7d8876347cab2176abf742890b60,14a2c282b45de44a6d640fc2e6dc1ed04d418f2f10d941f828d9c3c09a4704ad
DRIFT-NAT-EMOTIONAL_RESPONSE-042,naturalistic_behavioral,emotional_response,"The research note ended with an outcome no one had anticipated. In the moments that followed,",Study-authored naturalistic continuation stem; frozen before capture.,False,,test,"[128000, 791, 3495, 5296, 9670, 449, 459, 15632, 912, 832, 1047, 30199, 13, 763, 279, 14269, 430, 8272, 11]",19,59dc7029b50be660d5f6b01f1fb4aab195cb7d94979bbe6177ac2fff705bd9e8,014620f8aead2e9882081907e6b7bcb6b03a7d8876347cab2176abf742890b60,14a2c282b45de44a6d640fc2e6dc1ed04d418f2f10d941f828d9c3c09a4704ad
DRIFT-NAT-EMOTIONAL_RESPONSE-043,naturalistic_behavioral,emotional_response,"The delivery route ended with an outcome no one had anticipated. In the moments that followed,",Study-authored naturalistic continuation stem; frozen before capture.,False,,train,"[128000, 791, 9889, 6149, 9670, 449, 459, 15632, 912, 832, 1047, 30199, 13, 763, 279, 14269, 430, 8272, 11]",19,6baf856122b8ffdbb42daf46c13e4f6bc72dde9f4923ef9e4c74fdf36cafcb97,014620f8aead2e9882081907e6b7bcb6b03a7d8876347cab2176abf742890b60,14a2c282b45de44a6d640fc2e6dc1ed04d418f2f10d941f828d9c3c09a4704ad
DRIFT-NAT-EMOTIONAL_RESPONSE-044,naturalistic_behavioral,emotional_response,"The class project ended with an outcome no one had anticipated. In the moments that followed,",Study-authored naturalistic continuation stem; frozen before capture.,False,,train,"[128000, 791, 538, 2447, 9670, 449, 459, 15632, 912, 832, 1047, 30199, 13, 763, 279, 14269, 430, 8272, 11]",19,3156a65fcab56f3c32ae0e2975e49a8d7cfe7d67e5f9d235844ce8da7e493378,014620f8aead2e9882081907e6b7bcb6b03a7d8876347cab2176abf742890b60,14a2c282b45de44a6d640fc2e6dc1ed04d418f2f10d941f828d9c3c09a4704ad
DRIFT-NAT-EMOTIONAL_RESPONSE-045,naturalistic_behavioral,emotional_response,"The neighborhood event ended with an outcome no one had anticipated. In the moments that followed,",Study-authored naturalistic continuation stem; frozen before capture.,False,,train,"[128000, 791, 12818, 1567, 9670, 449, 459, 15632, 912, 832, 1047, 30199, 13, 763, 279, 14269, 430, 8272, 11]",19,fca3752a9493ff8c9fdd0fa2f87e30ec5258ee28188ed0f62ef3d2f0f0c0f574,014620f8aead2e9882081907e6b7bcb6b03a7d8876347cab2176abf742890b60,14a2c282b45de44a6d640fc2e6dc1ed04d418f2f10d941f828d9c3c09a4704ad
DRIFT-NAT-EMOTIONAL_RESPONSE-046,naturalistic_behavioral,emotional_response,"The household task ended with an outcome no one had anticipated. In the moments that followed,",Study-authored naturalistic continuation stem; frozen before capture.,False,,train,"[128000, 791, 14048, 3465, 9670, 449, 459, 15632, 912, 832, 1047, 30199, 13, 763, 279, 14269, 430, 8272, 11]",19,9ea765c05bdb33392651dd63e6751b7a0511f2d0a03105bc6d120376e799bccf,014620f8aead2e9882081907e6b7bcb6b03a7d8876347cab2176abf742890b60,14a2c282b45de44a6d640fc2e6dc1ed04d418f2f10d941f828d9c3c09a4704ad
DRIFT-NAT-EMOTIONAL_RESPONSE-047,naturalistic_behavioral,emotional_response,"The meeting agenda ended with an outcome no one had anticipated. In the moments that followed,",Study-authored naturalistic continuation stem; frozen before capture.,False,,train,"[128000, 791, 6574, 18909, 9670, 449, 459, 15632, 912, 832, 1047, 30199, 13, 763, 279, 14269, 430, 8272, 11]",19,554dce1c80e810fc2166a6198d35605677542580d1ae2bc3c4cef95210253eeb,014620f8aead2e9882081907e6b7bcb6b03a7d8876347cab2176abf742890b60,14a2c282b45de44a6d640fc2e6dc1ed04d418f2f10d941f828d9c3c09a4704ad
DRIFT-NAT-EMOTIONAL_RESPONSE-048,naturalistic_behavioral,emotional_response,"The weekend activity ended with an outcome no one had anticipated. In the moments that followed,",Study-authored naturalistic continuation stem; frozen before capture.,False,,train,"[128000, 791, 9178, 5820, 9670, 449, 459, 15632, 912, 832, 1047, 30199, 13, 763, 279, 14269, 430, 8272, 11]",19,6c08955b1830da1948cb3ddc9e400f579f9ba2d1f6bd11f8b2cea84effc009d0,014620f8aead2e9882081907e6b7bcb6b03a7d8876347cab2176abf742890b60,14a2c282b45de44a6d640fc2e6dc1ed04d418f2f10d941f828d9c3c09a4704ad
DRIFT-NAT-RISK-001,naturalistic_behavioral,risk,"One option in the community garden offered a larger benefit but had an uncertain downside. Before choosing,",Study-authored naturalistic continuation stem; frozen before capture.,False,,validation,"[128000, 4054, 3072, 304, 279, 4029, 13863, 9076, 264, 8294, 8935, 719, 1047, 459, 36218, 52497, 13, 13538, 19301, 11]",20,a8c1f3e6fd3006402111987d6dbdb4100119f5e948a1f3852d2cab09488fa315,014620f8aead2e9882081907e6b7bcb6b03a7d8876347cab2176abf742890b60,14a2c282b45de44a6d640fc2e6dc1ed04d418f2f10d941f828d9c3c09a4704ad
DRIFT-NAT-RISK-002,naturalistic_behavioral,risk,"One option in the software release offered a larger benefit but had an uncertain downside. Before choosing,",Study-authored naturalistic continuation stem; frozen before capture.,False,,train,"[128000, 4054, 3072, 304, 279, 3241, 4984, 9076, 264, 8294, 8935, 719, 1047, 459, 36218, 52497, 13, 13538, 19301, 11]",20,04b72a9f85a3bf8df866ab051c170d002bcdfd644b13c674c1da712a507bb561,014620f8aead2e9882081907e6b7bcb6b03a7d8876347cab2176abf742890b60,14a2c282b45de44a6d640fc2e6dc1ed04d418f2f10d941f828d9c3c09a4704ad
DRIFT-NAT-RISK-003,naturalistic_behavioral,risk,"One option in the repair project offered a larger benefit but had an uncertain downside. Before choosing,",Study-authored naturalistic continuation stem; frozen before capture.,False,,train,"[128000, 4054, 3072, 304, 279, 13023, 2447, 9076, 264, 8294, 8935, 719, 1047, 459, 36218, 52497, 13, 13538, 19301, 11]",20,b114c9dadadd0824c82cbf542b25a47d488f9543012c96e0d119df16c44ac87e,014620f8aead2e9882081907e6b7bcb6b03a7d8876347cab2176abf742890b60,14a2c282b45de44a6d640fc2e6dc1ed04d418f2f10d941f828d9c3c09a4704ad
DRIFT-NAT-RISK-004,naturalistic_behavioral,risk,"One option in the travel schedule offered a larger benefit but had an uncertain downside. Before choosing,",Study-authored naturalistic continuation stem; frozen before capture.,False,,test,"[128000, 4054, 3072, 304, 279, 5944, 9899, 9076, 264, 8294, 8935, 719, 1047, 459, 36218, 52497, 13, 13538, 19301, 11]",20,109eda6694bb8644bbe983900d14825ecd5625eb130a5a19651b766aaa95bde4,014620f8aead2e9882081907e6b7bcb6b03a7d8876347cab2176abf742890b60,14a2c282b45de44a6d640fc2e6dc1ed04d418f2f10d941f828d9c3c09a4704ad
DRIFT-NAT-RISK-005,naturalistic_behavioral,risk,"One option in the shared workspace offered a larger benefit but had an uncertain downside. Before choosing,",Study-authored naturalistic continuation stem; frozen before capture.,False,,validation,"[128000, 4054, 3072, 304, 279, 6222, 28614, 9076, 264, 8294, 8935, 719, 1047, 459, 36218, 52497, 13, 13538, 19301, 11]",20,4461128c65929f7b7374bd25773b095669cfd1ee3d0b369f1c64987779801b4f,014620f8aead2e9882081907e6b7bcb6b03a7d8876347cab2176abf742890b60,14a2c282b45de44a6d640fc2e6dc1ed04d418f2f10d941f828d9c3c09a4704ad
DRIFT-NAT-RISK-006,naturalistic_behavioral,risk,"One option in the research note offered a larger benefit but had an uncertain downside. Before choosing,",Study-authored naturalistic continuation stem; frozen before capture.,False,,train,"[128000, 4054, 3072, 304, 279, 3495, 5296, 9076, 264, 8294, 8935, 719, 1047, 459, 36218, 52497, 13, 13538, 19301, 11]",20,ce438624a43093cab5d7885da10fea69ff9ecc56025c774230d41f2b93ae6533,014620f8aead2e9882081907e6b7bcb6b03a7d8876347cab2176abf742890b60,14a2c282b45de44a6d640fc2e6dc1ed04d418f2f10d941f828d9c3c09a4704ad
DRIFT-NAT-RISK-007,naturalistic_behavioral,risk,"One option in the delivery route offered a larger benefit but had an uncertain downside. Before choosing,",Study-authored naturalistic continuation stem; frozen before capture.,False,,validation,"[128000, 4054, 3072, 304, 279, 9889, 6149, 9076, 264, 8294, 8935, 719, 1047, 459, 36218, 52497, 13, 13538, 19301, 11]",20,657b6483c4fae5f94b6b74b5d9356f461323abd3fa08522e23f8bfb148c74bc2,014620f8aead2e9882081907e6b7bcb6b03a7d8876347cab2176abf742890b60,14a2c282b45de44a6d640fc2e6dc1ed04d418f2f10d941f828d9c3c09a4704ad
DRIFT-NAT-RISK-008,naturalistic_behavioral,risk,"One option in the class project offered a larger benefit but had an uncertain downside. Before choosing,",Study-authored naturalistic continuation stem; frozen before capture.,False,,test,"[128000, 4054, 3072, 304, 279, 538, 2447, 9076, 264, 8294, 8935, 719, 1047, 459, 36218, 52497, 13, 13538, 19301, 11]",20,9a5e7067f8661c102defc2960becf756a24d81cb560b351b18292f30a6c15a5b,014620f8aead2e9882081907e6b7bcb6b03a7d8876347cab2176abf742890b60,14a2c282b45de44a6d640fc2e6dc1ed04d418f2f10d941f828d9c3c09a4704ad
DRIFT-NAT-RISK-009,naturalistic_behavioral,risk,"One option in the neighborhood event offered a larger benefit but had an uncertain downside. Before choosing,",Study-authored naturalistic continuation stem; frozen before capture.,False,,validation,"[128000, 4054, 3072, 304, 279, 12818, 1567, 9076, 264, 8294, 8935, 719, 1047, 459, 36218, 52497, 13, 13538, 19301, 11]",20,0a2bdc35e50b8dfeb223bbd8f50a0ed7bd200699575f769b5729a932a5c7e228,014620f8aead2e9882081907e6b7bcb6b03a7d8876347cab2176abf742890b60,14a2c282b45de44a6d640fc2e6dc1ed04d418f2f10d941f828d9c3c09a4704ad
DRIFT-NAT-RISK-010,naturalistic_behavioral,risk,"One option in the household task offered a larger benefit but had an uncertain downside. Before choosing,",Study-authored naturalistic continuation stem; frozen before capture.,False,,validation,"[128000, 4054, 3072, 304, 279, 14048, 3465, 9076, 264, 8294, 8935, 719, 1047, 459, 36218, 52497, 13, 13538, 19301, 11]",20,6088bb5bd5b75c15f1cc85e8cc7fd408fea2c9966f5dd38c8b0f41afe8100b8b,014620f8aead2e9882081907e6b7bcb6b03a7d8876347cab2176abf742890b60,14a2c282b45de44a6d640fc2e6dc1ed04d418f2f10d941f828d9c3c09a4704ad
DRIFT-NAT-RISK-011,naturalistic_behavioral,risk,"One option in the meeting agenda offered a larger benefit but had an uncertain downside. Before choosing,",Study-authored naturalistic continuation stem; frozen before capture.,False,,validation,"[128000, 4054, 3072, 304, 279, 6574, 18909, 9076, 264, 8294, 8935, 719, 1047, 459, 36218, 52497, 13, 13538, 19301, 11]",20,a5578a956d4e542350f8af7b37318bd6410e60ccaf72c75230700846aa7f4de3,014620f8aead2e9882081907e6b7bcb6b03a7d8876347cab2176abf742890b60,14a2c282b45de44a6d640fc2e6dc1ed04d418f2f10d941f828d9c3c09a4704ad
DRIFT-NAT-RISK-012,naturalistic_behavioral,risk,"One option in the weekend activity offered a larger benefit but had an uncertain downside. Before choosing,",Study-authored naturalistic continuation stem; frozen before capture.,False,,train,"[128000, 4054, 3072, 304, 279, 9178, 5820, 9076, 264, 8294, 8935, 719, 1047, 459, 36218, 52497, 13, 13538, 19301, 11]",20,e03903e0ec922e99d4196f2ea7b6eeee3e8cefe20141f95c2a39f593e4db884b,014620f8aead2e9882081907e6b7bcb6b03a7d8876347cab2176abf742890b60,14a2c282b45de44a6d640fc2e6dc1ed04d418f2f10d941f828d9c3c09a4704ad
DRIFT-NAT-RISK-013,naturalistic_behavioral,risk,The next step in the community garden involved a small chance of a costly failure. The decision proceeded by,Study-authored naturalistic continuation stem; frozen before capture.,False,,train,"[128000, 791, 1828, 3094, 304, 279, 4029, 13863, 6532, 264, 2678, 6140, 315, 264, 34348, 8060, 13, 578, 5597, 45374, 555]",21,226970b2905524c9903547c21195dbf63d2a0dc2d249c976c28cad3841f80e0c,014620f8aead2e9882081907e6b7bcb6b03a7d8876347cab2176abf742890b60,14a2c282b45de44a6d640fc2e6dc1ed04d418f2f10d941f828d9c3c09a4704ad
DRIFT-NAT-RISK-014,naturalistic_behavioral,risk,The next step in the software release involved a small chance of a costly failure. The decision proceeded by,Study-authored naturalistic continuation stem; frozen before capture.,False,,train,"[128000, 791, 1828, 3094, 304, 279, 3241, 4984, 6532, 264, 2678, 6140, 315, 264, 34348, 8060, 13, 578, 5597, 45374, 555]",21,551d211cba851ca8438162d0a477f0dc1f97c7413dc2fca845a1fb8b1d3e8951,014620f8aead2e9882081907e6b7bcb6b03a7d8876347cab2176abf742890b60,14a2c282b45de44a6d640fc2e6dc1ed04d418f2f10d941f828d9c3c09a4704ad
DRIFT-NAT-RISK-015,naturalistic_behavioral,risk,The next step in the repair project involved a small chance of a costly failure. The decision proceeded by,Study-authored naturalistic continuation stem; frozen before capture.,False,,train,"[128000, 791, 1828, 3094, 304, 279, 13023, 2447, 6532, 264, 2678, 6140, 315, 264, 34348, 8060, 13, 578, 5597, 45374, 555]",21,832df1906e52f45485dd6716391a8afed5c542eced30fe1d6dcc2f9844b305e8,014620f8aead2e9882081907e6b7bcb6b03a7d8876347cab2176abf742890b60,14a2c282b45de44a6d640fc2e6dc1ed04d418f2f10d941f828d9c3c09a4704ad
DRIFT-NAT-RISK-016,naturalistic_behavioral,risk,The next step in the travel schedule involved a small chance of a costly failure. The decision proceeded by,Study-authored naturalistic continuation stem; frozen before capture.,False,,validation,"[128000, 791, 1828, 3094, 304, 279, 5944, 9899, 6532, 264, 2678, 6140, 315, 264, 34348, 8060, 13, 578, 5597, 45374, 555]",21,a2fb350fddc08fb96fc49f6494bc63724c7a8dccd7d41086ec145f390221524a,014620f8aead2e9882081907e6b7bcb6b03a7d8876347cab2176abf742890b60,14a2c282b45de44a6d640fc2e6dc1ed04d418f2f10d941f828d9c3c09a4704ad
DRIFT-NAT-RISK-017,naturalistic_behavioral,risk,The next step in the shared workspace involved a small chance of a costly failure. The decision proceeded by,Study-authored naturalistic continuation stem; frozen before capture.,False,,train,"[128000, 791, 1828, 3094, 304, 279, 6222, 28614, 6532, 264, 2678, 6140, 315, 264, 34348, 8060, 13, 578, 5597, 45374, 555]",21,318d586a04d74530d3a47673a4a5fc900902773026e23cacf64e53e9d50b9d2c,014620f8aead2e9882081907e6b7bcb6b03a7d8876347cab2176abf742890b60,14a2c282b45de44a6d640fc2e6dc1ed04d418f2f10d941f828d9c3c09a4704ad
DRIFT-NAT-RISK-018,naturalistic_behavioral,risk,The next step in the research note involved a small chance of a costly failure. The decision proceeded by,Study-authored naturalistic continuation stem; frozen before capture.,False,,validation,"[128000, 791, 1828, 3094, 304, 279, 3495, 5296, 6532, 264, 2678, 6140, 315, 264, 34348, 8060, 13, 578, 5597, 45374, 555]",21,09b6e27698b4c58d16d73f66c7bcfb736ddc817b7d7ee1b2fe7c1bd7cd75a079,014620f8aead2e9882081907e6b7bcb6b03a7d8876347cab2176abf742890b60,14a2c282b45de44a6d640fc2e6dc1ed04d418f2f10d941f828d9c3c09a4704ad
DRIFT-NAT-RISK-019,naturalistic_behavioral,risk,The next step in the delivery route involved a small chance of a costly failure. The decision proceeded by,Study-authored naturalistic continuation stem; frozen before capture.,False,,train,"[128000, 791, 1828, 3094, 304, 279, 9889, 6149, 6532, 264, 2678, 6140, 315, 264, 34348, 8060, 13, 578, 5597, 45374, 555]",21,384f59e35c8c87912b69efc46f989a9f77f6f176bdc20c244f8b5840449dd970,014620f8aead2e9882081907e6b7bcb6b03a7d8876347cab2176abf742890b60,14a2c282b45de44a6d640fc2e6dc1ed04d418f2f10d941f828d9c3c09a4704ad
DRIFT-NAT-RISK-020,naturalistic_behavioral,risk,The next step in the class project involved a small chance of a costly failure. The decision proceeded by,Study-authored naturalistic continuation stem; frozen before capture.,False,,test,"[128000, 791, 1828, 3094, 304, 279, 538, 2447, 6532, 264, 2678, 6140, 315, 264, 34348, 8060, 13, 578, 5597, 45374, 555]",21,c40235f1ff2d4a0a29bbaa8c2ab53907e78ea9eaf216beb27ac5e5d377952d96,014620f8aead2e9882081907e6b7bcb6b03a7d8876347cab2176abf742890b60,14a2c282b45de44a6d640fc2e6dc1ed04d418f2f10d941f828d9c3c09a4704ad
DRIFT-NAT-RISK-021,naturalistic_behavioral,risk,The next step in the neighborhood event involved a small chance of a costly failure. The decision proceeded by,Study-authored naturalistic continuation stem; frozen before capture.,False,,test,"[128000, 791, 1828, 3094, 304, 279, 12818, 1567, 6532, 264, 2678, 6140, 315, 264, 34348, 8060, 13, 578, 5597, 45374, 555]",21,a0e6bf792d11bf6dd2fd59be6c807857def22253c52eed03bd875aed71be08e0,014620f8aead2e9882081907e6b7bcb6b03a7d8876347cab2176abf742890b60,14a2c282b45de44a6d640fc2e6dc1ed04d418f2f10d941f828d9c3c09a4704ad
DRIFT-NAT-RISK-022,naturalistic_behavioral,risk,The next step in the household task involved a small chance of a costly failure. The decision proceeded by,Study-authored naturalistic continuation stem; frozen before capture.,False,,train,"[128000, 791, 1828, 3094, 304, 279, 14048, 3465, 6532, 264, 2678, 6140, 315, 264, 34348, 8060, 13, 578, 5597, 45374, 555]",21,f954a2683b973560fdc6270c89388c3c0ed930991a4f860f45542facc6d822a1,014620f8aead2e9882081907e6b7bcb6b03a7d8876347cab2176abf742890b60,14a2c282b45de44a6d640fc2e6dc1ed04d418f2f10d941f828d9c3c09a4704ad
DRIFT-NAT-RISK-023,naturalistic_behavioral,risk,The next step in the meeting agenda involved a small chance of a costly failure. The decision proceeded by,Study-authored naturalistic continuation stem; frozen before capture.,False,,train,"[128000, 791, 1828, 3094, 304, 279, 6574, 18909, 6532, 264, 2678, 6140, 315, 264, 34348, 8060, 13, 578, 5597, 45374, 555]",21,ae56b783508b24ad111fc72ed5288056f336e4cadfb86783d15289289858c145,014620f8aead2e9882081907e6b7bcb6b03a7d8876347cab2176abf742890b60,14a2c282b45de44a6d640fc2e6dc1ed04d418f2f10d941f828d9c3c09a4704ad
DRIFT-NAT-RISK-024,naturalistic_behavioral,risk,The next step in the weekend activity involved a small chance of a costly failure. The decision proceeded by,Study-authored naturalistic continuation stem; frozen before capture.,False,,train,"[128000, 791, 1828, 3094, 304, 279, 9178, 5820, 6532, 264, 2678, 6140, 315, 264, 34348, 8060, 13, 578, 5597, 45374, 555]",21,5848ea91221863a6deaa2c23e66cda28132086c3e3b3b804ed3daef90e585aeb,014620f8aead2e9882081907e6b7bcb6b03a7d8876347cab2176abf742890b60,14a2c282b45de44a6d640fc2e6dc1ed04d418f2f10d941f828d9c3c09a4704ad
DRIFT-NAT-RISK-025,naturalistic_behavioral,risk,A proposed change to the community garden could save time while introducing an untested condition. The response was,Study-authored naturalistic continuation stem; frozen before capture.,False,,train,"[128000, 32, 11223, 2349, 311, 279, 4029, 13863, 1436, 3665, 892, 1418, 33018, 459, 653, 76036, 3044, 13, 578, 2077, 574]",21,18428b4b2c342acab569fcedf85d77e808ffa68c59c681c2b7f06d6f2f09b769,014620f8aead2e9882081907e6b7bcb6b03a7d8876347cab2176abf742890b60,14a2c282b45de44a6d640fc2e6dc1ed04d418f2f10d941f828d9c3c09a4704ad
DRIFT-NAT-RISK-026,naturalistic_behavioral,risk,A proposed change to the software release could save time while introducing an untested condition. The response was,Study-authored naturalistic continuation stem; frozen before capture.,False,,validation,"[128000, 32, 11223, 2349, 311, 279, 3241, 4984, 1436, 3665, 892, 1418, 33018, 459, 653, 76036, 3044, 13, 578, 2077, 574]",21,6dcc61e8c3a7c33cfbc00b0cb6d86a721fd138e996d134cc5712e8f1a1b48b0b,014620f8aead2e9882081907e6b7bcb6b03a7d8876347cab2176abf742890b60,14a2c282b45de44a6d640fc2e6dc1ed04d418f2f10d941f828d9c3c09a4704ad
DRIFT-NAT-RISK-027,naturalistic_behavioral,risk,A proposed change to the repair project could save time while introducing an untested condition. The response was,Study-authored naturalistic continuation stem; frozen before capture.,False,,train,"[128000, 32, 11223, 2349, 311, 279, 13023, 2447, 1436, 3665, 892, 1418, 33018, 459, 653, 76036, 3044, 13, 578, 2077, 574]",21,87737eb358ed9abfd63b119afd9c1e0d8bb65f08ad4f41ed734175a352a8466a,014620f8aead2e9882081907e6b7bcb6b03a7d8876347cab2176abf742890b60,14a2c282b45de44a6d640fc2e6dc1ed04d418f2f10d941f828d9c3c09a4704ad
DRIFT-NAT-RISK-028,naturalistic_behavioral,risk,A proposed change to the travel schedule could save time while introducing an untested condition. The response was,Study-authored naturalistic continuation stem; frozen before capture.,False,,train,"[128000, 32, 11223, 2349, 311, 279, 5944, 9899, 1436, 3665, 892, 1418, 33018, 459, 653, 76036, 3044, 13, 578, 2077, 574]",21,fe029ba7750f764def72c946e8df8b8d03f41dcd263b1934c969660a458e7615,014620f8aead2e9882081907e6b7bcb6b03a7d8876347cab2176abf742890b60,14a2c282b45de44a6d640fc2e6dc1ed04d418f2f10d941f828d9c3c09a4704ad
DRIFT-NAT-RISK-029,naturalistic_behavioral,risk,A proposed change to the shared workspace could save time while introducing an untested condition. The response was,Study-authored naturalistic continuation stem; frozen before capture.,False,,test,"[128000, 32, 11223, 2349, 311, 279, 6222, 28614, 1436, 3665, 892, 1418, 33018, 459, 653, 76036, 3044, 13, 578, 2077, 574]",21,74def445a54a37919d9e10dd7d320ce13a305497ff4341cc1161576da9336366,014620f8aead2e9882081907e6b7bcb6b03a7d8876347cab2176abf742890b60,14a2c282b45de44a6d640fc2e6dc1ed04d418f2f10d941f828d9c3c09a4704ad
DRIFT-NAT-RISK-030,naturalistic_behavioral,risk,A proposed change to the research note could save time while introducing an untested condition. The response was,Study-authored naturalistic continuation stem; frozen before capture.,False,,test,"[128000, 32, 11223, 2349, 311, 279, 3495, 5296, 1436, 3665, 892, 1418, 33018, 459, 653, 76036, 3044, 13, 578, 2077, 574]",21,5b9133d72c6e29f9ebc8eb87ec840e426a5e7e83948f44c263195aae03c05cfe,014620f8aead2e9882081907e6b7bcb6b03a7d8876347cab2176abf742890b60,14a2c282b45de44a6d640fc2e6dc1ed04d418f2f10d941f828d9c3c09a4704ad
DRIFT-NAT-RISK-031,naturalistic_behavioral,risk,A proposed change to the delivery route could save time while introducing an untested condition. The response was,Study-authored naturalistic continuation stem; frozen before capture.,False,,train,"[128000, 32, 11223, 2349, 311, 279, 9889, 6149, 1436, 3665, 892, 1418, 33018, 459, 653, 76036, 3044, 13, 578, 2077, 574]",21,bb90a8659fd4064db2e5284f2c1e7f2e2cec28ab0801544208da8f968ed97a16,014620f8aead2e9882081907e6b7bcb6b03a7d8876347cab2176abf742890b60,14a2c282b45de44a6d640fc2e6dc1ed04d418f2f10d941f828d9c3c09a4704ad
DRIFT-NAT-RISK-032,naturalistic_behavioral,risk,A proposed change to the class project could save time while introducing an untested condition. The response was,Study-authored naturalistic continuation stem; frozen before capture.,False,,train,"[128000, 32, 11223, 2349, 311, 279, 538, 2447, 1436, 3665, 892, 1418, 33018, 459, 653, 76036, 3044, 13, 578, 2077, 574]",21,d92b78963bfa25ba132861f4c8a2b5b25dde7cf4495aece3ca25c9e3c299189f,014620f8aead2e9882081907e6b7bcb6b03a7d8876347cab2176abf742890b60,14a2c282b45de44a6d640fc2e6dc1ed04d418f2f10d941f828d9c3c09a4704ad
DRIFT-NAT-RISK-033,naturalistic_behavioral,risk,A proposed change to the neighborhood event could save time while introducing an untested condition. The response was,Study-authored naturalistic continuation stem; frozen before capture.,False,,train,"[128000, 32, 11223, 2349, 311, 279, 12818, 1567, 1436, 3665, 892, 1418, 33018, 459, 653, 76036, 3044, 13, 578, 2077, 574]",21,76305ffb3d02621d3457556ac2b7c4c959f73a3f67cb7a88ee2f6fcf8eb66103,014620f8aead2e9882081907e6b7bcb6b03a7d8876347cab2176abf742890b60,14a2c282b45de44a6d640fc2e6dc1ed04d418f2f10d941f828d9c3c09a4704ad
DRIFT-NAT-RISK-034,naturalistic_behavioral,risk,A proposed change to the household task could save time while introducing an untested condition. The response was,Study-authored naturalistic continuation stem; frozen before capture.,False,,train,"[128000, 32, 11223, 2349, 311, 279, 14048, 3465, 1436, 3665, 892, 1418, 33018, 459, 653, 76036, 3044, 13, 578, 2077, 574]",21,0711dbb07f36e0e48740b71f0c6077112632f73dac0d78700e900f2b2861ed86,014620f8aead2e9882081907e6b7bcb6b03a7d8876347cab2176abf742890b60,14a2c282b45de44a6d640fc2e6dc1ed04d418f2f10d941f828d9c3c09a4704ad
DRIFT-NAT-RISK-035,naturalistic_behavioral,risk,A proposed change to the meeting agenda could save time while introducing an untested condition. The response was,Study-authored naturalistic continuation stem; frozen before capture.,False,,train,"[128000, 32, 11223, 2349, 311, 279, 6574, 18909, 1436, 3665, 892, 1418, 33018, 459, 653, 76036, 3044, 13, 578, 2077, 574]",21,847e05533d58f440665d012b3b1048d1c101bc0016d6f77969e8ec2f186aed2b,014620f8aead2e9882081907e6b7bcb6b03a7d8876347cab2176abf742890b60,14a2c282b45de44a6d640fc2e6dc1ed04d418f2f10d941f828d9c3c09a4704ad
DRIFT-NAT-RISK-036,naturalistic_behavioral,risk,A proposed change to the weekend activity could save time while introducing an untested condition. The response was,Study-authored naturalistic continuation stem; frozen before capture.,False,,test,"[128000, 32, 11223, 2349, 311, 279, 9178, 5820, 1436, 3665, 892, 1418, 33018, 459, 653, 76036, 3044, 13, 578, 2077, 574]",21,fdc28b928a4568510bb48bd9c7290a71b9443a73ec904b50728bc54f50dc2349,014620f8aead2e9882081907e6b7bcb6b03a7d8876347cab2176abf742890b60,14a2c282b45de44a6d640fc2e6dc1ed04d418f2f10d941f828d9c3c09a4704ad
DRIFT-NAT-RISK-037,naturalistic_behavioral,risk,The community garden presented a choice between a predictable outcome and a variable one. The next consideration was,Study-authored naturalistic continuation stem; frozen before capture.,False,,train,"[128000, 791, 4029, 13863, 10666, 264, 5873, 1990, 264, 45207, 15632, 323, 264, 3977, 832, 13, 578, 1828, 18361, 574]",20,b9ef12e563eb7c07d9bf9451a9fefbe2daeb39cd979241146b4e3a4b493412b0,014620f8aead2e9882081907e6b7bcb6b03a7d8876347cab2176abf742890b60,14a2c282b45de44a6d640fc2e6dc1ed04d418f2f10d941f828d9c3c09a4704ad
DRIFT-NAT-RISK-038,naturalistic_behavioral,risk,The software release presented a choice between a predictable outcome and a variable one. The next consideration was,Study-authored naturalistic continuation stem; frozen before capture.,False,,train,"[128000, 791, 3241, 4984, 10666, 264, 5873, 1990, 264, 45207, 15632, 323, 264, 3977, 832, 13, 578, 1828, 18361, 574]",20,46b37cb11e084f26c7df9bf9b8f26ae060ed420bb55cf6c58db1371b2e5888f9,014620f8aead2e9882081907e6b7bcb6b03a7d8876347cab2176abf742890b60,14a2c282b45de44a6d640fc2e6dc1ed04d418f2f10d941f828d9c3c09a4704ad
DRIFT-NAT-RISK-039,naturalistic_behavioral,risk,The repair project presented a choice between a predictable outcome and a variable one. The next consideration was,Study-authored naturalistic continuation stem; frozen before capture.,False,,train,"[128000, 791, 13023, 2447, 10666, 264, 5873, 1990, 264, 45207, 15632, 323, 264, 3977, 832, 13, 578, 1828, 18361, 574]",20,a381e193063f3554238e60e2bd8a7faecf60f50d4f5dafa070afaf2afc8f69c9,014620f8aead2e9882081907e6b7bcb6b03a7d8876347cab2176abf742890b60,14a2c282b45de44a6d640fc2e6dc1ed04d418f2f10d941f828d9c3c09a4704ad
DRIFT-NAT-RISK-040,naturalistic_behavioral,risk,The travel schedule presented a choice between a predictable outcome and a variable one. The next consideration was,Study-authored naturalistic continuation stem; frozen before capture.,False,,test,"[128000, 791, 5944, 9899, 10666, 264, 5873, 1990, 264, 45207, 15632, 323, 264, 3977, 832, 13, 578, 1828, 18361, 574]",20,ef19872a2930bb33a67c7cbaeec08b810d60e647e4c45d822e762d7c87bc5878,014620f8aead2e9882081907e6b7bcb6b03a7d8876347cab2176abf742890b60,14a2c282b45de44a6d640fc2e6dc1ed04d418f2f10d941f828d9c3c09a4704ad
DRIFT-NAT-RISK-041,naturalistic_behavioral,risk,The shared workspace presented a choice between a predictable outcome and a variable one. The next consideration was,Study-authored naturalistic continuation stem; frozen before capture.,False,,train,"[128000, 791, 6222, 28614, 10666, 264, 5873, 1990, 264, 45207, 15632, 323, 264, 3977, 832, 13, 578, 1828, 18361, 574]",20,8ae7c3811b0bc8edb4ce391a8d4cd344ed3c71e169f08fc41cc8b280ceb3f9d2,014620f8aead2e9882081907e6b7bcb6b03a7d8876347cab2176abf742890b60,14a2c282b45de44a6d640fc2e6dc1ed04d418f2f10d941f828d9c3c09a4704ad
DRIFT-NAT-RISK-042,naturalistic_behavioral,risk,The research note presented a choice between a predictable outcome and a variable one. The next consideration was,Study-authored naturalistic continuation stem; frozen before capture.,False,,train,"[128000, 791, 3495, 5296, 10666, 264, 5873, 1990, 264, 45207, 15632, 323, 264, 3977, 832, 13, 578, 1828, 18361, 574]",20,2fa4eebac475b63a397b16cde12f5e4224ff69e48100762098158a2278167963,014620f8aead2e9882081907e6b7bcb6b03a7d8876347cab2176abf742890b60,14a2c282b45de44a6d640fc2e6dc1ed04d418f2f10d941f828d9c3c09a4704ad
DRIFT-NAT-RISK-043,naturalistic_behavioral,risk,The delivery route presented a choice between a predictable outcome and a variable one. The next consideration was,Study-authored naturalistic continuation stem; frozen before capture.,False,,validation,"[128000, 791, 9889, 6149, 10666, 264, 5873, 1990, 264, 45207, 15632, 323, 264, 3977, 832, 13, 578, 1828, 18361, 574]",20,fae60c2db655c3b06a696ebc9604fd221429422dafa82c1911fec750d1cf35a5,014620f8aead2e9882081907e6b7bcb6b03a7d8876347cab2176abf742890b60,14a2c282b45de44a6d640fc2e6dc1ed04d418f2f10d941f828d9c3c09a4704ad
DRIFT-NAT-RISK-044,naturalistic_behavioral,risk,The class project presented a choice between a predictable outcome and a variable one. The next consideration was,Study-authored naturalistic continuation stem; frozen before capture.,False,,train,"[128000, 791, 538, 2447, 10666, 264, 5873, 1990, 264, 45207, 15632, 323, 264, 3977, 832, 13, 578, 1828, 18361, 574]",20,5272c2474447fca3451eb7c3c000be70410071a08d1443b418a8af80d256daaa,014620f8aead2e9882081907e6b7bcb6b03a7d8876347cab2176abf742890b60,14a2c282b45de44a6d640fc2e6dc1ed04d418f2f10d941f828d9c3c09a4704ad
DRIFT-NAT-RISK-045,naturalistic_behavioral,risk,The neighborhood event presented a choice between a predictable outcome and a variable one. The next consideration was,Study-authored naturalistic continuation stem; frozen before capture.,False,,train,"[128000, 791, 12818, 1567, 10666, 264, 5873, 1990, 264, 45207, 15632, 323, 264, 3977, 832, 13, 578, 1828, 18361, 574]",20,4d17c14e0ef05528bb57780af14be526eefb80b1aa91283e4a767808a3b21ba4,014620f8aead2e9882081907e6b7bcb6b03a7d8876347cab2176abf742890b60,14a2c282b45de44a6d640fc2e6dc1ed04d418f2f10d941f828d9c3c09a4704ad
DRIFT-NAT-RISK-046,naturalistic_behavioral,risk,The household task presented a choice between a predictable outcome and a variable one. The next consideration was,Study-authored naturalistic continuation stem; frozen before capture.,False,,test,"[128000, 791, 14048, 3465, 10666, 264, 5873, 1990, 264, 45207, 15632, 323, 264, 3977, 832, 13, 578, 1828, 18361, 574]",20,f0cd57878e35c7f64043f130c1788d016e8ff3abf45929cfaf1bd572d0c1b6a9,014620f8aead2e9882081907e6b7bcb6b03a7d8876347cab2176abf742890b60,14a2c282b45de44a6d640fc2e6dc1ed04d418f2f10d941f828d9c3c09a4704ad
DRIFT-NAT-RISK-047,naturalistic_behavioral,risk,The meeting agenda presented a choice between a predictable outcome and a variable one. The next consideration was,Study-authored naturalistic continuation stem; frozen before capture.,False,,train,"[128000, 791, 6574, 18909, 10666, 264, 5873, 1990, 264, 45207, 15632, 323, 264, 3977, 832, 13, 578, 1828, 18361, 574]",20,553fb7069d6917b1d26bc143d362f9150fee6751e7bc5b4e16e8f1581e881566,014620f8aead2e9882081907e6b7bcb6b03a7d8876347cab2176abf742890b60,14a2c282b45de44a6d640fc2e6dc1ed04d418f2f10d941f828d9c3c09a4704ad
DRIFT-NAT-RISK-048,naturalistic_behavioral,risk,The weekend activity presented a choice between a predictable outcome and a variable one. The next consideration was,Study-authored naturalistic continuation stem; frozen before capture.,False,,train,"[128000, 791, 9178, 5820, 10666, 264, 5873, 1990, 264, 45207, 15632, 323, 264, 3977, 832, 13, 578, 1828, 18361, 574]",20,af6cb56e26d55f1f278f15a006210e7276d5d25c40629e8763362c1f4db71d59,014620f8aead2e9882081907e6b7bcb6b03a7d8876347cab2176abf742890b60,14a2c282b45de44a6d640fc2e6dc1ed04d418f2f10d941f828d9c3c09a4704ad
DRIFT-NAT-RISK-049,naturalistic_behavioral,risk,New information made the safest route through the community garden less certain. The decision continued with,Study-authored naturalistic continuation stem; frozen before capture.,False,,train,"[128000, 3648, 2038, 1903, 279, 62844, 6149, 1555, 279, 4029, 13863, 2753, 3738, 13, 578, 5597, 8738, 449]",18,eff2810782749903ea629ba23f40a9877fd9cbb4145e0afdc3b8c55898926129,014620f8aead2e9882081907e6b7bcb6b03a7d8876347cab2176abf742890b60,14a2c282b45de44a6d640fc2e6dc1ed04d418f2f10d941f828d9c3c09a4704ad
DRIFT-NAT-RISK-050,naturalistic_behavioral,risk,New information made the safest route through the software release less certain. The decision continued with,Study-authored naturalistic continuation stem; frozen before capture.,False,,train,"[128000, 3648, 2038, 1903, 279, 62844, 6149, 1555, 279, 3241, 4984, 2753, 3738, 13, 578, 5597, 8738, 449]",18,b618d8ddc7412f7b10563a85ccbb3cf19b5df4565974a2f27f688b2c0a0e5093,014620f8aead2e9882081907e6b7bcb6b03a7d8876347cab2176abf742890b60,14a2c282b45de44a6d640fc2e6dc1ed04d418f2f10d941f828d9c3c09a4704ad
DRIFT-NAT-RISK-051,naturalistic_behavioral,risk,New information made the safest route through the repair project less certain. The decision continued with,Study-authored naturalistic continuation stem; frozen before capture.,False,,train,"[128000, 3648, 2038, 1903, 279, 62844, 6149, 1555, 279, 13023, 2447, 2753, 3738, 13, 578, 5597, 8738, 449]",18,382a2b0475cda8f539d511f074c3fb46c8ba2254291050c49d1eef8265f8a456,014620f8aead2e9882081907e6b7bcb6b03a7d8876347cab2176abf742890b60,14a2c282b45de44a6d640fc2e6dc1ed04d418f2f10d941f828d9c3c09a4704ad
DRIFT-NAT-RISK-052,naturalistic_behavioral,risk,New information made the safest route through the travel schedule less certain. The decision continued with,Study-authored naturalistic continuation stem; frozen before capture.,False,,train,"[128000, 3648, 2038, 1903, 279, 62844, 6149, 1555, 279, 5944, 9899, 2753, 3738, 13, 578, 5597, 8738, 449]",18,3c223ecf62220d52109f3a1365c284e3ce8b3b8164f84b8bdd5bd78235977e02,014620f8aead2e9882081907e6b7bcb6b03a7d8876347cab2176abf742890b60,14a2c282b45de44a6d640fc2e6dc1ed04d418f2f10d941f828d9c3c09a4704ad
DRIFT-NAT-RISK-053,naturalistic_behavioral,risk,New information made the safest route through the shared workspace less certain. The decision continued with,Study-authored naturalistic continuation stem; frozen before capture.,False,,test,"[128000, 3648, 2038, 1903, 279, 62844, 6149, 1555, 279, 6222, 28614, 2753, 3738, 13, 578, 5597, 8738, 449]",18,27dc1fa69b1c491ad29e510c70f3e35b1b5333f6b88b0d9e3a24458b2eb36b93,014620f8aead2e9882081907e6b7bcb6b03a7d8876347cab2176abf742890b60,14a2c282b45de44a6d640fc2e6dc1ed04d418f2f10d941f828d9c3c09a4704ad
DRIFT-NAT-RISK-054,naturalistic_behavioral,risk,New information made the safest route through the research note less certain. The decision continued with,Study-authored naturalistic continuation stem; frozen before capture.,False,,train,"[128000, 3648, 2038, 1903, 279, 62844, 6149, 1555, 279, 3495, 5296, 2753, 3738, 13, 578, 5597, 8738, 449]",18,2ed1479a12dc8ea61492219c26174856c464bd8aa2b642d3d7a04add10751d8a,014620f8aead2e9882081907e6b7bcb6b03a7d8876347cab2176abf742890b60,14a2c282b45de44a6d640fc2e6dc1ed04d418f2f10d941f828d9c3c09a4704ad
DRIFT-NAT-RISK-055,naturalistic_behavioral,risk,New information made the safest route through the delivery route less certain. The decision continued with,Study-authored naturalistic continuation stem; frozen before capture.,False,,train,"[128000, 3648, 2038, 1903, 279, 62844, 6149, 1555, 279, 9889, 6149, 2753, 3738, 13, 578, 5597, 8738, 449]",18,3ba143a2c2b46012006f1c080808ad1a62f145f2876de8963d0d937b1bbbe096,014620f8aead2e9882081907e6b7bcb6b03a7d8876347cab2176abf742890b60,14a2c282b45de44a6d640fc2e6dc1ed04d418f2f10d941f828d9c3c09a4704ad
DRIFT-NAT-RISK-056,naturalistic_behavioral,risk,New information made the safest route through the class project less certain. The decision continued with,Study-authored naturalistic continuation stem; frozen before capture.,False,,validation,"[128000, 3648, 2038, 1903, 279, 62844, 6149, 1555, 279, 538, 2447, 2753, 3738, 13, 578, 5597, 8738, 449]",18,3d978e037737ca56736905dec78bfdd2d99d19e44e81b91d40d2199543e72de6,014620f8aead2e9882081907e6b7bcb6b03a7d8876347cab2176abf742890b60,14a2c282b45de44a6d640fc2e6dc1ed04d418f2f10d941f828d9c3c09a4704ad
DRIFT-NAT-RISK-057,naturalistic_behavioral,risk,New information made the safest route through the neighborhood event less certain. The decision continued with,Study-authored naturalistic continuation stem; frozen before capture.,False,,test,"[128000, 3648, 2038, 1903, 279, 62844, 6149, 1555, 279, 12818, 1567, 2753, 3738, 13, 578, 5597, 8738, 449]",18,57a2dacbd205ee3db564a0c8343a718236be27265a3e40776ebc2168a9f43c7f,014620f8aead2e9882081907e6b7bcb6b03a7d8876347cab2176abf742890b60,14a2c282b45de44a6d640fc2e6dc1ed04d418f2f10d941f828d9c3c09a4704ad
DRIFT-NAT-RISK-058,naturalistic_behavioral,risk,New information made the safest route through the household task less certain. The decision continued with,Study-authored naturalistic continuation stem; frozen before capture.,False,,train,"[128000, 3648, 2038, 1903, 279, 62844, 6149, 1555, 279, 14048, 3465, 2753, 3738, 13, 578, 5597, 8738, 449]",18,d3d8c11d21a54c0e86649aa19ffc20798a52abda84ea6ca7f289aa69d0c9b5e1,014620f8aead2e9882081907e6b7bcb6b03a7d8876347cab2176abf742890b60,14a2c282b45de44a6d640fc2e6dc1ed04d418f2f10d941f828d9c3c09a4704ad
DRIFT-NAT-RISK-059,naturalistic_behavioral,risk,New information made the safest route through the meeting agenda less certain. The decision continued with,Study-authored naturalistic continuation stem; frozen before capture.,False,,validation,"[128000, 3648, 2038, 1903, 279, 62844, 6149, 1555, 279, 6574, 18909, 2753, 3738, 13, 578, 5597, 8738, 449]",18,af58cff44548191f603138ed63605c66ff63448fc42fd3b660b53847157444d3,014620f8aead2e9882081907e6b7bcb6b03a7d8876347cab2176abf742890b60,14a2c282b45de44a6d640fc2e6dc1ed04d418f2f10d941f828d9c3c09a4704ad
DRIFT-NAT-RISK-060,naturalistic_behavioral,risk,New information made the safest route through the weekend activity less certain. The decision continued with,Study-authored naturalistic continuation stem; frozen before capture.,False,,test,"[128000, 3648, 2038, 1903, 279, 62844, 6149, 1555, 279, 9178, 5820, 2753, 3738, 13, 578, 5597, 8738, 449]",18,b1a1497a10a92945dc1c1849a8804368eb03f3f09a329aa15d0210ec94157b11,014620f8aead2e9882081907e6b7bcb6b03a7d8876347cab2176abf742890b60,14a2c282b45de44a6d640fc2e6dc1ed04d418f2f10d941f828d9c3c09a4704ad
DRIFT-NAT-PERSONAL_REFLECTION-001,naturalistic_behavioral,personal_reflection,"After the community garden ended, one participant reviewed what had gone differently than expected. The reflection began",Study-authored naturalistic continuation stem; frozen before capture.,False,,train,"[128000, 6153, 279, 4029, 13863, 9670, 11, 832, 25923, 22690, 1148, 1047, 8208, 22009, 1109, 3685, 13, 578, 22599, 6137]",20,db78d92903147c1d169a9180a151afe122d8595f9bdac2b0e3133e50a6384b35,014620f8aead2e9882081907e6b7bcb6b03a7d8876347cab2176abf742890b60,14a2c282b45de44a6d640fc2e6dc1ed04d418f2f10d941f828d9c3c09a4704ad
DRIFT-NAT-PERSONAL_REFLECTION-002,naturalistic_behavioral,personal_reflection,"After the software release ended, one participant reviewed what had gone differently than expected. The reflection began",Study-authored naturalistic continuation stem; frozen before capture.,False,,validation,"[128000, 6153, 279, 3241, 4984, 9670, 11, 832, 25923, 22690, 1148, 1047, 8208, 22009, 1109, 3685, 13, 578, 22599, 6137]",20,7e31a739ad45db4899cd2d7d6c3992aa32b088052e259e597381d3c1653d54b6,014620f8aead2e9882081907e6b7bcb6b03a7d8876347cab2176abf742890b60,14a2c282b45de44a6d640fc2e6dc1ed04d418f2f10d941f828d9c3c09a4704ad
DRIFT-NAT-PERSONAL_REFLECTION-003,naturalistic_behavioral,personal_reflection,"After the repair project ended, one participant reviewed what had gone differently than expected. The reflection began",Study-authored naturalistic continuation stem; frozen before capture.,False,,train,"[128000, 6153, 279, 13023, 2447, 9670, 11, 832, 25923, 22690, 1148, 1047, 8208, 22009, 1109, 3685, 13, 578, 22599, 6137]",20,1ee97e61463d26d0ca98d4d6e13fa97d84c9c875a78398e47793e6ea6d5234ce,014620f8aead2e9882081907e6b7bcb6b03a7d8876347cab2176abf742890b60,14a2c282b45de44a6d640fc2e6dc1ed04d418f2f10d941f828d9c3c09a4704ad
DRIFT-NAT-PERSONAL_REFLECTION-004,naturalistic_behavioral,personal_reflection,"After the travel schedule ended, one participant reviewed what had gone differently than expected. The reflection began",Study-authored naturalistic continuation stem; frozen before capture.,False,,train,"[128000, 6153, 279, 5944, 9899, 9670, 11, 832, 25923, 22690, 1148, 1047, 8208, 22009, 1109, 3685, 13, 578, 22599, 6137]",20,33f06582ea4f1111b3009448024fbba4a9763d7432e6f2854d440c669ef75eb0,014620f8aead2e9882081907e6b7bcb6b03a7d8876347cab2176abf742890b60,14a2c282b45de44a6d640fc2e6dc1ed04d418f2f10d941f828d9c3c09a4704ad
DRIFT-NAT-PERSONAL_REFLECTION-005,naturalistic_behavioral,personal_reflection,"After the shared workspace ended, one participant reviewed what had gone differently than expected. The reflection began",Study-authored naturalistic continuation stem; frozen before capture.,False,,train,"[128000, 6153, 279, 6222, 28614, 9670, 11, 832, 25923, 22690, 1148, 1047, 8208, 22009, 1109, 3685, 13, 578, 22599, 6137]",20,b07d14dfd57da0e057616b4fe833712ba070a22ee0bdbee94b3b1185180327d5,014620f8aead2e9882081907e6b7bcb6b03a7d8876347cab2176abf742890b60,14a2c282b45de44a6d640fc2e6dc1ed04d418f2f10d941f828d9c3c09a4704ad
DRIFT-NAT-PERSONAL_REFLECTION-006,naturalistic_behavioral,personal_reflection,"After the research note ended, one participant reviewed what had gone differently than expected. The reflection began",Study-authored naturalistic continuation stem; frozen before capture.,False,,validation,"[128000, 6153, 279, 3495, 5296, 9670, 11, 832, 25923, 22690, 1148, 1047, 8208, 22009, 1109, 3685, 13, 578, 22599, 6137]",20,4d4d47618bf147e847008edd85eebc1554570ff86cbcc87ebc4d4e8f31105b93,014620f8aead2e9882081907e6b7bcb6b03a7d8876347cab2176abf742890b60,14a2c282b45de44a6d640fc2e6dc1ed04d418f2f10d941f828d9c3c09a4704ad
DRIFT-NAT-PERSONAL_REFLECTION-007,naturalistic_behavioral,personal_reflection,"After the delivery route ended, one participant reviewed what had gone differently than expected. The reflection began",Study-authored naturalistic continuation stem; frozen before capture.,False,,train,"[128000, 6153, 279, 9889, 6149, 9670, 11, 832, 25923, 22690, 1148, 1047, 8208, 22009, 1109, 3685, 13, 578, 22599, 6137]",20,1f84b6bbab15c1637abe218c71a57a6e3f2a5e15ae6f396d67e114ee52e341fa,014620f8aead2e9882081907e6b7bcb6b03a7d8876347cab2176abf742890b60,14a2c282b45de44a6d640fc2e6dc1ed04d418f2f10d941f828d9c3c09a4704ad
DRIFT-NAT-PERSONAL_REFLECTION-008,naturalistic_behavioral,personal_reflection,"After the class project ended, one participant reviewed what had gone differently than expected. The reflection began",Study-authored naturalistic continuation stem; frozen before capture.,False,,test,"[128000, 6153, 279, 538, 2447, 9670, 11, 832, 25923, 22690, 1148, 1047, 8208, 22009, 1109, 3685, 13, 578, 22599, 6137]",20,b42ac6ce1b9bce19637ffc601bd218e41184d6b626066c66468a73d47f5d9ab6,014620f8aead2e9882081907e6b7bcb6b03a7d8876347cab2176abf742890b60,14a2c282b45de44a6d640fc2e6dc1ed04d418f2f10d941f828d9c3c09a4704ad
DRIFT-NAT-PERSONAL_REFLECTION-009,naturalistic_behavioral,personal_reflection,"After the neighborhood event ended, one participant reviewed what had gone differently than expected. The reflection began",Study-authored naturalistic continuation stem; frozen before capture.,False,,train,"[128000, 6153, 279, 12818, 1567, 9670, 11, 832, 25923, 22690, 1148, 1047, 8208, 22009, 1109, 3685, 13, 578, 22599, 6137]",20,0829f1927fadac04fb6a2df2038578af9124dabeb3e09346d81e403460a2e957,014620f8aead2e9882081907e6b7bcb6b03a7d8876347cab2176abf742890b60,14a2c282b45de44a6d640fc2e6dc1ed04d418f2f10d941f828d9c3c09a4704ad
DRIFT-NAT-PERSONAL_REFLECTION-010,naturalistic_behavioral,personal_reflection,"After the household task ended, one participant reviewed what had gone differently than expected. The reflection began",Study-authored naturalistic continuation stem; frozen before capture.,False,,train,"[128000, 6153, 279, 14048, 3465, 9670, 11, 832, 25923, 22690, 1148, 1047, 8208, 22009, 1109, 3685, 13, 578, 22599, 6137]",20,5abb92534980584252e1fbc3f69173b4cea757838825b9bc0b975df1099d68fd,014620f8aead2e9882081907e6b7bcb6b03a7d8876347cab2176abf742890b60,14a2c282b45de44a6d640fc2e6dc1ed04d418f2f10d941f828d9c3c09a4704ad
DRIFT-NAT-PERSONAL_REFLECTION-011,naturalistic_behavioral,personal_reflection,"After the meeting agenda ended, one participant reviewed what had gone differently than expected. The reflection began",Study-authored naturalistic continuation stem; frozen before capture.,False,,train,"[128000, 6153, 279, 6574, 18909, 9670, 11, 832, 25923, 22690, 1148, 1047, 8208, 22009, 1109, 3685, 13, 578, 22599, 6137]",20,295d4297120aa8ccd6d110e709f52f5d5407dfd89950e76c04a75503c825ec4a,014620f8aead2e9882081907e6b7bcb6b03a7d8876347cab2176abf742890b60,14a2c282b45de44a6d640fc2e6dc1ed04d418f2f10d941f828d9c3c09a4704ad
DRIFT-NAT-PERSONAL_REFLECTION-012,naturalistic_behavioral,personal_reflection,"After the weekend activity ended, one participant reviewed what had gone differently than expected. The reflection began",Study-authored naturalistic continuation stem; frozen before capture.,False,,train,"[128000, 6153, 279, 9178, 5820, 9670, 11, 832, 25923, 22690, 1148, 1047, 8208, 22009, 1109, 3685, 13, 578, 22599, 6137]",20,216ebd69e534029b4eb4953288f6551861ee9cdfd288fb8ca3edb48675504862,014620f8aead2e9882081907e6b7bcb6b03a7d8876347cab2176abf742890b60,14a2c282b45de44a6d640fc2e6dc1ed04d418f2f10d941f828d9c3c09a4704ad
DRIFT-NAT-PERSONAL_REFLECTION-013,naturalistic_behavioral,personal_reflection,A quiet moment after the community garden provided time to consider the earlier choices. The first thought was,Study-authored naturalistic continuation stem; frozen before capture.,False,,test,"[128000, 32, 11594, 4545, 1306, 279, 4029, 13863, 3984, 892, 311, 2980, 279, 6931, 11709, 13, 578, 1176, 3463, 574]",20,68edd221765bf88fb1e877c3fa28c9b73935daec261ec4569c7a56d7aaf0bb7e,014620f8aead2e9882081907e6b7bcb6b03a7d8876347cab2176abf742890b60,14a2c282b45de44a6d640fc2e6dc1ed04d418f2f10d941f828d9c3c09a4704ad
DRIFT-NAT-PERSONAL_REFLECTION-014,naturalistic_behavioral,personal_reflection,A quiet moment after the software release provided time to consider the earlier choices. The first thought was,Study-authored naturalistic continuation stem; frozen before capture.,False,,test,"[128000, 32, 11594, 4545, 1306, 279, 3241, 4984, 3984, 892, 311, 2980, 279, 6931, 11709, 13, 578, 1176, 3463, 574]",20,45ef0247f4972edbcd68fa1a2cb176c6f6d71af2e031057469a1cb3bf31e14d8,014620f8aead2e9882081907e6b7bcb6b03a7d8876347cab2176abf742890b60,14a2c282b45de44a6d640fc2e6dc1ed04d418f2f10d941f828d9c3c09a4704ad
DRIFT-NAT-PERSONAL_REFLECTION-015,naturalistic_behavioral,personal_reflection,A quiet moment after the repair project provided time to consider the earlier choices. The first thought was,Study-authored naturalistic continuation stem; frozen before capture.,False,,test,"[128000, 32, 11594, 4545, 1306, 279, 13023, 2447, 3984, 892, 311, 2980, 279, 6931, 11709, 13, 578, 1176, 3463, 574]",20,0f3c47625452dc5632e982e7ae38dd32280204b656a7ec67bb603cc22855dc59,014620f8aead2e9882081907e6b7bcb6b03a7d8876347cab2176abf742890b60,14a2c282b45de44a6d640fc2e6dc1ed04d418f2f10d941f828d9c3c09a4704ad
DRIFT-NAT-PERSONAL_REFLECTION-016,naturalistic_behavioral,personal_reflection,A quiet moment after the travel schedule provided time to consider the earlier choices. The first thought was,Study-authored naturalistic continuation stem; frozen before capture.,False,,validation,"[128000, 32, 11594, 4545, 1306, 279, 5944, 9899, 3984, 892, 311, 2980, 279, 6931, 11709, 13, 578, 1176, 3463, 574]",20,1eec17655844c860de2b40210c60422b5e5bbde5e1e0c3f259c0d75f52ff6fa3,014620f8aead2e9882081907e6b7bcb6b03a7d8876347cab2176abf742890b60,14a2c282b45de44a6d640fc2e6dc1ed04d418f2f10d941f828d9c3c09a4704ad
DRIFT-NAT-PERSONAL_REFLECTION-017,naturalistic_behavioral,personal_reflection,A quiet moment after the shared workspace provided time to consider the earlier choices. The first thought was,Study-authored naturalistic continuation stem; frozen before capture.,False,,test,"[128000, 32, 11594, 4545, 1306, 279, 6222, 28614, 3984, 892, 311, 2980, 279, 6931, 11709, 13, 578, 1176, 3463, 574]",20,2cc8250a7c015801c362d3ac7bcc857e87fd5213a2b8b6c2c40c2e6bd9fea654,014620f8aead2e9882081907e6b7bcb6b03a7d8876347cab2176abf742890b60,14a2c282b45de44a6d640fc2e6dc1ed04d418f2f10d941f828d9c3c09a4704ad
DRIFT-NAT-PERSONAL_REFLECTION-018,naturalistic_behavioral,personal_reflection,A quiet moment after the research note provided time to consider the earlier choices. The first thought was,Study-authored naturalistic continuation stem; frozen before capture.,False,,train,"[128000, 32, 11594, 4545, 1306, 279, 3495, 5296, 3984, 892, 311, 2980, 279, 6931, 11709, 13, 578, 1176, 3463, 574]",20,1e294e3eb1ad4d395f6ca3975df606b8e23b5f274dd9a850b6cf24678eeaec8e,014620f8aead2e9882081907e6b7bcb6b03a7d8876347cab2176abf742890b60,14a2c282b45de44a6d640fc2e6dc1ed04d418f2f10d941f828d9c3c09a4704ad
DRIFT-NAT-PERSONAL_REFLECTION-019,naturalistic_behavioral,personal_reflection,A quiet moment after the delivery route provided time to consider the earlier choices. The first thought was,Study-authored naturalistic continuation stem; frozen before capture.,False,,train,"[128000, 32, 11594, 4545, 1306, 279, 9889, 6149, 3984, 892, 311, 2980, 279, 6931, 11709, 13, 578, 1176, 3463, 574]",20,fda1bd6ce8ea439695a4e8bfd7b257e8798011cf4800bafcae4fb9aa4ae4917c,014620f8aead2e9882081907e6b7bcb6b03a7d8876347cab2176abf742890b60,14a2c282b45de44a6d640fc2e6dc1ed04d418f2f10d941f828d9c3c09a4704ad
DRIFT-NAT-PERSONAL_REFLECTION-020,naturalistic_behavioral,personal_reflection,A quiet moment after the class project provided time to consider the earlier choices. The first thought was,Study-authored naturalistic continuation stem; frozen before capture.,False,,train,"[128000, 32, 11594, 4545, 1306, 279, 538, 2447, 3984, 892, 311, 2980, 279, 6931, 11709, 13, 578, 1176, 3463, 574]",20,4bcfad534bdbd90db66bcf6b50f947d8c2dd0596af442c3c62c65ff69d70a8dd,014620f8aead2e9882081907e6b7bcb6b03a7d8876347cab2176abf742890b60,14a2c282b45de44a6d640fc2e6dc1ed04d418f2f10d941f828d9c3c09a4704ad
DRIFT-NAT-PERSONAL_REFLECTION-021,naturalistic_behavioral,personal_reflection,A quiet moment after the neighborhood event provided time to consider the earlier choices. The first thought was,Study-authored naturalistic continuation stem; frozen before capture.,False,,validation,"[128000, 32, 11594, 4545, 1306, 279, 12818, 1567, 3984, 892, 311, 2980, 279, 6931, 11709, 13, 578, 1176, 3463, 574]",20,cbe7857cc80e577476261ba5626553a50913a74cb1a41e238d020507c708f733,014620f8aead2e9882081907e6b7bcb6b03a7d8876347cab2176abf742890b60,14a2c282b45de44a6d640fc2e6dc1ed04d418f2f10d941f828d9c3c09a4704ad
DRIFT-NAT-PERSONAL_REFLECTION-022,naturalistic_behavioral,personal_reflection,A quiet moment after the household task provided time to consider the earlier choices. The first thought was,Study-authored naturalistic continuation stem; frozen before capture.,False,,test,"[128000, 32, 11594, 4545, 1306, 279, 14048, 3465, 3984, 892, 311, 2980, 279, 6931, 11709, 13, 578, 1176, 3463, 574]",20,30a83540612c3e6028aea078f6dd3b937d31d836e184ab4a01c459d9485683bb,014620f8aead2e9882081907e6b7bcb6b03a7d8876347cab2176abf742890b60,14a2c282b45de44a6d640fc2e6dc1ed04d418f2f10d941f828d9c3c09a4704ad
DRIFT-NAT-PERSONAL_REFLECTION-023,naturalistic_behavioral,personal_reflection,A quiet moment after the meeting agenda provided time to consider the earlier choices. The first thought was,Study-authored naturalistic continuation stem; frozen before capture.,False,,train,"[128000, 32, 11594, 4545, 1306, 279, 6574, 18909, 3984, 892, 311, 2980, 279, 6931, 11709, 13, 578, 1176, 3463, 574]",20,2c48734d15b32ec2c539d4018b26e394e82a80979e1650ebc23bbd5161a40997,014620f8aead2e9882081907e6b7bcb6b03a7d8876347cab2176abf742890b60,14a2c282b45de44a6d640fc2e6dc1ed04d418f2f10d941f828d9c3c09a4704ad
DRIFT-NAT-PERSONAL_REFLECTION-024,naturalistic_behavioral,personal_reflection,A quiet moment after the weekend activity provided time to consider the earlier choices. The first thought was,Study-authored naturalistic continuation stem; frozen before capture.,False,,test,"[128000, 32, 11594, 4545, 1306, 279, 9178, 5820, 3984, 892, 311, 2980, 279, 6931, 11709, 13, 578, 1176, 3463, 574]",20,b095c5de9c331d7d18218bcb799d980de1df785d80eb9c5d6d5772c261021633,014620f8aead2e9882081907e6b7bcb6b03a7d8876347cab2176abf742890b60,14a2c282b45de44a6d640fc2e6dc1ed04d418f2f10d941f828d9c3c09a4704ad
DRIFT-NAT-PERSONAL_REFLECTION-025,naturalistic_behavioral,personal_reflection,"Looking back on the community garden, one detail seemed especially important. The written reflection continued",Study-authored naturalistic continuation stem; frozen before capture.,False,,train,"[128000, 23274, 1203, 389, 279, 4029, 13863, 11, 832, 7872, 9508, 5423, 3062, 13, 578, 5439, 22599, 8738]",18,2a818aa7806df110fba54524465957458bbd747355b1fd49744ed110c0569356,014620f8aead2e9882081907e6b7bcb6b03a7d8876347cab2176abf742890b60,14a2c282b45de44a6d640fc2e6dc1ed04d418f2f10d941f828d9c3c09a4704ad
DRIFT-NAT-PERSONAL_REFLECTION-026,naturalistic_behavioral,personal_reflection,"Looking back on the software release, one detail seemed especially important. The written reflection continued",Study-authored naturalistic continuation stem; frozen before capture.,False,,validation,"[128000, 23274, 1203, 389, 279, 3241, 4984, 11, 832, 7872, 9508, 5423, 3062, 13, 578, 5439, 22599, 8738]",18,242ef374547e4f43e9ce7bf88abfe80bca725ca2e06642cf246c0fc5699586e0,014620f8aead2e9882081907e6b7bcb6b03a7d8876347cab2176abf742890b60,14a2c282b45de44a6d640fc2e6dc1ed04d418f2f10d941f828d9c3c09a4704ad
DRIFT-NAT-PERSONAL_REFLECTION-027,naturalistic_behavioral,personal_reflection,"Looking back on the repair project, one detail seemed especially important. The written reflection continued",Study-authored naturalistic continuation stem; frozen before capture.,False,,validation,"[128000, 23274, 1203, 389, 279, 13023, 2447, 11, 832, 7872, 9508, 5423, 3062, 13, 578, 5439, 22599, 8738]",18,e8804381ade1bbf78b825c7443c3543809a9d6db5824ad5d83f32e5b081b6800,014620f8aead2e9882081907e6b7bcb6b03a7d8876347cab2176abf742890b60,14a2c282b45de44a6d640fc2e6dc1ed04d418f2f10d941f828d9c3c09a4704ad
DRIFT-NAT-PERSONAL_REFLECTION-028,naturalistic_behavioral,personal_reflection,"Looking back on the travel schedule, one detail seemed especially important. The written reflection continued",Study-authored naturalistic continuation stem; frozen before capture.,False,,train,"[128000, 23274, 1203, 389, 279, 5944, 9899, 11, 832, 7872, 9508, 5423, 3062, 13, 578, 5439, 22599, 8738]",18,8e42af631410ce1d9b5a8baeba79e69eb0e30bacf70078e1c216e774db6398d9,014620f8aead2e9882081907e6b7bcb6b03a7d8876347cab2176abf742890b60,14a2c282b45de44a6d640fc2e6dc1ed04d418f2f10d941f828d9c3c09a4704ad
DRIFT-NAT-PERSONAL_REFLECTION-029,naturalistic_behavioral,personal_reflection,"Looking back on the shared workspace, one detail seemed especially important. The written reflection continued",Study-authored naturalistic continuation stem; frozen before capture.,False,,train,"[128000, 23274, 1203, 389, 279, 6222, 28614, 11, 832, 7872, 9508, 5423, 3062, 13, 578, 5439, 22599, 8738]",18,45e3caa10c5946a5b15aa2d86e910fe732a7221a4f50c367cdd2994d20934ed3,014620f8aead2e9882081907e6b7bcb6b03a7d8876347cab2176abf742890b60,14a2c282b45de44a6d640fc2e6dc1ed04d418f2f10d941f828d9c3c09a4704ad
DRIFT-NAT-PERSONAL_REFLECTION-030,naturalistic_behavioral,personal_reflection,"Looking back on the research note, one detail seemed especially important. The written reflection continued",Study-authored naturalistic continuation stem; frozen before capture.,False,,train,"[128000, 23274, 1203, 389, 279, 3495, 5296, 11, 832, 7872, 9508, 5423, 3062, 13, 578, 5439, 22599, 8738]",18,8824b406514e836e936833d31d586f24f0f38c996926106142b95c0371a518b0,014620f8aead2e9882081907e6b7bcb6b03a7d8876347cab2176abf742890b60,14a2c282b45de44a6d640fc2e6dc1ed04d418f2f10d941f828d9c3c09a4704ad
DRIFT-NAT-PERSONAL_REFLECTION-031,naturalistic_behavioral,personal_reflection,"Looking back on the delivery route, one detail seemed especially important. The written reflection continued",Study-authored naturalistic continuation stem; frozen before capture.,False,,test,"[128000, 23274, 1203, 389, 279, 9889, 6149, 11, 832, 7872, 9508, 5423, 3062, 13, 578, 5439, 22599, 8738]",18,1c0cccf7857b5fccb4561c6e3efb9c6776c764f07ebd6618eb5a3c46a3162acf,014620f8aead2e9882081907e6b7bcb6b03a7d8876347cab2176abf742890b60,14a2c282b45de44a6d640fc2e6dc1ed04d418f2f10d941f828d9c3c09a4704ad
DRIFT-NAT-PERSONAL_REFLECTION-032,naturalistic_behavioral,personal_reflection,"Looking back on the class project, one detail seemed especially important. The written reflection continued",Study-authored naturalistic continuation stem; frozen before capture.,False,,train,"[128000, 23274, 1203, 389, 279, 538, 2447, 11, 832, 7872, 9508, 5423, 3062, 13, 578, 5439, 22599, 8738]",18,3ea01b8723e09bfc67d686104694a477e40f4f5e0e6c74023acbd5e6860f8891,014620f8aead2e9882081907e6b7bcb6b03a7d8876347cab2176abf742890b60,14a2c282b45de44a6d640fc2e6dc1ed04d418f2f10d941f828d9c3c09a4704ad
DRIFT-NAT-PERSONAL_REFLECTION-033,naturalistic_behavioral,personal_reflection,"Looking back on the neighborhood event, one detail seemed especially important. The written reflection continued",Study-authored naturalistic continuation stem; frozen before capture.,False,,train,"[128000, 23274, 1203, 389, 279, 12818, 1567, 11, 832, 7872, 9508, 5423, 3062, 13, 578, 5439, 22599, 8738]",18,256aab3f0c8a2a572105200030f6f615fc06790651e0ce697ff7a33ab8ebbba4,014620f8aead2e9882081907e6b7bcb6b03a7d8876347cab2176abf742890b60,14a2c282b45de44a6d640fc2e6dc1ed04d418f2f10d941f828d9c3c09a4704ad
DRIFT-NAT-PERSONAL_REFLECTION-034,naturalistic_behavioral,personal_reflection,"Looking back on the household task, one detail seemed especially important. The written reflection continued",Study-authored naturalistic continuation stem; frozen before capture.,False,,train,"[128000, 23274, 1203, 389, 279, 14048, 3465, 11, 832, 7872, 9508, 5423, 3062, 13, 578, 5439, 22599, 8738]",18,d5100f5e632c939c9fc115f2300f3b419bce5c857b9151b89bbdc3bec9f61de9,014620f8aead2e9882081907e6b7bcb6b03a7d8876347cab2176abf742890b60,14a2c282b45de44a6d640fc2e6dc1ed04d418f2f10d941f828d9c3c09a4704ad
DRIFT-NAT-PERSONAL_REFLECTION-035,naturalistic_behavioral,personal_reflection,"Looking back on the meeting agenda, one detail seemed especially important. The written reflection continued",Study-authored naturalistic continuation stem; frozen before capture.,False,,validation,"[128000, 23274, 1203, 389, 279, 6574, 18909, 11, 832, 7872, 9508, 5423, 3062, 13, 578, 5439, 22599, 8738]",18,da5ac090ba2dc508bf1a692e3adef24a1babf1d247cbf296ba6e7cf096ba1170,014620f8aead2e9882081907e6b7bcb6b03a7d8876347cab2176abf742890b60,14a2c282b45de44a6d640fc2e6dc1ed04d418f2f10d941f828d9c3c09a4704ad
DRIFT-NAT-PERSONAL_REFLECTION-036,naturalistic_behavioral,personal_reflection,"Looking back on the weekend activity, one detail seemed especially important. The written reflection continued",Study-authored naturalistic continuation stem; frozen before capture.,False,,test,"[128000, 23274, 1203, 389, 279, 9178, 5820, 11, 832, 7872, 9508, 5423, 3062, 13, 578, 5439, 22599, 8738]",18,40be7ba424f2a4870325602bd7ab760f394a3271c6eb32edf767b11b2913a055,014620f8aead2e9882081907e6b7bcb6b03a7d8876347cab2176abf742890b60,14a2c282b45de44a6d640fc2e6dc1ed04d418f2f10d941f828d9c3c09a4704ad
DRIFT-NAT-PERSONAL_REFLECTION-037,naturalistic_behavioral,personal_reflection,The outcome of the community garden prompted a private review of the decisions made along the way. It began,Study-authored naturalistic continuation stem; frozen before capture.,False,,train,"[128000, 791, 15632, 315, 279, 4029, 13863, 29746, 264, 879, 3477, 315, 279, 11429, 1903, 3235, 279, 1648, 13, 1102, 6137]",21,c5b5f65a63812ca6f7257c77be709a9d87114f8c6f5c662a3ec8bfb179468bcc,014620f8aead2e9882081907e6b7bcb6b03a7d8876347cab2176abf742890b60,14a2c282b45de44a6d640fc2e6dc1ed04d418f2f10d941f828d9c3c09a4704ad
DRIFT-NAT-PERSONAL_REFLECTION-038,naturalistic_behavioral,personal_reflection,The outcome of the software release prompted a private review of the decisions made along the way. It began,Study-authored naturalistic continuation stem; frozen before capture.,False,,train,"[128000, 791, 15632, 315, 279, 3241, 4984, 29746, 264, 879, 3477, 315, 279, 11429, 1903, 3235, 279, 1648, 13, 1102, 6137]",21,a66e6ba335a995ab2add9a8783fe5362ca52bad74e3df332d290d685a75ac68b,014620f8aead2e9882081907e6b7bcb6b03a7d8876347cab2176abf742890b60,14a2c282b45de44a6d640fc2e6dc1ed04d418f2f10d941f828d9c3c09a4704ad
DRIFT-NAT-PERSONAL_REFLECTION-039,naturalistic_behavioral,personal_reflection,The outcome of the repair project prompted a private review of the decisions made along the way. It began,Study-authored naturalistic continuation stem; frozen before capture.,False,,train,"[128000, 791, 15632, 315, 279, 13023, 2447, 29746, 264, 879, 3477, 315, 279, 11429, 1903, 3235, 279, 1648, 13, 1102, 6137]",21,0d88a7724a1079987df4106cf98832aea27b758d64d309d2bd34dacd387d64fa,014620f8aead2e9882081907e6b7bcb6b03a7d8876347cab2176abf742890b60,14a2c282b45de44a6d640fc2e6dc1ed04d418f2f10d941f828d9c3c09a4704ad
DRIFT-NAT-PERSONAL_REFLECTION-040,naturalistic_behavioral,personal_reflection,The outcome of the travel schedule prompted a private review of the decisions made along the way. It began,Study-authored naturalistic continuation stem; frozen before capture.,False,,validation,"[128000, 791, 15632, 315, 279, 5944, 9899, 29746, 264, 879, 3477, 315, 279, 11429, 1903, 3235, 279, 1648, 13, 1102, 6137]",21,20fc71cbb64e57f780407e8cf1efb9662d96b1e469f959efaa9ee1f4475ef509,014620f8aead2e9882081907e6b7bcb6b03a7d8876347cab2176abf742890b60,14a2c282b45de44a6d640fc2e6dc1ed04d418f2f10d941f828d9c3c09a4704ad
DRIFT-NAT-PERSONAL_REFLECTION-041,naturalistic_behavioral,personal_reflection,The outcome of the shared workspace prompted a private review of the decisions made along the way. It began,Study-authored naturalistic continuation stem; frozen before capture.,False,,train,"[128000, 791, 15632, 315, 279, 6222, 28614, 29746, 264, 879, 3477, 315, 279, 11429, 1903, 3235, 279, 1648, 13, 1102, 6137]",21,1da96601b42cce4bfe8fcd5d7383b154dcdab4b8c81c68c5deb5c27dcebb54a9,014620f8aead2e9882081907e6b7bcb6b03a7d8876347cab2176abf742890b60,14a2c282b45de44a6d640fc2e6dc1ed04d418f2f10d941f828d9c3c09a4704ad
DRIFT-NAT-PERSONAL_REFLECTION-042,naturalistic_behavioral,personal_reflection,The outcome of the research note prompted a private review of the decisions made along the way. It began,Study-authored naturalistic continuation stem; frozen before capture.,False,,validation,"[128000, 791, 15632, 315, 279, 3495, 5296, 29746, 264, 879, 3477, 315, 279, 11429, 1903, 3235, 279, 1648, 13, 1102, 6137]",21,bdf3007855d10f7b2bc66b677faca73508ac25efe729f708d76ca10066b2902d,014620f8aead2e9882081907e6b7bcb6b03a7d8876347cab2176abf742890b60,14a2c282b45de44a6d640fc2e6dc1ed04d418f2f10d941f828d9c3c09a4704ad
DRIFT-NAT-PERSONAL_REFLECTION-043,naturalistic_behavioral,personal_reflection,The outcome of the delivery route prompted a private review of the decisions made along the way. It began,Study-authored naturalistic continuation stem; frozen before capture.,False,,train,"[128000, 791, 15632, 315, 279, 9889, 6149, 29746, 264, 879, 3477, 315, 279, 11429, 1903, 3235, 279, 1648, 13, 1102, 6137]",21,8db390f3696d9c193270bac56012b1616cd2df2e8d6219f77ac57788e6d3e12c,014620f8aead2e9882081907e6b7bcb6b03a7d8876347cab2176abf742890b60,14a2c282b45de44a6d640fc2e6dc1ed04d418f2f10d941f828d9c3c09a4704ad
DRIFT-NAT-PERSONAL_REFLECTION-044,naturalistic_behavioral,personal_reflection,The outcome of the class project prompted a private review of the decisions made along the way. It began,Study-authored naturalistic continuation stem; frozen before capture.,False,,train,"[128000, 791, 15632, 315, 279, 538, 2447, 29746, 264, 879, 3477, 315, 279, 11429, 1903, 3235, 279, 1648, 13, 1102, 6137]",21,6a6dff965d0884f4a115aa4870c35ed4155731dfd1167658c3724489d824ca37,014620f8aead2e9882081907e6b7bcb6b03a7d8876347cab2176abf742890b60,14a2c282b45de44a6d640fc2e6dc1ed04d418f2f10d941f828d9c3c09a4704ad
DRIFT-NAT-PERSONAL_REFLECTION-045,naturalistic_behavioral,personal_reflection,The outcome of the neighborhood event prompted a private review of the decisions made along the way. It began,Study-authored naturalistic continuation stem; frozen before capture.,False,,validation,"[128000, 791, 15632, 315, 279, 12818, 1567, 29746, 264, 879, 3477, 315, 279, 11429, 1903, 3235, 279, 1648, 13, 1102, 6137]",21,8d251143989fc8436c9cd5f2095bbe1fe7f026901d8c5af85b9efa0765cc0bb8,014620f8aead2e9882081907e6b7bcb6b03a7d8876347cab2176abf742890b60,14a2c282b45de44a6d640fc2e6dc1ed04d418f2f10d941f828d9c3c09a4704ad
DRIFT-NAT-PERSONAL_REFLECTION-046,naturalistic_behavioral,personal_reflection,The outcome of the household task prompted a private review of the decisions made along the way. It began,Study-authored naturalistic continuation stem; frozen before capture.,False,,test,"[128000, 791, 15632, 315, 279, 14048, 3465, 29746, 264, 879, 3477, 315, 279, 11429, 1903, 3235, 279, 1648, 13, 1102, 6137]",21,e009f402d862270fd089aa905f297884e6e9a16a7ee0bd09e4506046fed38655,014620f8aead2e9882081907e6b7bcb6b03a7d8876347cab2176abf742890b60,14a2c282b45de44a6d640fc2e6dc1ed04d418f2f10d941f828d9c3c09a4704ad
DRIFT-NAT-PERSONAL_REFLECTION-047,naturalistic_behavioral,personal_reflection,The outcome of the meeting agenda prompted a private review of the decisions made along the way. It began,Study-authored naturalistic continuation stem; frozen before capture.,False,,train,"[128000, 791, 15632, 315, 279, 6574, 18909, 29746, 264, 879, 3477, 315, 279, 11429, 1903, 3235, 279, 1648, 13, 1102, 6137]",21,9a1538b69ced0e7f358982982a2c383dae5c79ed652b62671bdd0841b411a6c2,014620f8aead2e9882081907e6b7bcb6b03a7d8876347cab2176abf742890b60,14a2c282b45de44a6d640fc2e6dc1ed04d418f2f10d941f828d9c3c09a4704ad
DRIFT-NAT-PERSONAL_REFLECTION-048,naturalistic_behavioral,personal_reflection,The outcome of the weekend activity prompted a private review of the decisions made along the way. It began,Study-authored naturalistic continuation stem; frozen before capture.,False,,train,"[128000, 791, 15632, 315, 279, 9178, 5820, 29746, 264, 879, 3477, 315, 279, 11429, 1903, 3235, 279, 1648, 13, 1102, 6137]",21,afebf084949fbfed127de429d2f228c19491a6e480c56f0fb95d47a870894e78,014620f8aead2e9882081907e6b7bcb6b03a7d8876347cab2176abf742890b60,14a2c282b45de44a6d640fc2e6dc1ed04d418f2f10d941f828d9c3c09a4704ad
DRIFT-NAT-PERSONAL_REFLECTION-049,naturalistic_behavioral,personal_reflection,"Later that day, the community garden came to mind again. The reflection turned to",Study-authored naturalistic continuation stem; frozen before capture.,False,,validation,"[128000, 31082, 430, 1938, 11, 279, 4029, 13863, 3782, 311, 4059, 1578, 13, 578, 22599, 6656, 311]",17,de48b6c1ace5f9a5d7315a613cd03220e68057a389721d9eb1eb60197d23a17a,014620f8aead2e9882081907e6b7bcb6b03a7d8876347cab2176abf742890b60,14a2c282b45de44a6d640fc2e6dc1ed04d418f2f10d941f828d9c3c09a4704ad
DRIFT-NAT-PERSONAL_REFLECTION-050,naturalistic_behavioral,personal_reflection,"Later that day, the software release came to mind again. The reflection turned to",Study-authored naturalistic continuation stem; frozen before capture.,False,,train,"[128000, 31082, 430, 1938, 11, 279, 3241, 4984, 3782, 311, 4059, 1578, 13, 578, 22599, 6656, 311]",17,ae0b754f52a091d3916e3ea0ee96e801492d4b9b55fd9ddefd0b615747804fa1,014620f8aead2e9882081907e6b7bcb6b03a7d8876347cab2176abf742890b60,14a2c282b45de44a6d640fc2e6dc1ed04d418f2f10d941f828d9c3c09a4704ad
DRIFT-NAT-PERSONAL_REFLECTION-051,naturalistic_behavioral,personal_reflection,"Later that day, the repair project came to mind again. The reflection turned to",Study-authored naturalistic continuation stem; frozen before capture.,False,,train,"[128000, 31082, 430, 1938, 11, 279, 13023, 2447, 3782, 311, 4059, 1578, 13, 578, 22599, 6656, 311]",17,dd812ce7db4e688361a7e1ebe3ab62e261bfe3e20745925fe9bdeb154b03efcd,014620f8aead2e9882081907e6b7bcb6b03a7d8876347cab2176abf742890b60,14a2c282b45de44a6d640fc2e6dc1ed04d418f2f10d941f828d9c3c09a4704ad
DRIFT-NAT-PERSONAL_REFLECTION-052,naturalistic_behavioral,personal_reflection,"Later that day, the travel schedule came to mind again. The reflection turned to",Study-authored naturalistic continuation stem; frozen before capture.,False,,test,"[128000, 31082, 430, 1938, 11, 279, 5944, 9899, 3782, 311, 4059, 1578, 13, 578, 22599, 6656, 311]",17,912a82efdc7d88824d45229b810cb8a46f774982f531c34e009f34f0ad72a5e6,014620f8aead2e9882081907e6b7bcb6b03a7d8876347cab2176abf742890b60,14a2c282b45de44a6d640fc2e6dc1ed04d418f2f10d941f828d9c3c09a4704ad
DRIFT-NAT-PERSONAL_REFLECTION-053,naturalistic_behavioral,personal_reflection,"Later that day, the shared workspace came to mind again. The reflection turned to",Study-authored naturalistic continuation stem; frozen before capture.,False,,test,"[128000, 31082, 430, 1938, 11, 279, 6222, 28614, 3782, 311, 4059, 1578, 13, 578, 22599, 6656, 311]",17,ba8c905fd83cc6e0ec66bdfe566b8eb9e4faf7ddb19c82f37e31d35ba4817795,014620f8aead2e9882081907e6b7bcb6b03a7d8876347cab2176abf742890b60,14a2c282b45de44a6d640fc2e6dc1ed04d418f2f10d941f828d9c3c09a4704ad
DRIFT-NAT-PERSONAL_REFLECTION-054,naturalistic_behavioral,personal_reflection,"Later that day, the research note came to mind again. The reflection turned to",Study-authored naturalistic continuation stem; frozen before capture.,False,,train,"[128000, 31082, 430, 1938, 11, 279, 3495, 5296, 3782, 311, 4059, 1578, 13, 578, 22599, 6656, 311]",17,b4342c44f5262b3448644db3367fd9467523d6eb7851b3c330c9c504d7ba5f6b,014620f8aead2e9882081907e6b7bcb6b03a7d8876347cab2176abf742890b60,14a2c282b45de44a6d640fc2e6dc1ed04d418f2f10d941f828d9c3c09a4704ad
DRIFT-NAT-PERSONAL_REFLECTION-055,naturalistic_behavioral,personal_reflection,"Later that day, the delivery route came to mind again. The reflection turned to",Study-authored naturalistic continuation stem; frozen before capture.,False,,train,"[128000, 31082, 430, 1938, 11, 279, 9889, 6149, 3782, 311, 4059, 1578, 13, 578, 22599, 6656, 311]",17,f2572b97a99b80e3a5dbf2a11bf84d234e03e67b598c8f2adf281ff6fc7e3490,014620f8aead2e9882081907e6b7bcb6b03a7d8876347cab2176abf742890b60,14a2c282b45de44a6d640fc2e6dc1ed04d418f2f10d941f828d9c3c09a4704ad
DRIFT-NAT-PERSONAL_REFLECTION-056,naturalistic_behavioral,personal_reflection,"Later that day, the class project came to mind again. The reflection turned to",Study-authored naturalistic continuation stem; frozen before capture.,False,,train,"[128000, 31082, 430, 1938, 11, 279, 538, 2447, 3782, 311, 4059, 1578, 13, 578, 22599, 6656, 311]",17,f0582ba727a1683e1029c1934eadc8b3f5fad43f4f8081917f78510527ca85d3,014620f8aead2e9882081907e6b7bcb6b03a7d8876347cab2176abf742890b60,14a2c282b45de44a6d640fc2e6dc1ed04d418f2f10d941f828d9c3c09a4704ad
DRIFT-NAT-PERSONAL_REFLECTION-057,naturalistic_behavioral,personal_reflection,"Later that day, the neighborhood event came to mind again. The reflection turned to",Study-authored naturalistic continuation stem; frozen before capture.,False,,validation,"[128000, 31082, 430, 1938, 11, 279, 12818, 1567, 3782, 311, 4059, 1578, 13, 578, 22599, 6656, 311]",17,afd6429d789d941291605cf798083275b476765609b6b177a14204516a29a437,014620f8aead2e9882081907e6b7bcb6b03a7d8876347cab2176abf742890b60,14a2c282b45de44a6d640fc2e6dc1ed04d418f2f10d941f828d9c3c09a4704ad
DRIFT-NAT-PERSONAL_REFLECTION-058,naturalistic_behavioral,personal_reflection,"Later that day, the household task came to mind again. The reflection turned to",Study-authored naturalistic continuation stem; frozen before capture.,False,,train,"[128000, 31082, 430, 1938, 11, 279, 14048, 3465, 3782, 311, 4059, 1578, 13, 578, 22599, 6656, 311]",17,4f036fa9d24e82d7fec1e110b75807ce5e64b7b27cda5f2e51c3c9c812752f8f,014620f8aead2e9882081907e6b7bcb6b03a7d8876347cab2176abf742890b60,14a2c282b45de44a6d640fc2e6dc1ed04d418f2f10d941f828d9c3c09a4704ad
DRIFT-NAT-PERSONAL_REFLECTION-059,naturalistic_behavioral,personal_reflection,"Later that day, the meeting agenda came to mind again. The reflection turned to",Study-authored naturalistic continuation stem; frozen before capture.,False,,train,"[128000, 31082, 430, 1938, 11, 279, 6574, 18909, 3782, 311, 4059, 1578, 13, 578, 22599, 6656, 311]",17,1928c83f45c2a6921edc07fc2dd819b5b71c1cce962af77b6cb11cbaa47dbe00,014620f8aead2e9882081907e6b7bcb6b03a7d8876347cab2176abf742890b60,14a2c282b45de44a6d640fc2e6dc1ed04d418f2f10d941f828d9c3c09a4704ad
DRIFT-NAT-PERSONAL_REFLECTION-060,naturalistic_behavioral,personal_reflection,"Later that day, the weekend activity came to mind again. The reflection turned to",Study-authored naturalistic continuation stem; frozen before capture.,False,,train,"[128000, 31082, 430, 1938, 11, 279, 9178, 5820, 3782, 311, 4059, 1578, 13, 578, 22599, 6656, 311]",17,54f1a2091648759190d25924ed129c329a31057f6d21c224084761a111bbc30d,014620f8aead2e9882081907e6b7bcb6b03a7d8876347cab2176abf742890b60,14a2c282b45de44a6d640fc2e6dc1ed04d418f2f10d941f828d9c3c09a4704ad
