model_key,prompt_group,representation,pooling_rule,storage_root,data_path,metadata_path,array_name,array_shape,dtype,data_sha256,checksum_valid,adapter_hash,prompt_manifest_fingerprint,study_manifest_fingerprint
base,ipip_stems,activation,final_token,/workspace/full_profile_drift_study_v1,/workspace/full_profile_drift_study_v1/activation_outputs/shards/base/ipip_stems/final_token.npz,/workspace/full_profile_drift_study_v1/activation_outputs/shards/base/ipip_stems/final_token.metadata.json,base_activation,"[120, 32, 4096]",float32,68d640913ffd8fb75d9378ab72e934d0f0b46232920f59d70889e76199372ffc,True,,14a2c282b45de44a6d640fc2e6dc1ed04d418f2f10d941f828d9c3c09a4704ad,21913be6e7362a05fc3d02230668db6faf1f4802fd28cdcde0d9b092ef98deab
base,ipip_stems,activation,mean_tokens,/workspace/full_profile_drift_study_v1,/workspace/full_profile_drift_study_v1/activation_outputs/shards/base/ipip_stems/mean_tokens.npz,/workspace/full_profile_drift_study_v1/activation_outputs/shards/base/ipip_stems/mean_tokens.metadata.json,base_activation,"[120, 32, 4096]",float32,1a06a9d2c81d7f5e44e2f915834319c576c920663f52b8dde875d1989bc166f9,True,,14a2c282b45de44a6d640fc2e6dc1ed04d418f2f10d941f828d9c3c09a4704ad,21913be6e7362a05fc3d02230668db6faf1f4802fd28cdcde0d9b092ef98deab
base,ipip_stems,final_token_logits,,/workspace/full_profile_drift_study_v1,/workspace/full_profile_drift_study_v1/logit_outputs/shards/base/ipip_stems/final_token_logits.npz,/workspace/full_profile_drift_study_v1/logit_outputs/shards/base/ipip_stems/final_token_logits.metadata.json,base_logits,"[120, 128256]",float16,523f6c9b4ee0367a4701906bba0834b81a180e5640e56e763fa256b899a5fb0d,True,,14a2c282b45de44a6d640fc2e6dc1ed04d418f2f10d941f828d9c3c09a4704ad,21913be6e7362a05fc3d02230668db6faf1f4802fd28cdcde0d9b092ef98deab
base,naturalistic_behavioral,activation,final_token,/workspace/full_profile_drift_study_v1,/workspace/full_profile_drift_study_v1/activation_outputs/shards/base/naturalistic_behavioral/final_token.npz,/workspace/full_profile_drift_study_v1/activation_outputs/shards/base/naturalistic_behavioral/final_token.metadata.json,base_activation,"[720, 32, 4096]",float32,43d7457fb802c9b98be948fe992d6b9e72cef2e924b5717e0f889cc739249dcf,True,,14a2c282b45de44a6d640fc2e6dc1ed04d418f2f10d941f828d9c3c09a4704ad,21913be6e7362a05fc3d02230668db6faf1f4802fd28cdcde0d9b092ef98deab
base,naturalistic_behavioral,activation,mean_tokens,/workspace/full_profile_drift_study_v1,/workspace/full_profile_drift_study_v1/activation_outputs/shards/base/naturalistic_behavioral/mean_tokens.npz,/workspace/full_profile_drift_study_v1/activation_outputs/shards/base/naturalistic_behavioral/mean_tokens.metadata.json,base_activation,"[720, 32, 4096]",float32,fbda423ad0073517419713f44c49633e037a6c15096333013053fd685f975313,True,,14a2c282b45de44a6d640fc2e6dc1ed04d418f2f10d941f828d9c3c09a4704ad,21913be6e7362a05fc3d02230668db6faf1f4802fd28cdcde0d9b092ef98deab
base,naturalistic_behavioral,final_token_logits,,/workspace/full_profile_drift_study_v1,/workspace/full_profile_drift_study_v1/logit_outputs/shards/base/naturalistic_behavioral/final_token_logits.npz,/workspace/full_profile_drift_study_v1/logit_outputs/shards/base/naturalistic_behavioral/final_token_logits.metadata.json,base_logits,"[720, 128256]",float16,0007105cf9faa07bb1d654fab9996372bd2da32832836d90f3d82df5519a0794,True,,14a2c282b45de44a6d640fc2e6dc1ed04d418f2f10d941f828d9c3c09a4704ad,21913be6e7362a05fc3d02230668db6faf1f4802fd28cdcde0d9b092ef98deab
base,neutral_controls,activation,final_token,/workspace/full_profile_drift_study_v1,/workspace/full_profile_drift_study_v1/activation_outputs/shards/base/neutral_controls/final_token.npz,/workspace/full_profile_drift_study_v1/activation_outputs/shards/base/neutral_controls/final_token.metadata.json,base_activation,"[240, 32, 4096]",float32,058e3b9a2de3b5a6ae632c7e376ca259f99f3df437f946cd0bb7665b24b9af4b,True,,14a2c282b45de44a6d640fc2e6dc1ed04d418f2f10d941f828d9c3c09a4704ad,21913be6e7362a05fc3d02230668db6faf1f4802fd28cdcde0d9b092ef98deab
base,neutral_controls,activation,mean_tokens,/workspace/full_profile_drift_study_v1,/workspace/full_profile_drift_study_v1/activation_outputs/shards/base/neutral_controls/mean_tokens.npz,/workspace/full_profile_drift_study_v1/activation_outputs/shards/base/neutral_controls/mean_tokens.metadata.json,base_activation,"[240, 32, 4096]",float32,65aef77ea01c9386df88a007f8d61f618fd36526f5caa4bbb3b442d58d7e064c,True,,14a2c282b45de44a6d640fc2e6dc1ed04d418f2f10d941f828d9c3c09a4704ad,21913be6e7362a05fc3d02230668db6faf1f4802fd28cdcde0d9b092ef98deab
base,neutral_controls,final_token_logits,,/workspace/full_profile_drift_study_v1,/workspace/full_profile_drift_study_v1/logit_outputs/shards/base/neutral_controls/final_token_logits.npz,/workspace/full_profile_drift_study_v1/logit_outputs/shards/base/neutral_controls/final_token_logits.metadata.json,base_logits,"[240, 128256]",float16,936cac677eed5f1e7066ea37b5c5f7f218fbdf81f04e2dca945a76c24b93b6bf,True,,14a2c282b45de44a6d640fc2e6dc1ed04d418f2f10d941f828d9c3c09a4704ad,21913be6e7362a05fc3d02230668db6faf1f4802fd28cdcde0d9b092ef98deab
ptype_0,ipip_stems,activation,final_token,/workspace/full_profile_drift_study_v1,/workspace/full_profile_drift_study_v1/activation_outputs/shards/ptype_0/ipip_stems/final_token.npz,/workspace/full_profile_drift_study_v1/activation_outputs/shards/ptype_0/ipip_stems/final_token.metadata.json,delta_h,"[120, 32, 4096]",float32,2e610ceb0b5b5202ee6fdc1d615c2832ee3060bc4520f00454d231f3a7b9ae6f,True,e7eba65dbc9560dac32ca75c0f8a9fc9c7f19ff09b8503c57b00bf36dd20754a,14a2c282b45de44a6d640fc2e6dc1ed04d418f2f10d941f828d9c3c09a4704ad,21913be6e7362a05fc3d02230668db6faf1f4802fd28cdcde0d9b092ef98deab
ptype_0,ipip_stems,activation,mean_tokens,/workspace/full_profile_drift_study_v1,/workspace/full_profile_drift_study_v1/activation_outputs/shards/ptype_0/ipip_stems/mean_tokens.npz,/workspace/full_profile_drift_study_v1/activation_outputs/shards/ptype_0/ipip_stems/mean_tokens.metadata.json,delta_h,"[120, 32, 4096]",float32,e953384b20686cedff5b674d504aafc5c8a0c61beaf028baa699c27f99fb4cc8,True,e7eba65dbc9560dac32ca75c0f8a9fc9c7f19ff09b8503c57b00bf36dd20754a,14a2c282b45de44a6d640fc2e6dc1ed04d418f2f10d941f828d9c3c09a4704ad,21913be6e7362a05fc3d02230668db6faf1f4802fd28cdcde0d9b092ef98deab
ptype_0,ipip_stems,final_token_logits,,/workspace/full_profile_drift_study_v1,/workspace/full_profile_drift_study_v1/logit_outputs/shards/ptype_0/ipip_stems/final_token_logits.npz,/workspace/full_profile_drift_study_v1/logit_outputs/shards/ptype_0/ipip_stems/final_token_logits.metadata.json,delta_logits,"[120, 128256]",float16,6a3b7ada440ca76681b0b97b39b22d3ae7b92467af384ceea662e24e51832410,True,e7eba65dbc9560dac32ca75c0f8a9fc9c7f19ff09b8503c57b00bf36dd20754a,14a2c282b45de44a6d640fc2e6dc1ed04d418f2f10d941f828d9c3c09a4704ad,21913be6e7362a05fc3d02230668db6faf1f4802fd28cdcde0d9b092ef98deab
ptype_0,naturalistic_behavioral,activation,final_token,/workspace/full_profile_drift_study_v1,/workspace/full_profile_drift_study_v1/activation_outputs/shards/ptype_0/naturalistic_behavioral/final_token.npz,/workspace/full_profile_drift_study_v1/activation_outputs/shards/ptype_0/naturalistic_behavioral/final_token.metadata.json,delta_h,"[720, 32, 4096]",float32,7e0d3dad20d016b623c61b2ad0b1cafb4fa72b67fb6648b11ffd5c52f71a21a0,True,e7eba65dbc9560dac32ca75c0f8a9fc9c7f19ff09b8503c57b00bf36dd20754a,14a2c282b45de44a6d640fc2e6dc1ed04d418f2f10d941f828d9c3c09a4704ad,21913be6e7362a05fc3d02230668db6faf1f4802fd28cdcde0d9b092ef98deab
ptype_0,naturalistic_behavioral,activation,mean_tokens,/workspace/full_profile_drift_study_v1,/workspace/full_profile_drift_study_v1/activation_outputs/shards/ptype_0/naturalistic_behavioral/mean_tokens.npz,/workspace/full_profile_drift_study_v1/activation_outputs/shards/ptype_0/naturalistic_behavioral/mean_tokens.metadata.json,delta_h,"[720, 32, 4096]",float32,344ff0b47a4ec53248b804b7ee0a841c9622e53271141a4d8565dd3c98f99d89,True,e7eba65dbc9560dac32ca75c0f8a9fc9c7f19ff09b8503c57b00bf36dd20754a,14a2c282b45de44a6d640fc2e6dc1ed04d418f2f10d941f828d9c3c09a4704ad,21913be6e7362a05fc3d02230668db6faf1f4802fd28cdcde0d9b092ef98deab
ptype_0,naturalistic_behavioral,final_token_logits,,/workspace/full_profile_drift_study_v1,/workspace/full_profile_drift_study_v1/logit_outputs/shards/ptype_0/naturalistic_behavioral/final_token_logits.npz,/workspace/full_profile_drift_study_v1/logit_outputs/shards/ptype_0/naturalistic_behavioral/final_token_logits.metadata.json,delta_logits,"[720, 128256]",float16,00774dd048006b9756ded9cde54d69fd0aa1887b3c54fbdf25e0bccd1172fbc9,True,e7eba65dbc9560dac32ca75c0f8a9fc9c7f19ff09b8503c57b00bf36dd20754a,14a2c282b45de44a6d640fc2e6dc1ed04d418f2f10d941f828d9c3c09a4704ad,21913be6e7362a05fc3d02230668db6faf1f4802fd28cdcde0d9b092ef98deab
ptype_0,neutral_controls,activation,final_token,/workspace/full_profile_drift_study_v1,/workspace/full_profile_drift_study_v1/activation_outputs/shards/ptype_0/neutral_controls/final_token.npz,/workspace/full_profile_drift_study_v1/activation_outputs/shards/ptype_0/neutral_controls/final_token.metadata.json,delta_h,"[240, 32, 4096]",float32,1fc13360decabfb634ed22e89eb9c2c57153aa316adde193f31e010ffdf7e486,True,e7eba65dbc9560dac32ca75c0f8a9fc9c7f19ff09b8503c57b00bf36dd20754a,14a2c282b45de44a6d640fc2e6dc1ed04d418f2f10d941f828d9c3c09a4704ad,21913be6e7362a05fc3d02230668db6faf1f4802fd28cdcde0d9b092ef98deab
ptype_0,neutral_controls,activation,mean_tokens,/workspace/full_profile_drift_study_v1,/workspace/full_profile_drift_study_v1/activation_outputs/shards/ptype_0/neutral_controls/mean_tokens.npz,/workspace/full_profile_drift_study_v1/activation_outputs/shards/ptype_0/neutral_controls/mean_tokens.metadata.json,delta_h,"[240, 32, 4096]",float32,04baa3de135b8fd2d40ba6650cfa6c01cbcf84756baf8fc240c3593604edb6dc,True,e7eba65dbc9560dac32ca75c0f8a9fc9c7f19ff09b8503c57b00bf36dd20754a,14a2c282b45de44a6d640fc2e6dc1ed04d418f2f10d941f828d9c3c09a4704ad,21913be6e7362a05fc3d02230668db6faf1f4802fd28cdcde0d9b092ef98deab
ptype_0,neutral_controls,final_token_logits,,/workspace/full_profile_drift_study_v1,/workspace/full_profile_drift_study_v1/logit_outputs/shards/ptype_0/neutral_controls/final_token_logits.npz,/workspace/full_profile_drift_study_v1/logit_outputs/shards/ptype_0/neutral_controls/final_token_logits.metadata.json,delta_logits,"[240, 128256]",float16,7b7e59c10a2cffb30d416098c58b4b31333f2d42e8d3d54ede4fd8d72eba86e7,True,e7eba65dbc9560dac32ca75c0f8a9fc9c7f19ff09b8503c57b00bf36dd20754a,14a2c282b45de44a6d640fc2e6dc1ed04d418f2f10d941f828d9c3c09a4704ad,21913be6e7362a05fc3d02230668db6faf1f4802fd28cdcde0d9b092ef98deab
ptype_1,ipip_stems,activation,final_token,/workspace/full_profile_drift_study_v1,/workspace/full_profile_drift_study_v1/activation_outputs/shards/ptype_1/ipip_stems/final_token.npz,/workspace/full_profile_drift_study_v1/activation_outputs/shards/ptype_1/ipip_stems/final_token.metadata.json,delta_h,"[120, 32, 4096]",float32,021730305bf280809df1a7cf71861422e591f4c586aaac723af298750a6e01cd,True,136d4980565bbcff6ea16a0db4e698f6e15a91842e590183ac3689d7f2c47531,14a2c282b45de44a6d640fc2e6dc1ed04d418f2f10d941f828d9c3c09a4704ad,21913be6e7362a05fc3d02230668db6faf1f4802fd28cdcde0d9b092ef98deab
ptype_1,ipip_stems,activation,mean_tokens,/workspace/full_profile_drift_study_v1,/workspace/full_profile_drift_study_v1/activation_outputs/shards/ptype_1/ipip_stems/mean_tokens.npz,/workspace/full_profile_drift_study_v1/activation_outputs/shards/ptype_1/ipip_stems/mean_tokens.metadata.json,delta_h,"[120, 32, 4096]",float32,3843b4d48114976c2a4d43e2b2ce0f5c8f0efc7d46a41d3bd701f4bc0e2b0388,True,136d4980565bbcff6ea16a0db4e698f6e15a91842e590183ac3689d7f2c47531,14a2c282b45de44a6d640fc2e6dc1ed04d418f2f10d941f828d9c3c09a4704ad,21913be6e7362a05fc3d02230668db6faf1f4802fd28cdcde0d9b092ef98deab
ptype_1,ipip_stems,final_token_logits,,/workspace/full_profile_drift_study_v1,/workspace/full_profile_drift_study_v1/logit_outputs/shards/ptype_1/ipip_stems/final_token_logits.npz,/workspace/full_profile_drift_study_v1/logit_outputs/shards/ptype_1/ipip_stems/final_token_logits.metadata.json,delta_logits,"[120, 128256]",float16,57fab427ac93cdc324ce914a05f1674592b8be1b6a4f2dbe688e112e08c4acc7,True,136d4980565bbcff6ea16a0db4e698f6e15a91842e590183ac3689d7f2c47531,14a2c282b45de44a6d640fc2e6dc1ed04d418f2f10d941f828d9c3c09a4704ad,21913be6e7362a05fc3d02230668db6faf1f4802fd28cdcde0d9b092ef98deab
ptype_1,naturalistic_behavioral,activation,final_token,/workspace/full_profile_drift_study_v1,/workspace/full_profile_drift_study_v1/activation_outputs/shards/ptype_1/naturalistic_behavioral/final_token.npz,/workspace/full_profile_drift_study_v1/activation_outputs/shards/ptype_1/naturalistic_behavioral/final_token.metadata.json,delta_h,"[720, 32, 4096]",float32,b502210629e61002c948412d857c7411babc05fc7454a6237f19793d3c88a3af,True,136d4980565bbcff6ea16a0db4e698f6e15a91842e590183ac3689d7f2c47531,14a2c282b45de44a6d640fc2e6dc1ed04d418f2f10d941f828d9c3c09a4704ad,21913be6e7362a05fc3d02230668db6faf1f4802fd28cdcde0d9b092ef98deab
ptype_1,naturalistic_behavioral,activation,mean_tokens,/workspace/full_profile_drift_study_v1,/workspace/full_profile_drift_study_v1/activation_outputs/shards/ptype_1/naturalistic_behavioral/mean_tokens.npz,/workspace/full_profile_drift_study_v1/activation_outputs/shards/ptype_1/naturalistic_behavioral/mean_tokens.metadata.json,delta_h,"[720, 32, 4096]",float32,5c07662da8653bbc44997fab2591838d2fb65ec1f7628a2322f771019515bfe5,True,136d4980565bbcff6ea16a0db4e698f6e15a91842e590183ac3689d7f2c47531,14a2c282b45de44a6d640fc2e6dc1ed04d418f2f10d941f828d9c3c09a4704ad,21913be6e7362a05fc3d02230668db6faf1f4802fd28cdcde0d9b092ef98deab
ptype_1,naturalistic_behavioral,final_token_logits,,/workspace/full_profile_drift_study_v1,/workspace/full_profile_drift_study_v1/logit_outputs/shards/ptype_1/naturalistic_behavioral/final_token_logits.npz,/workspace/full_profile_drift_study_v1/logit_outputs/shards/ptype_1/naturalistic_behavioral/final_token_logits.metadata.json,delta_logits,"[720, 128256]",float16,8022eceb09dc8f620b9c5d9999331dec86c4da3cee3497e8a5fce5aa158d9510,True,136d4980565bbcff6ea16a0db4e698f6e15a91842e590183ac3689d7f2c47531,14a2c282b45de44a6d640fc2e6dc1ed04d418f2f10d941f828d9c3c09a4704ad,21913be6e7362a05fc3d02230668db6faf1f4802fd28cdcde0d9b092ef98deab
ptype_1,neutral_controls,activation,final_token,/workspace/full_profile_drift_study_v1,/workspace/full_profile_drift_study_v1/activation_outputs/shards/ptype_1/neutral_controls/final_token.npz,/workspace/full_profile_drift_study_v1/activation_outputs/shards/ptype_1/neutral_controls/final_token.metadata.json,delta_h,"[240, 32, 4096]",float32,ecb3e656031eb1d81c32f516121789d75dab207f4ee286b7fcd8479c2edb589c,True,136d4980565bbcff6ea16a0db4e698f6e15a91842e590183ac3689d7f2c47531,14a2c282b45de44a6d640fc2e6dc1ed04d418f2f10d941f828d9c3c09a4704ad,21913be6e7362a05fc3d02230668db6faf1f4802fd28cdcde0d9b092ef98deab
ptype_1,neutral_controls,activation,mean_tokens,/workspace/full_profile_drift_study_v1,/workspace/full_profile_drift_study_v1/activation_outputs/shards/ptype_1/neutral_controls/mean_tokens.npz,/workspace/full_profile_drift_study_v1/activation_outputs/shards/ptype_1/neutral_controls/mean_tokens.metadata.json,delta_h,"[240, 32, 4096]",float32,83cc4f581826c39b861e90e2cadb26faac54a8cbfd8ca5299a2cc17b49d9b7b6,True,136d4980565bbcff6ea16a0db4e698f6e15a91842e590183ac3689d7f2c47531,14a2c282b45de44a6d640fc2e6dc1ed04d418f2f10d941f828d9c3c09a4704ad,21913be6e7362a05fc3d02230668db6faf1f4802fd28cdcde0d9b092ef98deab
ptype_1,neutral_controls,final_token_logits,,/workspace/full_profile_drift_study_v1,/workspace/full_profile_drift_study_v1/logit_outputs/shards/ptype_1/neutral_controls/final_token_logits.npz,/workspace/full_profile_drift_study_v1/logit_outputs/shards/ptype_1/neutral_controls/final_token_logits.metadata.json,delta_logits,"[240, 128256]",float16,851ae38b2efff275a6e12644189d8e9b365a7ba6cdc1d017b9b3cd4233b3eda5,True,136d4980565bbcff6ea16a0db4e698f6e15a91842e590183ac3689d7f2c47531,14a2c282b45de44a6d640fc2e6dc1ed04d418f2f10d941f828d9c3c09a4704ad,21913be6e7362a05fc3d02230668db6faf1f4802fd28cdcde0d9b092ef98deab
ptype_10,ipip_stems,activation,final_token,/workspace/full_profile_drift_study_v1,/workspace/full_profile_drift_study_v1/activation_outputs/shards/ptype_10/ipip_stems/final_token.npz,/workspace/full_profile_drift_study_v1/activation_outputs/shards/ptype_10/ipip_stems/final_token.metadata.json,delta_h,"[120, 32, 4096]",float32,7d7d471a9c34fdb50ee9acdfe675a60a7dfa7e792ac4922286f8b98ece39f052,True,9375ef6f11e082e13263ab8a7bb79707ab1f9790dc3d0ba03740d6652e749edd,14a2c282b45de44a6d640fc2e6dc1ed04d418f2f10d941f828d9c3c09a4704ad,21913be6e7362a05fc3d02230668db6faf1f4802fd28cdcde0d9b092ef98deab
ptype_10,ipip_stems,activation,mean_tokens,/workspace/full_profile_drift_study_v1,/workspace/full_profile_drift_study_v1/activation_outputs/shards/ptype_10/ipip_stems/mean_tokens.npz,/workspace/full_profile_drift_study_v1/activation_outputs/shards/ptype_10/ipip_stems/mean_tokens.metadata.json,delta_h,"[120, 32, 4096]",float32,d2d64d7410d7facf2404b04dbb9f6659dec39155c9fee9124a2958ee2fb4c458,True,9375ef6f11e082e13263ab8a7bb79707ab1f9790dc3d0ba03740d6652e749edd,14a2c282b45de44a6d640fc2e6dc1ed04d418f2f10d941f828d9c3c09a4704ad,21913be6e7362a05fc3d02230668db6faf1f4802fd28cdcde0d9b092ef98deab
ptype_10,ipip_stems,final_token_logits,,/workspace/full_profile_drift_study_v1,/workspace/full_profile_drift_study_v1/logit_outputs/shards/ptype_10/ipip_stems/final_token_logits.npz,/workspace/full_profile_drift_study_v1/logit_outputs/shards/ptype_10/ipip_stems/final_token_logits.metadata.json,delta_logits,"[120, 128256]",float16,67ef7bd3d08dfd041131d0693184c0359d2f9e85868abc5f564ab183ab0e8cc7,True,9375ef6f11e082e13263ab8a7bb79707ab1f9790dc3d0ba03740d6652e749edd,14a2c282b45de44a6d640fc2e6dc1ed04d418f2f10d941f828d9c3c09a4704ad,21913be6e7362a05fc3d02230668db6faf1f4802fd28cdcde0d9b092ef98deab
ptype_10,naturalistic_behavioral,activation,final_token,/workspace/full_profile_drift_study_v1,/workspace/full_profile_drift_study_v1/activation_outputs/shards/ptype_10/naturalistic_behavioral/final_token.npz,/workspace/full_profile_drift_study_v1/activation_outputs/shards/ptype_10/naturalistic_behavioral/final_token.metadata.json,delta_h,"[720, 32, 4096]",float32,8aba6a895eb434a0b7e484140d8ddec813cd77c17fe3e392229bf00a15556920,True,9375ef6f11e082e13263ab8a7bb79707ab1f9790dc3d0ba03740d6652e749edd,14a2c282b45de44a6d640fc2e6dc1ed04d418f2f10d941f828d9c3c09a4704ad,21913be6e7362a05fc3d02230668db6faf1f4802fd28cdcde0d9b092ef98deab
ptype_10,naturalistic_behavioral,activation,mean_tokens,/workspace/full_profile_drift_study_v1,/workspace/full_profile_drift_study_v1/activation_outputs/shards/ptype_10/naturalistic_behavioral/mean_tokens.npz,/workspace/full_profile_drift_study_v1/activation_outputs/shards/ptype_10/naturalistic_behavioral/mean_tokens.metadata.json,delta_h,"[720, 32, 4096]",float32,8b7c4f021e2c8a2718e99b5d8c1968760b5e239a649ca6e48dd92333fcaa9363,True,9375ef6f11e082e13263ab8a7bb79707ab1f9790dc3d0ba03740d6652e749edd,14a2c282b45de44a6d640fc2e6dc1ed04d418f2f10d941f828d9c3c09a4704ad,21913be6e7362a05fc3d02230668db6faf1f4802fd28cdcde0d9b092ef98deab
ptype_10,naturalistic_behavioral,final_token_logits,,/workspace/full_profile_drift_study_v1,/workspace/full_profile_drift_study_v1/logit_outputs/shards/ptype_10/naturalistic_behavioral/final_token_logits.npz,/workspace/full_profile_drift_study_v1/logit_outputs/shards/ptype_10/naturalistic_behavioral/final_token_logits.metadata.json,delta_logits,"[720, 128256]",float16,b04de2d0f15433d54e0e8f919896fa106217a307e02d3811e9831c43ce209867,True,9375ef6f11e082e13263ab8a7bb79707ab1f9790dc3d0ba03740d6652e749edd,14a2c282b45de44a6d640fc2e6dc1ed04d418f2f10d941f828d9c3c09a4704ad,21913be6e7362a05fc3d02230668db6faf1f4802fd28cdcde0d9b092ef98deab
ptype_10,neutral_controls,activation,final_token,/workspace/full_profile_drift_study_v1,/workspace/full_profile_drift_study_v1/activation_outputs/shards/ptype_10/neutral_controls/final_token.npz,/workspace/full_profile_drift_study_v1/activation_outputs/shards/ptype_10/neutral_controls/final_token.metadata.json,delta_h,"[240, 32, 4096]",float32,f26fc05943535f9710221f70d83f6090e07a2c2a69d6203c9d5b5eebf301e22b,True,9375ef6f11e082e13263ab8a7bb79707ab1f9790dc3d0ba03740d6652e749edd,14a2c282b45de44a6d640fc2e6dc1ed04d418f2f10d941f828d9c3c09a4704ad,21913be6e7362a05fc3d02230668db6faf1f4802fd28cdcde0d9b092ef98deab
ptype_10,neutral_controls,activation,mean_tokens,/workspace/full_profile_drift_study_v1,/workspace/full_profile_drift_study_v1/activation_outputs/shards/ptype_10/neutral_controls/mean_tokens.npz,/workspace/full_profile_drift_study_v1/activation_outputs/shards/ptype_10/neutral_controls/mean_tokens.metadata.json,delta_h,"[240, 32, 4096]",float32,99341bf18b745c63f1104997971ac6e560e7acecfc0ff2b1efbae2cb34f5ab91,True,9375ef6f11e082e13263ab8a7bb79707ab1f9790dc3d0ba03740d6652e749edd,14a2c282b45de44a6d640fc2e6dc1ed04d418f2f10d941f828d9c3c09a4704ad,21913be6e7362a05fc3d02230668db6faf1f4802fd28cdcde0d9b092ef98deab
ptype_10,neutral_controls,final_token_logits,,/workspace/full_profile_drift_study_v1,/workspace/full_profile_drift_study_v1/logit_outputs/shards/ptype_10/neutral_controls/final_token_logits.npz,/workspace/full_profile_drift_study_v1/logit_outputs/shards/ptype_10/neutral_controls/final_token_logits.metadata.json,delta_logits,"[240, 128256]",float16,7425fefb6f315c087d1de7c1cad69619849ecad2b322b6377d0b07b2ce346433,True,9375ef6f11e082e13263ab8a7bb79707ab1f9790dc3d0ba03740d6652e749edd,14a2c282b45de44a6d640fc2e6dc1ed04d418f2f10d941f828d9c3c09a4704ad,21913be6e7362a05fc3d02230668db6faf1f4802fd28cdcde0d9b092ef98deab
ptype_11,ipip_stems,activation,final_token,/workspace/full_profile_drift_study_v1,/workspace/full_profile_drift_study_v1/activation_outputs/shards/ptype_11/ipip_stems/final_token.npz,/workspace/full_profile_drift_study_v1/activation_outputs/shards/ptype_11/ipip_stems/final_token.metadata.json,delta_h,"[120, 32, 4096]",float32,2b504704fb609c2d0245a3d29323d81c3bccb1e7ebbb61e4afcf4980c9713030,True,dcb3a1aef6a687cbfc462345339def711d98859e09ecce139988c05533c6e18c,14a2c282b45de44a6d640fc2e6dc1ed04d418f2f10d941f828d9c3c09a4704ad,21913be6e7362a05fc3d02230668db6faf1f4802fd28cdcde0d9b092ef98deab
ptype_11,ipip_stems,activation,mean_tokens,/workspace/full_profile_drift_study_v1,/workspace/full_profile_drift_study_v1/activation_outputs/shards/ptype_11/ipip_stems/mean_tokens.npz,/workspace/full_profile_drift_study_v1/activation_outputs/shards/ptype_11/ipip_stems/mean_tokens.metadata.json,delta_h,"[120, 32, 4096]",float32,a7a69f50b02a221ff5a46d48775dae59fa4feef0c4cb26404ad8698f796543e9,True,dcb3a1aef6a687cbfc462345339def711d98859e09ecce139988c05533c6e18c,14a2c282b45de44a6d640fc2e6dc1ed04d418f2f10d941f828d9c3c09a4704ad,21913be6e7362a05fc3d02230668db6faf1f4802fd28cdcde0d9b092ef98deab
ptype_11,ipip_stems,final_token_logits,,/workspace/full_profile_drift_study_v1,/workspace/full_profile_drift_study_v1/logit_outputs/shards/ptype_11/ipip_stems/final_token_logits.npz,/workspace/full_profile_drift_study_v1/logit_outputs/shards/ptype_11/ipip_stems/final_token_logits.metadata.json,delta_logits,"[120, 128256]",float16,228c79bbb67d5fd2ae6ab56e0038a3c2631bd9ab101bd1910fd4d80a6d964e21,True,dcb3a1aef6a687cbfc462345339def711d98859e09ecce139988c05533c6e18c,14a2c282b45de44a6d640fc2e6dc1ed04d418f2f10d941f828d9c3c09a4704ad,21913be6e7362a05fc3d02230668db6faf1f4802fd28cdcde0d9b092ef98deab
ptype_11,naturalistic_behavioral,activation,final_token,/workspace/full_profile_drift_study_v1,/workspace/full_profile_drift_study_v1/activation_outputs/shards/ptype_11/naturalistic_behavioral/final_token.npz,/workspace/full_profile_drift_study_v1/activation_outputs/shards/ptype_11/naturalistic_behavioral/final_token.metadata.json,delta_h,"[720, 32, 4096]",float32,80af9e2409ca8ee1ecef3f065ece7114fc1d145b92a4ecf01fb0915580f911f6,True,dcb3a1aef6a687cbfc462345339def711d98859e09ecce139988c05533c6e18c,14a2c282b45de44a6d640fc2e6dc1ed04d418f2f10d941f828d9c3c09a4704ad,21913be6e7362a05fc3d02230668db6faf1f4802fd28cdcde0d9b092ef98deab
ptype_11,naturalistic_behavioral,activation,mean_tokens,/workspace/full_profile_drift_study_v1,/workspace/full_profile_drift_study_v1/activation_outputs/shards/ptype_11/naturalistic_behavioral/mean_tokens.npz,/workspace/full_profile_drift_study_v1/activation_outputs/shards/ptype_11/naturalistic_behavioral/mean_tokens.metadata.json,delta_h,"[720, 32, 4096]",float32,f2dcbefc12fcf4f742111f23708620374cb0c066876ccfd9db7324be487a6239,True,dcb3a1aef6a687cbfc462345339def711d98859e09ecce139988c05533c6e18c,14a2c282b45de44a6d640fc2e6dc1ed04d418f2f10d941f828d9c3c09a4704ad,21913be6e7362a05fc3d02230668db6faf1f4802fd28cdcde0d9b092ef98deab
ptype_11,naturalistic_behavioral,final_token_logits,,/workspace/full_profile_drift_study_v1,/workspace/full_profile_drift_study_v1/logit_outputs/shards/ptype_11/naturalistic_behavioral/final_token_logits.npz,/workspace/full_profile_drift_study_v1/logit_outputs/shards/ptype_11/naturalistic_behavioral/final_token_logits.metadata.json,delta_logits,"[720, 128256]",float16,31a203c1e5813a0381c319e43a06f249b23fb897d920669e6d447e8d303fa443,True,dcb3a1aef6a687cbfc462345339def711d98859e09ecce139988c05533c6e18c,14a2c282b45de44a6d640fc2e6dc1ed04d418f2f10d941f828d9c3c09a4704ad,21913be6e7362a05fc3d02230668db6faf1f4802fd28cdcde0d9b092ef98deab
ptype_11,neutral_controls,activation,final_token,/workspace/full_profile_drift_study_v1,/workspace/full_profile_drift_study_v1/activation_outputs/shards/ptype_11/neutral_controls/final_token.npz,/workspace/full_profile_drift_study_v1/activation_outputs/shards/ptype_11/neutral_controls/final_token.metadata.json,delta_h,"[240, 32, 4096]",float32,95e0a50d0d15f966acdbf1fd8ce70aba9626e60e1adea16c52a774b532f427cd,True,dcb3a1aef6a687cbfc462345339def711d98859e09ecce139988c05533c6e18c,14a2c282b45de44a6d640fc2e6dc1ed04d418f2f10d941f828d9c3c09a4704ad,21913be6e7362a05fc3d02230668db6faf1f4802fd28cdcde0d9b092ef98deab
ptype_11,neutral_controls,activation,mean_tokens,/workspace/full_profile_drift_study_v1,/workspace/full_profile_drift_study_v1/activation_outputs/shards/ptype_11/neutral_controls/mean_tokens.npz,/workspace/full_profile_drift_study_v1/activation_outputs/shards/ptype_11/neutral_controls/mean_tokens.metadata.json,delta_h,"[240, 32, 4096]",float32,52237588c70d5c328dc35f13878a3c37587f8496ed7de4dd00aed3205be5900a,True,dcb3a1aef6a687cbfc462345339def711d98859e09ecce139988c05533c6e18c,14a2c282b45de44a6d640fc2e6dc1ed04d418f2f10d941f828d9c3c09a4704ad,21913be6e7362a05fc3d02230668db6faf1f4802fd28cdcde0d9b092ef98deab
ptype_11,neutral_controls,final_token_logits,,/workspace/full_profile_drift_study_v1,/workspace/full_profile_drift_study_v1/logit_outputs/shards/ptype_11/neutral_controls/final_token_logits.npz,/workspace/full_profile_drift_study_v1/logit_outputs/shards/ptype_11/neutral_controls/final_token_logits.metadata.json,delta_logits,"[240, 128256]",float16,ff9eec38613c0d2da743efc4530874e893d0c16bfda5eae6c0124c93b2dc6bf2,True,dcb3a1aef6a687cbfc462345339def711d98859e09ecce139988c05533c6e18c,14a2c282b45de44a6d640fc2e6dc1ed04d418f2f10d941f828d9c3c09a4704ad,21913be6e7362a05fc3d02230668db6faf1f4802fd28cdcde0d9b092ef98deab
ptype_12,ipip_stems,activation,final_token,/root/full_profile_drift_spill,/root/full_profile_drift_spill/activation_outputs/shards/ptype_12/ipip_stems/final_token.npz,/root/full_profile_drift_spill/activation_outputs/shards/ptype_12/ipip_stems/final_token.metadata.json,delta_h,"[120, 32, 4096]",float32,5aa624c47c9b795ea707dc2d9db65c64229a1cf55f7ee2cac0d1efa46b39e9dc,True,34a38462b38f96b72d6ecbfab19407a8117c95aafca7173b74fd11105541e584,14a2c282b45de44a6d640fc2e6dc1ed04d418f2f10d941f828d9c3c09a4704ad,21913be6e7362a05fc3d02230668db6faf1f4802fd28cdcde0d9b092ef98deab
ptype_12,ipip_stems,activation,mean_tokens,/root/full_profile_drift_spill,/root/full_profile_drift_spill/activation_outputs/shards/ptype_12/ipip_stems/mean_tokens.npz,/root/full_profile_drift_spill/activation_outputs/shards/ptype_12/ipip_stems/mean_tokens.metadata.json,delta_h,"[120, 32, 4096]",float32,a03499c0303021d4130247db018adce67887e30284e83cc8cc4b3621c76ed4e3,True,34a38462b38f96b72d6ecbfab19407a8117c95aafca7173b74fd11105541e584,14a2c282b45de44a6d640fc2e6dc1ed04d418f2f10d941f828d9c3c09a4704ad,21913be6e7362a05fc3d02230668db6faf1f4802fd28cdcde0d9b092ef98deab
ptype_12,ipip_stems,final_token_logits,,/root/full_profile_drift_spill,/root/full_profile_drift_spill/logit_outputs/shards/ptype_12/ipip_stems/final_token_logits.npz,/root/full_profile_drift_spill/logit_outputs/shards/ptype_12/ipip_stems/final_token_logits.metadata.json,delta_logits,"[120, 128256]",float16,99fab93e2e9237af9d0419aa9bfe1c8bffe80d137f783c42f6a1b9920d360fb3,True,34a38462b38f96b72d6ecbfab19407a8117c95aafca7173b74fd11105541e584,14a2c282b45de44a6d640fc2e6dc1ed04d418f2f10d941f828d9c3c09a4704ad,21913be6e7362a05fc3d02230668db6faf1f4802fd28cdcde0d9b092ef98deab
ptype_12,naturalistic_behavioral,activation,final_token,/root/full_profile_drift_spill,/root/full_profile_drift_spill/activation_outputs/shards/ptype_12/naturalistic_behavioral/final_token.npz,/root/full_profile_drift_spill/activation_outputs/shards/ptype_12/naturalistic_behavioral/final_token.metadata.json,delta_h,"[720, 32, 4096]",float32,f864fe5a94d9d1e5bf2a92583ff656e7ab981bb6b08a5195d2420fb86b7b333f,True,34a38462b38f96b72d6ecbfab19407a8117c95aafca7173b74fd11105541e584,14a2c282b45de44a6d640fc2e6dc1ed04d418f2f10d941f828d9c3c09a4704ad,21913be6e7362a05fc3d02230668db6faf1f4802fd28cdcde0d9b092ef98deab
ptype_12,naturalistic_behavioral,activation,mean_tokens,/root/full_profile_drift_spill,/root/full_profile_drift_spill/activation_outputs/shards/ptype_12/naturalistic_behavioral/mean_tokens.npz,/root/full_profile_drift_spill/activation_outputs/shards/ptype_12/naturalistic_behavioral/mean_tokens.metadata.json,delta_h,"[720, 32, 4096]",float32,69029152c290b6c47c3fff8ae60b7d0fe58b41cadc5598b5749b153d025a89b5,True,34a38462b38f96b72d6ecbfab19407a8117c95aafca7173b74fd11105541e584,14a2c282b45de44a6d640fc2e6dc1ed04d418f2f10d941f828d9c3c09a4704ad,21913be6e7362a05fc3d02230668db6faf1f4802fd28cdcde0d9b092ef98deab
ptype_12,naturalistic_behavioral,final_token_logits,,/root/full_profile_drift_spill,/root/full_profile_drift_spill/logit_outputs/shards/ptype_12/naturalistic_behavioral/final_token_logits.npz,/root/full_profile_drift_spill/logit_outputs/shards/ptype_12/naturalistic_behavioral/final_token_logits.metadata.json,delta_logits,"[720, 128256]",float16,56bdbe6354e3cf04f3d3b6e570f28d85a501418f0c32b23182df16fe8b9199f4,True,34a38462b38f96b72d6ecbfab19407a8117c95aafca7173b74fd11105541e584,14a2c282b45de44a6d640fc2e6dc1ed04d418f2f10d941f828d9c3c09a4704ad,21913be6e7362a05fc3d02230668db6faf1f4802fd28cdcde0d9b092ef98deab
ptype_12,neutral_controls,activation,final_token,/root/full_profile_drift_spill,/root/full_profile_drift_spill/activation_outputs/shards/ptype_12/neutral_controls/final_token.npz,/root/full_profile_drift_spill/activation_outputs/shards/ptype_12/neutral_controls/final_token.metadata.json,delta_h,"[240, 32, 4096]",float32,5bb88f7012154749ca1ec9893008998c5a5d71b6f7cda4f7bf1fb24f0b96d92b,True,34a38462b38f96b72d6ecbfab19407a8117c95aafca7173b74fd11105541e584,14a2c282b45de44a6d640fc2e6dc1ed04d418f2f10d941f828d9c3c09a4704ad,21913be6e7362a05fc3d02230668db6faf1f4802fd28cdcde0d9b092ef98deab
ptype_12,neutral_controls,activation,mean_tokens,/root/full_profile_drift_spill,/root/full_profile_drift_spill/activation_outputs/shards/ptype_12/neutral_controls/mean_tokens.npz,/root/full_profile_drift_spill/activation_outputs/shards/ptype_12/neutral_controls/mean_tokens.metadata.json,delta_h,"[240, 32, 4096]",float32,7c4423760beb8f7cae4adedc5b9b32bbebc082e7bfe735248c5cac760263bc0d,True,34a38462b38f96b72d6ecbfab19407a8117c95aafca7173b74fd11105541e584,14a2c282b45de44a6d640fc2e6dc1ed04d418f2f10d941f828d9c3c09a4704ad,21913be6e7362a05fc3d02230668db6faf1f4802fd28cdcde0d9b092ef98deab
ptype_12,neutral_controls,final_token_logits,,/root/full_profile_drift_spill,/root/full_profile_drift_spill/logit_outputs/shards/ptype_12/neutral_controls/final_token_logits.npz,/root/full_profile_drift_spill/logit_outputs/shards/ptype_12/neutral_controls/final_token_logits.metadata.json,delta_logits,"[240, 128256]",float16,fef485c8fc4dd967b6bc28234f7ea6d0d97b24cbb252e3b023e67cca67b62579,True,34a38462b38f96b72d6ecbfab19407a8117c95aafca7173b74fd11105541e584,14a2c282b45de44a6d640fc2e6dc1ed04d418f2f10d941f828d9c3c09a4704ad,21913be6e7362a05fc3d02230668db6faf1f4802fd28cdcde0d9b092ef98deab
ptype_13,ipip_stems,activation,final_token,/root/full_profile_drift_spill,/root/full_profile_drift_spill/activation_outputs/shards/ptype_13/ipip_stems/final_token.npz,/root/full_profile_drift_spill/activation_outputs/shards/ptype_13/ipip_stems/final_token.metadata.json,delta_h,"[120, 32, 4096]",float32,cd4c79e78969608b5e4350cca33b5c89d9b8c1f640af23ae98bde7f56b6d79cc,True,e7198347ce4e749c01ffe83e3d369b214f992b6fca1bd198c0fd915619b636be,14a2c282b45de44a6d640fc2e6dc1ed04d418f2f10d941f828d9c3c09a4704ad,21913be6e7362a05fc3d02230668db6faf1f4802fd28cdcde0d9b092ef98deab
ptype_13,ipip_stems,activation,mean_tokens,/root/full_profile_drift_spill,/root/full_profile_drift_spill/activation_outputs/shards/ptype_13/ipip_stems/mean_tokens.npz,/root/full_profile_drift_spill/activation_outputs/shards/ptype_13/ipip_stems/mean_tokens.metadata.json,delta_h,"[120, 32, 4096]",float32,cca23bba1cbcc73fb4d9879892b8d65bfe14149572af7887c32ec4d8fb55ff27,True,e7198347ce4e749c01ffe83e3d369b214f992b6fca1bd198c0fd915619b636be,14a2c282b45de44a6d640fc2e6dc1ed04d418f2f10d941f828d9c3c09a4704ad,21913be6e7362a05fc3d02230668db6faf1f4802fd28cdcde0d9b092ef98deab
ptype_13,ipip_stems,final_token_logits,,/root/full_profile_drift_spill,/root/full_profile_drift_spill/logit_outputs/shards/ptype_13/ipip_stems/final_token_logits.npz,/root/full_profile_drift_spill/logit_outputs/shards/ptype_13/ipip_stems/final_token_logits.metadata.json,delta_logits,"[120, 128256]",float16,eec7aef87e403b5b1e002f059d5f0a274d5212bc26f96240289fceb5ab612a98,True,e7198347ce4e749c01ffe83e3d369b214f992b6fca1bd198c0fd915619b636be,14a2c282b45de44a6d640fc2e6dc1ed04d418f2f10d941f828d9c3c09a4704ad,21913be6e7362a05fc3d02230668db6faf1f4802fd28cdcde0d9b092ef98deab
ptype_13,naturalistic_behavioral,activation,final_token,/root/full_profile_drift_spill,/root/full_profile_drift_spill/activation_outputs/shards/ptype_13/naturalistic_behavioral/final_token.npz,/root/full_profile_drift_spill/activation_outputs/shards/ptype_13/naturalistic_behavioral/final_token.metadata.json,delta_h,"[720, 32, 4096]",float32,15171818ee1a7cfcfb0dfc61973aa003da40b5553ff9af0d73f3fe6304feddd7,True,e7198347ce4e749c01ffe83e3d369b214f992b6fca1bd198c0fd915619b636be,14a2c282b45de44a6d640fc2e6dc1ed04d418f2f10d941f828d9c3c09a4704ad,21913be6e7362a05fc3d02230668db6faf1f4802fd28cdcde0d9b092ef98deab
ptype_13,naturalistic_behavioral,activation,mean_tokens,/root/full_profile_drift_spill,/root/full_profile_drift_spill/activation_outputs/shards/ptype_13/naturalistic_behavioral/mean_tokens.npz,/root/full_profile_drift_spill/activation_outputs/shards/ptype_13/naturalistic_behavioral/mean_tokens.metadata.json,delta_h,"[720, 32, 4096]",float32,3c708864e52fe37b3e5002c7f2be2081b248f34b8bd809c426f87cafe6f2fb52,True,e7198347ce4e749c01ffe83e3d369b214f992b6fca1bd198c0fd915619b636be,14a2c282b45de44a6d640fc2e6dc1ed04d418f2f10d941f828d9c3c09a4704ad,21913be6e7362a05fc3d02230668db6faf1f4802fd28cdcde0d9b092ef98deab
ptype_13,naturalistic_behavioral,final_token_logits,,/root/full_profile_drift_spill,/root/full_profile_drift_spill/logit_outputs/shards/ptype_13/naturalistic_behavioral/final_token_logits.npz,/root/full_profile_drift_spill/logit_outputs/shards/ptype_13/naturalistic_behavioral/final_token_logits.metadata.json,delta_logits,"[720, 128256]",float16,24f701616f24b3c24dd6fc00cfa8987a88d08c134c686a4b55ee4c1a11d96228,True,e7198347ce4e749c01ffe83e3d369b214f992b6fca1bd198c0fd915619b636be,14a2c282b45de44a6d640fc2e6dc1ed04d418f2f10d941f828d9c3c09a4704ad,21913be6e7362a05fc3d02230668db6faf1f4802fd28cdcde0d9b092ef98deab
ptype_13,neutral_controls,activation,final_token,/root/full_profile_drift_spill,/root/full_profile_drift_spill/activation_outputs/shards/ptype_13/neutral_controls/final_token.npz,/root/full_profile_drift_spill/activation_outputs/shards/ptype_13/neutral_controls/final_token.metadata.json,delta_h,"[240, 32, 4096]",float32,6afd2be3b71e3200dc7555bdc7501aca5d874327ad24a5dc993ea423d3b52c8a,True,e7198347ce4e749c01ffe83e3d369b214f992b6fca1bd198c0fd915619b636be,14a2c282b45de44a6d640fc2e6dc1ed04d418f2f10d941f828d9c3c09a4704ad,21913be6e7362a05fc3d02230668db6faf1f4802fd28cdcde0d9b092ef98deab
ptype_13,neutral_controls,activation,mean_tokens,/root/full_profile_drift_spill,/root/full_profile_drift_spill/activation_outputs/shards/ptype_13/neutral_controls/mean_tokens.npz,/root/full_profile_drift_spill/activation_outputs/shards/ptype_13/neutral_controls/mean_tokens.metadata.json,delta_h,"[240, 32, 4096]",float32,97b403089702247539f2b9b333054fe1644387995f9e71bdd913898b5e4d3e59,True,e7198347ce4e749c01ffe83e3d369b214f992b6fca1bd198c0fd915619b636be,14a2c282b45de44a6d640fc2e6dc1ed04d418f2f10d941f828d9c3c09a4704ad,21913be6e7362a05fc3d02230668db6faf1f4802fd28cdcde0d9b092ef98deab
ptype_13,neutral_controls,final_token_logits,,/root/full_profile_drift_spill,/root/full_profile_drift_spill/logit_outputs/shards/ptype_13/neutral_controls/final_token_logits.npz,/root/full_profile_drift_spill/logit_outputs/shards/ptype_13/neutral_controls/final_token_logits.metadata.json,delta_logits,"[240, 128256]",float16,a1fb75b859cb289f6e2f952452ef749777a0d18ce53e6c56f28d1bc657924929,True,e7198347ce4e749c01ffe83e3d369b214f992b6fca1bd198c0fd915619b636be,14a2c282b45de44a6d640fc2e6dc1ed04d418f2f10d941f828d9c3c09a4704ad,21913be6e7362a05fc3d02230668db6faf1f4802fd28cdcde0d9b092ef98deab
ptype_14,ipip_stems,activation,final_token,/root/full_profile_drift_spill,/root/full_profile_drift_spill/activation_outputs/shards/ptype_14/ipip_stems/final_token.npz,/root/full_profile_drift_spill/activation_outputs/shards/ptype_14/ipip_stems/final_token.metadata.json,delta_h,"[120, 32, 4096]",float32,8bbb247801fe737383e24c177f00976aee6dd05e88ca1e852674eda8088164d3,True,7790c00b653464b877e091d0520522cbc957264c115f954759b08cc8b138c2b4,14a2c282b45de44a6d640fc2e6dc1ed04d418f2f10d941f828d9c3c09a4704ad,21913be6e7362a05fc3d02230668db6faf1f4802fd28cdcde0d9b092ef98deab
ptype_14,ipip_stems,activation,mean_tokens,/root/full_profile_drift_spill,/root/full_profile_drift_spill/activation_outputs/shards/ptype_14/ipip_stems/mean_tokens.npz,/root/full_profile_drift_spill/activation_outputs/shards/ptype_14/ipip_stems/mean_tokens.metadata.json,delta_h,"[120, 32, 4096]",float32,feed6cf2e6e9fc0bde28f4e9ea3e6a02226162593efe0c994a9193917d88c685,True,7790c00b653464b877e091d0520522cbc957264c115f954759b08cc8b138c2b4,14a2c282b45de44a6d640fc2e6dc1ed04d418f2f10d941f828d9c3c09a4704ad,21913be6e7362a05fc3d02230668db6faf1f4802fd28cdcde0d9b092ef98deab
ptype_14,ipip_stems,final_token_logits,,/root/full_profile_drift_spill,/root/full_profile_drift_spill/logit_outputs/shards/ptype_14/ipip_stems/final_token_logits.npz,/root/full_profile_drift_spill/logit_outputs/shards/ptype_14/ipip_stems/final_token_logits.metadata.json,delta_logits,"[120, 128256]",float16,0f1ba61d107c9a30230696d820fecb4971c895c58aea2a5f6de87261cae9ebcd,True,7790c00b653464b877e091d0520522cbc957264c115f954759b08cc8b138c2b4,14a2c282b45de44a6d640fc2e6dc1ed04d418f2f10d941f828d9c3c09a4704ad,21913be6e7362a05fc3d02230668db6faf1f4802fd28cdcde0d9b092ef98deab
ptype_14,naturalistic_behavioral,activation,final_token,/root/full_profile_drift_spill,/root/full_profile_drift_spill/activation_outputs/shards/ptype_14/naturalistic_behavioral/final_token.npz,/root/full_profile_drift_spill/activation_outputs/shards/ptype_14/naturalistic_behavioral/final_token.metadata.json,delta_h,"[720, 32, 4096]",float32,101d3e2fe3c9549059bd8d4509ad7d325ec3927c4e328c476cdd3e5ba47b0845,True,7790c00b653464b877e091d0520522cbc957264c115f954759b08cc8b138c2b4,14a2c282b45de44a6d640fc2e6dc1ed04d418f2f10d941f828d9c3c09a4704ad,21913be6e7362a05fc3d02230668db6faf1f4802fd28cdcde0d9b092ef98deab
ptype_14,naturalistic_behavioral,activation,mean_tokens,/root/full_profile_drift_spill,/root/full_profile_drift_spill/activation_outputs/shards/ptype_14/naturalistic_behavioral/mean_tokens.npz,/root/full_profile_drift_spill/activation_outputs/shards/ptype_14/naturalistic_behavioral/mean_tokens.metadata.json,delta_h,"[720, 32, 4096]",float32,8beff3865df57a87575ad7faec67891e0ba98d83823c969b795b0b924afa6c38,True,7790c00b653464b877e091d0520522cbc957264c115f954759b08cc8b138c2b4,14a2c282b45de44a6d640fc2e6dc1ed04d418f2f10d941f828d9c3c09a4704ad,21913be6e7362a05fc3d02230668db6faf1f4802fd28cdcde0d9b092ef98deab
ptype_14,naturalistic_behavioral,final_token_logits,,/root/full_profile_drift_spill,/root/full_profile_drift_spill/logit_outputs/shards/ptype_14/naturalistic_behavioral/final_token_logits.npz,/root/full_profile_drift_spill/logit_outputs/shards/ptype_14/naturalistic_behavioral/final_token_logits.metadata.json,delta_logits,"[720, 128256]",float16,aaa7db98831033a1688a0131ffd1f73881e3506f4d9e55d9e1a59cb2b99762fa,True,7790c00b653464b877e091d0520522cbc957264c115f954759b08cc8b138c2b4,14a2c282b45de44a6d640fc2e6dc1ed04d418f2f10d941f828d9c3c09a4704ad,21913be6e7362a05fc3d02230668db6faf1f4802fd28cdcde0d9b092ef98deab
ptype_14,neutral_controls,activation,final_token,/root/full_profile_drift_spill,/root/full_profile_drift_spill/activation_outputs/shards/ptype_14/neutral_controls/final_token.npz,/root/full_profile_drift_spill/activation_outputs/shards/ptype_14/neutral_controls/final_token.metadata.json,delta_h,"[240, 32, 4096]",float32,56c9cef1e03265c480abc63b00fd8815330bdbc63ab8d78502c0581c106c790c,True,7790c00b653464b877e091d0520522cbc957264c115f954759b08cc8b138c2b4,14a2c282b45de44a6d640fc2e6dc1ed04d418f2f10d941f828d9c3c09a4704ad,21913be6e7362a05fc3d02230668db6faf1f4802fd28cdcde0d9b092ef98deab
ptype_14,neutral_controls,activation,mean_tokens,/root/full_profile_drift_spill,/root/full_profile_drift_spill/activation_outputs/shards/ptype_14/neutral_controls/mean_tokens.npz,/root/full_profile_drift_spill/activation_outputs/shards/ptype_14/neutral_controls/mean_tokens.metadata.json,delta_h,"[240, 32, 4096]",float32,baac908db903988e72624bf5f9581422ad6392d29f4f050cbc0ee6330ddd3c12,True,7790c00b653464b877e091d0520522cbc957264c115f954759b08cc8b138c2b4,14a2c282b45de44a6d640fc2e6dc1ed04d418f2f10d941f828d9c3c09a4704ad,21913be6e7362a05fc3d02230668db6faf1f4802fd28cdcde0d9b092ef98deab
ptype_14,neutral_controls,final_token_logits,,/root/full_profile_drift_spill,/root/full_profile_drift_spill/logit_outputs/shards/ptype_14/neutral_controls/final_token_logits.npz,/root/full_profile_drift_spill/logit_outputs/shards/ptype_14/neutral_controls/final_token_logits.metadata.json,delta_logits,"[240, 128256]",float16,86a9352cac91188dd752716c1f2cf542f797c0ea387019d53de03882b0bfd74a,True,7790c00b653464b877e091d0520522cbc957264c115f954759b08cc8b138c2b4,14a2c282b45de44a6d640fc2e6dc1ed04d418f2f10d941f828d9c3c09a4704ad,21913be6e7362a05fc3d02230668db6faf1f4802fd28cdcde0d9b092ef98deab
ptype_15,ipip_stems,activation,final_token,/root/full_profile_drift_spill,/root/full_profile_drift_spill/activation_outputs/shards/ptype_15/ipip_stems/final_token.npz,/root/full_profile_drift_spill/activation_outputs/shards/ptype_15/ipip_stems/final_token.metadata.json,delta_h,"[120, 32, 4096]",float32,0fb94b2f9e6775d1abd0b10b296674b2544c2bf020d018d7919af2cd334030ed,True,1a301383510cdc66ffd8782d9e0279ecd3a51008d78b538fb4f5695fe779cdfd,14a2c282b45de44a6d640fc2e6dc1ed04d418f2f10d941f828d9c3c09a4704ad,21913be6e7362a05fc3d02230668db6faf1f4802fd28cdcde0d9b092ef98deab
ptype_15,ipip_stems,activation,mean_tokens,/root/full_profile_drift_spill,/root/full_profile_drift_spill/activation_outputs/shards/ptype_15/ipip_stems/mean_tokens.npz,/root/full_profile_drift_spill/activation_outputs/shards/ptype_15/ipip_stems/mean_tokens.metadata.json,delta_h,"[120, 32, 4096]",float32,a1cc3bcc054e9a67e1196d9c6edf988c74ace76926200a93ed950e8afcd4672b,True,1a301383510cdc66ffd8782d9e0279ecd3a51008d78b538fb4f5695fe779cdfd,14a2c282b45de44a6d640fc2e6dc1ed04d418f2f10d941f828d9c3c09a4704ad,21913be6e7362a05fc3d02230668db6faf1f4802fd28cdcde0d9b092ef98deab
ptype_15,ipip_stems,final_token_logits,,/root/full_profile_drift_spill,/root/full_profile_drift_spill/logit_outputs/shards/ptype_15/ipip_stems/final_token_logits.npz,/root/full_profile_drift_spill/logit_outputs/shards/ptype_15/ipip_stems/final_token_logits.metadata.json,delta_logits,"[120, 128256]",float16,88946b4f7764b8876ed102ae979a5f049c619616d526cfe57b5044fde75ab6a0,True,1a301383510cdc66ffd8782d9e0279ecd3a51008d78b538fb4f5695fe779cdfd,14a2c282b45de44a6d640fc2e6dc1ed04d418f2f10d941f828d9c3c09a4704ad,21913be6e7362a05fc3d02230668db6faf1f4802fd28cdcde0d9b092ef98deab
ptype_15,naturalistic_behavioral,activation,final_token,/root/full_profile_drift_spill,/root/full_profile_drift_spill/activation_outputs/shards/ptype_15/naturalistic_behavioral/final_token.npz,/root/full_profile_drift_spill/activation_outputs/shards/ptype_15/naturalistic_behavioral/final_token.metadata.json,delta_h,"[720, 32, 4096]",float32,c044211110734d77d4d8659a411cb40eff9f82e0df66dfb3e00f1ade5ccc3ff2,True,1a301383510cdc66ffd8782d9e0279ecd3a51008d78b538fb4f5695fe779cdfd,14a2c282b45de44a6d640fc2e6dc1ed04d418f2f10d941f828d9c3c09a4704ad,21913be6e7362a05fc3d02230668db6faf1f4802fd28cdcde0d9b092ef98deab
ptype_15,naturalistic_behavioral,activation,mean_tokens,/root/full_profile_drift_spill,/root/full_profile_drift_spill/activation_outputs/shards/ptype_15/naturalistic_behavioral/mean_tokens.npz,/root/full_profile_drift_spill/activation_outputs/shards/ptype_15/naturalistic_behavioral/mean_tokens.metadata.json,delta_h,"[720, 32, 4096]",float32,44d500a1d15944c3d4268d07347d92d3b3f44b35e4eadf99ea0de1ab57a1a136,True,1a301383510cdc66ffd8782d9e0279ecd3a51008d78b538fb4f5695fe779cdfd,14a2c282b45de44a6d640fc2e6dc1ed04d418f2f10d941f828d9c3c09a4704ad,21913be6e7362a05fc3d02230668db6faf1f4802fd28cdcde0d9b092ef98deab
ptype_15,naturalistic_behavioral,final_token_logits,,/root/full_profile_drift_spill,/root/full_profile_drift_spill/logit_outputs/shards/ptype_15/naturalistic_behavioral/final_token_logits.npz,/root/full_profile_drift_spill/logit_outputs/shards/ptype_15/naturalistic_behavioral/final_token_logits.metadata.json,delta_logits,"[720, 128256]",float16,1f04a1290bd23233fc3e7b47444b13f25cc2009e9a5e40172b2e6661bbf6147f,True,1a301383510cdc66ffd8782d9e0279ecd3a51008d78b538fb4f5695fe779cdfd,14a2c282b45de44a6d640fc2e6dc1ed04d418f2f10d941f828d9c3c09a4704ad,21913be6e7362a05fc3d02230668db6faf1f4802fd28cdcde0d9b092ef98deab
ptype_15,neutral_controls,activation,final_token,/root/full_profile_drift_spill,/root/full_profile_drift_spill/activation_outputs/shards/ptype_15/neutral_controls/final_token.npz,/root/full_profile_drift_spill/activation_outputs/shards/ptype_15/neutral_controls/final_token.metadata.json,delta_h,"[240, 32, 4096]",float32,23f82684403ba0f3ed875db65a628eb6e28d23ae73e3d6eb10e7eb20e4bd061b,True,1a301383510cdc66ffd8782d9e0279ecd3a51008d78b538fb4f5695fe779cdfd,14a2c282b45de44a6d640fc2e6dc1ed04d418f2f10d941f828d9c3c09a4704ad,21913be6e7362a05fc3d02230668db6faf1f4802fd28cdcde0d9b092ef98deab
ptype_15,neutral_controls,activation,mean_tokens,/root/full_profile_drift_spill,/root/full_profile_drift_spill/activation_outputs/shards/ptype_15/neutral_controls/mean_tokens.npz,/root/full_profile_drift_spill/activation_outputs/shards/ptype_15/neutral_controls/mean_tokens.metadata.json,delta_h,"[240, 32, 4096]",float32,b6858c2f3a3b782436d12106c41d178d863364757f9848edfc78d41f9435dbcb,True,1a301383510cdc66ffd8782d9e0279ecd3a51008d78b538fb4f5695fe779cdfd,14a2c282b45de44a6d640fc2e6dc1ed04d418f2f10d941f828d9c3c09a4704ad,21913be6e7362a05fc3d02230668db6faf1f4802fd28cdcde0d9b092ef98deab
ptype_15,neutral_controls,final_token_logits,,/root/full_profile_drift_spill,/root/full_profile_drift_spill/logit_outputs/shards/ptype_15/neutral_controls/final_token_logits.npz,/root/full_profile_drift_spill/logit_outputs/shards/ptype_15/neutral_controls/final_token_logits.metadata.json,delta_logits,"[240, 128256]",float16,3946fd3c8fd2fee6f554c9bcfb28409fc00fce3a2b4d8762471d8d8f6f74bd55,True,1a301383510cdc66ffd8782d9e0279ecd3a51008d78b538fb4f5695fe779cdfd,14a2c282b45de44a6d640fc2e6dc1ed04d418f2f10d941f828d9c3c09a4704ad,21913be6e7362a05fc3d02230668db6faf1f4802fd28cdcde0d9b092ef98deab
ptype_16,ipip_stems,activation,final_token,/root/full_profile_drift_spill,/root/full_profile_drift_spill/activation_outputs/shards/ptype_16/ipip_stems/final_token.npz,/root/full_profile_drift_spill/activation_outputs/shards/ptype_16/ipip_stems/final_token.metadata.json,delta_h,"[120, 32, 4096]",float32,b62f6f9a01344e74242a9febadb0d4de70afb7df16d5c107c52aa2becabd99bd,True,28c824e72085ccb507fa58e526c3eb651e18175aea1c42fac8cc24ef2a1d453f,14a2c282b45de44a6d640fc2e6dc1ed04d418f2f10d941f828d9c3c09a4704ad,21913be6e7362a05fc3d02230668db6faf1f4802fd28cdcde0d9b092ef98deab
ptype_16,ipip_stems,activation,mean_tokens,/root/full_profile_drift_spill,/root/full_profile_drift_spill/activation_outputs/shards/ptype_16/ipip_stems/mean_tokens.npz,/root/full_profile_drift_spill/activation_outputs/shards/ptype_16/ipip_stems/mean_tokens.metadata.json,delta_h,"[120, 32, 4096]",float32,a2df356a04227304a2c5c5f738608c062d86aac621c0654be62358a00034d49c,True,28c824e72085ccb507fa58e526c3eb651e18175aea1c42fac8cc24ef2a1d453f,14a2c282b45de44a6d640fc2e6dc1ed04d418f2f10d941f828d9c3c09a4704ad,21913be6e7362a05fc3d02230668db6faf1f4802fd28cdcde0d9b092ef98deab
ptype_16,ipip_stems,final_token_logits,,/root/full_profile_drift_spill,/root/full_profile_drift_spill/logit_outputs/shards/ptype_16/ipip_stems/final_token_logits.npz,/root/full_profile_drift_spill/logit_outputs/shards/ptype_16/ipip_stems/final_token_logits.metadata.json,delta_logits,"[120, 128256]",float16,9cb3edd34f7207e8328064c3813bd21de02e9d7d40bbea5ef7c91db4607bbec3,True,28c824e72085ccb507fa58e526c3eb651e18175aea1c42fac8cc24ef2a1d453f,14a2c282b45de44a6d640fc2e6dc1ed04d418f2f10d941f828d9c3c09a4704ad,21913be6e7362a05fc3d02230668db6faf1f4802fd28cdcde0d9b092ef98deab
ptype_16,naturalistic_behavioral,activation,final_token,/root/full_profile_drift_spill,/root/full_profile_drift_spill/activation_outputs/shards/ptype_16/naturalistic_behavioral/final_token.npz,/root/full_profile_drift_spill/activation_outputs/shards/ptype_16/naturalistic_behavioral/final_token.metadata.json,delta_h,"[720, 32, 4096]",float32,a9f9eaad62b6bdc6d16715e42bc8a00dec874baa410b3a9d91e3aa656e7aeee4,True,28c824e72085ccb507fa58e526c3eb651e18175aea1c42fac8cc24ef2a1d453f,14a2c282b45de44a6d640fc2e6dc1ed04d418f2f10d941f828d9c3c09a4704ad,21913be6e7362a05fc3d02230668db6faf1f4802fd28cdcde0d9b092ef98deab
ptype_16,naturalistic_behavioral,activation,mean_tokens,/root/full_profile_drift_spill,/root/full_profile_drift_spill/activation_outputs/shards/ptype_16/naturalistic_behavioral/mean_tokens.npz,/root/full_profile_drift_spill/activation_outputs/shards/ptype_16/naturalistic_behavioral/mean_tokens.metadata.json,delta_h,"[720, 32, 4096]",float32,4f1d37d24bdf1e8bfc1faaf725193d9a6ba39b094cb0b8598e49035d6904d6b0,True,28c824e72085ccb507fa58e526c3eb651e18175aea1c42fac8cc24ef2a1d453f,14a2c282b45de44a6d640fc2e6dc1ed04d418f2f10d941f828d9c3c09a4704ad,21913be6e7362a05fc3d02230668db6faf1f4802fd28cdcde0d9b092ef98deab
ptype_16,naturalistic_behavioral,final_token_logits,,/root/full_profile_drift_spill,/root/full_profile_drift_spill/logit_outputs/shards/ptype_16/naturalistic_behavioral/final_token_logits.npz,/root/full_profile_drift_spill/logit_outputs/shards/ptype_16/naturalistic_behavioral/final_token_logits.metadata.json,delta_logits,"[720, 128256]",float16,2e8e5c0fd594194e61d8a7464c73d2cbae6a8d97080b625af30333335b202a4d,True,28c824e72085ccb507fa58e526c3eb651e18175aea1c42fac8cc24ef2a1d453f,14a2c282b45de44a6d640fc2e6dc1ed04d418f2f10d941f828d9c3c09a4704ad,21913be6e7362a05fc3d02230668db6faf1f4802fd28cdcde0d9b092ef98deab
ptype_16,neutral_controls,activation,final_token,/root/full_profile_drift_spill,/root/full_profile_drift_spill/activation_outputs/shards/ptype_16/neutral_controls/final_token.npz,/root/full_profile_drift_spill/activation_outputs/shards/ptype_16/neutral_controls/final_token.metadata.json,delta_h,"[240, 32, 4096]",float32,5bbfe2ed692f240067a496f56e836445a082b47e9f2cb5cf384195d3949d3a82,True,28c824e72085ccb507fa58e526c3eb651e18175aea1c42fac8cc24ef2a1d453f,14a2c282b45de44a6d640fc2e6dc1ed04d418f2f10d941f828d9c3c09a4704ad,21913be6e7362a05fc3d02230668db6faf1f4802fd28cdcde0d9b092ef98deab
ptype_16,neutral_controls,activation,mean_tokens,/root/full_profile_drift_spill,/root/full_profile_drift_spill/activation_outputs/shards/ptype_16/neutral_controls/mean_tokens.npz,/root/full_profile_drift_spill/activation_outputs/shards/ptype_16/neutral_controls/mean_tokens.metadata.json,delta_h,"[240, 32, 4096]",float32,3aa632eeb16b3ceeed5a1faa0170873b623b9ab57a06addd8867617b3392988d,True,28c824e72085ccb507fa58e526c3eb651e18175aea1c42fac8cc24ef2a1d453f,14a2c282b45de44a6d640fc2e6dc1ed04d418f2f10d941f828d9c3c09a4704ad,21913be6e7362a05fc3d02230668db6faf1f4802fd28cdcde0d9b092ef98deab
ptype_16,neutral_controls,final_token_logits,,/root/full_profile_drift_spill,/root/full_profile_drift_spill/logit_outputs/shards/ptype_16/neutral_controls/final_token_logits.npz,/root/full_profile_drift_spill/logit_outputs/shards/ptype_16/neutral_controls/final_token_logits.metadata.json,delta_logits,"[240, 128256]",float16,0be8004aba6ee52570f27ba361b79bc69730c520fa31044ee71c2e262cbeb34c,True,28c824e72085ccb507fa58e526c3eb651e18175aea1c42fac8cc24ef2a1d453f,14a2c282b45de44a6d640fc2e6dc1ed04d418f2f10d941f828d9c3c09a4704ad,21913be6e7362a05fc3d02230668db6faf1f4802fd28cdcde0d9b092ef98deab
ptype_17,ipip_stems,activation,final_token,/root/full_profile_drift_spill,/root/full_profile_drift_spill/activation_outputs/shards/ptype_17/ipip_stems/final_token.npz,/root/full_profile_drift_spill/activation_outputs/shards/ptype_17/ipip_stems/final_token.metadata.json,delta_h,"[120, 32, 4096]",float32,b5b527b86788c19646b373f84c343723b073e4545ed24cfb911c8ccedb421e85,True,6824a834ee45bc721b3246624fbe5d14b03bf91f3803068df36ba3570fd3ca02,14a2c282b45de44a6d640fc2e6dc1ed04d418f2f10d941f828d9c3c09a4704ad,21913be6e7362a05fc3d02230668db6faf1f4802fd28cdcde0d9b092ef98deab
ptype_17,ipip_stems,activation,mean_tokens,/root/full_profile_drift_spill,/root/full_profile_drift_spill/activation_outputs/shards/ptype_17/ipip_stems/mean_tokens.npz,/root/full_profile_drift_spill/activation_outputs/shards/ptype_17/ipip_stems/mean_tokens.metadata.json,delta_h,"[120, 32, 4096]",float32,5cf08e3f16c52ebd838eecd1f1f72f51af4da9afa8bfdc2237813dbe6a1f355b,True,6824a834ee45bc721b3246624fbe5d14b03bf91f3803068df36ba3570fd3ca02,14a2c282b45de44a6d640fc2e6dc1ed04d418f2f10d941f828d9c3c09a4704ad,21913be6e7362a05fc3d02230668db6faf1f4802fd28cdcde0d9b092ef98deab
ptype_17,ipip_stems,final_token_logits,,/root/full_profile_drift_spill,/root/full_profile_drift_spill/logit_outputs/shards/ptype_17/ipip_stems/final_token_logits.npz,/root/full_profile_drift_spill/logit_outputs/shards/ptype_17/ipip_stems/final_token_logits.metadata.json,delta_logits,"[120, 128256]",float16,32b21260cb554277398e56829da8c378f0b01825aa5265f13b97e18989d918c0,True,6824a834ee45bc721b3246624fbe5d14b03bf91f3803068df36ba3570fd3ca02,14a2c282b45de44a6d640fc2e6dc1ed04d418f2f10d941f828d9c3c09a4704ad,21913be6e7362a05fc3d02230668db6faf1f4802fd28cdcde0d9b092ef98deab
ptype_17,naturalistic_behavioral,activation,final_token,/root/full_profile_drift_spill,/root/full_profile_drift_spill/activation_outputs/shards/ptype_17/naturalistic_behavioral/final_token.npz,/root/full_profile_drift_spill/activation_outputs/shards/ptype_17/naturalistic_behavioral/final_token.metadata.json,delta_h,"[720, 32, 4096]",float32,95d8125ec861446b7a32a534b6dbc0e36f563d1bd17343fd11fe89107687515e,True,6824a834ee45bc721b3246624fbe5d14b03bf91f3803068df36ba3570fd3ca02,14a2c282b45de44a6d640fc2e6dc1ed04d418f2f10d941f828d9c3c09a4704ad,21913be6e7362a05fc3d02230668db6faf1f4802fd28cdcde0d9b092ef98deab
ptype_17,naturalistic_behavioral,activation,mean_tokens,/root/full_profile_drift_spill,/root/full_profile_drift_spill/activation_outputs/shards/ptype_17/naturalistic_behavioral/mean_tokens.npz,/root/full_profile_drift_spill/activation_outputs/shards/ptype_17/naturalistic_behavioral/mean_tokens.metadata.json,delta_h,"[720, 32, 4096]",float32,271bb3939a259980d3413e6a0bc348f940249d42d73d25ee522f5f1f098af531,True,6824a834ee45bc721b3246624fbe5d14b03bf91f3803068df36ba3570fd3ca02,14a2c282b45de44a6d640fc2e6dc1ed04d418f2f10d941f828d9c3c09a4704ad,21913be6e7362a05fc3d02230668db6faf1f4802fd28cdcde0d9b092ef98deab
ptype_17,naturalistic_behavioral,final_token_logits,,/root/full_profile_drift_spill,/root/full_profile_drift_spill/logit_outputs/shards/ptype_17/naturalistic_behavioral/final_token_logits.npz,/root/full_profile_drift_spill/logit_outputs/shards/ptype_17/naturalistic_behavioral/final_token_logits.metadata.json,delta_logits,"[720, 128256]",float16,5016776e3e404a81b40926072fcf8293aa530a09cd7daff4242d39ddca0c411d,True,6824a834ee45bc721b3246624fbe5d14b03bf91f3803068df36ba3570fd3ca02,14a2c282b45de44a6d640fc2e6dc1ed04d418f2f10d941f828d9c3c09a4704ad,21913be6e7362a05fc3d02230668db6faf1f4802fd28cdcde0d9b092ef98deab
ptype_17,neutral_controls,activation,final_token,/root/full_profile_drift_spill,/root/full_profile_drift_spill/activation_outputs/shards/ptype_17/neutral_controls/final_token.npz,/root/full_profile_drift_spill/activation_outputs/shards/ptype_17/neutral_controls/final_token.metadata.json,delta_h,"[240, 32, 4096]",float32,6b7c24fabbed1ef3159165d466fb94e6205ae9df7952191ff857a573d963770f,True,6824a834ee45bc721b3246624fbe5d14b03bf91f3803068df36ba3570fd3ca02,14a2c282b45de44a6d640fc2e6dc1ed04d418f2f10d941f828d9c3c09a4704ad,21913be6e7362a05fc3d02230668db6faf1f4802fd28cdcde0d9b092ef98deab
ptype_17,neutral_controls,activation,mean_tokens,/root/full_profile_drift_spill,/root/full_profile_drift_spill/activation_outputs/shards/ptype_17/neutral_controls/mean_tokens.npz,/root/full_profile_drift_spill/activation_outputs/shards/ptype_17/neutral_controls/mean_tokens.metadata.json,delta_h,"[240, 32, 4096]",float32,fa34a88e455ed65720f951bd9566d5fd8f784ef7bbe80d32330d564ae38b332b,True,6824a834ee45bc721b3246624fbe5d14b03bf91f3803068df36ba3570fd3ca02,14a2c282b45de44a6d640fc2e6dc1ed04d418f2f10d941f828d9c3c09a4704ad,21913be6e7362a05fc3d02230668db6faf1f4802fd28cdcde0d9b092ef98deab
ptype_17,neutral_controls,final_token_logits,,/root/full_profile_drift_spill,/root/full_profile_drift_spill/logit_outputs/shards/ptype_17/neutral_controls/final_token_logits.npz,/root/full_profile_drift_spill/logit_outputs/shards/ptype_17/neutral_controls/final_token_logits.metadata.json,delta_logits,"[240, 128256]",float16,62a154ec7b05693d26ec32174222ba18025e3ac994994955da4c3cb58117afd5,True,6824a834ee45bc721b3246624fbe5d14b03bf91f3803068df36ba3570fd3ca02,14a2c282b45de44a6d640fc2e6dc1ed04d418f2f10d941f828d9c3c09a4704ad,21913be6e7362a05fc3d02230668db6faf1f4802fd28cdcde0d9b092ef98deab
ptype_18,ipip_stems,activation,final_token,/root/full_profile_drift_spill,/root/full_profile_drift_spill/activation_outputs/shards/ptype_18/ipip_stems/final_token.npz,/root/full_profile_drift_spill/activation_outputs/shards/ptype_18/ipip_stems/final_token.metadata.json,delta_h,"[120, 32, 4096]",float32,819b9c2a09c858f36d1df5bd9d9b46f9c1ae1ac3ce20959a1fc7b2833cfbd38b,True,e0b4e12a5a25c64f83357f9c6c0015477730d05c0828c41532f63189bb311870,14a2c282b45de44a6d640fc2e6dc1ed04d418f2f10d941f828d9c3c09a4704ad,21913be6e7362a05fc3d02230668db6faf1f4802fd28cdcde0d9b092ef98deab
ptype_18,ipip_stems,activation,mean_tokens,/root/full_profile_drift_spill,/root/full_profile_drift_spill/activation_outputs/shards/ptype_18/ipip_stems/mean_tokens.npz,/root/full_profile_drift_spill/activation_outputs/shards/ptype_18/ipip_stems/mean_tokens.metadata.json,delta_h,"[120, 32, 4096]",float32,d9342590b9b47f8de5005c30b36f442153be3556efe41a3b4a21855393d89683,True,e0b4e12a5a25c64f83357f9c6c0015477730d05c0828c41532f63189bb311870,14a2c282b45de44a6d640fc2e6dc1ed04d418f2f10d941f828d9c3c09a4704ad,21913be6e7362a05fc3d02230668db6faf1f4802fd28cdcde0d9b092ef98deab
ptype_18,ipip_stems,final_token_logits,,/root/full_profile_drift_spill,/root/full_profile_drift_spill/logit_outputs/shards/ptype_18/ipip_stems/final_token_logits.npz,/root/full_profile_drift_spill/logit_outputs/shards/ptype_18/ipip_stems/final_token_logits.metadata.json,delta_logits,"[120, 128256]",float16,abfa0a423abea5bfba3ec9179be5ecaf36d66a803bce37e4c4c7b944080ac140,True,e0b4e12a5a25c64f83357f9c6c0015477730d05c0828c41532f63189bb311870,14a2c282b45de44a6d640fc2e6dc1ed04d418f2f10d941f828d9c3c09a4704ad,21913be6e7362a05fc3d02230668db6faf1f4802fd28cdcde0d9b092ef98deab
ptype_18,naturalistic_behavioral,activation,final_token,/root/full_profile_drift_spill,/root/full_profile_drift_spill/activation_outputs/shards/ptype_18/naturalistic_behavioral/final_token.npz,/root/full_profile_drift_spill/activation_outputs/shards/ptype_18/naturalistic_behavioral/final_token.metadata.json,delta_h,"[720, 32, 4096]",float32,965cbd31815377199a23fab195e095c6f59b204aeee34f1ce6b48deaf25e0022,True,e0b4e12a5a25c64f83357f9c6c0015477730d05c0828c41532f63189bb311870,14a2c282b45de44a6d640fc2e6dc1ed04d418f2f10d941f828d9c3c09a4704ad,21913be6e7362a05fc3d02230668db6faf1f4802fd28cdcde0d9b092ef98deab
ptype_18,naturalistic_behavioral,activation,mean_tokens,/root/full_profile_drift_spill,/root/full_profile_drift_spill/activation_outputs/shards/ptype_18/naturalistic_behavioral/mean_tokens.npz,/root/full_profile_drift_spill/activation_outputs/shards/ptype_18/naturalistic_behavioral/mean_tokens.metadata.json,delta_h,"[720, 32, 4096]",float32,19460a8bbffaf7d42905112b5bae4585e46281260ed7a95472d371f2f6234a08,True,e0b4e12a5a25c64f83357f9c6c0015477730d05c0828c41532f63189bb311870,14a2c282b45de44a6d640fc2e6dc1ed04d418f2f10d941f828d9c3c09a4704ad,21913be6e7362a05fc3d02230668db6faf1f4802fd28cdcde0d9b092ef98deab
ptype_18,naturalistic_behavioral,final_token_logits,,/root/full_profile_drift_spill,/root/full_profile_drift_spill/logit_outputs/shards/ptype_18/naturalistic_behavioral/final_token_logits.npz,/root/full_profile_drift_spill/logit_outputs/shards/ptype_18/naturalistic_behavioral/final_token_logits.metadata.json,delta_logits,"[720, 128256]",float16,e74669226bb7fb78af4495a16772412d11ffde96a1d5e2254c23dbbf23fc11db,True,e0b4e12a5a25c64f83357f9c6c0015477730d05c0828c41532f63189bb311870,14a2c282b45de44a6d640fc2e6dc1ed04d418f2f10d941f828d9c3c09a4704ad,21913be6e7362a05fc3d02230668db6faf1f4802fd28cdcde0d9b092ef98deab
ptype_18,neutral_controls,activation,final_token,/root/full_profile_drift_spill,/root/full_profile_drift_spill/activation_outputs/shards/ptype_18/neutral_controls/final_token.npz,/root/full_profile_drift_spill/activation_outputs/shards/ptype_18/neutral_controls/final_token.metadata.json,delta_h,"[240, 32, 4096]",float32,a1d095683f1498f7cc37903d4106950a16395fa7991e1f9e0eb0b64b42bef9a2,True,e0b4e12a5a25c64f83357f9c6c0015477730d05c0828c41532f63189bb311870,14a2c282b45de44a6d640fc2e6dc1ed04d418f2f10d941f828d9c3c09a4704ad,21913be6e7362a05fc3d02230668db6faf1f4802fd28cdcde0d9b092ef98deab
ptype_18,neutral_controls,activation,mean_tokens,/root/full_profile_drift_spill,/root/full_profile_drift_spill/activation_outputs/shards/ptype_18/neutral_controls/mean_tokens.npz,/root/full_profile_drift_spill/activation_outputs/shards/ptype_18/neutral_controls/mean_tokens.metadata.json,delta_h,"[240, 32, 4096]",float32,06ffdde6687e472665542aeca6d892d077d7558b4ea243baebf5bad7e87b9d48,True,e0b4e12a5a25c64f83357f9c6c0015477730d05c0828c41532f63189bb311870,14a2c282b45de44a6d640fc2e6dc1ed04d418f2f10d941f828d9c3c09a4704ad,21913be6e7362a05fc3d02230668db6faf1f4802fd28cdcde0d9b092ef98deab
ptype_18,neutral_controls,final_token_logits,,/root/full_profile_drift_spill,/root/full_profile_drift_spill/logit_outputs/shards/ptype_18/neutral_controls/final_token_logits.npz,/root/full_profile_drift_spill/logit_outputs/shards/ptype_18/neutral_controls/final_token_logits.metadata.json,delta_logits,"[240, 128256]",float16,1b77ed789196011444c322609d313e367133ba702d7be500e6107681ebd9e951,True,e0b4e12a5a25c64f83357f9c6c0015477730d05c0828c41532f63189bb311870,14a2c282b45de44a6d640fc2e6dc1ed04d418f2f10d941f828d9c3c09a4704ad,21913be6e7362a05fc3d02230668db6faf1f4802fd28cdcde0d9b092ef98deab
ptype_19,ipip_stems,activation,final_token,/root/full_profile_drift_spill,/root/full_profile_drift_spill/activation_outputs/shards/ptype_19/ipip_stems/final_token.npz,/root/full_profile_drift_spill/activation_outputs/shards/ptype_19/ipip_stems/final_token.metadata.json,delta_h,"[120, 32, 4096]",float32,c0b82f85051ba10fff80fe36be111e94ac8d7620f38a81d8c1ad7a4b0bf8a845,True,8d6144874502a7ce7f53188833b4169b5a8b275a301abf9f32c82d8a4aea9c72,14a2c282b45de44a6d640fc2e6dc1ed04d418f2f10d941f828d9c3c09a4704ad,21913be6e7362a05fc3d02230668db6faf1f4802fd28cdcde0d9b092ef98deab
ptype_19,ipip_stems,activation,mean_tokens,/root/full_profile_drift_spill,/root/full_profile_drift_spill/activation_outputs/shards/ptype_19/ipip_stems/mean_tokens.npz,/root/full_profile_drift_spill/activation_outputs/shards/ptype_19/ipip_stems/mean_tokens.metadata.json,delta_h,"[120, 32, 4096]",float32,5db6bc338225e732d6236325c212cd3b35d44219db03b748127cce01c2a5b40c,True,8d6144874502a7ce7f53188833b4169b5a8b275a301abf9f32c82d8a4aea9c72,14a2c282b45de44a6d640fc2e6dc1ed04d418f2f10d941f828d9c3c09a4704ad,21913be6e7362a05fc3d02230668db6faf1f4802fd28cdcde0d9b092ef98deab
ptype_19,ipip_stems,final_token_logits,,/root/full_profile_drift_spill,/root/full_profile_drift_spill/logit_outputs/shards/ptype_19/ipip_stems/final_token_logits.npz,/root/full_profile_drift_spill/logit_outputs/shards/ptype_19/ipip_stems/final_token_logits.metadata.json,delta_logits,"[120, 128256]",float16,20d76c92dde3175796fd90c4363e9049d2e78d7ac6149a7d6b3341e82b176232,True,8d6144874502a7ce7f53188833b4169b5a8b275a301abf9f32c82d8a4aea9c72,14a2c282b45de44a6d640fc2e6dc1ed04d418f2f10d941f828d9c3c09a4704ad,21913be6e7362a05fc3d02230668db6faf1f4802fd28cdcde0d9b092ef98deab
ptype_19,naturalistic_behavioral,activation,final_token,/root/full_profile_drift_spill,/root/full_profile_drift_spill/activation_outputs/shards/ptype_19/naturalistic_behavioral/final_token.npz,/root/full_profile_drift_spill/activation_outputs/shards/ptype_19/naturalistic_behavioral/final_token.metadata.json,delta_h,"[720, 32, 4096]",float32,fa74e9c293df087393888655fd0b5fee2b8aa8544d0de6f0d92042305d9a12d7,True,8d6144874502a7ce7f53188833b4169b5a8b275a301abf9f32c82d8a4aea9c72,14a2c282b45de44a6d640fc2e6dc1ed04d418f2f10d941f828d9c3c09a4704ad,21913be6e7362a05fc3d02230668db6faf1f4802fd28cdcde0d9b092ef98deab
ptype_19,naturalistic_behavioral,activation,mean_tokens,/root/full_profile_drift_spill,/root/full_profile_drift_spill/activation_outputs/shards/ptype_19/naturalistic_behavioral/mean_tokens.npz,/root/full_profile_drift_spill/activation_outputs/shards/ptype_19/naturalistic_behavioral/mean_tokens.metadata.json,delta_h,"[720, 32, 4096]",float32,e4b91c00aa872026550e8514b7dfe32293e56605269779f93ab32677e22663d0,True,8d6144874502a7ce7f53188833b4169b5a8b275a301abf9f32c82d8a4aea9c72,14a2c282b45de44a6d640fc2e6dc1ed04d418f2f10d941f828d9c3c09a4704ad,21913be6e7362a05fc3d02230668db6faf1f4802fd28cdcde0d9b092ef98deab
ptype_19,naturalistic_behavioral,final_token_logits,,/root/full_profile_drift_spill,/root/full_profile_drift_spill/logit_outputs/shards/ptype_19/naturalistic_behavioral/final_token_logits.npz,/root/full_profile_drift_spill/logit_outputs/shards/ptype_19/naturalistic_behavioral/final_token_logits.metadata.json,delta_logits,"[720, 128256]",float16,35addd6831c8f33bbee10310b9333f2caa653eb1ab3a2d704b31ddd39f9d984c,True,8d6144874502a7ce7f53188833b4169b5a8b275a301abf9f32c82d8a4aea9c72,14a2c282b45de44a6d640fc2e6dc1ed04d418f2f10d941f828d9c3c09a4704ad,21913be6e7362a05fc3d02230668db6faf1f4802fd28cdcde0d9b092ef98deab
ptype_19,neutral_controls,activation,final_token,/root/full_profile_drift_spill,/root/full_profile_drift_spill/activation_outputs/shards/ptype_19/neutral_controls/final_token.npz,/root/full_profile_drift_spill/activation_outputs/shards/ptype_19/neutral_controls/final_token.metadata.json,delta_h,"[240, 32, 4096]",float32,4b21419548f02e0d6f48254c7dc233b20a8210bb444d935683da7f012786166e,True,8d6144874502a7ce7f53188833b4169b5a8b275a301abf9f32c82d8a4aea9c72,14a2c282b45de44a6d640fc2e6dc1ed04d418f2f10d941f828d9c3c09a4704ad,21913be6e7362a05fc3d02230668db6faf1f4802fd28cdcde0d9b092ef98deab
ptype_19,neutral_controls,activation,mean_tokens,/root/full_profile_drift_spill,/root/full_profile_drift_spill/activation_outputs/shards/ptype_19/neutral_controls/mean_tokens.npz,/root/full_profile_drift_spill/activation_outputs/shards/ptype_19/neutral_controls/mean_tokens.metadata.json,delta_h,"[240, 32, 4096]",float32,515c22f793caf8e5ed7722beb18110b695ebae22b545369b0cfc5a6c0314be11,True,8d6144874502a7ce7f53188833b4169b5a8b275a301abf9f32c82d8a4aea9c72,14a2c282b45de44a6d640fc2e6dc1ed04d418f2f10d941f828d9c3c09a4704ad,21913be6e7362a05fc3d02230668db6faf1f4802fd28cdcde0d9b092ef98deab
ptype_19,neutral_controls,final_token_logits,,/root/full_profile_drift_spill,/root/full_profile_drift_spill/logit_outputs/shards/ptype_19/neutral_controls/final_token_logits.npz,/root/full_profile_drift_spill/logit_outputs/shards/ptype_19/neutral_controls/final_token_logits.metadata.json,delta_logits,"[240, 128256]",float16,8d3f1abcb322e05126a27f184a10772f44d56f91c750f764e26cddc342b5e1a3,True,8d6144874502a7ce7f53188833b4169b5a8b275a301abf9f32c82d8a4aea9c72,14a2c282b45de44a6d640fc2e6dc1ed04d418f2f10d941f828d9c3c09a4704ad,21913be6e7362a05fc3d02230668db6faf1f4802fd28cdcde0d9b092ef98deab
ptype_2,ipip_stems,activation,final_token,/workspace/full_profile_drift_study_v1,/workspace/full_profile_drift_study_v1/activation_outputs/shards/ptype_2/ipip_stems/final_token.npz,/workspace/full_profile_drift_study_v1/activation_outputs/shards/ptype_2/ipip_stems/final_token.metadata.json,delta_h,"[120, 32, 4096]",float32,68641d702241e435f436ef21ea1abc94864ceff91fe21b901a442ed0dd3f663b,True,b0d55bbb8075424d86a944d914277d2c93c5dff08bd0b4bfabf7210dccd7a697,14a2c282b45de44a6d640fc2e6dc1ed04d418f2f10d941f828d9c3c09a4704ad,21913be6e7362a05fc3d02230668db6faf1f4802fd28cdcde0d9b092ef98deab
ptype_2,ipip_stems,activation,mean_tokens,/workspace/full_profile_drift_study_v1,/workspace/full_profile_drift_study_v1/activation_outputs/shards/ptype_2/ipip_stems/mean_tokens.npz,/workspace/full_profile_drift_study_v1/activation_outputs/shards/ptype_2/ipip_stems/mean_tokens.metadata.json,delta_h,"[120, 32, 4096]",float32,091c6f1c4b2e066085eb67daf8a912106226a6ed205571d41fea101cb613e61a,True,b0d55bbb8075424d86a944d914277d2c93c5dff08bd0b4bfabf7210dccd7a697,14a2c282b45de44a6d640fc2e6dc1ed04d418f2f10d941f828d9c3c09a4704ad,21913be6e7362a05fc3d02230668db6faf1f4802fd28cdcde0d9b092ef98deab
ptype_2,ipip_stems,final_token_logits,,/workspace/full_profile_drift_study_v1,/workspace/full_profile_drift_study_v1/logit_outputs/shards/ptype_2/ipip_stems/final_token_logits.npz,/workspace/full_profile_drift_study_v1/logit_outputs/shards/ptype_2/ipip_stems/final_token_logits.metadata.json,delta_logits,"[120, 128256]",float16,0e01cc18365ac60a1d199adfcfe8541529cc6e820ea297f111a67ca755faab40,True,b0d55bbb8075424d86a944d914277d2c93c5dff08bd0b4bfabf7210dccd7a697,14a2c282b45de44a6d640fc2e6dc1ed04d418f2f10d941f828d9c3c09a4704ad,21913be6e7362a05fc3d02230668db6faf1f4802fd28cdcde0d9b092ef98deab
ptype_2,naturalistic_behavioral,activation,final_token,/workspace/full_profile_drift_study_v1,/workspace/full_profile_drift_study_v1/activation_outputs/shards/ptype_2/naturalistic_behavioral/final_token.npz,/workspace/full_profile_drift_study_v1/activation_outputs/shards/ptype_2/naturalistic_behavioral/final_token.metadata.json,delta_h,"[720, 32, 4096]",float32,98b4fd67ffcf2066bf76ca52121c8664b8543b7064657fe6307d2b0226750988,True,b0d55bbb8075424d86a944d914277d2c93c5dff08bd0b4bfabf7210dccd7a697,14a2c282b45de44a6d640fc2e6dc1ed04d418f2f10d941f828d9c3c09a4704ad,21913be6e7362a05fc3d02230668db6faf1f4802fd28cdcde0d9b092ef98deab
ptype_2,naturalistic_behavioral,activation,mean_tokens,/workspace/full_profile_drift_study_v1,/workspace/full_profile_drift_study_v1/activation_outputs/shards/ptype_2/naturalistic_behavioral/mean_tokens.npz,/workspace/full_profile_drift_study_v1/activation_outputs/shards/ptype_2/naturalistic_behavioral/mean_tokens.metadata.json,delta_h,"[720, 32, 4096]",float32,48e60b8e474e1b2c8189e720bbbe8c5af19b8960085994f92d7b0ace46253381,True,b0d55bbb8075424d86a944d914277d2c93c5dff08bd0b4bfabf7210dccd7a697,14a2c282b45de44a6d640fc2e6dc1ed04d418f2f10d941f828d9c3c09a4704ad,21913be6e7362a05fc3d02230668db6faf1f4802fd28cdcde0d9b092ef98deab
ptype_2,naturalistic_behavioral,final_token_logits,,/workspace/full_profile_drift_study_v1,/workspace/full_profile_drift_study_v1/logit_outputs/shards/ptype_2/naturalistic_behavioral/final_token_logits.npz,/workspace/full_profile_drift_study_v1/logit_outputs/shards/ptype_2/naturalistic_behavioral/final_token_logits.metadata.json,delta_logits,"[720, 128256]",float16,e96a6b8e9a81c4031b5c0110ecf91aaa1611e501c33ca2007e9647ddffa3c5ac,True,b0d55bbb8075424d86a944d914277d2c93c5dff08bd0b4bfabf7210dccd7a697,14a2c282b45de44a6d640fc2e6dc1ed04d418f2f10d941f828d9c3c09a4704ad,21913be6e7362a05fc3d02230668db6faf1f4802fd28cdcde0d9b092ef98deab
ptype_2,neutral_controls,activation,final_token,/workspace/full_profile_drift_study_v1,/workspace/full_profile_drift_study_v1/activation_outputs/shards/ptype_2/neutral_controls/final_token.npz,/workspace/full_profile_drift_study_v1/activation_outputs/shards/ptype_2/neutral_controls/final_token.metadata.json,delta_h,"[240, 32, 4096]",float32,b128813387f14c264504563869b2bbc384dbe00fed8ab544251723d99272045f,True,b0d55bbb8075424d86a944d914277d2c93c5dff08bd0b4bfabf7210dccd7a697,14a2c282b45de44a6d640fc2e6dc1ed04d418f2f10d941f828d9c3c09a4704ad,21913be6e7362a05fc3d02230668db6faf1f4802fd28cdcde0d9b092ef98deab
ptype_2,neutral_controls,activation,mean_tokens,/workspace/full_profile_drift_study_v1,/workspace/full_profile_drift_study_v1/activation_outputs/shards/ptype_2/neutral_controls/mean_tokens.npz,/workspace/full_profile_drift_study_v1/activation_outputs/shards/ptype_2/neutral_controls/mean_tokens.metadata.json,delta_h,"[240, 32, 4096]",float32,61a43271f0e775e1b599b07d62236f04171f41b8b3b3c670dc93e37f577b6aa3,True,b0d55bbb8075424d86a944d914277d2c93c5dff08bd0b4bfabf7210dccd7a697,14a2c282b45de44a6d640fc2e6dc1ed04d418f2f10d941f828d9c3c09a4704ad,21913be6e7362a05fc3d02230668db6faf1f4802fd28cdcde0d9b092ef98deab
ptype_2,neutral_controls,final_token_logits,,/workspace/full_profile_drift_study_v1,/workspace/full_profile_drift_study_v1/logit_outputs/shards/ptype_2/neutral_controls/final_token_logits.npz,/workspace/full_profile_drift_study_v1/logit_outputs/shards/ptype_2/neutral_controls/final_token_logits.metadata.json,delta_logits,"[240, 128256]",float16,3ea55621a1f4dd77f8aebe3b34e74ed3e5427971e82c0aca84db328add20eb28,True,b0d55bbb8075424d86a944d914277d2c93c5dff08bd0b4bfabf7210dccd7a697,14a2c282b45de44a6d640fc2e6dc1ed04d418f2f10d941f828d9c3c09a4704ad,21913be6e7362a05fc3d02230668db6faf1f4802fd28cdcde0d9b092ef98deab
ptype_20,ipip_stems,activation,final_token,/root/full_profile_drift_spill,/root/full_profile_drift_spill/activation_outputs/shards/ptype_20/ipip_stems/final_token.npz,/root/full_profile_drift_spill/activation_outputs/shards/ptype_20/ipip_stems/final_token.metadata.json,delta_h,"[120, 32, 4096]",float32,2c4b0d07e71e5b4287e65800832906193bec84e55e4c761e6f7d1fca2719d058,True,8f774acbe6460195f38d2bdb6994a875d213bd6faab7bc86c4989c7c0442b5ff,14a2c282b45de44a6d640fc2e6dc1ed04d418f2f10d941f828d9c3c09a4704ad,21913be6e7362a05fc3d02230668db6faf1f4802fd28cdcde0d9b092ef98deab
ptype_20,ipip_stems,activation,mean_tokens,/root/full_profile_drift_spill,/root/full_profile_drift_spill/activation_outputs/shards/ptype_20/ipip_stems/mean_tokens.npz,/root/full_profile_drift_spill/activation_outputs/shards/ptype_20/ipip_stems/mean_tokens.metadata.json,delta_h,"[120, 32, 4096]",float32,5ac0c5816da612aecef94b73cc263b69ba0acae56e7f3cd7d92a0efdcc86eef6,True,8f774acbe6460195f38d2bdb6994a875d213bd6faab7bc86c4989c7c0442b5ff,14a2c282b45de44a6d640fc2e6dc1ed04d418f2f10d941f828d9c3c09a4704ad,21913be6e7362a05fc3d02230668db6faf1f4802fd28cdcde0d9b092ef98deab
ptype_20,ipip_stems,final_token_logits,,/root/full_profile_drift_spill,/root/full_profile_drift_spill/logit_outputs/shards/ptype_20/ipip_stems/final_token_logits.npz,/root/full_profile_drift_spill/logit_outputs/shards/ptype_20/ipip_stems/final_token_logits.metadata.json,delta_logits,"[120, 128256]",float16,754cafe54295527314cf82641c87895cb6ff737fa215a44e0d4efafa6ab690be,True,8f774acbe6460195f38d2bdb6994a875d213bd6faab7bc86c4989c7c0442b5ff,14a2c282b45de44a6d640fc2e6dc1ed04d418f2f10d941f828d9c3c09a4704ad,21913be6e7362a05fc3d02230668db6faf1f4802fd28cdcde0d9b092ef98deab
ptype_20,naturalistic_behavioral,activation,final_token,/root/full_profile_drift_spill,/root/full_profile_drift_spill/activation_outputs/shards/ptype_20/naturalistic_behavioral/final_token.npz,/root/full_profile_drift_spill/activation_outputs/shards/ptype_20/naturalistic_behavioral/final_token.metadata.json,delta_h,"[720, 32, 4096]",float32,f1f044c190638b80427470f5540bb32c8db77d5722275d415b8760f212693483,True,8f774acbe6460195f38d2bdb6994a875d213bd6faab7bc86c4989c7c0442b5ff,14a2c282b45de44a6d640fc2e6dc1ed04d418f2f10d941f828d9c3c09a4704ad,21913be6e7362a05fc3d02230668db6faf1f4802fd28cdcde0d9b092ef98deab
ptype_20,naturalistic_behavioral,activation,mean_tokens,/root/full_profile_drift_spill,/root/full_profile_drift_spill/activation_outputs/shards/ptype_20/naturalistic_behavioral/mean_tokens.npz,/root/full_profile_drift_spill/activation_outputs/shards/ptype_20/naturalistic_behavioral/mean_tokens.metadata.json,delta_h,"[720, 32, 4096]",float32,13680de102b91d5cf24bf6005ad065b1aadbf5b5250305daa8014c5285f0229e,True,8f774acbe6460195f38d2bdb6994a875d213bd6faab7bc86c4989c7c0442b5ff,14a2c282b45de44a6d640fc2e6dc1ed04d418f2f10d941f828d9c3c09a4704ad,21913be6e7362a05fc3d02230668db6faf1f4802fd28cdcde0d9b092ef98deab
ptype_20,naturalistic_behavioral,final_token_logits,,/root/full_profile_drift_spill,/root/full_profile_drift_spill/logit_outputs/shards/ptype_20/naturalistic_behavioral/final_token_logits.npz,/root/full_profile_drift_spill/logit_outputs/shards/ptype_20/naturalistic_behavioral/final_token_logits.metadata.json,delta_logits,"[720, 128256]",float16,7d550eb916333f0570323e36b50c9b9b796b8b2079cb72b81535b8528f5da93b,True,8f774acbe6460195f38d2bdb6994a875d213bd6faab7bc86c4989c7c0442b5ff,14a2c282b45de44a6d640fc2e6dc1ed04d418f2f10d941f828d9c3c09a4704ad,21913be6e7362a05fc3d02230668db6faf1f4802fd28cdcde0d9b092ef98deab
ptype_20,neutral_controls,activation,final_token,/root/full_profile_drift_spill,/root/full_profile_drift_spill/activation_outputs/shards/ptype_20/neutral_controls/final_token.npz,/root/full_profile_drift_spill/activation_outputs/shards/ptype_20/neutral_controls/final_token.metadata.json,delta_h,"[240, 32, 4096]",float32,c2bfb4b5cc18076f3f0f82ade2a4d8f375ec3ab227e1f02b82b9a1cadcb75d46,True,8f774acbe6460195f38d2bdb6994a875d213bd6faab7bc86c4989c7c0442b5ff,14a2c282b45de44a6d640fc2e6dc1ed04d418f2f10d941f828d9c3c09a4704ad,21913be6e7362a05fc3d02230668db6faf1f4802fd28cdcde0d9b092ef98deab
ptype_20,neutral_controls,activation,mean_tokens,/root/full_profile_drift_spill,/root/full_profile_drift_spill/activation_outputs/shards/ptype_20/neutral_controls/mean_tokens.npz,/root/full_profile_drift_spill/activation_outputs/shards/ptype_20/neutral_controls/mean_tokens.metadata.json,delta_h,"[240, 32, 4096]",float32,38061408ff958fc04ff4e8727ecd5349792dd6bde023bcb744d7deab869f7d9b,True,8f774acbe6460195f38d2bdb6994a875d213bd6faab7bc86c4989c7c0442b5ff,14a2c282b45de44a6d640fc2e6dc1ed04d418f2f10d941f828d9c3c09a4704ad,21913be6e7362a05fc3d02230668db6faf1f4802fd28cdcde0d9b092ef98deab
ptype_20,neutral_controls,final_token_logits,,/root/full_profile_drift_spill,/root/full_profile_drift_spill/logit_outputs/shards/ptype_20/neutral_controls/final_token_logits.npz,/root/full_profile_drift_spill/logit_outputs/shards/ptype_20/neutral_controls/final_token_logits.metadata.json,delta_logits,"[240, 128256]",float16,f46910f26e87a72d6d416df2b8ef87904acb402811690b9f76163dd40b73fcc9,True,8f774acbe6460195f38d2bdb6994a875d213bd6faab7bc86c4989c7c0442b5ff,14a2c282b45de44a6d640fc2e6dc1ed04d418f2f10d941f828d9c3c09a4704ad,21913be6e7362a05fc3d02230668db6faf1f4802fd28cdcde0d9b092ef98deab
ptype_21,ipip_stems,activation,final_token,/root/full_profile_drift_spill,/root/full_profile_drift_spill/activation_outputs/shards/ptype_21/ipip_stems/final_token.npz,/root/full_profile_drift_spill/activation_outputs/shards/ptype_21/ipip_stems/final_token.metadata.json,delta_h,"[120, 32, 4096]",float32,a21213f50c6ccb99b4ac76ce46620aaa3c1e13266bb80ea546a52d4343262a44,True,c8fae57c8b946ec6c17be7786e4541eed71ecc9447c069db274eca23a7d64d4d,14a2c282b45de44a6d640fc2e6dc1ed04d418f2f10d941f828d9c3c09a4704ad,21913be6e7362a05fc3d02230668db6faf1f4802fd28cdcde0d9b092ef98deab
ptype_21,ipip_stems,activation,mean_tokens,/root/full_profile_drift_spill,/root/full_profile_drift_spill/activation_outputs/shards/ptype_21/ipip_stems/mean_tokens.npz,/root/full_profile_drift_spill/activation_outputs/shards/ptype_21/ipip_stems/mean_tokens.metadata.json,delta_h,"[120, 32, 4096]",float32,a10531eb241ca852abd66ab9a02ff8b952cac873fe33e0fe51fcea2a9104aaf0,True,c8fae57c8b946ec6c17be7786e4541eed71ecc9447c069db274eca23a7d64d4d,14a2c282b45de44a6d640fc2e6dc1ed04d418f2f10d941f828d9c3c09a4704ad,21913be6e7362a05fc3d02230668db6faf1f4802fd28cdcde0d9b092ef98deab
ptype_21,ipip_stems,final_token_logits,,/root/full_profile_drift_spill,/root/full_profile_drift_spill/logit_outputs/shards/ptype_21/ipip_stems/final_token_logits.npz,/root/full_profile_drift_spill/logit_outputs/shards/ptype_21/ipip_stems/final_token_logits.metadata.json,delta_logits,"[120, 128256]",float16,605b732b8d841db701898d454ca225a191afa9debbf04cd5f36f55b20961c68b,True,c8fae57c8b946ec6c17be7786e4541eed71ecc9447c069db274eca23a7d64d4d,14a2c282b45de44a6d640fc2e6dc1ed04d418f2f10d941f828d9c3c09a4704ad,21913be6e7362a05fc3d02230668db6faf1f4802fd28cdcde0d9b092ef98deab
ptype_21,naturalistic_behavioral,activation,final_token,/root/full_profile_drift_spill,/root/full_profile_drift_spill/activation_outputs/shards/ptype_21/naturalistic_behavioral/final_token.npz,/root/full_profile_drift_spill/activation_outputs/shards/ptype_21/naturalistic_behavioral/final_token.metadata.json,delta_h,"[720, 32, 4096]",float32,b88d94f96862a1cf39b98322f669bff2f321cda9ef038e60079319a1124bb1c0,True,c8fae57c8b946ec6c17be7786e4541eed71ecc9447c069db274eca23a7d64d4d,14a2c282b45de44a6d640fc2e6dc1ed04d418f2f10d941f828d9c3c09a4704ad,21913be6e7362a05fc3d02230668db6faf1f4802fd28cdcde0d9b092ef98deab
ptype_21,naturalistic_behavioral,activation,mean_tokens,/root/full_profile_drift_spill,/root/full_profile_drift_spill/activation_outputs/shards/ptype_21/naturalistic_behavioral/mean_tokens.npz,/root/full_profile_drift_spill/activation_outputs/shards/ptype_21/naturalistic_behavioral/mean_tokens.metadata.json,delta_h,"[720, 32, 4096]",float32,c60dc320aa47e0ccb86e031b064c9ff581b8e0eb105a205980e49c8c8db05e0e,True,c8fae57c8b946ec6c17be7786e4541eed71ecc9447c069db274eca23a7d64d4d,14a2c282b45de44a6d640fc2e6dc1ed04d418f2f10d941f828d9c3c09a4704ad,21913be6e7362a05fc3d02230668db6faf1f4802fd28cdcde0d9b092ef98deab
ptype_21,naturalistic_behavioral,final_token_logits,,/root/full_profile_drift_spill,/root/full_profile_drift_spill/logit_outputs/shards/ptype_21/naturalistic_behavioral/final_token_logits.npz,/root/full_profile_drift_spill/logit_outputs/shards/ptype_21/naturalistic_behavioral/final_token_logits.metadata.json,delta_logits,"[720, 128256]",float16,9d6cc18226e5e894e1d002f4bf6f8ac8f24c110976c424e5bf5f8466c31830a0,True,c8fae57c8b946ec6c17be7786e4541eed71ecc9447c069db274eca23a7d64d4d,14a2c282b45de44a6d640fc2e6dc1ed04d418f2f10d941f828d9c3c09a4704ad,21913be6e7362a05fc3d02230668db6faf1f4802fd28cdcde0d9b092ef98deab
ptype_21,neutral_controls,activation,final_token,/root/full_profile_drift_spill,/root/full_profile_drift_spill/activation_outputs/shards/ptype_21/neutral_controls/final_token.npz,/root/full_profile_drift_spill/activation_outputs/shards/ptype_21/neutral_controls/final_token.metadata.json,delta_h,"[240, 32, 4096]",float32,339f263f478f6b3793f5ab6e14eef6d10762603fadc071a974224d5569daf486,True,c8fae57c8b946ec6c17be7786e4541eed71ecc9447c069db274eca23a7d64d4d,14a2c282b45de44a6d640fc2e6dc1ed04d418f2f10d941f828d9c3c09a4704ad,21913be6e7362a05fc3d02230668db6faf1f4802fd28cdcde0d9b092ef98deab
ptype_21,neutral_controls,activation,mean_tokens,/root/full_profile_drift_spill,/root/full_profile_drift_spill/activation_outputs/shards/ptype_21/neutral_controls/mean_tokens.npz,/root/full_profile_drift_spill/activation_outputs/shards/ptype_21/neutral_controls/mean_tokens.metadata.json,delta_h,"[240, 32, 4096]",float32,e2b215f3e7a8158ea149d319473c2bba655dd942f75d85490302ec692d18ec29,True,c8fae57c8b946ec6c17be7786e4541eed71ecc9447c069db274eca23a7d64d4d,14a2c282b45de44a6d640fc2e6dc1ed04d418f2f10d941f828d9c3c09a4704ad,21913be6e7362a05fc3d02230668db6faf1f4802fd28cdcde0d9b092ef98deab
ptype_21,neutral_controls,final_token_logits,,/root/full_profile_drift_spill,/root/full_profile_drift_spill/logit_outputs/shards/ptype_21/neutral_controls/final_token_logits.npz,/root/full_profile_drift_spill/logit_outputs/shards/ptype_21/neutral_controls/final_token_logits.metadata.json,delta_logits,"[240, 128256]",float16,8843f72c45f2964ce14bf96efd0ce4ce089baa56bf3ffd0047528d6168929307,True,c8fae57c8b946ec6c17be7786e4541eed71ecc9447c069db274eca23a7d64d4d,14a2c282b45de44a6d640fc2e6dc1ed04d418f2f10d941f828d9c3c09a4704ad,21913be6e7362a05fc3d02230668db6faf1f4802fd28cdcde0d9b092ef98deab
ptype_22,ipip_stems,activation,final_token,/root/full_profile_drift_spill,/root/full_profile_drift_spill/activation_outputs/shards/ptype_22/ipip_stems/final_token.npz,/root/full_profile_drift_spill/activation_outputs/shards/ptype_22/ipip_stems/final_token.metadata.json,delta_h,"[120, 32, 4096]",float32,05d51402e1f9945118182cb012674552c336b66b8d4f976dfed52837507ebece,True,8fc8c40add577c502a965ed63f805b7d8f273d4f35f0f56153f6a1b42584b244,14a2c282b45de44a6d640fc2e6dc1ed04d418f2f10d941f828d9c3c09a4704ad,21913be6e7362a05fc3d02230668db6faf1f4802fd28cdcde0d9b092ef98deab
ptype_22,ipip_stems,activation,mean_tokens,/root/full_profile_drift_spill,/root/full_profile_drift_spill/activation_outputs/shards/ptype_22/ipip_stems/mean_tokens.npz,/root/full_profile_drift_spill/activation_outputs/shards/ptype_22/ipip_stems/mean_tokens.metadata.json,delta_h,"[120, 32, 4096]",float32,ebfd703b8c9fa0677dd724c79296d154d65ca5b496b8e8cb541f4e31ebbe73b6,True,8fc8c40add577c502a965ed63f805b7d8f273d4f35f0f56153f6a1b42584b244,14a2c282b45de44a6d640fc2e6dc1ed04d418f2f10d941f828d9c3c09a4704ad,21913be6e7362a05fc3d02230668db6faf1f4802fd28cdcde0d9b092ef98deab
ptype_22,ipip_stems,final_token_logits,,/root/full_profile_drift_spill,/root/full_profile_drift_spill/logit_outputs/shards/ptype_22/ipip_stems/final_token_logits.npz,/root/full_profile_drift_spill/logit_outputs/shards/ptype_22/ipip_stems/final_token_logits.metadata.json,delta_logits,"[120, 128256]",float16,e7556447582d90c9fc70b0156e6ad67d2073c08cec637d9b876b47e80349f34e,True,8fc8c40add577c502a965ed63f805b7d8f273d4f35f0f56153f6a1b42584b244,14a2c282b45de44a6d640fc2e6dc1ed04d418f2f10d941f828d9c3c09a4704ad,21913be6e7362a05fc3d02230668db6faf1f4802fd28cdcde0d9b092ef98deab
ptype_22,naturalistic_behavioral,activation,final_token,/root/full_profile_drift_spill,/root/full_profile_drift_spill/activation_outputs/shards/ptype_22/naturalistic_behavioral/final_token.npz,/root/full_profile_drift_spill/activation_outputs/shards/ptype_22/naturalistic_behavioral/final_token.metadata.json,delta_h,"[720, 32, 4096]",float32,ad55b99f1b4edfe2c8053938c67591be3a436d28199325d36fe5ad261f0983e1,True,8fc8c40add577c502a965ed63f805b7d8f273d4f35f0f56153f6a1b42584b244,14a2c282b45de44a6d640fc2e6dc1ed04d418f2f10d941f828d9c3c09a4704ad,21913be6e7362a05fc3d02230668db6faf1f4802fd28cdcde0d9b092ef98deab
ptype_22,naturalistic_behavioral,activation,mean_tokens,/root/full_profile_drift_spill,/root/full_profile_drift_spill/activation_outputs/shards/ptype_22/naturalistic_behavioral/mean_tokens.npz,/root/full_profile_drift_spill/activation_outputs/shards/ptype_22/naturalistic_behavioral/mean_tokens.metadata.json,delta_h,"[720, 32, 4096]",float32,d4b2ed24e89b494f509d737a74d3a1af39bca163d0e16cfa427b7a85eac278c7,True,8fc8c40add577c502a965ed63f805b7d8f273d4f35f0f56153f6a1b42584b244,14a2c282b45de44a6d640fc2e6dc1ed04d418f2f10d941f828d9c3c09a4704ad,21913be6e7362a05fc3d02230668db6faf1f4802fd28cdcde0d9b092ef98deab
ptype_22,naturalistic_behavioral,final_token_logits,,/root/full_profile_drift_spill,/root/full_profile_drift_spill/logit_outputs/shards/ptype_22/naturalistic_behavioral/final_token_logits.npz,/root/full_profile_drift_spill/logit_outputs/shards/ptype_22/naturalistic_behavioral/final_token_logits.metadata.json,delta_logits,"[720, 128256]",float16,5a068d20b6ce34ea37e32896950feca8c19b9cb4c6be61f5cc2b334eec7f571d,True,8fc8c40add577c502a965ed63f805b7d8f273d4f35f0f56153f6a1b42584b244,14a2c282b45de44a6d640fc2e6dc1ed04d418f2f10d941f828d9c3c09a4704ad,21913be6e7362a05fc3d02230668db6faf1f4802fd28cdcde0d9b092ef98deab
ptype_22,neutral_controls,activation,final_token,/root/full_profile_drift_spill,/root/full_profile_drift_spill/activation_outputs/shards/ptype_22/neutral_controls/final_token.npz,/root/full_profile_drift_spill/activation_outputs/shards/ptype_22/neutral_controls/final_token.metadata.json,delta_h,"[240, 32, 4096]",float32,26f2470349428c12a9814848b8b91ff8d2dbb763c48c1803578b786dc36671de,True,8fc8c40add577c502a965ed63f805b7d8f273d4f35f0f56153f6a1b42584b244,14a2c282b45de44a6d640fc2e6dc1ed04d418f2f10d941f828d9c3c09a4704ad,21913be6e7362a05fc3d02230668db6faf1f4802fd28cdcde0d9b092ef98deab
ptype_22,neutral_controls,activation,mean_tokens,/root/full_profile_drift_spill,/root/full_profile_drift_spill/activation_outputs/shards/ptype_22/neutral_controls/mean_tokens.npz,/root/full_profile_drift_spill/activation_outputs/shards/ptype_22/neutral_controls/mean_tokens.metadata.json,delta_h,"[240, 32, 4096]",float32,23f6fec2820c901c37546644651e88d250310ffd53511e9b4c4ca104ebe0ae03,True,8fc8c40add577c502a965ed63f805b7d8f273d4f35f0f56153f6a1b42584b244,14a2c282b45de44a6d640fc2e6dc1ed04d418f2f10d941f828d9c3c09a4704ad,21913be6e7362a05fc3d02230668db6faf1f4802fd28cdcde0d9b092ef98deab
ptype_22,neutral_controls,final_token_logits,,/root/full_profile_drift_spill,/root/full_profile_drift_spill/logit_outputs/shards/ptype_22/neutral_controls/final_token_logits.npz,/root/full_profile_drift_spill/logit_outputs/shards/ptype_22/neutral_controls/final_token_logits.metadata.json,delta_logits,"[240, 128256]",float16,b0efebf08a6d263a13be25ffd043efd0cf33ff841e8493c71fbfb3651d684e36,True,8fc8c40add577c502a965ed63f805b7d8f273d4f35f0f56153f6a1b42584b244,14a2c282b45de44a6d640fc2e6dc1ed04d418f2f10d941f828d9c3c09a4704ad,21913be6e7362a05fc3d02230668db6faf1f4802fd28cdcde0d9b092ef98deab
ptype_23,ipip_stems,activation,final_token,/root/full_profile_drift_spill,/root/full_profile_drift_spill/activation_outputs/shards/ptype_23/ipip_stems/final_token.npz,/root/full_profile_drift_spill/activation_outputs/shards/ptype_23/ipip_stems/final_token.metadata.json,delta_h,"[120, 32, 4096]",float32,6630fe70f87ea86a2dc76c539e908d298c374986beb3b5580cdc9fdd6a468545,True,4e8043f301afe136ef1bd390d9e84d7635efeacc51dc28b6db359f6d6d9c5aed,14a2c282b45de44a6d640fc2e6dc1ed04d418f2f10d941f828d9c3c09a4704ad,21913be6e7362a05fc3d02230668db6faf1f4802fd28cdcde0d9b092ef98deab
ptype_23,ipip_stems,activation,mean_tokens,/root/full_profile_drift_spill,/root/full_profile_drift_spill/activation_outputs/shards/ptype_23/ipip_stems/mean_tokens.npz,/root/full_profile_drift_spill/activation_outputs/shards/ptype_23/ipip_stems/mean_tokens.metadata.json,delta_h,"[120, 32, 4096]",float32,ee08e417a34d06dba38aed8940d23ea7c72e17e83caff41f4a492fcfd10619c5,True,4e8043f301afe136ef1bd390d9e84d7635efeacc51dc28b6db359f6d6d9c5aed,14a2c282b45de44a6d640fc2e6dc1ed04d418f2f10d941f828d9c3c09a4704ad,21913be6e7362a05fc3d02230668db6faf1f4802fd28cdcde0d9b092ef98deab
ptype_23,ipip_stems,final_token_logits,,/root/full_profile_drift_spill,/root/full_profile_drift_spill/logit_outputs/shards/ptype_23/ipip_stems/final_token_logits.npz,/root/full_profile_drift_spill/logit_outputs/shards/ptype_23/ipip_stems/final_token_logits.metadata.json,delta_logits,"[120, 128256]",float16,575941b39aa3d5793baec2fb8255b2672904c6f51b523d33915d13962c971d63,True,4e8043f301afe136ef1bd390d9e84d7635efeacc51dc28b6db359f6d6d9c5aed,14a2c282b45de44a6d640fc2e6dc1ed04d418f2f10d941f828d9c3c09a4704ad,21913be6e7362a05fc3d02230668db6faf1f4802fd28cdcde0d9b092ef98deab
ptype_23,naturalistic_behavioral,activation,final_token,/root/full_profile_drift_spill,/root/full_profile_drift_spill/activation_outputs/shards/ptype_23/naturalistic_behavioral/final_token.npz,/root/full_profile_drift_spill/activation_outputs/shards/ptype_23/naturalistic_behavioral/final_token.metadata.json,delta_h,"[720, 32, 4096]",float32,bae63a7b71769cbae57b27c93412650d0d86927b76908a2de1aafcb5d5bb4d1c,True,4e8043f301afe136ef1bd390d9e84d7635efeacc51dc28b6db359f6d6d9c5aed,14a2c282b45de44a6d640fc2e6dc1ed04d418f2f10d941f828d9c3c09a4704ad,21913be6e7362a05fc3d02230668db6faf1f4802fd28cdcde0d9b092ef98deab
ptype_23,naturalistic_behavioral,activation,mean_tokens,/root/full_profile_drift_spill,/root/full_profile_drift_spill/activation_outputs/shards/ptype_23/naturalistic_behavioral/mean_tokens.npz,/root/full_profile_drift_spill/activation_outputs/shards/ptype_23/naturalistic_behavioral/mean_tokens.metadata.json,delta_h,"[720, 32, 4096]",float32,7f175e0b8b2b682a8b26186a420ea32949e5a87c22e1bd2c8335e75b0341b188,True,4e8043f301afe136ef1bd390d9e84d7635efeacc51dc28b6db359f6d6d9c5aed,14a2c282b45de44a6d640fc2e6dc1ed04d418f2f10d941f828d9c3c09a4704ad,21913be6e7362a05fc3d02230668db6faf1f4802fd28cdcde0d9b092ef98deab
ptype_23,naturalistic_behavioral,final_token_logits,,/root/full_profile_drift_spill,/root/full_profile_drift_spill/logit_outputs/shards/ptype_23/naturalistic_behavioral/final_token_logits.npz,/root/full_profile_drift_spill/logit_outputs/shards/ptype_23/naturalistic_behavioral/final_token_logits.metadata.json,delta_logits,"[720, 128256]",float16,2e1fad0d227ee1daa875271af4f6064ad046f894e49a12b03ef2ff6b1b796e1a,True,4e8043f301afe136ef1bd390d9e84d7635efeacc51dc28b6db359f6d6d9c5aed,14a2c282b45de44a6d640fc2e6dc1ed04d418f2f10d941f828d9c3c09a4704ad,21913be6e7362a05fc3d02230668db6faf1f4802fd28cdcde0d9b092ef98deab
ptype_23,neutral_controls,activation,final_token,/root/full_profile_drift_spill,/root/full_profile_drift_spill/activation_outputs/shards/ptype_23/neutral_controls/final_token.npz,/root/full_profile_drift_spill/activation_outputs/shards/ptype_23/neutral_controls/final_token.metadata.json,delta_h,"[240, 32, 4096]",float32,dea6e7dad5d8ffec9d72b72d42247bc19e3ee49a7a2a43e2daacf1091d3dbd4d,True,4e8043f301afe136ef1bd390d9e84d7635efeacc51dc28b6db359f6d6d9c5aed,14a2c282b45de44a6d640fc2e6dc1ed04d418f2f10d941f828d9c3c09a4704ad,21913be6e7362a05fc3d02230668db6faf1f4802fd28cdcde0d9b092ef98deab
ptype_23,neutral_controls,activation,mean_tokens,/root/full_profile_drift_spill,/root/full_profile_drift_spill/activation_outputs/shards/ptype_23/neutral_controls/mean_tokens.npz,/root/full_profile_drift_spill/activation_outputs/shards/ptype_23/neutral_controls/mean_tokens.metadata.json,delta_h,"[240, 32, 4096]",float32,b255c168bc117cddbf44478d9d49682e9c8f451c348921ca477fe20010b855b3,True,4e8043f301afe136ef1bd390d9e84d7635efeacc51dc28b6db359f6d6d9c5aed,14a2c282b45de44a6d640fc2e6dc1ed04d418f2f10d941f828d9c3c09a4704ad,21913be6e7362a05fc3d02230668db6faf1f4802fd28cdcde0d9b092ef98deab
ptype_23,neutral_controls,final_token_logits,,/root/full_profile_drift_spill,/root/full_profile_drift_spill/logit_outputs/shards/ptype_23/neutral_controls/final_token_logits.npz,/root/full_profile_drift_spill/logit_outputs/shards/ptype_23/neutral_controls/final_token_logits.metadata.json,delta_logits,"[240, 128256]",float16,88a1aa3479b24401d9f8b5454d488ebdcf8af17eae9a8d9449fa3ab452ad499e,True,4e8043f301afe136ef1bd390d9e84d7635efeacc51dc28b6db359f6d6d9c5aed,14a2c282b45de44a6d640fc2e6dc1ed04d418f2f10d941f828d9c3c09a4704ad,21913be6e7362a05fc3d02230668db6faf1f4802fd28cdcde0d9b092ef98deab
ptype_24,ipip_stems,activation,final_token,/root/full_profile_drift_spill,/root/full_profile_drift_spill/activation_outputs/shards/ptype_24/ipip_stems/final_token.npz,/root/full_profile_drift_spill/activation_outputs/shards/ptype_24/ipip_stems/final_token.metadata.json,delta_h,"[120, 32, 4096]",float32,369b716ce66e50f4b6036ad59441cb9aae8839c02522f3e8195916df68eaddbc,True,5677c0a461fcb28c0e5434a3f74066fbdc65351b39c71995fb53853267914f6c,14a2c282b45de44a6d640fc2e6dc1ed04d418f2f10d941f828d9c3c09a4704ad,21913be6e7362a05fc3d02230668db6faf1f4802fd28cdcde0d9b092ef98deab
ptype_24,ipip_stems,activation,mean_tokens,/root/full_profile_drift_spill,/root/full_profile_drift_spill/activation_outputs/shards/ptype_24/ipip_stems/mean_tokens.npz,/root/full_profile_drift_spill/activation_outputs/shards/ptype_24/ipip_stems/mean_tokens.metadata.json,delta_h,"[120, 32, 4096]",float32,821a1200c6dc32898c6d895aeaeeb7c3d1e23c9bb8e2b6b3d19039e4f3cf9a37,True,5677c0a461fcb28c0e5434a3f74066fbdc65351b39c71995fb53853267914f6c,14a2c282b45de44a6d640fc2e6dc1ed04d418f2f10d941f828d9c3c09a4704ad,21913be6e7362a05fc3d02230668db6faf1f4802fd28cdcde0d9b092ef98deab
ptype_24,ipip_stems,final_token_logits,,/root/full_profile_drift_spill,/root/full_profile_drift_spill/logit_outputs/shards/ptype_24/ipip_stems/final_token_logits.npz,/root/full_profile_drift_spill/logit_outputs/shards/ptype_24/ipip_stems/final_token_logits.metadata.json,delta_logits,"[120, 128256]",float16,858498f0a0c1972ec0e1b9c938fd82e3614147a3b8b2c0e22003998a640de8f6,True,5677c0a461fcb28c0e5434a3f74066fbdc65351b39c71995fb53853267914f6c,14a2c282b45de44a6d640fc2e6dc1ed04d418f2f10d941f828d9c3c09a4704ad,21913be6e7362a05fc3d02230668db6faf1f4802fd28cdcde0d9b092ef98deab
ptype_24,naturalistic_behavioral,activation,final_token,/root/full_profile_drift_spill,/root/full_profile_drift_spill/activation_outputs/shards/ptype_24/naturalistic_behavioral/final_token.npz,/root/full_profile_drift_spill/activation_outputs/shards/ptype_24/naturalistic_behavioral/final_token.metadata.json,delta_h,"[720, 32, 4096]",float32,436ce42cda8b3b8af31c5b8b8f5d69e79fe4bc3275394904da14a35c82fcfcb7,True,5677c0a461fcb28c0e5434a3f74066fbdc65351b39c71995fb53853267914f6c,14a2c282b45de44a6d640fc2e6dc1ed04d418f2f10d941f828d9c3c09a4704ad,21913be6e7362a05fc3d02230668db6faf1f4802fd28cdcde0d9b092ef98deab
ptype_24,naturalistic_behavioral,activation,mean_tokens,/root/full_profile_drift_spill,/root/full_profile_drift_spill/activation_outputs/shards/ptype_24/naturalistic_behavioral/mean_tokens.npz,/root/full_profile_drift_spill/activation_outputs/shards/ptype_24/naturalistic_behavioral/mean_tokens.metadata.json,delta_h,"[720, 32, 4096]",float32,b58e8c871f64f03f36ef9730d03352f815fd808f0eda02a32890544ca68d4398,True,5677c0a461fcb28c0e5434a3f74066fbdc65351b39c71995fb53853267914f6c,14a2c282b45de44a6d640fc2e6dc1ed04d418f2f10d941f828d9c3c09a4704ad,21913be6e7362a05fc3d02230668db6faf1f4802fd28cdcde0d9b092ef98deab
ptype_24,naturalistic_behavioral,final_token_logits,,/root/full_profile_drift_spill,/root/full_profile_drift_spill/logit_outputs/shards/ptype_24/naturalistic_behavioral/final_token_logits.npz,/root/full_profile_drift_spill/logit_outputs/shards/ptype_24/naturalistic_behavioral/final_token_logits.metadata.json,delta_logits,"[720, 128256]",float16,2e0b29fea3a22d8b57ad9bde4a3a9b8164f9b195c5a87abb21fb0a6f7699c0c7,True,5677c0a461fcb28c0e5434a3f74066fbdc65351b39c71995fb53853267914f6c,14a2c282b45de44a6d640fc2e6dc1ed04d418f2f10d941f828d9c3c09a4704ad,21913be6e7362a05fc3d02230668db6faf1f4802fd28cdcde0d9b092ef98deab
ptype_24,neutral_controls,activation,final_token,/root/full_profile_drift_spill,/root/full_profile_drift_spill/activation_outputs/shards/ptype_24/neutral_controls/final_token.npz,/root/full_profile_drift_spill/activation_outputs/shards/ptype_24/neutral_controls/final_token.metadata.json,delta_h,"[240, 32, 4096]",float32,9b4349886f851f28af9b3fb5e3ad2a1e418c51c5849d1d292f64b7b49eb47215,True,5677c0a461fcb28c0e5434a3f74066fbdc65351b39c71995fb53853267914f6c,14a2c282b45de44a6d640fc2e6dc1ed04d418f2f10d941f828d9c3c09a4704ad,21913be6e7362a05fc3d02230668db6faf1f4802fd28cdcde0d9b092ef98deab
ptype_24,neutral_controls,activation,mean_tokens,/root/full_profile_drift_spill,/root/full_profile_drift_spill/activation_outputs/shards/ptype_24/neutral_controls/mean_tokens.npz,/root/full_profile_drift_spill/activation_outputs/shards/ptype_24/neutral_controls/mean_tokens.metadata.json,delta_h,"[240, 32, 4096]",float32,f54ef6410a4604d96cd6295027b6f45494bd7921a1b2ebe745a3bbacd2ed5d8f,True,5677c0a461fcb28c0e5434a3f74066fbdc65351b39c71995fb53853267914f6c,14a2c282b45de44a6d640fc2e6dc1ed04d418f2f10d941f828d9c3c09a4704ad,21913be6e7362a05fc3d02230668db6faf1f4802fd28cdcde0d9b092ef98deab
ptype_24,neutral_controls,final_token_logits,,/root/full_profile_drift_spill,/root/full_profile_drift_spill/logit_outputs/shards/ptype_24/neutral_controls/final_token_logits.npz,/root/full_profile_drift_spill/logit_outputs/shards/ptype_24/neutral_controls/final_token_logits.metadata.json,delta_logits,"[240, 128256]",float16,c96663821dbcc693fe3fb93b96dcd9eac15b89353cb56b580484213a7165db5c,True,5677c0a461fcb28c0e5434a3f74066fbdc65351b39c71995fb53853267914f6c,14a2c282b45de44a6d640fc2e6dc1ed04d418f2f10d941f828d9c3c09a4704ad,21913be6e7362a05fc3d02230668db6faf1f4802fd28cdcde0d9b092ef98deab
ptype_25,ipip_stems,activation,final_token,/root/full_profile_drift_spill,/root/full_profile_drift_spill/activation_outputs/shards/ptype_25/ipip_stems/final_token.npz,/root/full_profile_drift_spill/activation_outputs/shards/ptype_25/ipip_stems/final_token.metadata.json,delta_h,"[120, 32, 4096]",float32,1d319aca7320d6c24cc050a68301e633cb37f6434cd034fc955bb3fa9bc23230,True,87577a93a004561d43f16de255242f21612aacefff77d8525966886d888fdcf4,14a2c282b45de44a6d640fc2e6dc1ed04d418f2f10d941f828d9c3c09a4704ad,21913be6e7362a05fc3d02230668db6faf1f4802fd28cdcde0d9b092ef98deab
ptype_25,ipip_stems,activation,mean_tokens,/root/full_profile_drift_spill,/root/full_profile_drift_spill/activation_outputs/shards/ptype_25/ipip_stems/mean_tokens.npz,/root/full_profile_drift_spill/activation_outputs/shards/ptype_25/ipip_stems/mean_tokens.metadata.json,delta_h,"[120, 32, 4096]",float32,34845e2ef46c69c01dafe182f7eba318b323c9d8459284c14c7d610c3e41ba2c,True,87577a93a004561d43f16de255242f21612aacefff77d8525966886d888fdcf4,14a2c282b45de44a6d640fc2e6dc1ed04d418f2f10d941f828d9c3c09a4704ad,21913be6e7362a05fc3d02230668db6faf1f4802fd28cdcde0d9b092ef98deab
ptype_25,ipip_stems,final_token_logits,,/root/full_profile_drift_spill,/root/full_profile_drift_spill/logit_outputs/shards/ptype_25/ipip_stems/final_token_logits.npz,/root/full_profile_drift_spill/logit_outputs/shards/ptype_25/ipip_stems/final_token_logits.metadata.json,delta_logits,"[120, 128256]",float16,afc6fa30264f859c73e0b797a31300c6d649a67d14000093fba7273745f4522e,True,87577a93a004561d43f16de255242f21612aacefff77d8525966886d888fdcf4,14a2c282b45de44a6d640fc2e6dc1ed04d418f2f10d941f828d9c3c09a4704ad,21913be6e7362a05fc3d02230668db6faf1f4802fd28cdcde0d9b092ef98deab
ptype_25,naturalistic_behavioral,activation,final_token,/root/full_profile_drift_spill,/root/full_profile_drift_spill/activation_outputs/shards/ptype_25/naturalistic_behavioral/final_token.npz,/root/full_profile_drift_spill/activation_outputs/shards/ptype_25/naturalistic_behavioral/final_token.metadata.json,delta_h,"[720, 32, 4096]",float32,e12feeee77a0498475e3ec13094cf2ddb56a886d72b89e9573195be0aa87a788,True,87577a93a004561d43f16de255242f21612aacefff77d8525966886d888fdcf4,14a2c282b45de44a6d640fc2e6dc1ed04d418f2f10d941f828d9c3c09a4704ad,21913be6e7362a05fc3d02230668db6faf1f4802fd28cdcde0d9b092ef98deab
ptype_25,naturalistic_behavioral,activation,mean_tokens,/root/full_profile_drift_spill,/root/full_profile_drift_spill/activation_outputs/shards/ptype_25/naturalistic_behavioral/mean_tokens.npz,/root/full_profile_drift_spill/activation_outputs/shards/ptype_25/naturalistic_behavioral/mean_tokens.metadata.json,delta_h,"[720, 32, 4096]",float32,14cd61a8455980f0106f1a3518ba500db5868ae353e9ad9d771be7cd9a8c06d8,True,87577a93a004561d43f16de255242f21612aacefff77d8525966886d888fdcf4,14a2c282b45de44a6d640fc2e6dc1ed04d418f2f10d941f828d9c3c09a4704ad,21913be6e7362a05fc3d02230668db6faf1f4802fd28cdcde0d9b092ef98deab
ptype_25,naturalistic_behavioral,final_token_logits,,/root/full_profile_drift_spill,/root/full_profile_drift_spill/logit_outputs/shards/ptype_25/naturalistic_behavioral/final_token_logits.npz,/root/full_profile_drift_spill/logit_outputs/shards/ptype_25/naturalistic_behavioral/final_token_logits.metadata.json,delta_logits,"[720, 128256]",float16,4b43d751acec62fcc55e1fe93bb023f90c4a90cdb74e9c2293640b65f60552be,True,87577a93a004561d43f16de255242f21612aacefff77d8525966886d888fdcf4,14a2c282b45de44a6d640fc2e6dc1ed04d418f2f10d941f828d9c3c09a4704ad,21913be6e7362a05fc3d02230668db6faf1f4802fd28cdcde0d9b092ef98deab
ptype_25,neutral_controls,activation,final_token,/root/full_profile_drift_spill,/root/full_profile_drift_spill/activation_outputs/shards/ptype_25/neutral_controls/final_token.npz,/root/full_profile_drift_spill/activation_outputs/shards/ptype_25/neutral_controls/final_token.metadata.json,delta_h,"[240, 32, 4096]",float32,b55f198c994a063cb798475616f407d546bb392f98de06236080530d574eeb7e,True,87577a93a004561d43f16de255242f21612aacefff77d8525966886d888fdcf4,14a2c282b45de44a6d640fc2e6dc1ed04d418f2f10d941f828d9c3c09a4704ad,21913be6e7362a05fc3d02230668db6faf1f4802fd28cdcde0d9b092ef98deab
ptype_25,neutral_controls,activation,mean_tokens,/root/full_profile_drift_spill,/root/full_profile_drift_spill/activation_outputs/shards/ptype_25/neutral_controls/mean_tokens.npz,/root/full_profile_drift_spill/activation_outputs/shards/ptype_25/neutral_controls/mean_tokens.metadata.json,delta_h,"[240, 32, 4096]",float32,d23beabc029f8b3ed36ade438f487b6bdda0c13539214a5ed4d343f0d59bbfd0,True,87577a93a004561d43f16de255242f21612aacefff77d8525966886d888fdcf4,14a2c282b45de44a6d640fc2e6dc1ed04d418f2f10d941f828d9c3c09a4704ad,21913be6e7362a05fc3d02230668db6faf1f4802fd28cdcde0d9b092ef98deab
ptype_25,neutral_controls,final_token_logits,,/root/full_profile_drift_spill,/root/full_profile_drift_spill/logit_outputs/shards/ptype_25/neutral_controls/final_token_logits.npz,/root/full_profile_drift_spill/logit_outputs/shards/ptype_25/neutral_controls/final_token_logits.metadata.json,delta_logits,"[240, 128256]",float16,d451347353d96b201519d4500b5409aa3088d31baec36547c8113b9d98d8a8c2,True,87577a93a004561d43f16de255242f21612aacefff77d8525966886d888fdcf4,14a2c282b45de44a6d640fc2e6dc1ed04d418f2f10d941f828d9c3c09a4704ad,21913be6e7362a05fc3d02230668db6faf1f4802fd28cdcde0d9b092ef98deab
ptype_26,ipip_stems,activation,final_token,/root/full_profile_drift_spill,/root/full_profile_drift_spill/activation_outputs/shards/ptype_26/ipip_stems/final_token.npz,/root/full_profile_drift_spill/activation_outputs/shards/ptype_26/ipip_stems/final_token.metadata.json,delta_h,"[120, 32, 4096]",float32,e2cccc0a830402541fa5f8965d0bc36cfcab0f176aceef82da4af1673384d21e,True,985f2096dc0de4826697952272eb224d39ee6955421119b162f20337374c7007,14a2c282b45de44a6d640fc2e6dc1ed04d418f2f10d941f828d9c3c09a4704ad,21913be6e7362a05fc3d02230668db6faf1f4802fd28cdcde0d9b092ef98deab
ptype_26,ipip_stems,activation,mean_tokens,/root/full_profile_drift_spill,/root/full_profile_drift_spill/activation_outputs/shards/ptype_26/ipip_stems/mean_tokens.npz,/root/full_profile_drift_spill/activation_outputs/shards/ptype_26/ipip_stems/mean_tokens.metadata.json,delta_h,"[120, 32, 4096]",float32,c4add3e245da1939de150f3db57c2f3eef580157aead61f3249629cd2a329420,True,985f2096dc0de4826697952272eb224d39ee6955421119b162f20337374c7007,14a2c282b45de44a6d640fc2e6dc1ed04d418f2f10d941f828d9c3c09a4704ad,21913be6e7362a05fc3d02230668db6faf1f4802fd28cdcde0d9b092ef98deab
ptype_26,ipip_stems,final_token_logits,,/root/full_profile_drift_spill,/root/full_profile_drift_spill/logit_outputs/shards/ptype_26/ipip_stems/final_token_logits.npz,/root/full_profile_drift_spill/logit_outputs/shards/ptype_26/ipip_stems/final_token_logits.metadata.json,delta_logits,"[120, 128256]",float16,89a77f14b90f7698a194c7d9cc1e88f0092765212f02c1420133e3da526519b5,True,985f2096dc0de4826697952272eb224d39ee6955421119b162f20337374c7007,14a2c282b45de44a6d640fc2e6dc1ed04d418f2f10d941f828d9c3c09a4704ad,21913be6e7362a05fc3d02230668db6faf1f4802fd28cdcde0d9b092ef98deab
ptype_26,naturalistic_behavioral,activation,final_token,/root/full_profile_drift_spill,/root/full_profile_drift_spill/activation_outputs/shards/ptype_26/naturalistic_behavioral/final_token.npz,/root/full_profile_drift_spill/activation_outputs/shards/ptype_26/naturalistic_behavioral/final_token.metadata.json,delta_h,"[720, 32, 4096]",float32,5d8d1e0615e44184270938f4e81e871c45b103616471a61832f997ba13f2c4f2,True,985f2096dc0de4826697952272eb224d39ee6955421119b162f20337374c7007,14a2c282b45de44a6d640fc2e6dc1ed04d418f2f10d941f828d9c3c09a4704ad,21913be6e7362a05fc3d02230668db6faf1f4802fd28cdcde0d9b092ef98deab
ptype_26,naturalistic_behavioral,activation,mean_tokens,/root/full_profile_drift_spill,/root/full_profile_drift_spill/activation_outputs/shards/ptype_26/naturalistic_behavioral/mean_tokens.npz,/root/full_profile_drift_spill/activation_outputs/shards/ptype_26/naturalistic_behavioral/mean_tokens.metadata.json,delta_h,"[720, 32, 4096]",float32,b4142e697d878e7940be8335d964eaba059b6cfdb155d6ddf1a1cad00de3f871,True,985f2096dc0de4826697952272eb224d39ee6955421119b162f20337374c7007,14a2c282b45de44a6d640fc2e6dc1ed04d418f2f10d941f828d9c3c09a4704ad,21913be6e7362a05fc3d02230668db6faf1f4802fd28cdcde0d9b092ef98deab
ptype_26,naturalistic_behavioral,final_token_logits,,/root/full_profile_drift_spill,/root/full_profile_drift_spill/logit_outputs/shards/ptype_26/naturalistic_behavioral/final_token_logits.npz,/root/full_profile_drift_spill/logit_outputs/shards/ptype_26/naturalistic_behavioral/final_token_logits.metadata.json,delta_logits,"[720, 128256]",float16,b6e2c02623079b46142046707cfedf163baacfd8c111991bb9ab28a0837231ae,True,985f2096dc0de4826697952272eb224d39ee6955421119b162f20337374c7007,14a2c282b45de44a6d640fc2e6dc1ed04d418f2f10d941f828d9c3c09a4704ad,21913be6e7362a05fc3d02230668db6faf1f4802fd28cdcde0d9b092ef98deab
ptype_26,neutral_controls,activation,final_token,/root/full_profile_drift_spill,/root/full_profile_drift_spill/activation_outputs/shards/ptype_26/neutral_controls/final_token.npz,/root/full_profile_drift_spill/activation_outputs/shards/ptype_26/neutral_controls/final_token.metadata.json,delta_h,"[240, 32, 4096]",float32,e8fba949a76b57a4bed52e3bb67b4c4ee8e1aa89427a89be0b99ccff972620dd,True,985f2096dc0de4826697952272eb224d39ee6955421119b162f20337374c7007,14a2c282b45de44a6d640fc2e6dc1ed04d418f2f10d941f828d9c3c09a4704ad,21913be6e7362a05fc3d02230668db6faf1f4802fd28cdcde0d9b092ef98deab
ptype_26,neutral_controls,activation,mean_tokens,/root/full_profile_drift_spill,/root/full_profile_drift_spill/activation_outputs/shards/ptype_26/neutral_controls/mean_tokens.npz,/root/full_profile_drift_spill/activation_outputs/shards/ptype_26/neutral_controls/mean_tokens.metadata.json,delta_h,"[240, 32, 4096]",float32,ea35dcf28a49261eb853d2105d7d0da49a62e034cc0f49e95a12e582b5c61c7f,True,985f2096dc0de4826697952272eb224d39ee6955421119b162f20337374c7007,14a2c282b45de44a6d640fc2e6dc1ed04d418f2f10d941f828d9c3c09a4704ad,21913be6e7362a05fc3d02230668db6faf1f4802fd28cdcde0d9b092ef98deab
ptype_26,neutral_controls,final_token_logits,,/root/full_profile_drift_spill,/root/full_profile_drift_spill/logit_outputs/shards/ptype_26/neutral_controls/final_token_logits.npz,/root/full_profile_drift_spill/logit_outputs/shards/ptype_26/neutral_controls/final_token_logits.metadata.json,delta_logits,"[240, 128256]",float16,2fc4f4f739bbb8847949b9d9353f59c6a2b0e8d98006092e978a4b1b9d74e810,True,985f2096dc0de4826697952272eb224d39ee6955421119b162f20337374c7007,14a2c282b45de44a6d640fc2e6dc1ed04d418f2f10d941f828d9c3c09a4704ad,21913be6e7362a05fc3d02230668db6faf1f4802fd28cdcde0d9b092ef98deab
ptype_27,ipip_stems,activation,final_token,/root/full_profile_drift_spill,/root/full_profile_drift_spill/activation_outputs/shards/ptype_27/ipip_stems/final_token.npz,/root/full_profile_drift_spill/activation_outputs/shards/ptype_27/ipip_stems/final_token.metadata.json,delta_h,"[120, 32, 4096]",float32,da1099ef94005906dd7779631904f22ef7dbc4e3d672e9dd4965eda744ded93c,True,0af7736f43e00e1a227bd59e9a3904adec2d8cbbc66e4623cee4bb57c2495d1e,14a2c282b45de44a6d640fc2e6dc1ed04d418f2f10d941f828d9c3c09a4704ad,21913be6e7362a05fc3d02230668db6faf1f4802fd28cdcde0d9b092ef98deab
ptype_27,ipip_stems,activation,mean_tokens,/root/full_profile_drift_spill,/root/full_profile_drift_spill/activation_outputs/shards/ptype_27/ipip_stems/mean_tokens.npz,/root/full_profile_drift_spill/activation_outputs/shards/ptype_27/ipip_stems/mean_tokens.metadata.json,delta_h,"[120, 32, 4096]",float32,8e2b6a64cd27cbdf6b390c9718ecb58ccb56d0b9c53e8dbdb3de817fba6e08e9,True,0af7736f43e00e1a227bd59e9a3904adec2d8cbbc66e4623cee4bb57c2495d1e,14a2c282b45de44a6d640fc2e6dc1ed04d418f2f10d941f828d9c3c09a4704ad,21913be6e7362a05fc3d02230668db6faf1f4802fd28cdcde0d9b092ef98deab
ptype_27,ipip_stems,final_token_logits,,/root/full_profile_drift_spill,/root/full_profile_drift_spill/logit_outputs/shards/ptype_27/ipip_stems/final_token_logits.npz,/root/full_profile_drift_spill/logit_outputs/shards/ptype_27/ipip_stems/final_token_logits.metadata.json,delta_logits,"[120, 128256]",float16,3e32cfc67f2080b54bf4920b2984eda1128b64b9ee3eeecefa2351ccdc4af2e4,True,0af7736f43e00e1a227bd59e9a3904adec2d8cbbc66e4623cee4bb57c2495d1e,14a2c282b45de44a6d640fc2e6dc1ed04d418f2f10d941f828d9c3c09a4704ad,21913be6e7362a05fc3d02230668db6faf1f4802fd28cdcde0d9b092ef98deab
ptype_27,naturalistic_behavioral,activation,final_token,/root/full_profile_drift_spill,/root/full_profile_drift_spill/activation_outputs/shards/ptype_27/naturalistic_behavioral/final_token.npz,/root/full_profile_drift_spill/activation_outputs/shards/ptype_27/naturalistic_behavioral/final_token.metadata.json,delta_h,"[720, 32, 4096]",float32,f44c38eba28ea43937c9546cbb9acbaf6e11c2e9da55d5b61a5e7a73cd81868a,True,0af7736f43e00e1a227bd59e9a3904adec2d8cbbc66e4623cee4bb57c2495d1e,14a2c282b45de44a6d640fc2e6dc1ed04d418f2f10d941f828d9c3c09a4704ad,21913be6e7362a05fc3d02230668db6faf1f4802fd28cdcde0d9b092ef98deab
ptype_27,naturalistic_behavioral,activation,mean_tokens,/root/full_profile_drift_spill,/root/full_profile_drift_spill/activation_outputs/shards/ptype_27/naturalistic_behavioral/mean_tokens.npz,/root/full_profile_drift_spill/activation_outputs/shards/ptype_27/naturalistic_behavioral/mean_tokens.metadata.json,delta_h,"[720, 32, 4096]",float32,bc44165a9bbaf44a8a05d19917c21af81e8069b2e550d3a91ce004f1210b1e63,True,0af7736f43e00e1a227bd59e9a3904adec2d8cbbc66e4623cee4bb57c2495d1e,14a2c282b45de44a6d640fc2e6dc1ed04d418f2f10d941f828d9c3c09a4704ad,21913be6e7362a05fc3d02230668db6faf1f4802fd28cdcde0d9b092ef98deab
ptype_27,naturalistic_behavioral,final_token_logits,,/root/full_profile_drift_spill,/root/full_profile_drift_spill/logit_outputs/shards/ptype_27/naturalistic_behavioral/final_token_logits.npz,/root/full_profile_drift_spill/logit_outputs/shards/ptype_27/naturalistic_behavioral/final_token_logits.metadata.json,delta_logits,"[720, 128256]",float16,11b75ed45476881ee1e42821bb6be15dfd5596c99bc0ae1ef332ac33386f90ca,True,0af7736f43e00e1a227bd59e9a3904adec2d8cbbc66e4623cee4bb57c2495d1e,14a2c282b45de44a6d640fc2e6dc1ed04d418f2f10d941f828d9c3c09a4704ad,21913be6e7362a05fc3d02230668db6faf1f4802fd28cdcde0d9b092ef98deab
ptype_27,neutral_controls,activation,final_token,/root/full_profile_drift_spill,/root/full_profile_drift_spill/activation_outputs/shards/ptype_27/neutral_controls/final_token.npz,/root/full_profile_drift_spill/activation_outputs/shards/ptype_27/neutral_controls/final_token.metadata.json,delta_h,"[240, 32, 4096]",float32,3ac2f67c5356c3ecaf873902c9f1bed468ba882743ef38fc35f03f69d0c90a60,True,0af7736f43e00e1a227bd59e9a3904adec2d8cbbc66e4623cee4bb57c2495d1e,14a2c282b45de44a6d640fc2e6dc1ed04d418f2f10d941f828d9c3c09a4704ad,21913be6e7362a05fc3d02230668db6faf1f4802fd28cdcde0d9b092ef98deab
ptype_27,neutral_controls,activation,mean_tokens,/root/full_profile_drift_spill,/root/full_profile_drift_spill/activation_outputs/shards/ptype_27/neutral_controls/mean_tokens.npz,/root/full_profile_drift_spill/activation_outputs/shards/ptype_27/neutral_controls/mean_tokens.metadata.json,delta_h,"[240, 32, 4096]",float32,f21753b53d4808f3b273fcb27274701b6d8ccc8c087f973d0f27202095cb8571,True,0af7736f43e00e1a227bd59e9a3904adec2d8cbbc66e4623cee4bb57c2495d1e,14a2c282b45de44a6d640fc2e6dc1ed04d418f2f10d941f828d9c3c09a4704ad,21913be6e7362a05fc3d02230668db6faf1f4802fd28cdcde0d9b092ef98deab
ptype_27,neutral_controls,final_token_logits,,/root/full_profile_drift_spill,/root/full_profile_drift_spill/logit_outputs/shards/ptype_27/neutral_controls/final_token_logits.npz,/root/full_profile_drift_spill/logit_outputs/shards/ptype_27/neutral_controls/final_token_logits.metadata.json,delta_logits,"[240, 128256]",float16,06a29770108bf2015b7c9d0b465484d7822acd0f97784e5f3ad26c942cf4bf6a,True,0af7736f43e00e1a227bd59e9a3904adec2d8cbbc66e4623cee4bb57c2495d1e,14a2c282b45de44a6d640fc2e6dc1ed04d418f2f10d941f828d9c3c09a4704ad,21913be6e7362a05fc3d02230668db6faf1f4802fd28cdcde0d9b092ef98deab
ptype_28,ipip_stems,activation,final_token,/root/full_profile_drift_spill,/root/full_profile_drift_spill/activation_outputs/shards/ptype_28/ipip_stems/final_token.npz,/root/full_profile_drift_spill/activation_outputs/shards/ptype_28/ipip_stems/final_token.metadata.json,delta_h,"[120, 32, 4096]",float32,4d996cdbf468b717834634929515595d838908b79c27316bc472019e3e3e85ec,True,b61816240ddbe96023d1d43e0939125ef70daeb19c980fbaa0a0113b2a57d232,14a2c282b45de44a6d640fc2e6dc1ed04d418f2f10d941f828d9c3c09a4704ad,21913be6e7362a05fc3d02230668db6faf1f4802fd28cdcde0d9b092ef98deab
ptype_28,ipip_stems,activation,mean_tokens,/root/full_profile_drift_spill,/root/full_profile_drift_spill/activation_outputs/shards/ptype_28/ipip_stems/mean_tokens.npz,/root/full_profile_drift_spill/activation_outputs/shards/ptype_28/ipip_stems/mean_tokens.metadata.json,delta_h,"[120, 32, 4096]",float32,006aafa810522a35431110b0f67dee310d6885052dcc702193733b73767b33bb,True,b61816240ddbe96023d1d43e0939125ef70daeb19c980fbaa0a0113b2a57d232,14a2c282b45de44a6d640fc2e6dc1ed04d418f2f10d941f828d9c3c09a4704ad,21913be6e7362a05fc3d02230668db6faf1f4802fd28cdcde0d9b092ef98deab
ptype_28,ipip_stems,final_token_logits,,/root/full_profile_drift_spill,/root/full_profile_drift_spill/logit_outputs/shards/ptype_28/ipip_stems/final_token_logits.npz,/root/full_profile_drift_spill/logit_outputs/shards/ptype_28/ipip_stems/final_token_logits.metadata.json,delta_logits,"[120, 128256]",float16,a5dca8de2319e9ce85ac7c90ddb55b34a1fa8083f5cb78a4155e04124cb317b2,True,b61816240ddbe96023d1d43e0939125ef70daeb19c980fbaa0a0113b2a57d232,14a2c282b45de44a6d640fc2e6dc1ed04d418f2f10d941f828d9c3c09a4704ad,21913be6e7362a05fc3d02230668db6faf1f4802fd28cdcde0d9b092ef98deab
ptype_28,naturalistic_behavioral,activation,final_token,/root/full_profile_drift_spill,/root/full_profile_drift_spill/activation_outputs/shards/ptype_28/naturalistic_behavioral/final_token.npz,/root/full_profile_drift_spill/activation_outputs/shards/ptype_28/naturalistic_behavioral/final_token.metadata.json,delta_h,"[720, 32, 4096]",float32,02f2389975ec0f13f5722f256cf0e688b9e8d77888b6b1c5ef37c19fb0a24e9e,True,b61816240ddbe96023d1d43e0939125ef70daeb19c980fbaa0a0113b2a57d232,14a2c282b45de44a6d640fc2e6dc1ed04d418f2f10d941f828d9c3c09a4704ad,21913be6e7362a05fc3d02230668db6faf1f4802fd28cdcde0d9b092ef98deab
ptype_28,naturalistic_behavioral,activation,mean_tokens,/root/full_profile_drift_spill,/root/full_profile_drift_spill/activation_outputs/shards/ptype_28/naturalistic_behavioral/mean_tokens.npz,/root/full_profile_drift_spill/activation_outputs/shards/ptype_28/naturalistic_behavioral/mean_tokens.metadata.json,delta_h,"[720, 32, 4096]",float32,8e822929dfd32b72030454479e9399adfdc37b87e7d1becf8a2b88fc1b22a22d,True,b61816240ddbe96023d1d43e0939125ef70daeb19c980fbaa0a0113b2a57d232,14a2c282b45de44a6d640fc2e6dc1ed04d418f2f10d941f828d9c3c09a4704ad,21913be6e7362a05fc3d02230668db6faf1f4802fd28cdcde0d9b092ef98deab
ptype_28,naturalistic_behavioral,final_token_logits,,/root/full_profile_drift_spill,/root/full_profile_drift_spill/logit_outputs/shards/ptype_28/naturalistic_behavioral/final_token_logits.npz,/root/full_profile_drift_spill/logit_outputs/shards/ptype_28/naturalistic_behavioral/final_token_logits.metadata.json,delta_logits,"[720, 128256]",float16,204d703c5979d70d51c8bd4cac27d6a429b4431053df38fac5f8685283ba5166,True,b61816240ddbe96023d1d43e0939125ef70daeb19c980fbaa0a0113b2a57d232,14a2c282b45de44a6d640fc2e6dc1ed04d418f2f10d941f828d9c3c09a4704ad,21913be6e7362a05fc3d02230668db6faf1f4802fd28cdcde0d9b092ef98deab
ptype_28,neutral_controls,activation,final_token,/root/full_profile_drift_spill,/root/full_profile_drift_spill/activation_outputs/shards/ptype_28/neutral_controls/final_token.npz,/root/full_profile_drift_spill/activation_outputs/shards/ptype_28/neutral_controls/final_token.metadata.json,delta_h,"[240, 32, 4096]",float32,62317bda62e2b2f2adc825b68f8d041489e5b049b66559aa3b9c065994c91414,True,b61816240ddbe96023d1d43e0939125ef70daeb19c980fbaa0a0113b2a57d232,14a2c282b45de44a6d640fc2e6dc1ed04d418f2f10d941f828d9c3c09a4704ad,21913be6e7362a05fc3d02230668db6faf1f4802fd28cdcde0d9b092ef98deab
ptype_28,neutral_controls,activation,mean_tokens,/root/full_profile_drift_spill,/root/full_profile_drift_spill/activation_outputs/shards/ptype_28/neutral_controls/mean_tokens.npz,/root/full_profile_drift_spill/activation_outputs/shards/ptype_28/neutral_controls/mean_tokens.metadata.json,delta_h,"[240, 32, 4096]",float32,7eb5b0d228588e0ca1f9d0650a47bde93ce4b4c611f324114d60ac18402fd98e,True,b61816240ddbe96023d1d43e0939125ef70daeb19c980fbaa0a0113b2a57d232,14a2c282b45de44a6d640fc2e6dc1ed04d418f2f10d941f828d9c3c09a4704ad,21913be6e7362a05fc3d02230668db6faf1f4802fd28cdcde0d9b092ef98deab
ptype_28,neutral_controls,final_token_logits,,/root/full_profile_drift_spill,/root/full_profile_drift_spill/logit_outputs/shards/ptype_28/neutral_controls/final_token_logits.npz,/root/full_profile_drift_spill/logit_outputs/shards/ptype_28/neutral_controls/final_token_logits.metadata.json,delta_logits,"[240, 128256]",float16,782d4962b7dd5f5e6d82f77d7313f4870ef13eca2ba560d43b7c86f86614d3ab,True,b61816240ddbe96023d1d43e0939125ef70daeb19c980fbaa0a0113b2a57d232,14a2c282b45de44a6d640fc2e6dc1ed04d418f2f10d941f828d9c3c09a4704ad,21913be6e7362a05fc3d02230668db6faf1f4802fd28cdcde0d9b092ef98deab
ptype_29,ipip_stems,activation,final_token,/root/full_profile_drift_spill,/root/full_profile_drift_spill/activation_outputs/shards/ptype_29/ipip_stems/final_token.npz,/root/full_profile_drift_spill/activation_outputs/shards/ptype_29/ipip_stems/final_token.metadata.json,delta_h,"[120, 32, 4096]",float32,4235ad9f08c46e3b59126f73424955ca711787ff21f76d1784d295db76489399,True,8073ec517d460e38848ce5594334d46b70cd86eb078f4bc36533113595a57fb6,14a2c282b45de44a6d640fc2e6dc1ed04d418f2f10d941f828d9c3c09a4704ad,21913be6e7362a05fc3d02230668db6faf1f4802fd28cdcde0d9b092ef98deab
ptype_29,ipip_stems,activation,mean_tokens,/root/full_profile_drift_spill,/root/full_profile_drift_spill/activation_outputs/shards/ptype_29/ipip_stems/mean_tokens.npz,/root/full_profile_drift_spill/activation_outputs/shards/ptype_29/ipip_stems/mean_tokens.metadata.json,delta_h,"[120, 32, 4096]",float32,356a635a73fc9b875bcfd5545b0b024b816ea2d1886eb3f37da425b0233b1b9c,True,8073ec517d460e38848ce5594334d46b70cd86eb078f4bc36533113595a57fb6,14a2c282b45de44a6d640fc2e6dc1ed04d418f2f10d941f828d9c3c09a4704ad,21913be6e7362a05fc3d02230668db6faf1f4802fd28cdcde0d9b092ef98deab
ptype_29,ipip_stems,final_token_logits,,/root/full_profile_drift_spill,/root/full_profile_drift_spill/logit_outputs/shards/ptype_29/ipip_stems/final_token_logits.npz,/root/full_profile_drift_spill/logit_outputs/shards/ptype_29/ipip_stems/final_token_logits.metadata.json,delta_logits,"[120, 128256]",float16,f86713d8f09bd0a86300e38b3e1c30327106d8ae36d22fff14ee37fa4854d22f,True,8073ec517d460e38848ce5594334d46b70cd86eb078f4bc36533113595a57fb6,14a2c282b45de44a6d640fc2e6dc1ed04d418f2f10d941f828d9c3c09a4704ad,21913be6e7362a05fc3d02230668db6faf1f4802fd28cdcde0d9b092ef98deab
ptype_29,naturalistic_behavioral,activation,final_token,/root/full_profile_drift_spill,/root/full_profile_drift_spill/activation_outputs/shards/ptype_29/naturalistic_behavioral/final_token.npz,/root/full_profile_drift_spill/activation_outputs/shards/ptype_29/naturalistic_behavioral/final_token.metadata.json,delta_h,"[720, 32, 4096]",float32,660aceb25b4faab355b0f8f0d09282ccc3feb5e2ce91f37d7da6171e716d5078,True,8073ec517d460e38848ce5594334d46b70cd86eb078f4bc36533113595a57fb6,14a2c282b45de44a6d640fc2e6dc1ed04d418f2f10d941f828d9c3c09a4704ad,21913be6e7362a05fc3d02230668db6faf1f4802fd28cdcde0d9b092ef98deab
ptype_29,naturalistic_behavioral,activation,mean_tokens,/root/full_profile_drift_spill,/root/full_profile_drift_spill/activation_outputs/shards/ptype_29/naturalistic_behavioral/mean_tokens.npz,/root/full_profile_drift_spill/activation_outputs/shards/ptype_29/naturalistic_behavioral/mean_tokens.metadata.json,delta_h,"[720, 32, 4096]",float32,8e138ddf9c8125fc9b1d87cbdcfba9b92456a3000ee064e903f7d4dc8d1a0214,True,8073ec517d460e38848ce5594334d46b70cd86eb078f4bc36533113595a57fb6,14a2c282b45de44a6d640fc2e6dc1ed04d418f2f10d941f828d9c3c09a4704ad,21913be6e7362a05fc3d02230668db6faf1f4802fd28cdcde0d9b092ef98deab
ptype_29,naturalistic_behavioral,final_token_logits,,/root/full_profile_drift_spill,/root/full_profile_drift_spill/logit_outputs/shards/ptype_29/naturalistic_behavioral/final_token_logits.npz,/root/full_profile_drift_spill/logit_outputs/shards/ptype_29/naturalistic_behavioral/final_token_logits.metadata.json,delta_logits,"[720, 128256]",float16,b8d1658aab0cefef1f6da251a440a1c7c2c8edd0d04b56888cea98737de2accc,True,8073ec517d460e38848ce5594334d46b70cd86eb078f4bc36533113595a57fb6,14a2c282b45de44a6d640fc2e6dc1ed04d418f2f10d941f828d9c3c09a4704ad,21913be6e7362a05fc3d02230668db6faf1f4802fd28cdcde0d9b092ef98deab
ptype_29,neutral_controls,activation,final_token,/root/full_profile_drift_spill,/root/full_profile_drift_spill/activation_outputs/shards/ptype_29/neutral_controls/final_token.npz,/root/full_profile_drift_spill/activation_outputs/shards/ptype_29/neutral_controls/final_token.metadata.json,delta_h,"[240, 32, 4096]",float32,64a7959e6fe4404305c66a3882d50fa38f6297e9f211fd4128669e2af2d7c56e,True,8073ec517d460e38848ce5594334d46b70cd86eb078f4bc36533113595a57fb6,14a2c282b45de44a6d640fc2e6dc1ed04d418f2f10d941f828d9c3c09a4704ad,21913be6e7362a05fc3d02230668db6faf1f4802fd28cdcde0d9b092ef98deab
ptype_29,neutral_controls,activation,mean_tokens,/root/full_profile_drift_spill,/root/full_profile_drift_spill/activation_outputs/shards/ptype_29/neutral_controls/mean_tokens.npz,/root/full_profile_drift_spill/activation_outputs/shards/ptype_29/neutral_controls/mean_tokens.metadata.json,delta_h,"[240, 32, 4096]",float32,b73a96f73c772c7b2726c9fbbc9400b7ccae823264ed993ac484debb17af7b33,True,8073ec517d460e38848ce5594334d46b70cd86eb078f4bc36533113595a57fb6,14a2c282b45de44a6d640fc2e6dc1ed04d418f2f10d941f828d9c3c09a4704ad,21913be6e7362a05fc3d02230668db6faf1f4802fd28cdcde0d9b092ef98deab
ptype_29,neutral_controls,final_token_logits,,/root/full_profile_drift_spill,/root/full_profile_drift_spill/logit_outputs/shards/ptype_29/neutral_controls/final_token_logits.npz,/root/full_profile_drift_spill/logit_outputs/shards/ptype_29/neutral_controls/final_token_logits.metadata.json,delta_logits,"[240, 128256]",float16,66c192ea48e88716b5a100febce6871425125107c9c5b8097f7e550adb0d0bfd,True,8073ec517d460e38848ce5594334d46b70cd86eb078f4bc36533113595a57fb6,14a2c282b45de44a6d640fc2e6dc1ed04d418f2f10d941f828d9c3c09a4704ad,21913be6e7362a05fc3d02230668db6faf1f4802fd28cdcde0d9b092ef98deab
ptype_3,ipip_stems,activation,final_token,/workspace/full_profile_drift_study_v1,/workspace/full_profile_drift_study_v1/activation_outputs/shards/ptype_3/ipip_stems/final_token.npz,/workspace/full_profile_drift_study_v1/activation_outputs/shards/ptype_3/ipip_stems/final_token.metadata.json,delta_h,"[120, 32, 4096]",float32,ef1dff8d032286c346a0c2b8647b9fce6b7b17ec174052fde4ba6dd750fdcf73,True,6540388ea2b6f3bb2c40701b1010723614c1c1129790d2b081b1319bf3fd4f4c,14a2c282b45de44a6d640fc2e6dc1ed04d418f2f10d941f828d9c3c09a4704ad,21913be6e7362a05fc3d02230668db6faf1f4802fd28cdcde0d9b092ef98deab
ptype_3,ipip_stems,activation,mean_tokens,/workspace/full_profile_drift_study_v1,/workspace/full_profile_drift_study_v1/activation_outputs/shards/ptype_3/ipip_stems/mean_tokens.npz,/workspace/full_profile_drift_study_v1/activation_outputs/shards/ptype_3/ipip_stems/mean_tokens.metadata.json,delta_h,"[120, 32, 4096]",float32,e37b1f6eef1cc21bae040dae61d4a6680efd23d1a40ea805946cccc530ddb05e,True,6540388ea2b6f3bb2c40701b1010723614c1c1129790d2b081b1319bf3fd4f4c,14a2c282b45de44a6d640fc2e6dc1ed04d418f2f10d941f828d9c3c09a4704ad,21913be6e7362a05fc3d02230668db6faf1f4802fd28cdcde0d9b092ef98deab
ptype_3,ipip_stems,final_token_logits,,/workspace/full_profile_drift_study_v1,/workspace/full_profile_drift_study_v1/logit_outputs/shards/ptype_3/ipip_stems/final_token_logits.npz,/workspace/full_profile_drift_study_v1/logit_outputs/shards/ptype_3/ipip_stems/final_token_logits.metadata.json,delta_logits,"[120, 128256]",float16,50fc153b9aca094bc6f4831b9ced4b270c386a89a8c124b3d56b53fb3d6cea30,True,6540388ea2b6f3bb2c40701b1010723614c1c1129790d2b081b1319bf3fd4f4c,14a2c282b45de44a6d640fc2e6dc1ed04d418f2f10d941f828d9c3c09a4704ad,21913be6e7362a05fc3d02230668db6faf1f4802fd28cdcde0d9b092ef98deab
ptype_3,naturalistic_behavioral,activation,final_token,/workspace/full_profile_drift_study_v1,/workspace/full_profile_drift_study_v1/activation_outputs/shards/ptype_3/naturalistic_behavioral/final_token.npz,/workspace/full_profile_drift_study_v1/activation_outputs/shards/ptype_3/naturalistic_behavioral/final_token.metadata.json,delta_h,"[720, 32, 4096]",float32,58fc350a2f28717431f0102673fcb50a90e65e438712f0f66c0c9b60c30231ca,True,6540388ea2b6f3bb2c40701b1010723614c1c1129790d2b081b1319bf3fd4f4c,14a2c282b45de44a6d640fc2e6dc1ed04d418f2f10d941f828d9c3c09a4704ad,21913be6e7362a05fc3d02230668db6faf1f4802fd28cdcde0d9b092ef98deab
ptype_3,naturalistic_behavioral,activation,mean_tokens,/workspace/full_profile_drift_study_v1,/workspace/full_profile_drift_study_v1/activation_outputs/shards/ptype_3/naturalistic_behavioral/mean_tokens.npz,/workspace/full_profile_drift_study_v1/activation_outputs/shards/ptype_3/naturalistic_behavioral/mean_tokens.metadata.json,delta_h,"[720, 32, 4096]",float32,a5d926646c63d6e3c55c7fd7e6c3bf86ff7025205089310dca89e158ebd11383,True,6540388ea2b6f3bb2c40701b1010723614c1c1129790d2b081b1319bf3fd4f4c,14a2c282b45de44a6d640fc2e6dc1ed04d418f2f10d941f828d9c3c09a4704ad,21913be6e7362a05fc3d02230668db6faf1f4802fd28cdcde0d9b092ef98deab
ptype_3,naturalistic_behavioral,final_token_logits,,/workspace/full_profile_drift_study_v1,/workspace/full_profile_drift_study_v1/logit_outputs/shards/ptype_3/naturalistic_behavioral/final_token_logits.npz,/workspace/full_profile_drift_study_v1/logit_outputs/shards/ptype_3/naturalistic_behavioral/final_token_logits.metadata.json,delta_logits,"[720, 128256]",float16,d87c5584b9b1e5a4077ef0b45ea94bb867491cd7b6a5893b3a4a03eb2fbbed98,True,6540388ea2b6f3bb2c40701b1010723614c1c1129790d2b081b1319bf3fd4f4c,14a2c282b45de44a6d640fc2e6dc1ed04d418f2f10d941f828d9c3c09a4704ad,21913be6e7362a05fc3d02230668db6faf1f4802fd28cdcde0d9b092ef98deab
ptype_3,neutral_controls,activation,final_token,/workspace/full_profile_drift_study_v1,/workspace/full_profile_drift_study_v1/activation_outputs/shards/ptype_3/neutral_controls/final_token.npz,/workspace/full_profile_drift_study_v1/activation_outputs/shards/ptype_3/neutral_controls/final_token.metadata.json,delta_h,"[240, 32, 4096]",float32,536a184a156062634cb8e0270d7eaf500a7ccccc22a1ac287df32d43a0e564fb,True,6540388ea2b6f3bb2c40701b1010723614c1c1129790d2b081b1319bf3fd4f4c,14a2c282b45de44a6d640fc2e6dc1ed04d418f2f10d941f828d9c3c09a4704ad,21913be6e7362a05fc3d02230668db6faf1f4802fd28cdcde0d9b092ef98deab
ptype_3,neutral_controls,activation,mean_tokens,/workspace/full_profile_drift_study_v1,/workspace/full_profile_drift_study_v1/activation_outputs/shards/ptype_3/neutral_controls/mean_tokens.npz,/workspace/full_profile_drift_study_v1/activation_outputs/shards/ptype_3/neutral_controls/mean_tokens.metadata.json,delta_h,"[240, 32, 4096]",float32,8aba031501d07ae543a34385899f7d7f8af37fdee8bee8c72e3dc031c6a61d6d,True,6540388ea2b6f3bb2c40701b1010723614c1c1129790d2b081b1319bf3fd4f4c,14a2c282b45de44a6d640fc2e6dc1ed04d418f2f10d941f828d9c3c09a4704ad,21913be6e7362a05fc3d02230668db6faf1f4802fd28cdcde0d9b092ef98deab
ptype_3,neutral_controls,final_token_logits,,/workspace/full_profile_drift_study_v1,/workspace/full_profile_drift_study_v1/logit_outputs/shards/ptype_3/neutral_controls/final_token_logits.npz,/workspace/full_profile_drift_study_v1/logit_outputs/shards/ptype_3/neutral_controls/final_token_logits.metadata.json,delta_logits,"[240, 128256]",float16,6526e7f8e62c517c9b840a44bab4326381f7dffaecb09168847699e2c8409565,True,6540388ea2b6f3bb2c40701b1010723614c1c1129790d2b081b1319bf3fd4f4c,14a2c282b45de44a6d640fc2e6dc1ed04d418f2f10d941f828d9c3c09a4704ad,21913be6e7362a05fc3d02230668db6faf1f4802fd28cdcde0d9b092ef98deab
ptype_30,ipip_stems,activation,final_token,/root/full_profile_drift_spill,/root/full_profile_drift_spill/activation_outputs/shards/ptype_30/ipip_stems/final_token.npz,/root/full_profile_drift_spill/activation_outputs/shards/ptype_30/ipip_stems/final_token.metadata.json,delta_h,"[120, 32, 4096]",float32,4b1f88ac6633c69baca3100bf63b0da540e969a8057f547733775762894e70ce,True,7dafdb9551b6fb153394af5fb3eadab71073dc7298fc98470b381d86c3f01bf7,14a2c282b45de44a6d640fc2e6dc1ed04d418f2f10d941f828d9c3c09a4704ad,21913be6e7362a05fc3d02230668db6faf1f4802fd28cdcde0d9b092ef98deab
ptype_30,ipip_stems,activation,mean_tokens,/root/full_profile_drift_spill,/root/full_profile_drift_spill/activation_outputs/shards/ptype_30/ipip_stems/mean_tokens.npz,/root/full_profile_drift_spill/activation_outputs/shards/ptype_30/ipip_stems/mean_tokens.metadata.json,delta_h,"[120, 32, 4096]",float32,231701ca9458e2aa6f7ef83892f6b2cefac7a5f93d8f1f34e790a1046b988878,True,7dafdb9551b6fb153394af5fb3eadab71073dc7298fc98470b381d86c3f01bf7,14a2c282b45de44a6d640fc2e6dc1ed04d418f2f10d941f828d9c3c09a4704ad,21913be6e7362a05fc3d02230668db6faf1f4802fd28cdcde0d9b092ef98deab
ptype_30,ipip_stems,final_token_logits,,/root/full_profile_drift_spill,/root/full_profile_drift_spill/logit_outputs/shards/ptype_30/ipip_stems/final_token_logits.npz,/root/full_profile_drift_spill/logit_outputs/shards/ptype_30/ipip_stems/final_token_logits.metadata.json,delta_logits,"[120, 128256]",float16,edfc4036fe335d05f413ab4959a20c1ea8109c5d1ebe11a2ee928ef3a131ee50,True,7dafdb9551b6fb153394af5fb3eadab71073dc7298fc98470b381d86c3f01bf7,14a2c282b45de44a6d640fc2e6dc1ed04d418f2f10d941f828d9c3c09a4704ad,21913be6e7362a05fc3d02230668db6faf1f4802fd28cdcde0d9b092ef98deab
ptype_30,naturalistic_behavioral,activation,final_token,/root/full_profile_drift_spill,/root/full_profile_drift_spill/activation_outputs/shards/ptype_30/naturalistic_behavioral/final_token.npz,/root/full_profile_drift_spill/activation_outputs/shards/ptype_30/naturalistic_behavioral/final_token.metadata.json,delta_h,"[720, 32, 4096]",float32,dc02b5e4bf77975ce93281bc0dc30b4d6311fb704c55de067313c05ef0b3c526,True,7dafdb9551b6fb153394af5fb3eadab71073dc7298fc98470b381d86c3f01bf7,14a2c282b45de44a6d640fc2e6dc1ed04d418f2f10d941f828d9c3c09a4704ad,21913be6e7362a05fc3d02230668db6faf1f4802fd28cdcde0d9b092ef98deab
ptype_30,naturalistic_behavioral,activation,mean_tokens,/root/full_profile_drift_spill,/root/full_profile_drift_spill/activation_outputs/shards/ptype_30/naturalistic_behavioral/mean_tokens.npz,/root/full_profile_drift_spill/activation_outputs/shards/ptype_30/naturalistic_behavioral/mean_tokens.metadata.json,delta_h,"[720, 32, 4096]",float32,de150e11fc7b1dc0d773e3c0cb0a4ce0fe802c4dbd2de5ce686d456cd9584a9f,True,7dafdb9551b6fb153394af5fb3eadab71073dc7298fc98470b381d86c3f01bf7,14a2c282b45de44a6d640fc2e6dc1ed04d418f2f10d941f828d9c3c09a4704ad,21913be6e7362a05fc3d02230668db6faf1f4802fd28cdcde0d9b092ef98deab
ptype_30,naturalistic_behavioral,final_token_logits,,/root/full_profile_drift_spill,/root/full_profile_drift_spill/logit_outputs/shards/ptype_30/naturalistic_behavioral/final_token_logits.npz,/root/full_profile_drift_spill/logit_outputs/shards/ptype_30/naturalistic_behavioral/final_token_logits.metadata.json,delta_logits,"[720, 128256]",float16,8f62dc17276cd2f1ca77c7f26176b4a04b32387b7791acef3c4e735c39ea813e,True,7dafdb9551b6fb153394af5fb3eadab71073dc7298fc98470b381d86c3f01bf7,14a2c282b45de44a6d640fc2e6dc1ed04d418f2f10d941f828d9c3c09a4704ad,21913be6e7362a05fc3d02230668db6faf1f4802fd28cdcde0d9b092ef98deab
ptype_30,neutral_controls,activation,final_token,/root/full_profile_drift_spill,/root/full_profile_drift_spill/activation_outputs/shards/ptype_30/neutral_controls/final_token.npz,/root/full_profile_drift_spill/activation_outputs/shards/ptype_30/neutral_controls/final_token.metadata.json,delta_h,"[240, 32, 4096]",float32,12f8f1e4a34c4e121cdc46e72fd0a3b0325ededd7570360442b26f4198937b0c,True,7dafdb9551b6fb153394af5fb3eadab71073dc7298fc98470b381d86c3f01bf7,14a2c282b45de44a6d640fc2e6dc1ed04d418f2f10d941f828d9c3c09a4704ad,21913be6e7362a05fc3d02230668db6faf1f4802fd28cdcde0d9b092ef98deab
ptype_30,neutral_controls,activation,mean_tokens,/root/full_profile_drift_spill,/root/full_profile_drift_spill/activation_outputs/shards/ptype_30/neutral_controls/mean_tokens.npz,/root/full_profile_drift_spill/activation_outputs/shards/ptype_30/neutral_controls/mean_tokens.metadata.json,delta_h,"[240, 32, 4096]",float32,6cee4f2f4513329618728970d9ab79073c437e249843a6faf7f32f86ab3a155b,True,7dafdb9551b6fb153394af5fb3eadab71073dc7298fc98470b381d86c3f01bf7,14a2c282b45de44a6d640fc2e6dc1ed04d418f2f10d941f828d9c3c09a4704ad,21913be6e7362a05fc3d02230668db6faf1f4802fd28cdcde0d9b092ef98deab
ptype_30,neutral_controls,final_token_logits,,/root/full_profile_drift_spill,/root/full_profile_drift_spill/logit_outputs/shards/ptype_30/neutral_controls/final_token_logits.npz,/root/full_profile_drift_spill/logit_outputs/shards/ptype_30/neutral_controls/final_token_logits.metadata.json,delta_logits,"[240, 128256]",float16,ff9ee8a2d2ce3c6704378280fe4aaed58c0a8e180874f29cb85bef37b6227901,True,7dafdb9551b6fb153394af5fb3eadab71073dc7298fc98470b381d86c3f01bf7,14a2c282b45de44a6d640fc2e6dc1ed04d418f2f10d941f828d9c3c09a4704ad,21913be6e7362a05fc3d02230668db6faf1f4802fd28cdcde0d9b092ef98deab
ptype_31,ipip_stems,activation,final_token,/root/full_profile_drift_spill,/root/full_profile_drift_spill/activation_outputs/shards/ptype_31/ipip_stems/final_token.npz,/root/full_profile_drift_spill/activation_outputs/shards/ptype_31/ipip_stems/final_token.metadata.json,delta_h,"[120, 32, 4096]",float32,9a07da97b1fd945d96e9e33a3463c62d9a385443158bec2848186e84770a2f28,True,2919d58c713d9b3e2318d9b5518801ff4e3c5ee93e60add67b2acbb6e672c2fb,14a2c282b45de44a6d640fc2e6dc1ed04d418f2f10d941f828d9c3c09a4704ad,21913be6e7362a05fc3d02230668db6faf1f4802fd28cdcde0d9b092ef98deab
ptype_31,ipip_stems,activation,mean_tokens,/root/full_profile_drift_spill,/root/full_profile_drift_spill/activation_outputs/shards/ptype_31/ipip_stems/mean_tokens.npz,/root/full_profile_drift_spill/activation_outputs/shards/ptype_31/ipip_stems/mean_tokens.metadata.json,delta_h,"[120, 32, 4096]",float32,b3154c74495e8aa2b921eea2f3becb39c3ec8368bde24936830a8c56af5b8565,True,2919d58c713d9b3e2318d9b5518801ff4e3c5ee93e60add67b2acbb6e672c2fb,14a2c282b45de44a6d640fc2e6dc1ed04d418f2f10d941f828d9c3c09a4704ad,21913be6e7362a05fc3d02230668db6faf1f4802fd28cdcde0d9b092ef98deab
ptype_31,ipip_stems,final_token_logits,,/root/full_profile_drift_spill,/root/full_profile_drift_spill/logit_outputs/shards/ptype_31/ipip_stems/final_token_logits.npz,/root/full_profile_drift_spill/logit_outputs/shards/ptype_31/ipip_stems/final_token_logits.metadata.json,delta_logits,"[120, 128256]",float16,430bda8fd5e02804c73fbe40ca63124f869bf69eb5a198198dc8033943513918,True,2919d58c713d9b3e2318d9b5518801ff4e3c5ee93e60add67b2acbb6e672c2fb,14a2c282b45de44a6d640fc2e6dc1ed04d418f2f10d941f828d9c3c09a4704ad,21913be6e7362a05fc3d02230668db6faf1f4802fd28cdcde0d9b092ef98deab
ptype_31,naturalistic_behavioral,activation,final_token,/root/full_profile_drift_spill,/root/full_profile_drift_spill/activation_outputs/shards/ptype_31/naturalistic_behavioral/final_token.npz,/root/full_profile_drift_spill/activation_outputs/shards/ptype_31/naturalistic_behavioral/final_token.metadata.json,delta_h,"[720, 32, 4096]",float32,863cae9eb52cda0c1a09841231971c1fa369805277082b681417a7d71d7359c7,True,2919d58c713d9b3e2318d9b5518801ff4e3c5ee93e60add67b2acbb6e672c2fb,14a2c282b45de44a6d640fc2e6dc1ed04d418f2f10d941f828d9c3c09a4704ad,21913be6e7362a05fc3d02230668db6faf1f4802fd28cdcde0d9b092ef98deab
ptype_31,naturalistic_behavioral,activation,mean_tokens,/root/full_profile_drift_spill,/root/full_profile_drift_spill/activation_outputs/shards/ptype_31/naturalistic_behavioral/mean_tokens.npz,/root/full_profile_drift_spill/activation_outputs/shards/ptype_31/naturalistic_behavioral/mean_tokens.metadata.json,delta_h,"[720, 32, 4096]",float32,a8fa6dcbf550470f023258635a760dc6d0bcc6896eda6704d3922d095bf43b18,True,2919d58c713d9b3e2318d9b5518801ff4e3c5ee93e60add67b2acbb6e672c2fb,14a2c282b45de44a6d640fc2e6dc1ed04d418f2f10d941f828d9c3c09a4704ad,21913be6e7362a05fc3d02230668db6faf1f4802fd28cdcde0d9b092ef98deab
ptype_31,naturalistic_behavioral,final_token_logits,,/root/full_profile_drift_spill,/root/full_profile_drift_spill/logit_outputs/shards/ptype_31/naturalistic_behavioral/final_token_logits.npz,/root/full_profile_drift_spill/logit_outputs/shards/ptype_31/naturalistic_behavioral/final_token_logits.metadata.json,delta_logits,"[720, 128256]",float16,0c0b4ddfb5de11c18b910e905bc8be10afdf93866e98966cc11570197314c52a,True,2919d58c713d9b3e2318d9b5518801ff4e3c5ee93e60add67b2acbb6e672c2fb,14a2c282b45de44a6d640fc2e6dc1ed04d418f2f10d941f828d9c3c09a4704ad,21913be6e7362a05fc3d02230668db6faf1f4802fd28cdcde0d9b092ef98deab
ptype_31,neutral_controls,activation,final_token,/root/full_profile_drift_spill,/root/full_profile_drift_spill/activation_outputs/shards/ptype_31/neutral_controls/final_token.npz,/root/full_profile_drift_spill/activation_outputs/shards/ptype_31/neutral_controls/final_token.metadata.json,delta_h,"[240, 32, 4096]",float32,bc68f99e1661ac0625d4ad067fad2eb835b9def7c51f44c3ee2c8d30fd1cc15c,True,2919d58c713d9b3e2318d9b5518801ff4e3c5ee93e60add67b2acbb6e672c2fb,14a2c282b45de44a6d640fc2e6dc1ed04d418f2f10d941f828d9c3c09a4704ad,21913be6e7362a05fc3d02230668db6faf1f4802fd28cdcde0d9b092ef98deab
ptype_31,neutral_controls,activation,mean_tokens,/root/full_profile_drift_spill,/root/full_profile_drift_spill/activation_outputs/shards/ptype_31/neutral_controls/mean_tokens.npz,/root/full_profile_drift_spill/activation_outputs/shards/ptype_31/neutral_controls/mean_tokens.metadata.json,delta_h,"[240, 32, 4096]",float32,4e442dc6c8817800b19b0f662e3ec4bf215aa9795153aa64262e257e27505564,True,2919d58c713d9b3e2318d9b5518801ff4e3c5ee93e60add67b2acbb6e672c2fb,14a2c282b45de44a6d640fc2e6dc1ed04d418f2f10d941f828d9c3c09a4704ad,21913be6e7362a05fc3d02230668db6faf1f4802fd28cdcde0d9b092ef98deab
ptype_31,neutral_controls,final_token_logits,,/root/full_profile_drift_spill,/root/full_profile_drift_spill/logit_outputs/shards/ptype_31/neutral_controls/final_token_logits.npz,/root/full_profile_drift_spill/logit_outputs/shards/ptype_31/neutral_controls/final_token_logits.metadata.json,delta_logits,"[240, 128256]",float16,5bc3d088ab2da199269a84ae859170ff8f50ba3cc891578c673e33e700862e7c,True,2919d58c713d9b3e2318d9b5518801ff4e3c5ee93e60add67b2acbb6e672c2fb,14a2c282b45de44a6d640fc2e6dc1ed04d418f2f10d941f828d9c3c09a4704ad,21913be6e7362a05fc3d02230668db6faf1f4802fd28cdcde0d9b092ef98deab
ptype_4,ipip_stems,activation,final_token,/workspace/full_profile_drift_study_v1,/workspace/full_profile_drift_study_v1/activation_outputs/shards/ptype_4/ipip_stems/final_token.npz,/workspace/full_profile_drift_study_v1/activation_outputs/shards/ptype_4/ipip_stems/final_token.metadata.json,delta_h,"[120, 32, 4096]",float32,576a206f44e6884e7dbff1b62f429315bcf19997f58037e8d0c3509d4ccca17e,True,b235522bdff7b2e50751f13be32468be143b8c121cbd7a68ff6058001217be75,14a2c282b45de44a6d640fc2e6dc1ed04d418f2f10d941f828d9c3c09a4704ad,21913be6e7362a05fc3d02230668db6faf1f4802fd28cdcde0d9b092ef98deab
ptype_4,ipip_stems,activation,mean_tokens,/workspace/full_profile_drift_study_v1,/workspace/full_profile_drift_study_v1/activation_outputs/shards/ptype_4/ipip_stems/mean_tokens.npz,/workspace/full_profile_drift_study_v1/activation_outputs/shards/ptype_4/ipip_stems/mean_tokens.metadata.json,delta_h,"[120, 32, 4096]",float32,23be1fa100293fabea1f2a5283088e667a097c1414a43cf8f15afd8c5918a675,True,b235522bdff7b2e50751f13be32468be143b8c121cbd7a68ff6058001217be75,14a2c282b45de44a6d640fc2e6dc1ed04d418f2f10d941f828d9c3c09a4704ad,21913be6e7362a05fc3d02230668db6faf1f4802fd28cdcde0d9b092ef98deab
ptype_4,ipip_stems,final_token_logits,,/workspace/full_profile_drift_study_v1,/workspace/full_profile_drift_study_v1/logit_outputs/shards/ptype_4/ipip_stems/final_token_logits.npz,/workspace/full_profile_drift_study_v1/logit_outputs/shards/ptype_4/ipip_stems/final_token_logits.metadata.json,delta_logits,"[120, 128256]",float16,11c1b5137dac01882bc32a0003cb17006b8c00d68735e515a975494398278eef,True,b235522bdff7b2e50751f13be32468be143b8c121cbd7a68ff6058001217be75,14a2c282b45de44a6d640fc2e6dc1ed04d418f2f10d941f828d9c3c09a4704ad,21913be6e7362a05fc3d02230668db6faf1f4802fd28cdcde0d9b092ef98deab
ptype_4,naturalistic_behavioral,activation,final_token,/workspace/full_profile_drift_study_v1,/workspace/full_profile_drift_study_v1/activation_outputs/shards/ptype_4/naturalistic_behavioral/final_token.npz,/workspace/full_profile_drift_study_v1/activation_outputs/shards/ptype_4/naturalistic_behavioral/final_token.metadata.json,delta_h,"[720, 32, 4096]",float32,d3d0e58a709cb896a1d931b2cbb5d5b96aa2ba3cc4ea12be24133c6288f2e8f0,True,b235522bdff7b2e50751f13be32468be143b8c121cbd7a68ff6058001217be75,14a2c282b45de44a6d640fc2e6dc1ed04d418f2f10d941f828d9c3c09a4704ad,21913be6e7362a05fc3d02230668db6faf1f4802fd28cdcde0d9b092ef98deab
ptype_4,naturalistic_behavioral,activation,mean_tokens,/workspace/full_profile_drift_study_v1,/workspace/full_profile_drift_study_v1/activation_outputs/shards/ptype_4/naturalistic_behavioral/mean_tokens.npz,/workspace/full_profile_drift_study_v1/activation_outputs/shards/ptype_4/naturalistic_behavioral/mean_tokens.metadata.json,delta_h,"[720, 32, 4096]",float32,a7db831662c50803edafc58ba67d336ab8dc63ce34e2f1897ea824b6afa9a218,True,b235522bdff7b2e50751f13be32468be143b8c121cbd7a68ff6058001217be75,14a2c282b45de44a6d640fc2e6dc1ed04d418f2f10d941f828d9c3c09a4704ad,21913be6e7362a05fc3d02230668db6faf1f4802fd28cdcde0d9b092ef98deab
ptype_4,naturalistic_behavioral,final_token_logits,,/workspace/full_profile_drift_study_v1,/workspace/full_profile_drift_study_v1/logit_outputs/shards/ptype_4/naturalistic_behavioral/final_token_logits.npz,/workspace/full_profile_drift_study_v1/logit_outputs/shards/ptype_4/naturalistic_behavioral/final_token_logits.metadata.json,delta_logits,"[720, 128256]",float16,2f0bb3d7dab5a1ac58ebf7567deeb0004670386ce0f5910ac8535139cf33fb6f,True,b235522bdff7b2e50751f13be32468be143b8c121cbd7a68ff6058001217be75,14a2c282b45de44a6d640fc2e6dc1ed04d418f2f10d941f828d9c3c09a4704ad,21913be6e7362a05fc3d02230668db6faf1f4802fd28cdcde0d9b092ef98deab
ptype_4,neutral_controls,activation,final_token,/workspace/full_profile_drift_study_v1,/workspace/full_profile_drift_study_v1/activation_outputs/shards/ptype_4/neutral_controls/final_token.npz,/workspace/full_profile_drift_study_v1/activation_outputs/shards/ptype_4/neutral_controls/final_token.metadata.json,delta_h,"[240, 32, 4096]",float32,662544abacf7e69761d355d82ef2e7c5b302d2f9f16c1993d06c260325527e1c,True,b235522bdff7b2e50751f13be32468be143b8c121cbd7a68ff6058001217be75,14a2c282b45de44a6d640fc2e6dc1ed04d418f2f10d941f828d9c3c09a4704ad,21913be6e7362a05fc3d02230668db6faf1f4802fd28cdcde0d9b092ef98deab
ptype_4,neutral_controls,activation,mean_tokens,/workspace/full_profile_drift_study_v1,/workspace/full_profile_drift_study_v1/activation_outputs/shards/ptype_4/neutral_controls/mean_tokens.npz,/workspace/full_profile_drift_study_v1/activation_outputs/shards/ptype_4/neutral_controls/mean_tokens.metadata.json,delta_h,"[240, 32, 4096]",float32,060b174c0bc913c5b8d0c8f9bbdd558dfa9e49ca2a3eb237e4b8249caa454dbe,True,b235522bdff7b2e50751f13be32468be143b8c121cbd7a68ff6058001217be75,14a2c282b45de44a6d640fc2e6dc1ed04d418f2f10d941f828d9c3c09a4704ad,21913be6e7362a05fc3d02230668db6faf1f4802fd28cdcde0d9b092ef98deab
ptype_4,neutral_controls,final_token_logits,,/workspace/full_profile_drift_study_v1,/workspace/full_profile_drift_study_v1/logit_outputs/shards/ptype_4/neutral_controls/final_token_logits.npz,/workspace/full_profile_drift_study_v1/logit_outputs/shards/ptype_4/neutral_controls/final_token_logits.metadata.json,delta_logits,"[240, 128256]",float16,5adbb98476dc59e8e9f1f37d8551be39ff6422c06e72aa911b72f96a00a6af48,True,b235522bdff7b2e50751f13be32468be143b8c121cbd7a68ff6058001217be75,14a2c282b45de44a6d640fc2e6dc1ed04d418f2f10d941f828d9c3c09a4704ad,21913be6e7362a05fc3d02230668db6faf1f4802fd28cdcde0d9b092ef98deab
ptype_5,ipip_stems,activation,final_token,/workspace/full_profile_drift_study_v1,/workspace/full_profile_drift_study_v1/activation_outputs/shards/ptype_5/ipip_stems/final_token.npz,/workspace/full_profile_drift_study_v1/activation_outputs/shards/ptype_5/ipip_stems/final_token.metadata.json,delta_h,"[120, 32, 4096]",float32,2289dd61297027411cd4247957c2d0e74b12087c73ede92c37380c2cdfa798c0,True,15190b4cf99e16295371ab5dd6572321a1cc5512169a44022b7f86f6b9a6e620,14a2c282b45de44a6d640fc2e6dc1ed04d418f2f10d941f828d9c3c09a4704ad,21913be6e7362a05fc3d02230668db6faf1f4802fd28cdcde0d9b092ef98deab
ptype_5,ipip_stems,activation,mean_tokens,/workspace/full_profile_drift_study_v1,/workspace/full_profile_drift_study_v1/activation_outputs/shards/ptype_5/ipip_stems/mean_tokens.npz,/workspace/full_profile_drift_study_v1/activation_outputs/shards/ptype_5/ipip_stems/mean_tokens.metadata.json,delta_h,"[120, 32, 4096]",float32,8167909bc815f0f876880e1c4b1489df663647651e7baace3ae8232f206f50bc,True,15190b4cf99e16295371ab5dd6572321a1cc5512169a44022b7f86f6b9a6e620,14a2c282b45de44a6d640fc2e6dc1ed04d418f2f10d941f828d9c3c09a4704ad,21913be6e7362a05fc3d02230668db6faf1f4802fd28cdcde0d9b092ef98deab
ptype_5,ipip_stems,final_token_logits,,/workspace/full_profile_drift_study_v1,/workspace/full_profile_drift_study_v1/logit_outputs/shards/ptype_5/ipip_stems/final_token_logits.npz,/workspace/full_profile_drift_study_v1/logit_outputs/shards/ptype_5/ipip_stems/final_token_logits.metadata.json,delta_logits,"[120, 128256]",float16,7cdbd096e371af778bd9fa3cd77defbead4c04ff9245536c3c8febcd65ba9f0a,True,15190b4cf99e16295371ab5dd6572321a1cc5512169a44022b7f86f6b9a6e620,14a2c282b45de44a6d640fc2e6dc1ed04d418f2f10d941f828d9c3c09a4704ad,21913be6e7362a05fc3d02230668db6faf1f4802fd28cdcde0d9b092ef98deab
ptype_5,naturalistic_behavioral,activation,final_token,/workspace/full_profile_drift_study_v1,/workspace/full_profile_drift_study_v1/activation_outputs/shards/ptype_5/naturalistic_behavioral/final_token.npz,/workspace/full_profile_drift_study_v1/activation_outputs/shards/ptype_5/naturalistic_behavioral/final_token.metadata.json,delta_h,"[720, 32, 4096]",float32,28991480daab536ee2f96d94f1ccfd78f05271a0b4fd544611c67f7e4958681b,True,15190b4cf99e16295371ab5dd6572321a1cc5512169a44022b7f86f6b9a6e620,14a2c282b45de44a6d640fc2e6dc1ed04d418f2f10d941f828d9c3c09a4704ad,21913be6e7362a05fc3d02230668db6faf1f4802fd28cdcde0d9b092ef98deab
ptype_5,naturalistic_behavioral,activation,mean_tokens,/workspace/full_profile_drift_study_v1,/workspace/full_profile_drift_study_v1/activation_outputs/shards/ptype_5/naturalistic_behavioral/mean_tokens.npz,/workspace/full_profile_drift_study_v1/activation_outputs/shards/ptype_5/naturalistic_behavioral/mean_tokens.metadata.json,delta_h,"[720, 32, 4096]",float32,533b505fe5fcbcac9e7aaf063c82df57af664cb5b90c13f95d6230ac48ca74c9,True,15190b4cf99e16295371ab5dd6572321a1cc5512169a44022b7f86f6b9a6e620,14a2c282b45de44a6d640fc2e6dc1ed04d418f2f10d941f828d9c3c09a4704ad,21913be6e7362a05fc3d02230668db6faf1f4802fd28cdcde0d9b092ef98deab
ptype_5,naturalistic_behavioral,final_token_logits,,/workspace/full_profile_drift_study_v1,/workspace/full_profile_drift_study_v1/logit_outputs/shards/ptype_5/naturalistic_behavioral/final_token_logits.npz,/workspace/full_profile_drift_study_v1/logit_outputs/shards/ptype_5/naturalistic_behavioral/final_token_logits.metadata.json,delta_logits,"[720, 128256]",float16,82af5af9b5335b1a27a95fa9ff4f9697634029d0ac3d4f52f44acef3fbad3d30,True,15190b4cf99e16295371ab5dd6572321a1cc5512169a44022b7f86f6b9a6e620,14a2c282b45de44a6d640fc2e6dc1ed04d418f2f10d941f828d9c3c09a4704ad,21913be6e7362a05fc3d02230668db6faf1f4802fd28cdcde0d9b092ef98deab
ptype_5,neutral_controls,activation,final_token,/workspace/full_profile_drift_study_v1,/workspace/full_profile_drift_study_v1/activation_outputs/shards/ptype_5/neutral_controls/final_token.npz,/workspace/full_profile_drift_study_v1/activation_outputs/shards/ptype_5/neutral_controls/final_token.metadata.json,delta_h,"[240, 32, 4096]",float32,59774ecbaf7ae35f2dac5e7782fb31355c3af6397357c932bf13a1380c3b056e,True,15190b4cf99e16295371ab5dd6572321a1cc5512169a44022b7f86f6b9a6e620,14a2c282b45de44a6d640fc2e6dc1ed04d418f2f10d941f828d9c3c09a4704ad,21913be6e7362a05fc3d02230668db6faf1f4802fd28cdcde0d9b092ef98deab
ptype_5,neutral_controls,activation,mean_tokens,/workspace/full_profile_drift_study_v1,/workspace/full_profile_drift_study_v1/activation_outputs/shards/ptype_5/neutral_controls/mean_tokens.npz,/workspace/full_profile_drift_study_v1/activation_outputs/shards/ptype_5/neutral_controls/mean_tokens.metadata.json,delta_h,"[240, 32, 4096]",float32,9b16145047fdbfab18d5f9c5e855eed75e9372cf6cf57605d01ef5526b8c946d,True,15190b4cf99e16295371ab5dd6572321a1cc5512169a44022b7f86f6b9a6e620,14a2c282b45de44a6d640fc2e6dc1ed04d418f2f10d941f828d9c3c09a4704ad,21913be6e7362a05fc3d02230668db6faf1f4802fd28cdcde0d9b092ef98deab
ptype_5,neutral_controls,final_token_logits,,/workspace/full_profile_drift_study_v1,/workspace/full_profile_drift_study_v1/logit_outputs/shards/ptype_5/neutral_controls/final_token_logits.npz,/workspace/full_profile_drift_study_v1/logit_outputs/shards/ptype_5/neutral_controls/final_token_logits.metadata.json,delta_logits,"[240, 128256]",float16,06102c0de97c10fd4c9cbc307d4f48f2f854c3d93ed03f1faf7b71399564b503,True,15190b4cf99e16295371ab5dd6572321a1cc5512169a44022b7f86f6b9a6e620,14a2c282b45de44a6d640fc2e6dc1ed04d418f2f10d941f828d9c3c09a4704ad,21913be6e7362a05fc3d02230668db6faf1f4802fd28cdcde0d9b092ef98deab
ptype_6,ipip_stems,activation,final_token,/workspace/full_profile_drift_study_v1,/workspace/full_profile_drift_study_v1/activation_outputs/shards/ptype_6/ipip_stems/final_token.npz,/workspace/full_profile_drift_study_v1/activation_outputs/shards/ptype_6/ipip_stems/final_token.metadata.json,delta_h,"[120, 32, 4096]",float32,49c27c4756bc6fbe61b6f5026eb1d6cb5c250d8fd8f4099a429c9286974f2cea,True,849d142b7df935676abc97ec36219da121cbfd9356b1f14e2308ec3c99864e85,14a2c282b45de44a6d640fc2e6dc1ed04d418f2f10d941f828d9c3c09a4704ad,21913be6e7362a05fc3d02230668db6faf1f4802fd28cdcde0d9b092ef98deab
ptype_6,ipip_stems,activation,mean_tokens,/workspace/full_profile_drift_study_v1,/workspace/full_profile_drift_study_v1/activation_outputs/shards/ptype_6/ipip_stems/mean_tokens.npz,/workspace/full_profile_drift_study_v1/activation_outputs/shards/ptype_6/ipip_stems/mean_tokens.metadata.json,delta_h,"[120, 32, 4096]",float32,d945393c6537e98174f5c78fe1a38252630c1a245105a9bfc37d31a447b1ac86,True,849d142b7df935676abc97ec36219da121cbfd9356b1f14e2308ec3c99864e85,14a2c282b45de44a6d640fc2e6dc1ed04d418f2f10d941f828d9c3c09a4704ad,21913be6e7362a05fc3d02230668db6faf1f4802fd28cdcde0d9b092ef98deab
ptype_6,ipip_stems,final_token_logits,,/workspace/full_profile_drift_study_v1,/workspace/full_profile_drift_study_v1/logit_outputs/shards/ptype_6/ipip_stems/final_token_logits.npz,/workspace/full_profile_drift_study_v1/logit_outputs/shards/ptype_6/ipip_stems/final_token_logits.metadata.json,delta_logits,"[120, 128256]",float16,74349a9d7a65054886dea8ec5c8e86da4c350855138485bd0d877d1c227a8355,True,849d142b7df935676abc97ec36219da121cbfd9356b1f14e2308ec3c99864e85,14a2c282b45de44a6d640fc2e6dc1ed04d418f2f10d941f828d9c3c09a4704ad,21913be6e7362a05fc3d02230668db6faf1f4802fd28cdcde0d9b092ef98deab
ptype_6,naturalistic_behavioral,activation,final_token,/workspace/full_profile_drift_study_v1,/workspace/full_profile_drift_study_v1/activation_outputs/shards/ptype_6/naturalistic_behavioral/final_token.npz,/workspace/full_profile_drift_study_v1/activation_outputs/shards/ptype_6/naturalistic_behavioral/final_token.metadata.json,delta_h,"[720, 32, 4096]",float32,5ec697ec3933a0278288fc64fb1076403ef7d4d786834cf698f48663c12038ad,True,849d142b7df935676abc97ec36219da121cbfd9356b1f14e2308ec3c99864e85,14a2c282b45de44a6d640fc2e6dc1ed04d418f2f10d941f828d9c3c09a4704ad,21913be6e7362a05fc3d02230668db6faf1f4802fd28cdcde0d9b092ef98deab
ptype_6,naturalistic_behavioral,activation,mean_tokens,/workspace/full_profile_drift_study_v1,/workspace/full_profile_drift_study_v1/activation_outputs/shards/ptype_6/naturalistic_behavioral/mean_tokens.npz,/workspace/full_profile_drift_study_v1/activation_outputs/shards/ptype_6/naturalistic_behavioral/mean_tokens.metadata.json,delta_h,"[720, 32, 4096]",float32,8be05c22275a11222093aa6f58391e81aad0d316937439fb276829b7b7dd7eda,True,849d142b7df935676abc97ec36219da121cbfd9356b1f14e2308ec3c99864e85,14a2c282b45de44a6d640fc2e6dc1ed04d418f2f10d941f828d9c3c09a4704ad,21913be6e7362a05fc3d02230668db6faf1f4802fd28cdcde0d9b092ef98deab
ptype_6,naturalistic_behavioral,final_token_logits,,/workspace/full_profile_drift_study_v1,/workspace/full_profile_drift_study_v1/logit_outputs/shards/ptype_6/naturalistic_behavioral/final_token_logits.npz,/workspace/full_profile_drift_study_v1/logit_outputs/shards/ptype_6/naturalistic_behavioral/final_token_logits.metadata.json,delta_logits,"[720, 128256]",float16,612d60e8a71e2626d76dd5453f821ee9de2ec8d8e64338c27286bc8c1f524f1a,True,849d142b7df935676abc97ec36219da121cbfd9356b1f14e2308ec3c99864e85,14a2c282b45de44a6d640fc2e6dc1ed04d418f2f10d941f828d9c3c09a4704ad,21913be6e7362a05fc3d02230668db6faf1f4802fd28cdcde0d9b092ef98deab
ptype_6,neutral_controls,activation,final_token,/workspace/full_profile_drift_study_v1,/workspace/full_profile_drift_study_v1/activation_outputs/shards/ptype_6/neutral_controls/final_token.npz,/workspace/full_profile_drift_study_v1/activation_outputs/shards/ptype_6/neutral_controls/final_token.metadata.json,delta_h,"[240, 32, 4096]",float32,21a71b771db8ff66a6f8ac12e023475028010574e4c4dc543e3cb4910cca5886,True,849d142b7df935676abc97ec36219da121cbfd9356b1f14e2308ec3c99864e85,14a2c282b45de44a6d640fc2e6dc1ed04d418f2f10d941f828d9c3c09a4704ad,21913be6e7362a05fc3d02230668db6faf1f4802fd28cdcde0d9b092ef98deab
ptype_6,neutral_controls,activation,mean_tokens,/workspace/full_profile_drift_study_v1,/workspace/full_profile_drift_study_v1/activation_outputs/shards/ptype_6/neutral_controls/mean_tokens.npz,/workspace/full_profile_drift_study_v1/activation_outputs/shards/ptype_6/neutral_controls/mean_tokens.metadata.json,delta_h,"[240, 32, 4096]",float32,7551b4c52b154e7a92762d26b5225f0dc8df441a637f15ba46d3903f1d019673,True,849d142b7df935676abc97ec36219da121cbfd9356b1f14e2308ec3c99864e85,14a2c282b45de44a6d640fc2e6dc1ed04d418f2f10d941f828d9c3c09a4704ad,21913be6e7362a05fc3d02230668db6faf1f4802fd28cdcde0d9b092ef98deab
ptype_6,neutral_controls,final_token_logits,,/workspace/full_profile_drift_study_v1,/workspace/full_profile_drift_study_v1/logit_outputs/shards/ptype_6/neutral_controls/final_token_logits.npz,/workspace/full_profile_drift_study_v1/logit_outputs/shards/ptype_6/neutral_controls/final_token_logits.metadata.json,delta_logits,"[240, 128256]",float16,9f209a2ebbe61270c83fce9fee4d72f6b1e7723269ed2b49c108d6cd5feb76bb,True,849d142b7df935676abc97ec36219da121cbfd9356b1f14e2308ec3c99864e85,14a2c282b45de44a6d640fc2e6dc1ed04d418f2f10d941f828d9c3c09a4704ad,21913be6e7362a05fc3d02230668db6faf1f4802fd28cdcde0d9b092ef98deab
ptype_7,ipip_stems,activation,final_token,/workspace/full_profile_drift_study_v1,/workspace/full_profile_drift_study_v1/activation_outputs/shards/ptype_7/ipip_stems/final_token.npz,/workspace/full_profile_drift_study_v1/activation_outputs/shards/ptype_7/ipip_stems/final_token.metadata.json,delta_h,"[120, 32, 4096]",float32,3dd83ba53b67fbc43d78820743a6fcf2efce6e605b8e314c8932f831c45038f3,True,f7d2f0dbff7df004f0345382db64900992be8753378de90bbd42f09177ae49ba,14a2c282b45de44a6d640fc2e6dc1ed04d418f2f10d941f828d9c3c09a4704ad,21913be6e7362a05fc3d02230668db6faf1f4802fd28cdcde0d9b092ef98deab
ptype_7,ipip_stems,activation,mean_tokens,/workspace/full_profile_drift_study_v1,/workspace/full_profile_drift_study_v1/activation_outputs/shards/ptype_7/ipip_stems/mean_tokens.npz,/workspace/full_profile_drift_study_v1/activation_outputs/shards/ptype_7/ipip_stems/mean_tokens.metadata.json,delta_h,"[120, 32, 4096]",float32,32501ccef0bb64dde59e505eaea667d7b680fb511892eca005d90ddee2f9fff5,True,f7d2f0dbff7df004f0345382db64900992be8753378de90bbd42f09177ae49ba,14a2c282b45de44a6d640fc2e6dc1ed04d418f2f10d941f828d9c3c09a4704ad,21913be6e7362a05fc3d02230668db6faf1f4802fd28cdcde0d9b092ef98deab
ptype_7,ipip_stems,final_token_logits,,/workspace/full_profile_drift_study_v1,/workspace/full_profile_drift_study_v1/logit_outputs/shards/ptype_7/ipip_stems/final_token_logits.npz,/workspace/full_profile_drift_study_v1/logit_outputs/shards/ptype_7/ipip_stems/final_token_logits.metadata.json,delta_logits,"[120, 128256]",float16,56e0e0483f992700b92af94a8977cf3b84536460a37b7dd6fd81f3db7381e369,True,f7d2f0dbff7df004f0345382db64900992be8753378de90bbd42f09177ae49ba,14a2c282b45de44a6d640fc2e6dc1ed04d418f2f10d941f828d9c3c09a4704ad,21913be6e7362a05fc3d02230668db6faf1f4802fd28cdcde0d9b092ef98deab
ptype_7,naturalistic_behavioral,activation,final_token,/workspace/full_profile_drift_study_v1,/workspace/full_profile_drift_study_v1/activation_outputs/shards/ptype_7/naturalistic_behavioral/final_token.npz,/workspace/full_profile_drift_study_v1/activation_outputs/shards/ptype_7/naturalistic_behavioral/final_token.metadata.json,delta_h,"[720, 32, 4096]",float32,47332f249ac5e07dcee4c0b0b33f4635e0507face7719642f3dc4d80d3670504,True,f7d2f0dbff7df004f0345382db64900992be8753378de90bbd42f09177ae49ba,14a2c282b45de44a6d640fc2e6dc1ed04d418f2f10d941f828d9c3c09a4704ad,21913be6e7362a05fc3d02230668db6faf1f4802fd28cdcde0d9b092ef98deab
ptype_7,naturalistic_behavioral,activation,mean_tokens,/workspace/full_profile_drift_study_v1,/workspace/full_profile_drift_study_v1/activation_outputs/shards/ptype_7/naturalistic_behavioral/mean_tokens.npz,/workspace/full_profile_drift_study_v1/activation_outputs/shards/ptype_7/naturalistic_behavioral/mean_tokens.metadata.json,delta_h,"[720, 32, 4096]",float32,e4642cc31d9898e6f459d12520fe3d9e94353c4acc0ef44be53538bba04a5e68,True,f7d2f0dbff7df004f0345382db64900992be8753378de90bbd42f09177ae49ba,14a2c282b45de44a6d640fc2e6dc1ed04d418f2f10d941f828d9c3c09a4704ad,21913be6e7362a05fc3d02230668db6faf1f4802fd28cdcde0d9b092ef98deab
ptype_7,naturalistic_behavioral,final_token_logits,,/workspace/full_profile_drift_study_v1,/workspace/full_profile_drift_study_v1/logit_outputs/shards/ptype_7/naturalistic_behavioral/final_token_logits.npz,/workspace/full_profile_drift_study_v1/logit_outputs/shards/ptype_7/naturalistic_behavioral/final_token_logits.metadata.json,delta_logits,"[720, 128256]",float16,945ab0eb8120f82563cca2683473d8c468f14eafa4dc74e49ba0d6ea45f0adc9,True,f7d2f0dbff7df004f0345382db64900992be8753378de90bbd42f09177ae49ba,14a2c282b45de44a6d640fc2e6dc1ed04d418f2f10d941f828d9c3c09a4704ad,21913be6e7362a05fc3d02230668db6faf1f4802fd28cdcde0d9b092ef98deab
ptype_7,neutral_controls,activation,final_token,/workspace/full_profile_drift_study_v1,/workspace/full_profile_drift_study_v1/activation_outputs/shards/ptype_7/neutral_controls/final_token.npz,/workspace/full_profile_drift_study_v1/activation_outputs/shards/ptype_7/neutral_controls/final_token.metadata.json,delta_h,"[240, 32, 4096]",float32,c5ecabc1288abf5f28061a120db6b9ea42ab8542f6e22a06adf57844d492fb13,True,f7d2f0dbff7df004f0345382db64900992be8753378de90bbd42f09177ae49ba,14a2c282b45de44a6d640fc2e6dc1ed04d418f2f10d941f828d9c3c09a4704ad,21913be6e7362a05fc3d02230668db6faf1f4802fd28cdcde0d9b092ef98deab
ptype_7,neutral_controls,activation,mean_tokens,/workspace/full_profile_drift_study_v1,/workspace/full_profile_drift_study_v1/activation_outputs/shards/ptype_7/neutral_controls/mean_tokens.npz,/workspace/full_profile_drift_study_v1/activation_outputs/shards/ptype_7/neutral_controls/mean_tokens.metadata.json,delta_h,"[240, 32, 4096]",float32,5cd2abff61ecaf9dbe49665ef77a058a18c796e6b2a56f05a2ac551734c93ff5,True,f7d2f0dbff7df004f0345382db64900992be8753378de90bbd42f09177ae49ba,14a2c282b45de44a6d640fc2e6dc1ed04d418f2f10d941f828d9c3c09a4704ad,21913be6e7362a05fc3d02230668db6faf1f4802fd28cdcde0d9b092ef98deab
ptype_7,neutral_controls,final_token_logits,,/workspace/full_profile_drift_study_v1,/workspace/full_profile_drift_study_v1/logit_outputs/shards/ptype_7/neutral_controls/final_token_logits.npz,/workspace/full_profile_drift_study_v1/logit_outputs/shards/ptype_7/neutral_controls/final_token_logits.metadata.json,delta_logits,"[240, 128256]",float16,6cb834897de4fbbb4d6de595c9bce9231bd4c95a91bc1a8083e5e2467f6ba909,True,f7d2f0dbff7df004f0345382db64900992be8753378de90bbd42f09177ae49ba,14a2c282b45de44a6d640fc2e6dc1ed04d418f2f10d941f828d9c3c09a4704ad,21913be6e7362a05fc3d02230668db6faf1f4802fd28cdcde0d9b092ef98deab
ptype_8,ipip_stems,activation,final_token,/workspace/full_profile_drift_study_v1,/workspace/full_profile_drift_study_v1/activation_outputs/shards/ptype_8/ipip_stems/final_token.npz,/workspace/full_profile_drift_study_v1/activation_outputs/shards/ptype_8/ipip_stems/final_token.metadata.json,delta_h,"[120, 32, 4096]",float32,ad34be24e186415bbe7764f1569627f68fe794befa83229af4fd4cb607d5bc8c,True,337a2335548ba65cb89bba57ab0a7352755d85baed64915e8c2980451e48506a,14a2c282b45de44a6d640fc2e6dc1ed04d418f2f10d941f828d9c3c09a4704ad,21913be6e7362a05fc3d02230668db6faf1f4802fd28cdcde0d9b092ef98deab
ptype_8,ipip_stems,activation,mean_tokens,/workspace/full_profile_drift_study_v1,/workspace/full_profile_drift_study_v1/activation_outputs/shards/ptype_8/ipip_stems/mean_tokens.npz,/workspace/full_profile_drift_study_v1/activation_outputs/shards/ptype_8/ipip_stems/mean_tokens.metadata.json,delta_h,"[120, 32, 4096]",float32,c58bc930e5de9e252f6f911b7e92e596dfebb5977a1ac6570683d2a897e7b0f3,True,337a2335548ba65cb89bba57ab0a7352755d85baed64915e8c2980451e48506a,14a2c282b45de44a6d640fc2e6dc1ed04d418f2f10d941f828d9c3c09a4704ad,21913be6e7362a05fc3d02230668db6faf1f4802fd28cdcde0d9b092ef98deab
ptype_8,ipip_stems,final_token_logits,,/workspace/full_profile_drift_study_v1,/workspace/full_profile_drift_study_v1/logit_outputs/shards/ptype_8/ipip_stems/final_token_logits.npz,/workspace/full_profile_drift_study_v1/logit_outputs/shards/ptype_8/ipip_stems/final_token_logits.metadata.json,delta_logits,"[120, 128256]",float16,7d61eb5fee2109c2011195e3864bf129bc9c4658a7b63c631514336789689cd0,True,337a2335548ba65cb89bba57ab0a7352755d85baed64915e8c2980451e48506a,14a2c282b45de44a6d640fc2e6dc1ed04d418f2f10d941f828d9c3c09a4704ad,21913be6e7362a05fc3d02230668db6faf1f4802fd28cdcde0d9b092ef98deab
ptype_8,naturalistic_behavioral,activation,final_token,/workspace/full_profile_drift_study_v1,/workspace/full_profile_drift_study_v1/activation_outputs/shards/ptype_8/naturalistic_behavioral/final_token.npz,/workspace/full_profile_drift_study_v1/activation_outputs/shards/ptype_8/naturalistic_behavioral/final_token.metadata.json,delta_h,"[720, 32, 4096]",float32,9f656381222933c9f80b451579d6bb711bff704cae7412f1706bec726cc01cf8,True,337a2335548ba65cb89bba57ab0a7352755d85baed64915e8c2980451e48506a,14a2c282b45de44a6d640fc2e6dc1ed04d418f2f10d941f828d9c3c09a4704ad,21913be6e7362a05fc3d02230668db6faf1f4802fd28cdcde0d9b092ef98deab
ptype_8,naturalistic_behavioral,activation,mean_tokens,/workspace/full_profile_drift_study_v1,/workspace/full_profile_drift_study_v1/activation_outputs/shards/ptype_8/naturalistic_behavioral/mean_tokens.npz,/workspace/full_profile_drift_study_v1/activation_outputs/shards/ptype_8/naturalistic_behavioral/mean_tokens.metadata.json,delta_h,"[720, 32, 4096]",float32,5211f2752a041a9e4eb73d8064483c4f609adea5618a2be366d52d54cb935a24,True,337a2335548ba65cb89bba57ab0a7352755d85baed64915e8c2980451e48506a,14a2c282b45de44a6d640fc2e6dc1ed04d418f2f10d941f828d9c3c09a4704ad,21913be6e7362a05fc3d02230668db6faf1f4802fd28cdcde0d9b092ef98deab
ptype_8,naturalistic_behavioral,final_token_logits,,/workspace/full_profile_drift_study_v1,/workspace/full_profile_drift_study_v1/logit_outputs/shards/ptype_8/naturalistic_behavioral/final_token_logits.npz,/workspace/full_profile_drift_study_v1/logit_outputs/shards/ptype_8/naturalistic_behavioral/final_token_logits.metadata.json,delta_logits,"[720, 128256]",float16,e91e2cab6c93312d19857a737fec40f22135691f0b7c43951ba2e4c071c05ac0,True,337a2335548ba65cb89bba57ab0a7352755d85baed64915e8c2980451e48506a,14a2c282b45de44a6d640fc2e6dc1ed04d418f2f10d941f828d9c3c09a4704ad,21913be6e7362a05fc3d02230668db6faf1f4802fd28cdcde0d9b092ef98deab
ptype_8,neutral_controls,activation,final_token,/workspace/full_profile_drift_study_v1,/workspace/full_profile_drift_study_v1/activation_outputs/shards/ptype_8/neutral_controls/final_token.npz,/workspace/full_profile_drift_study_v1/activation_outputs/shards/ptype_8/neutral_controls/final_token.metadata.json,delta_h,"[240, 32, 4096]",float32,e2a4e6011be71bc86d1c76ff6c4578740a63958bee38b9f6517ee9eaaaa513a4,True,337a2335548ba65cb89bba57ab0a7352755d85baed64915e8c2980451e48506a,14a2c282b45de44a6d640fc2e6dc1ed04d418f2f10d941f828d9c3c09a4704ad,21913be6e7362a05fc3d02230668db6faf1f4802fd28cdcde0d9b092ef98deab
ptype_8,neutral_controls,activation,mean_tokens,/workspace/full_profile_drift_study_v1,/workspace/full_profile_drift_study_v1/activation_outputs/shards/ptype_8/neutral_controls/mean_tokens.npz,/workspace/full_profile_drift_study_v1/activation_outputs/shards/ptype_8/neutral_controls/mean_tokens.metadata.json,delta_h,"[240, 32, 4096]",float32,e0d0af7344b3f08273c128c4bfb9dba963015e55fd7cac4a113edc4030e7ee3c,True,337a2335548ba65cb89bba57ab0a7352755d85baed64915e8c2980451e48506a,14a2c282b45de44a6d640fc2e6dc1ed04d418f2f10d941f828d9c3c09a4704ad,21913be6e7362a05fc3d02230668db6faf1f4802fd28cdcde0d9b092ef98deab
ptype_8,neutral_controls,final_token_logits,,/workspace/full_profile_drift_study_v1,/workspace/full_profile_drift_study_v1/logit_outputs/shards/ptype_8/neutral_controls/final_token_logits.npz,/workspace/full_profile_drift_study_v1/logit_outputs/shards/ptype_8/neutral_controls/final_token_logits.metadata.json,delta_logits,"[240, 128256]",float16,2cc8dc0f60faa402e55a4699332f6e2977de4055240cd9f10caa94c43ae25e1a,True,337a2335548ba65cb89bba57ab0a7352755d85baed64915e8c2980451e48506a,14a2c282b45de44a6d640fc2e6dc1ed04d418f2f10d941f828d9c3c09a4704ad,21913be6e7362a05fc3d02230668db6faf1f4802fd28cdcde0d9b092ef98deab
ptype_9,ipip_stems,activation,final_token,/workspace/full_profile_drift_study_v1,/workspace/full_profile_drift_study_v1/activation_outputs/shards/ptype_9/ipip_stems/final_token.npz,/workspace/full_profile_drift_study_v1/activation_outputs/shards/ptype_9/ipip_stems/final_token.metadata.json,delta_h,"[120, 32, 4096]",float32,40ee12193962554209ff6875c409ebcf5faa39a2275ba6b477e91bab149ba9c9,True,7c1ef6e75d7f69791c562e8e12a118e910b6a73b5e20f9fb507400bafd5fa5bd,14a2c282b45de44a6d640fc2e6dc1ed04d418f2f10d941f828d9c3c09a4704ad,21913be6e7362a05fc3d02230668db6faf1f4802fd28cdcde0d9b092ef98deab
ptype_9,ipip_stems,activation,mean_tokens,/workspace/full_profile_drift_study_v1,/workspace/full_profile_drift_study_v1/activation_outputs/shards/ptype_9/ipip_stems/mean_tokens.npz,/workspace/full_profile_drift_study_v1/activation_outputs/shards/ptype_9/ipip_stems/mean_tokens.metadata.json,delta_h,"[120, 32, 4096]",float32,5dbcf13fc75a4b8c523b84bb65daa956b60cc582376d48b8869f781d3a78a5c4,True,7c1ef6e75d7f69791c562e8e12a118e910b6a73b5e20f9fb507400bafd5fa5bd,14a2c282b45de44a6d640fc2e6dc1ed04d418f2f10d941f828d9c3c09a4704ad,21913be6e7362a05fc3d02230668db6faf1f4802fd28cdcde0d9b092ef98deab
ptype_9,ipip_stems,final_token_logits,,/workspace/full_profile_drift_study_v1,/workspace/full_profile_drift_study_v1/logit_outputs/shards/ptype_9/ipip_stems/final_token_logits.npz,/workspace/full_profile_drift_study_v1/logit_outputs/shards/ptype_9/ipip_stems/final_token_logits.metadata.json,delta_logits,"[120, 128256]",float16,94fce74ad8f049d29c7eecef9a88ab48f5b60f2df2820e6981928d88a994a462,True,7c1ef6e75d7f69791c562e8e12a118e910b6a73b5e20f9fb507400bafd5fa5bd,14a2c282b45de44a6d640fc2e6dc1ed04d418f2f10d941f828d9c3c09a4704ad,21913be6e7362a05fc3d02230668db6faf1f4802fd28cdcde0d9b092ef98deab
ptype_9,naturalistic_behavioral,activation,final_token,/workspace/full_profile_drift_study_v1,/workspace/full_profile_drift_study_v1/activation_outputs/shards/ptype_9/naturalistic_behavioral/final_token.npz,/workspace/full_profile_drift_study_v1/activation_outputs/shards/ptype_9/naturalistic_behavioral/final_token.metadata.json,delta_h,"[720, 32, 4096]",float32,ca5a752047c06aa4157f7e3be1a871fcfc3d1a117deacbbf1ce3e9e2aee20c11,True,7c1ef6e75d7f69791c562e8e12a118e910b6a73b5e20f9fb507400bafd5fa5bd,14a2c282b45de44a6d640fc2e6dc1ed04d418f2f10d941f828d9c3c09a4704ad,21913be6e7362a05fc3d02230668db6faf1f4802fd28cdcde0d9b092ef98deab
ptype_9,naturalistic_behavioral,activation,mean_tokens,/workspace/full_profile_drift_study_v1,/workspace/full_profile_drift_study_v1/activation_outputs/shards/ptype_9/naturalistic_behavioral/mean_tokens.npz,/workspace/full_profile_drift_study_v1/activation_outputs/shards/ptype_9/naturalistic_behavioral/mean_tokens.metadata.json,delta_h,"[720, 32, 4096]",float32,5ae217a2659e8b36d72f7a786b0b967d879f63cfc81f8ffae7abfe88d8eebf61,True,7c1ef6e75d7f69791c562e8e12a118e910b6a73b5e20f9fb507400bafd5fa5bd,14a2c282b45de44a6d640fc2e6dc1ed04d418f2f10d941f828d9c3c09a4704ad,21913be6e7362a05fc3d02230668db6faf1f4802fd28cdcde0d9b092ef98deab
ptype_9,naturalistic_behavioral,final_token_logits,,/workspace/full_profile_drift_study_v1,/workspace/full_profile_drift_study_v1/logit_outputs/shards/ptype_9/naturalistic_behavioral/final_token_logits.npz,/workspace/full_profile_drift_study_v1/logit_outputs/shards/ptype_9/naturalistic_behavioral/final_token_logits.metadata.json,delta_logits,"[720, 128256]",float16,d783e63c88245723d267d390879366e2b53d4dd5f5725ad874e9d6b87ebb7dcb,True,7c1ef6e75d7f69791c562e8e12a118e910b6a73b5e20f9fb507400bafd5fa5bd,14a2c282b45de44a6d640fc2e6dc1ed04d418f2f10d941f828d9c3c09a4704ad,21913be6e7362a05fc3d02230668db6faf1f4802fd28cdcde0d9b092ef98deab
ptype_9,neutral_controls,activation,final_token,/workspace/full_profile_drift_study_v1,/workspace/full_profile_drift_study_v1/activation_outputs/shards/ptype_9/neutral_controls/final_token.npz,/workspace/full_profile_drift_study_v1/activation_outputs/shards/ptype_9/neutral_controls/final_token.metadata.json,delta_h,"[240, 32, 4096]",float32,2ebf913affcb79963624c97356e39e7cbdef1ea1d2902e7080115d41e4f04e11,True,7c1ef6e75d7f69791c562e8e12a118e910b6a73b5e20f9fb507400bafd5fa5bd,14a2c282b45de44a6d640fc2e6dc1ed04d418f2f10d941f828d9c3c09a4704ad,21913be6e7362a05fc3d02230668db6faf1f4802fd28cdcde0d9b092ef98deab
ptype_9,neutral_controls,activation,mean_tokens,/workspace/full_profile_drift_study_v1,/workspace/full_profile_drift_study_v1/activation_outputs/shards/ptype_9/neutral_controls/mean_tokens.npz,/workspace/full_profile_drift_study_v1/activation_outputs/shards/ptype_9/neutral_controls/mean_tokens.metadata.json,delta_h,"[240, 32, 4096]",float32,76b05750a3812746da91302eb61917401b7b302fece2acd25c8bbfa3cb2e344a,True,7c1ef6e75d7f69791c562e8e12a118e910b6a73b5e20f9fb507400bafd5fa5bd,14a2c282b45de44a6d640fc2e6dc1ed04d418f2f10d941f828d9c3c09a4704ad,21913be6e7362a05fc3d02230668db6faf1f4802fd28cdcde0d9b092ef98deab
ptype_9,neutral_controls,final_token_logits,,/workspace/full_profile_drift_study_v1,/workspace/full_profile_drift_study_v1/logit_outputs/shards/ptype_9/neutral_controls/final_token_logits.npz,/workspace/full_profile_drift_study_v1/logit_outputs/shards/ptype_9/neutral_controls/final_token_logits.metadata.json,delta_logits,"[240, 128256]",float16,ba6625b26b1fe962bc2a891da3aa72a4b51b2497d1464ff913c242250b39680c,True,7c1ef6e75d7f69791c562e8e12a118e910b6a73b5e20f9fb507400bafd5fa5bd,14a2c282b45de44a6d640fc2e6dc1ed04d418f2f10d941f828d9c3c09a4704ad,21913be6e7362a05fc3d02230668db6faf1f4802fd28cdcde0d9b092ef98deab
