representation,prompt_group,pooling_rule,layer,factorial_model,exposure_covariates_added,profile_disjoint_folds,reconstruction_rmse,explained_variance
activation,ipip_stems,final_token,0,main_effects,False,8,0.0020164532752260295,-0.23936701761124612
activation,ipip_stems,final_token,0,main_effects,True,8,0.0022506263646319843,-0.5439399763851562
activation,ipip_stems,final_token,0,main_plus_two_way,False,8,0.0026805871044196148,-1.1901983940718286
activation,ipip_stems,final_token,0,main_plus_two_way,True,8,0.0035919157866936458,-2.9325649141121697
activation,ipip_stems,final_token,0,through_third_order,False,8,0.005773665851584269,-9.160776522736425
activation,ipip_stems,final_token,0,through_third_order,True,8,0.01630718869013695,-80.0553715889258
activation,ipip_stems,final_token,1,main_effects,False,8,0.003296304978944902,-0.22820677921500443
activation,ipip_stems,final_token,1,main_effects,True,8,0.0036258029498510568,-0.48602156949910036
activation,ipip_stems,final_token,1,main_plus_two_way,False,8,0.004318249320182104,-1.1078133166303692
activation,ipip_stems,final_token,1,main_plus_two_way,True,8,0.005689438781722492,-2.6589424176643894
activation,ipip_stems,final_token,1,through_third_order,False,8,0.009175704860706846,-8.516901822750986
activation,ipip_stems,final_token,1,through_third_order,True,8,0.02568632447063218,-73.57970236873183
activation,ipip_stems,final_token,2,main_effects,False,8,0.005716905107665848,-0.22726302171660873
activation,ipip_stems,final_token,2,main_effects,True,8,0.006233195829847994,-0.45893930428958973
activation,ipip_stems,final_token,2,main_plus_two_way,False,8,0.007573684123574001,-1.1539224237991785
activation,ipip_stems,final_token,2,main_plus_two_way,True,8,0.009802236806774849,-2.6079961209956593
activation,ipip_stems,final_token,2,through_third_order,False,8,0.016003658618826563,-8.617323814339256
activation,ipip_stems,final_token,2,through_third_order,True,8,0.044062444209990635,-71.9042506648927
activation,ipip_stems,final_token,3,main_effects,False,8,0.008465609889739323,-0.23268820121239808
activation,ipip_stems,final_token,3,main_effects,True,8,0.009085792119535294,-0.4199149379711795
activation,ipip_stems,final_token,3,main_plus_two_way,False,8,0.011045492570189285,-1.0984900374805293
activation,ipip_stems,final_token,3,main_plus_two_way,True,8,0.014015115065807979,-2.3785478290125344
activation,ipip_stems,final_token,3,through_third_order,False,8,0.02424223370750957,-9.108390327220912
activation,ipip_stems,final_token,3,through_third_order,True,8,0.06329548045255662,-67.90998217767944
activation,ipip_stems,final_token,4,main_effects,False,8,0.011013488453208736,-0.2422342467423111
activation,ipip_stems,final_token,4,main_effects,True,8,0.01187139257039085,-0.4433013899058993
activation,ipip_stems,final_token,4,main_plus_two_way,False,8,0.014375962327753056,-1.1165452045533386
activation,ipip_stems,final_token,4,main_plus_two_way,True,8,0.018383641293228285,-2.4611209098242512
activation,ipip_stems,final_token,4,through_third_order,False,8,0.0311722559288027,-8.951537016634537
activation,ipip_stems,final_token,4,through_third_order,True,8,0.08606208291981846,-74.85381046709477
activation,ipip_stems,final_token,5,main_effects,False,8,0.012989474166068535,-0.2381860058512566
activation,ipip_stems,final_token,5,main_effects,True,8,0.013867759793231951,-0.41128709815086806
activation,ipip_stems,final_token,5,main_plus_two_way,False,8,0.01691343765102169,-1.0992614169078525
activation,ipip_stems,final_token,5,main_plus_two_way,True,8,0.021443787933674293,-2.374471445515175
activation,ipip_stems,final_token,5,through_third_order,False,8,0.0367490037068047,-8.910461740553629
activation,ipip_stems,final_token,5,through_third_order,True,8,0.10089112970492668,-73.6979563456804
activation,ipip_stems,final_token,6,main_effects,False,8,0.014813036846536901,-0.2351650462325392
activation,ipip_stems,final_token,6,main_effects,True,8,0.015740123764028877,-0.39461095588572226
activation,ipip_stems,final_token,6,main_plus_two_way,False,8,0.01934999627969342,-1.1076503191505127
activation,ipip_stems,final_token,6,main_plus_two_way,True,8,0.02448907077456982,-2.3758364616862964
activation,ipip_stems,final_token,6,through_third_order,False,8,0.041271856182168845,-8.588370120923967
activation,ipip_stems,final_token,6,through_third_order,True,8,0.11532189412058291,-73.86180956422177
activation,ipip_stems,final_token,7,main_effects,False,8,0.017055503840096034,-0.239177728746228
activation,ipip_stems,final_token,7,main_effects,True,8,0.018115254816765954,-0.39795562898751125
activation,ipip_stems,final_token,7,main_plus_two_way,False,8,0.022329519099516665,-1.1240426468927898
activation,ipip_stems,final_token,7,main_plus_two_way,True,8,0.028203203614299024,-2.388452313071671
activation,ipip_stems,final_token,7,through_third_order,False,8,0.04753669378909705,-8.62636751857272
activation,ipip_stems,final_token,7,through_third_order,True,8,0.13577858503290957,-77.53568741553728
activation,ipip_stems,final_token,8,main_effects,False,8,0.019226689169357235,-0.2275566886977356
activation,ipip_stems,final_token,8,main_effects,True,8,0.02028640181860363,-0.3666037034569931
activation,ipip_stems,final_token,8,main_plus_two_way,False,8,0.025348914907280074,-1.1337881233821987
activation,ipip_stems,final_token,8,main_plus_two_way,True,8,0.03208952816963127,-2.419473239929576
activation,ipip_stems,final_token,8,through_third_order,False,8,0.053688889815766076,-8.571971432542867
activation,ipip_stems,final_token,8,through_third_order,True,8,0.1528661919735534,-76.59887777439506
activation,ipip_stems,final_token,9,main_effects,False,8,0.02142386399391732,-0.2173571326102126
activation,ipip_stems,final_token,9,main_effects,True,8,0.02293330897837864,-0.3949410154187665
activation,ipip_stems,final_token,9,main_plus_two_way,False,8,0.028344309030346734,-1.1308562274552707
activation,ipip_stems,final_token,9,main_plus_two_way,True,8,0.03613046255835037,-2.4623378439369525
activation,ipip_stems,final_token,9,through_third_order,False,8,0.06112289330877056,-8.90900863763807
activation,ipip_stems,final_token,9,through_third_order,True,8,0.17377659498399634,-79.09491891065818
activation,ipip_stems,final_token,10,main_effects,False,8,0.022555112403521368,-0.2112337977312262
activation,ipip_stems,final_token,10,main_effects,True,8,0.024253532884566723,-0.40051578182043635
activation,ipip_stems,final_token,10,main_plus_two_way,False,8,0.02971034936196792,-1.101616679315078
activation,ipip_stems,final_token,10,main_plus_two_way,True,8,0.038295960686996,-2.4917563087390433
activation,ipip_stems,final_token,10,through_third_order,False,8,0.06347224806595006,-8.591924465619847
activation,ipip_stems,final_token,10,through_third_order,True,8,0.17764528111929062,-74.1355276035787
activation,ipip_stems,final_token,11,main_effects,False,8,0.023919251163940853,-0.21065775117002072
activation,ipip_stems,final_token,11,main_effects,True,8,0.02588348765627877,-0.4176591263522236
activation,ipip_stems,final_token,11,main_plus_two_way,False,8,0.031542885260162155,-1.1053730575949152
activation,ipip_stems,final_token,11,main_plus_two_way,True,8,0.04058632181306776,-2.4856647770008338
activation,ipip_stems,final_token,11,through_third_order,False,8,0.06714096517824855,-8.538967933712176
activation,ipip_stems,final_token,11,through_third_order,True,8,0.1835594396186976,-70.298382105136
activation,ipip_stems,final_token,12,main_effects,False,8,0.0265334190545325,-0.2088796671968094
activation,ipip_stems,final_token,12,main_effects,True,8,0.02869604589152216,-0.4139718298909112
activation,ipip_stems,final_token,12,main_plus_two_way,False,8,0.03519992503673374,-1.127551678741483
activation,ipip_stems,final_token,12,main_plus_two_way,True,8,0.04553128910009682,-2.5597256965691444
activation,ipip_stems,final_token,12,through_third_order,False,8,0.07426031804824791,-8.469133744455387
activation,ipip_stems,final_token,12,through_third_order,True,8,0.20317832289681673,-69.8845167939646
activation,ipip_stems,final_token,13,main_effects,False,8,0.02864844435839217,-0.20612548535278785
activation,ipip_stems,final_token,13,main_effects,True,8,0.03125323883054856,-0.4354248720081946
activation,ipip_stems,final_token,13,main_plus_two_way,False,8,0.0378831091929853,-1.1090245598773492
activation,ipip_stems,final_token,13,main_plus_two_way,True,8,0.0488400828275922,-2.5054452559989198
activation,ipip_stems,final_token,13,through_third_order,False,8,0.0797115609719908,-8.337552000490787
activation,ipip_stems,final_token,13,through_third_order,True,8,0.22445609676254485,-73.03775106321939
activation,ipip_stems,final_token,14,main_effects,False,8,0.029712943479427323,-0.21504781486494529
activation,ipip_stems,final_token,14,main_effects,True,8,0.03268019099729765,-0.46984380815025517
activation,ipip_stems,final_token,14,main_plus_two_way,False,8,0.03920259484819711,-1.1151035957086308
activation,ipip_stems,final_token,14,main_plus_two_way,True,8,0.05066737508959351,-2.5331235622733654
activation,ipip_stems,final_token,14,through_third_order,False,8,0.08297177623822044,-8.474641582861771
activation,ipip_stems,final_token,14,through_third_order,True,8,0.23519113251603085,-75.1279091053172
activation,ipip_stems,final_token,15,main_effects,False,8,0.03281334779125877,-0.21829221960138123
activation,ipip_stems,final_token,15,main_effects,True,8,0.03636994449722768,-0.49670311983736926
activation,ipip_stems,final_token,15,main_plus_two_way,False,8,0.04325219506389792,-1.1167359863905904
activation,ipip_stems,final_token,15,main_plus_two_way,True,8,0.05610822909179694,-2.562078699992342
activation,ipip_stems,final_token,15,through_third_order,False,8,0.0912141587806518,-8.414015343029044
activation,ipip_stems,final_token,15,through_third_order,True,8,0.2586413457227248,-74.69135673896461
activation,ipip_stems,final_token,16,main_effects,False,8,0.037780510965391055,-0.21325126934756722
activation,ipip_stems,final_token,16,main_effects,True,8,0.04198047959054107,-0.4979933700808441
activation,ipip_stems,final_token,16,main_plus_two_way,False,8,0.04998986816654503,-1.1241201689747582
activation,ipip_stems,final_token,16,main_plus_two_way,True,8,0.0646507261997524,-2.552727640676421
activation,ipip_stems,final_token,16,through_third_order,False,8,0.10482329701431949,-8.33965277973436
activation,ipip_stems,final_token,16,through_third_order,True,8,0.2973888292767027,-74.17343617136545
activation,ipip_stems,final_token,17,main_effects,False,8,0.04387348803637176,-0.21541182938552472
activation,ipip_stems,final_token,17,main_effects,True,8,0.048925746208814666,-0.5114509192309491
activation,ipip_stems,final_token,17,main_plus_two_way,False,8,0.05837891517429393,-1.151945031167649
activation,ipip_stems,final_token,17,main_plus_two_way,True,8,0.07517705045758462,-2.5685328367025724
activation,ipip_stems,final_token,17,through_third_order,False,8,0.12096043192241293,-8.23859205502193
activation,ipip_stems,final_token,17,through_third_order,True,8,0.3428451399306633,-73.21900495797999
activation,ipip_stems,final_token,18,main_effects,False,8,0.04817483969730169,-0.21512146641304541
activation,ipip_stems,final_token,18,main_effects,True,8,0.053850859740369295,-0.5183238687064018
activation,ipip_stems,final_token,18,main_plus_two_way,False,8,0.06434909175945551,-1.1680234725027794
activation,ipip_stems,final_token,18,main_plus_two_way,True,8,0.08264793551642914,-2.5763758713772074
activation,ipip_stems,final_token,18,through_third_order,False,8,0.1328061033955129,-8.234538700245515
activation,ipip_stems,final_token,18,through_third_order,True,8,0.36810972192991315,-69.946947035135
activation,ipip_stems,final_token,19,main_effects,False,8,0.05224094465195263,-0.21482094314224653
activation,ipip_stems,final_token,19,main_effects,True,8,0.05840718511794466,-0.5185279152782634
activation,ipip_stems,final_token,19,main_plus_two_way,False,8,0.0696186710746528,-1.157454698288272
activation,ipip_stems,final_token,19,main_plus_two_way,True,8,0.08923191373118895,-2.5443013645951558
activation,ipip_stems,final_token,19,through_third_order,False,8,0.14548754207342904,-8.421972687661075
activation,ipip_stems,final_token,19,through_third_order,True,8,0.3955437972762221,-68.64330685293741
activation,ipip_stems,final_token,20,main_effects,False,8,0.05777221104933892,-0.21117598241199653
activation,ipip_stems,final_token,20,main_effects,True,8,0.06442518376126044,-0.5061929272255414
activation,ipip_stems,final_token,20,main_plus_two_way,False,8,0.07654269168672438,-1.126065954075857
activation,ipip_stems,final_token,20,main_plus_two_way,True,8,0.09848768593780015,-2.519922802215432
activation,ipip_stems,final_token,20,through_third_order,False,8,0.1607756822491146,-8.380154557272443
activation,ipip_stems,final_token,20,through_third_order,True,8,0.4378454119283038,-68.56821790306694
activation,ipip_stems,final_token,21,main_effects,False,8,0.06735270559413328,-0.21174452005849798
activation,ipip_stems,final_token,21,main_effects,True,8,0.07535652679985094,-0.5168502898388034
activation,ipip_stems,final_token,21,main_plus_two_way,False,8,0.08875853119862609,-1.1043655595930262
activation,ipip_stems,final_token,21,main_plus_two_way,True,8,0.11474462340576745,-2.5169456891224877
activation,ipip_stems,final_token,21,through_third_order,False,8,0.1871802266506839,-8.358816013456687
activation,ipip_stems,final_token,21,through_third_order,True,8,0.5130794632028248,-69.31860318003271
activation,ipip_stems,final_token,22,main_effects,False,8,0.07717081810395184,-0.2137491324048939
activation,ipip_stems,final_token,22,main_effects,True,8,0.08638191757273239,-0.5207870478032866
activation,ipip_stems,final_token,22,main_plus_two_way,False,8,0.10063571189522978,-1.064082111907802
activation,ipip_stems,final_token,22,main_plus_two_way,True,8,0.13130658305701273,-2.51395118292833
activation,ipip_stems,final_token,22,through_third_order,False,8,0.2129904146080531,-8.245764807830627
activation,ipip_stems,final_token,22,through_third_order,True,8,0.5812863825995879,-67.8657088520465
activation,ipip_stems,final_token,23,main_effects,False,8,0.08528929868240306,-0.21187136055877787
activation,ipip_stems,final_token,23,main_effects,True,8,0.09620094383073474,-0.541793113124512
activation,ipip_stems,final_token,23,main_plus_two_way,False,8,0.1112481169961471,-1.0618296140947874
activation,ipip_stems,final_token,23,main_plus_two_way,True,8,0.1463018466652203,-2.5658826880605017
activation,ipip_stems,final_token,23,through_third_order,False,8,0.2346236627823802,-8.170880962919199
activation,ipip_stems,final_token,23,through_third_order,True,8,0.6407803883530085,-67.40468671021392
activation,ipip_stems,final_token,24,main_effects,False,8,0.09548941639739837,-0.2179842514548549
activation,ipip_stems,final_token,24,main_effects,True,8,0.10761711628132871,-0.547012759487536
activation,ipip_stems,final_token,24,main_plus_two_way,False,8,0.12422651701523847,-1.0613883277241754
activation,ipip_stems,final_token,24,main_plus_two_way,True,8,0.16392085091886702,-2.589215994650577
activation,ipip_stems,final_token,24,through_third_order,False,8,0.26212088793207194,-8.177712642823819
activation,ipip_stems,final_token,24,through_third_order,True,8,0.7199274112163898,-68.23227676682089
activation,ipip_stems,final_token,25,main_effects,False,8,0.10573961447723965,-0.2230939622412753
activation,ipip_stems,final_token,25,main_effects,True,8,0.11916999413608749,-0.5535248799686647
activation,ipip_stems,final_token,25,main_plus_two_way,False,8,0.13764845823812166,-1.0726552924262172
activation,ipip_stems,final_token,25,main_plus_two_way,True,8,0.18178558245841994,-2.614957943793434
activation,ipip_stems,final_token,25,through_third_order,False,8,0.29069303684472153,-8.243865864777609
activation,ipip_stems,final_token,25,through_third_order,True,8,0.797415775670507,-68.55911110868045
activation,ipip_stems,final_token,26,main_effects,False,8,0.1188789545335478,-0.21974333676354485
activation,ipip_stems,final_token,26,main_effects,True,8,0.13426799213564303,-0.5559781320932873
activation,ipip_stems,final_token,26,main_plus_two_way,False,8,0.15454193539117678,-1.0613474184919713
activation,ipip_stems,final_token,26,main_plus_two_way,True,8,0.20357215832361933,-2.57680498781326
activation,ipip_stems,final_token,26,through_third_order,False,8,0.32699600300872217,-8.22876077433063
activation,ipip_stems,final_token,26,through_third_order,True,8,0.8966695908009593,-68.394233530876
activation,ipip_stems,final_token,27,main_effects,False,8,0.13460276355251355,-0.23198012263448375
activation,ipip_stems,final_token,27,main_effects,True,8,0.15189124215129124,-0.5687770060068396
activation,ipip_stems,final_token,27,main_plus_two_way,False,8,0.17456783761924108,-1.072164419507275
activation,ipip_stems,final_token,27,main_plus_two_way,True,8,0.23121391399486332,-2.635161237037622
activation,ipip_stems,final_token,27,through_third_order,False,8,0.3709270343383972,-8.35562319928854
activation,ipip_stems,final_token,27,through_third_order,True,8,1.019130219321325,-69.62445455055176
activation,ipip_stems,final_token,28,main_effects,False,8,0.15320063422397717,-0.23166071478853367
activation,ipip_stems,final_token,28,main_effects,True,8,0.1731746240022388,-0.5737598801824775
activation,ipip_stems,final_token,28,main_plus_two_way,False,8,0.19893561595514692,-1.0768017869939035
activation,ipip_stems,final_token,28,main_plus_two_way,True,8,0.26426542194671276,-2.664803092954145
activation,ipip_stems,final_token,28,through_third_order,False,8,0.42317301632159826,-8.397360706752709
activation,ipip_stems,final_token,28,through_third_order,True,8,1.1621560104271726,-69.87593940764845
activation,ipip_stems,final_token,29,main_effects,False,8,0.18074193743236447,-0.2248317932346413
activation,ipip_stems,final_token,29,main_effects,True,8,0.20407280365479186,-0.5614527483781062
activation,ipip_stems,final_token,29,main_plus_two_way,False,8,0.23503640055862066,-1.0712324394571069
activation,ipip_stems,final_token,29,main_plus_two_way,True,8,0.3112096164339195,-2.631320663040972
activation,ipip_stems,final_token,29,through_third_order,False,8,0.5034746217210551,-8.504160304320552
activation,ipip_stems,final_token,29,through_third_order,True,8,1.3678056472897884,-69.14672010423267
activation,ipip_stems,final_token,30,main_effects,False,8,0.2265252997245964,-0.2188326984941571
activation,ipip_stems,final_token,30,main_effects,True,8,0.25542081446467174,-0.5496129611796619
activation,ipip_stems,final_token,30,main_plus_two_way,False,8,0.2939418270729586,-1.0522650446532187
activation,ipip_stems,final_token,30,main_plus_two_way,True,8,0.3915267623292745,-2.641108123216417
activation,ipip_stems,final_token,30,through_third_order,False,8,0.6310874683328195,-8.45997050091528
activation,ipip_stems,final_token,30,through_third_order,True,8,1.7141130087576355,-68.78941712842439
activation,ipip_stems,final_token,31,main_effects,False,8,0.3596756644033271,-0.15076801494963044
activation,ipip_stems,final_token,31,main_effects,True,8,0.41496776361826604,-0.5317729427170124
activation,ipip_stems,final_token,31,main_plus_two_way,False,8,0.4537868362541652,-0.8317637499247672
activation,ipip_stems,final_token,31,main_plus_two_way,True,8,0.6302250844633428,-2.5331090614309484
activation,ipip_stems,final_token,31,through_third_order,False,8,0.959721768795101,-7.1932529845341175
activation,ipip_stems,final_token,31,through_third_order,True,8,2.682912127687936,-63.029272973488574
activation,ipip_stems,mean_tokens,0,main_effects,False,8,0.0014779643501140875,-0.26444029303939565
activation,ipip_stems,mean_tokens,0,main_effects,True,8,0.0015826679738190287,-0.44994002340244466
activation,ipip_stems,mean_tokens,0,main_plus_two_way,False,8,0.0019679783152687876,-1.241873105434458
activation,ipip_stems,mean_tokens,0,main_plus_two_way,True,8,0.002580348850775087,-2.854137979386183
activation,ipip_stems,mean_tokens,0,through_third_order,False,8,0.00411002211383507,-8.778195740253025
activation,ipip_stems,mean_tokens,0,through_third_order,True,8,0.011398568561863153,-74.20921248849119
activation,ipip_stems,mean_tokens,1,main_effects,False,8,0.01696835378438961,-0.23673915950974367
activation,ipip_stems,mean_tokens,1,main_effects,True,8,0.016308638875749737,-0.14244190227489284
activation,ipip_stems,mean_tokens,1,main_plus_two_way,False,8,0.022753651524052534,-1.2238264752888388
activation,ipip_stems,mean_tokens,1,main_plus_two_way,True,8,0.02186987028544438,-1.0544288522089191
activation,ipip_stems,mean_tokens,1,through_third_order,False,8,0.05695780373951234,-12.934941855000115
activation,ipip_stems,mean_tokens,1,through_third_order,True,8,0.14613846059262273,-90.733454344267
activation,ipip_stems,mean_tokens,2,main_effects,False,8,0.017228295237050627,-0.23683413267105302
activation,ipip_stems,mean_tokens,2,main_effects,True,8,0.016635801001842986,-0.1532256254153379
activation,ipip_stems,mean_tokens,2,main_plus_two_way,False,8,0.023089125990187004,-1.2214770856590182
activation,ipip_stems,mean_tokens,2,main_plus_two_way,True,8,0.022448276056586548,-1.0998720821815824
activation,ipip_stems,mean_tokens,2,through_third_order,False,8,0.05752701384441334,-12.790198342791921
activation,ipip_stems,mean_tokens,2,through_third_order,True,8,0.1479256201790127,-90.18295202053093
activation,ipip_stems,mean_tokens,3,main_effects,False,8,0.017705900911871846,-0.2333140502243536
activation,ipip_stems,mean_tokens,3,main_effects,True,8,0.017189970249790916,-0.16248637224685103
activation,ipip_stems,mean_tokens,3,main_plus_two_way,False,8,0.023671828130781572,-1.2044548999296363
activation,ipip_stems,mean_tokens,3,main_plus_two_way,True,8,0.02338803766908548,-1.1519153801201067
activation,ipip_stems,mean_tokens,3,through_third_order,False,8,0.058656359323721874,-12.535298183063809
activation,ipip_stems,mean_tokens,3,through_third_order,True,8,0.15099298826466873,-88.69147799949602
activation,ipip_stems,mean_tokens,4,main_effects,False,8,0.018398403541095076,-0.2338361172209691
activation,ipip_stems,mean_tokens,4,main_effects,True,8,0.017972654743420028,-0.1773935750040876
activation,ipip_stems,mean_tokens,4,main_plus_two_way,False,8,0.024515294999135375,-1.1906421802855376
activation,ipip_stems,mean_tokens,4,main_plus_two_way,True,8,0.024744939283689933,-1.2318755959943206
activation,ipip_stems,mean_tokens,4,through_third_order,False,8,0.060282387260264796,-12.245796656428729
activation,ipip_stems,mean_tokens,4,through_third_order,True,8,0.15571635409312212,-87.38237177564184
activation,ipip_stems,mean_tokens,5,main_effects,False,8,0.019012214556688455,-0.23338183829922143
activation,ipip_stems,mean_tokens,5,main_effects,True,8,0.018627034440938585,-0.18391240395747
activation,ipip_stems,mean_tokens,5,main_plus_two_way,False,8,0.025301093953996004,-1.1842921968454068
activation,ipip_stems,mean_tokens,5,main_plus_two_way,True,8,0.025864526242175136,-1.282659804542594
activation,ipip_stems,mean_tokens,5,through_third_order,False,8,0.06178117900539047,-12.024003955997237
activation,ipip_stems,mean_tokens,5,through_third_order,True,8,0.16117994407115702,-87.6449781023637
activation,ipip_stems,mean_tokens,6,main_effects,False,8,0.01986380609298699,-0.23672597784538008
activation,ipip_stems,mean_tokens,6,main_effects,True,8,0.019505272952674853,-0.19248414507642586
activation,ipip_stems,mean_tokens,6,main_plus_two_way,False,8,0.02642847779794326,-1.1892373494984558
activation,ipip_stems,mean_tokens,6,main_plus_two_way,True,8,0.027396157213495295,-1.352490340046768
activation,ipip_stems,mean_tokens,6,through_third_order,False,8,0.06378752991226791,-11.753227860843454
activation,ipip_stems,mean_tokens,6,through_third_order,True,8,0.1667728544961316,-86.17646887704062
activation,ipip_stems,mean_tokens,7,main_effects,False,8,0.021036626733719584,-0.2319031718296618
activation,ipip_stems,mean_tokens,7,main_effects,True,8,0.02065513933281672,-0.18762854973249965
activation,ipip_stems,mean_tokens,7,main_plus_two_way,False,8,0.027823865799135015,-1.155059727987235
activation,ipip_stems,mean_tokens,7,main_plus_two_way,True,8,0.02926382759860132,-1.3838922979710366
activation,ipip_stems,mean_tokens,7,through_third_order,False,8,0.06675024860325958,-11.40309717646561
activation,ipip_stems,mean_tokens,7,through_third_order,True,8,0.17465379107441825,-83.91421620881954
activation,ipip_stems,mean_tokens,8,main_effects,False,8,0.0221848176790402,-0.22577350713645972
activation,ipip_stems,mean_tokens,8,main_effects,True,8,0.021876083757356724,-0.19189406656903474
activation,ipip_stems,mean_tokens,8,main_plus_two_way,False,8,0.029320597958288046,-1.141135483304672
activation,ipip_stems,mean_tokens,8,main_plus_two_way,True,8,0.031420945274157036,-1.4588780801026182
activation,ipip_stems,mean_tokens,8,through_third_order,False,8,0.0694308899481885,-11.006155578629802
activation,ipip_stems,mean_tokens,8,through_third_order,True,8,0.1822070918500321,-81.68544268449052
activation,ipip_stems,mean_tokens,9,main_effects,False,8,0.023046496633109082,-0.22653123548184717
activation,ipip_stems,mean_tokens,9,main_effects,True,8,0.022869734308265985,-0.20778885645092227
activation,ipip_stems,mean_tokens,9,main_plus_two_way,False,8,0.030432096408661007,-1.1386145744654241
activation,ipip_stems,mean_tokens,9,main_plus_two_way,True,8,0.03298533656820461,-1.5125263179757704
activation,ipip_stems,mean_tokens,9,through_third_order,False,8,0.07190071284418473,-10.93809889394792
activation,ipip_stems,mean_tokens,9,through_third_order,True,8,0.1906359734657591,-82.92251548243166
activation,ipip_stems,mean_tokens,10,main_effects,False,8,0.023509241610204814,-0.2232901660609634
activation,ipip_stems,mean_tokens,10,main_effects,True,8,0.023465916088944883,-0.21878548249586638
activation,ipip_stems,mean_tokens,10,main_plus_two_way,False,8,0.031048803345592405,-1.1337423599736924
activation,ipip_stems,mean_tokens,10,main_plus_two_way,True,8,0.03393766203506664,-1.5492714765110418
activation,ipip_stems,mean_tokens,10,through_third_order,False,8,0.07286943675147729,-10.752846690521451
activation,ipip_stems,mean_tokens,10,through_third_order,True,8,0.1917080050599521,-80.3453517696051
activation,ipip_stems,mean_tokens,11,main_effects,False,8,0.02418298928452888,-0.2275031457950445
activation,ipip_stems,mean_tokens,11,main_effects,True,8,0.024285513553108148,-0.2379332568211463
activation,ipip_stems,mean_tokens,11,main_plus_two_way,False,8,0.03188524799257684,-1.133940201338448
activation,ipip_stems,mean_tokens,11,main_plus_two_way,True,8,0.03502729380550195,-1.575228780353617
activation,ipip_stems,mean_tokens,11,through_third_order,False,8,0.07459157220336181,-10.678368344087499
activation,ipip_stems,mean_tokens,11,through_third_order,True,8,0.19502333495247764,-78.83177844904677
activation,ipip_stems,mean_tokens,12,main_effects,False,8,0.024713791786578305,-0.2256817407363343
activation,ipip_stems,mean_tokens,12,main_effects,True,8,0.024842389385743933,-0.23847053621776948
activation,ipip_stems,mean_tokens,12,main_plus_two_way,False,8,0.03250990351760888,-1.120949415340228
activation,ipip_stems,mean_tokens,12,main_plus_two_way,True,8,0.03605497249050425,-1.60873092525939
activation,ipip_stems,mean_tokens,12,through_third_order,False,8,0.07556960791364492,-10.460228775595127
activation,ipip_stems,mean_tokens,12,through_third_order,True,8,0.1969669731002112,-76.85486775453842
activation,ipip_stems,mean_tokens,13,main_effects,False,8,0.025361139325390115,-0.22766925670953642
activation,ipip_stems,mean_tokens,13,main_effects,True,8,0.025722740835232388,-0.26292728103893226
activation,ipip_stems,mean_tokens,13,main_plus_two_way,False,8,0.033422544987199855,-1.1321752292802731
activation,ipip_stems,mean_tokens,13,main_plus_two_way,True,8,0.03728680321894927,-1.6537142836823104
activation,ipip_stems,mean_tokens,13,through_third_order,False,8,0.07710675935909861,-10.34824654707536
activation,ipip_stems,mean_tokens,13,through_third_order,True,8,0.20199242903486558,-76.87786627950247
activation,ipip_stems,mean_tokens,14,main_effects,False,8,0.0254594450650206,-0.2244120820921689
activation,ipip_stems,mean_tokens,14,main_effects,True,8,0.025990708157457545,-0.27604492743309583
activation,ipip_stems,mean_tokens,14,main_plus_two_way,False,8,0.03351628322675603,-1.1219807682785095
activation,ipip_stems,mean_tokens,14,main_plus_two_way,True,8,0.03742073086042402,-1.6451741558966573
activation,ipip_stems,mean_tokens,14,through_third_order,False,8,0.07709195983583021,-10.226591310192704
activation,ipip_stems,mean_tokens,14,through_third_order,True,8,0.2028607451390184,-76.73664135558508
activation,ipip_stems,mean_tokens,15,main_effects,False,8,0.026560128498394276,-0.22214471077225628
activation,ipip_stems,mean_tokens,15,main_effects,True,8,0.02741764332724743,-0.30233446473942194
activation,ipip_stems,mean_tokens,15,main_plus_two_way,False,8,0.03484164874324791,-1.103098846043411
activation,ipip_stems,mean_tokens,15,main_plus_two_way,True,8,0.03932993283801135,-1.679838971064319
activation,ipip_stems,mean_tokens,15,through_third_order,False,8,0.07958365752418016,-9.972613409144614
activation,ipip_stems,mean_tokens,15,through_third_order,True,8,0.21132256618078532,-76.36669426355164
activation,ipip_stems,mean_tokens,16,main_effects,False,8,0.02803359824097422,-0.21875138619264756
activation,ipip_stems,mean_tokens,16,main_effects,True,8,0.029068786843175147,-0.3104222160184036
activation,ipip_stems,mean_tokens,16,main_plus_two_way,False,8,0.036793428574481854,-1.0994133330343248
activation,ipip_stems,mean_tokens,16,main_plus_two_way,True,8,0.041983460621402804,-1.7334674096377465
activation,ipip_stems,mean_tokens,16,through_third_order,False,8,0.08310160177136909,-9.709673286329537
activation,ipip_stems,mean_tokens,16,through_third_order,True,8,0.22068019218956997,-74.52385324012697
activation,ipip_stems,mean_tokens,17,main_effects,False,8,0.030147201679919786,-0.2189381245065214
activation,ipip_stems,mean_tokens,17,main_effects,True,8,0.03165563237447464,-0.34397018832431914
activation,ipip_stems,mean_tokens,17,main_plus_two_way,False,8,0.03956783060693754,-1.0997719386957057
activation,ipip_stems,mean_tokens,17,main_plus_two_way,True,8,0.04584584205086267,-1.8189511866650663
activation,ipip_stems,mean_tokens,17,through_third_order,False,8,0.0882852971542906,-9.45356476416772
activation,ipip_stems,mean_tokens,17,through_third_order,True,8,0.2362123637754605,-73.83295573323083
activation,ipip_stems,mean_tokens,18,main_effects,False,8,0.03204255389128086,-0.21637075055251054
activation,ipip_stems,mean_tokens,18,main_effects,True,8,0.03379484850275159,-0.353046522185102
activation,ipip_stems,mean_tokens,18,main_plus_two_way,False,8,0.041993947911771176,-1.0892246050388286
activation,ipip_stems,mean_tokens,18,main_plus_two_way,True,8,0.04886427097806493,-1.8287500136633388
activation,ipip_stems,mean_tokens,18,through_third_order,False,8,0.09297172710302684,-9.240319785920853
activation,ipip_stems,mean_tokens,18,through_third_order,True,8,0.24769814925663425,-71.6870837104941
activation,ipip_stems,mean_tokens,19,main_effects,False,8,0.033351671689025676,-0.21539402237277572
activation,ipip_stems,mean_tokens,19,main_effects,True,8,0.03521595289956608,-0.3550670055006111
activation,ipip_stems,mean_tokens,19,main_plus_two_way,False,8,0.043750766689023994,-1.0914776024196509
activation,ipip_stems,mean_tokens,19,main_plus_two_way,True,8,0.05114007157762832,-1.8576204500511806
activation,ipip_stems,mean_tokens,19,through_third_order,False,8,0.09639816140742904,-9.153584408449445
activation,ipip_stems,mean_tokens,19,through_third_order,True,8,0.25382111233874505,-69.39427948665308
activation,ipip_stems,mean_tokens,20,main_effects,False,8,0.035158269773973135,-0.21546825361522304
activation,ipip_stems,mean_tokens,20,main_effects,True,8,0.03718249774484804,-0.35945786699109683
activation,ipip_stems,mean_tokens,20,main_plus_two_way,False,8,0.045921457654740566,-1.0735760209018856
activation,ipip_stems,mean_tokens,20,main_plus_two_way,True,8,0.05411198091846065,-1.8792242884110584
activation,ipip_stems,mean_tokens,20,through_third_order,False,8,0.10102606007128526,-9.035880100884233
activation,ipip_stems,mean_tokens,20,through_third_order,True,8,0.2648949542008003,-67.99792072405141
activation,ipip_stems,mean_tokens,21,main_effects,False,8,0.039614224722857576,-0.2142041349105941
activation,ipip_stems,mean_tokens,21,main_effects,True,8,0.042272678786924395,-0.38263938862121316
activation,ipip_stems,mean_tokens,21,main_plus_two_way,False,8,0.05140848668929568,-1.0448385553519395
activation,ipip_stems,mean_tokens,21,main_plus_two_way,True,8,0.06150453117125933,-1.9268711942079237
activation,ipip_stems,mean_tokens,21,through_third_order,False,8,0.11236314714101939,-8.768709056217542
activation,ipip_stems,mean_tokens,21,through_third_order,True,8,0.2973995585975711,-67.43370051933412
activation,ipip_stems,mean_tokens,22,main_effects,False,8,0.043116641695640334,-0.21604610418434333
activation,ipip_stems,mean_tokens,22,main_effects,True,8,0.04626491627063957,-0.4001151281974902
activation,ipip_stems,mean_tokens,22,main_plus_two_way,False,8,0.055850378011666105,-1.0403864036705026
activation,ipip_stems,mean_tokens,22,main_plus_two_way,True,8,0.06756190092111217,-1.9858219601654512
activation,ipip_stems,mean_tokens,22,through_third_order,False,8,0.12190189808658018,-8.72033254421422
activation,ipip_stems,mean_tokens,22,through_third_order,True,8,0.3224035233825347,-66.99230208806273
activation,ipip_stems,mean_tokens,23,main_effects,False,8,0.04737863492709064,-0.21632709623093205
activation,ipip_stems,mean_tokens,23,main_effects,True,8,0.05111770993992092,-0.4158853002532761
activation,ipip_stems,mean_tokens,23,main_plus_two_way,False,8,0.061301638439135935,-1.0362423179133562
activation,ipip_stems,mean_tokens,23,main_plus_two_way,True,8,0.07475416468460389,-2.0280014601882335
activation,ipip_stems,mean_tokens,23,through_third_order,False,8,0.1329558102209529,-8.578553651488372
activation,ipip_stems,mean_tokens,23,through_third_order,True,8,0.35408166749246445,-66.93478072775027
activation,ipip_stems,mean_tokens,24,main_effects,False,8,0.052124983527605584,-0.2228734902470051
activation,ipip_stems,mean_tokens,24,main_effects,True,8,0.056451536671011514,-0.434303986993277
activation,ipip_stems,mean_tokens,24,main_plus_two_way,False,8,0.06734822656346441,-1.041465276304891
activation,ipip_stems,mean_tokens,24,main_plus_two_way,True,8,0.08300232070697532,-2.100774182056734
activation,ipip_stems,mean_tokens,24,through_third_order,False,8,0.1446549225879347,-8.417943990522698
activation,ipip_stems,mean_tokens,24,through_third_order,True,8,0.38861162465241755,-66.97062199645585
activation,ipip_stems,mean_tokens,25,main_effects,False,8,0.05713121863056348,-0.22323088804081115
activation,ipip_stems,mean_tokens,25,main_effects,True,8,0.062144225862497966,-0.44731488284586307
activation,ipip_stems,mean_tokens,25,main_plus_two_way,False,8,0.0738712414344912,-1.0450892152633418
activation,ipip_stems,mean_tokens,25,main_plus_two_way,True,8,0.09161477481270172,-2.1455203575579933
activation,ipip_stems,mean_tokens,25,through_third_order,False,8,0.15846333245746227,-8.410637248381667
activation,ipip_stems,mean_tokens,25,through_third_order,True,8,0.42525112746457777,-66.77232905453037
activation,ipip_stems,mean_tokens,26,main_effects,False,8,0.06292111761983217,-0.22404325336415054
activation,ipip_stems,mean_tokens,26,main_effects,True,8,0.06889622491231968,-0.467556263095366
activation,ipip_stems,mean_tokens,26,main_plus_two_way,False,8,0.0813438762477254,-1.0457550694313356
activation,ipip_stems,mean_tokens,26,main_plus_two_way,True,8,0.10160054214051827,-2.1915081594464847
activation,ipip_stems,mean_tokens,26,through_third_order,False,8,0.17471680784718338,-8.437854573576558
activation,ipip_stems,mean_tokens,26,through_third_order,True,8,0.47109042593608363,-67.61395676617626
activation,ipip_stems,mean_tokens,27,main_effects,False,8,0.06971652981687718,-0.2305114020145862
activation,ipip_stems,mean_tokens,27,main_effects,True,8,0.07659566125177177,-0.4853283092051899
activation,ipip_stems,mean_tokens,27,main_plus_two_way,False,8,0.090117859162984,-1.056060316894596
activation,ipip_stems,mean_tokens,27,main_plus_two_way,True,8,0.11349375250399185,-2.261054297368565
activation,ipip_stems,mean_tokens,27,through_third_order,False,8,0.1936978612681476,-8.498691214216056
activation,ipip_stems,mean_tokens,27,through_third_order,True,8,0.5257734260919443,-68.98603390819508
activation,ipip_stems,mean_tokens,28,main_effects,False,8,0.07801305823151916,-0.23223181062809606
activation,ipip_stems,mean_tokens,28,main_effects,True,8,0.08612065638829881,-0.5016629721221391
activation,ipip_stems,mean_tokens,28,main_plus_two_way,False,8,0.10088706103763045,-1.060766334885471
activation,ipip_stems,mean_tokens,28,main_plus_two_way,True,8,0.1282598372518619,-2.3307280816777523
activation,ipip_stems,mean_tokens,28,through_third_order,False,8,0.21637228090683785,-8.478967978041181
activation,ipip_stems,mean_tokens,28,through_third_order,True,8,0.5840957510852256,-68.07579686955846
activation,ipip_stems,mean_tokens,29,main_effects,False,8,0.09457026027325698,-0.22491475314312126
activation,ipip_stems,mean_tokens,29,main_effects,True,8,0.10424165734123342,-0.48826172269400425
activation,ipip_stems,mean_tokens,29,main_plus_two_way,False,8,0.12249576014509136,-1.055127690586585
activation,ipip_stems,mean_tokens,29,main_plus_two_way,True,8,0.1555898062693713,-2.315575920713658
activation,ipip_stems,mean_tokens,29,through_third_order,False,8,0.26359796131907387,-8.516577549969995
activation,ipip_stems,mean_tokens,29,through_third_order,True,8,0.7087493961710744,-67.79899601739568
activation,ipip_stems,mean_tokens,30,main_effects,False,8,0.12494828907292206,-0.19845680903975915
activation,ipip_stems,mean_tokens,30,main_effects,True,8,0.13714081980659396,-0.4437607881632588
activation,ipip_stems,mean_tokens,30,main_plus_two_way,False,8,0.16164639236295272,-1.0058284768499686
activation,ipip_stems,mean_tokens,30,main_plus_two_way,True,8,0.20663910082303247,-2.277832572366549
activation,ipip_stems,mean_tokens,30,through_third_order,False,8,0.34928623305941775,-8.365364759194751
activation,ipip_stems,mean_tokens,30,through_third_order,True,8,0.9366260912196523,-66.3432796649331
activation,ipip_stems,mean_tokens,31,main_effects,False,8,0.26460594768637674,-0.10302555936556801
activation,ipip_stems,mean_tokens,31,main_effects,True,8,0.2913975275019421,-0.33769806036483163
activation,ipip_stems,mean_tokens,31,main_plus_two_way,False,8,0.3282081412337195,-0.6970126181596576
activation,ipip_stems,mean_tokens,31,main_plus_two_way,True,8,0.43815178722937326,-2.0243743593484136
activation,ipip_stems,mean_tokens,31,through_third_order,False,8,0.709016109902912,-6.919514870614023
activation,ipip_stems,mean_tokens,31,through_third_order,True,8,1.8930185600252163,-55.454181661397485
activation,neutral_controls,final_token,0,main_effects,False,8,0.0011414326008177228,-0.25597897501361166
activation,neutral_controls,final_token,0,main_effects,True,8,0.0012604666915674377,-0.5315972293289175
activation,neutral_controls,final_token,0,main_plus_two_way,False,8,0.001516003191421137,-1.2155525515611822
activation,neutral_controls,final_token,0,main_plus_two_way,True,8,0.0019904677405262997,-2.819373331417319
activation,neutral_controls,final_token,0,through_third_order,False,8,0.0032709081595847715,-9.313795711981783
activation,neutral_controls,final_token,0,through_third_order,True,8,0.009452220310279461,-85.12901799704092
activation,neutral_controls,final_token,1,main_effects,False,8,0.0020311288983136293,-0.2278072596446199
activation,neutral_controls,final_token,1,main_effects,True,8,0.0022228365892574074,-0.4705178490405024
activation,neutral_controls,final_token,1,main_plus_two_way,False,8,0.002659021107751303,-1.10425707549626
activation,neutral_controls,final_token,1,main_plus_two_way,True,8,0.003516626543762797,-2.680507662123663
activation,neutral_controls,final_token,1,through_third_order,False,8,0.0058004393030748735,-9.01329473826669
activation,neutral_controls,final_token,1,through_third_order,True,8,0.016523416012906644,-80.25589927078204
activation,neutral_controls,final_token,2,main_effects,False,8,0.003286978592297775,-0.2082869741270892
activation,neutral_controls,final_token,2,main_effects,True,8,0.0036166360692398555,-0.4628033996322194
activation,neutral_controls,final_token,2,main_plus_two_way,False,8,0.0043189914819633775,-1.0861284096544783
activation,neutral_controls,final_token,2,main_plus_two_way,True,8,0.005739834112314249,-2.6844699973669166
activation,neutral_controls,final_token,2,through_third_order,False,8,0.009408888979639162,-8.900406591746737
activation,neutral_controls,final_token,2,through_third_order,True,8,0.02635200122751173,-76.6611015954308
activation,neutral_controls,final_token,3,main_effects,False,8,0.005237948471391734,-0.20257252828249972
activation,neutral_controls,final_token,3,main_effects,True,8,0.0057041733634333545,-0.4261797565292673
activation,neutral_controls,final_token,3,main_plus_two_way,False,8,0.00682676248587752,-1.0427650636271877
activation,neutral_controls,final_token,3,main_plus_two_way,True,8,0.008982345994415091,-2.536457104943225
activation,neutral_controls,final_token,3,through_third_order,False,8,0.014743937329801303,-8.52830800857164
activation,neutral_controls,final_token,3,through_third_order,True,8,0.04072131716402024,-71.68293721996238
activation,neutral_controls,final_token,4,main_effects,False,8,0.007361711619079623,-0.2172992983567974
activation,neutral_controls,final_token,4,main_effects,True,8,0.007960075285682827,-0.4232268247364168
activation,neutral_controls,final_token,4,main_plus_two_way,False,8,0.009601279111707287,-1.0706083449583463
activation,neutral_controls,final_token,4,main_plus_two_way,True,8,0.012641899952293194,-2.5897521817393288
activation,neutral_controls,final_token,4,through_third_order,False,8,0.020820329853222755,-8.736771573314357
activation,neutral_controls,final_token,4,through_third_order,True,8,0.05925929224478419,-77.87741886512896
activation,neutral_controls,final_token,5,main_effects,False,8,0.00899562112886732,-0.21943853640626254
activation,neutral_controls,final_token,5,main_effects,True,8,0.009731361865429703,-0.42706859310796297
activation,neutral_controls,final_token,5,main_plus_two_way,False,8,0.011699894094410187,-1.0628206243172071
activation,neutral_controls,final_token,5,main_plus_two_way,True,8,0.01538236331335068,-2.565691231255223
activation,neutral_controls,final_token,5,through_third_order,False,8,0.024817328395396174,-8.281275383732067
activation,neutral_controls,final_token,5,through_third_order,True,8,0.07255861164194324,-78.33695575501898
activation,neutral_controls,final_token,6,main_effects,False,8,0.010330074941875052,-0.21879281418472796
activation,neutral_controls,final_token,6,main_effects,True,8,0.01098319497010407,-0.37778142962737515
activation,neutral_controls,final_token,6,main_plus_two_way,False,8,0.013400062951678298,-1.0508628482775535
activation,neutral_controls,final_token,6,main_plus_two_way,True,8,0.01727017416054619,-2.4065626074697883
activation,neutral_controls,final_token,6,through_third_order,False,8,0.028043279164087494,-7.982154710868919
activation,neutral_controls,final_token,6,through_third_order,True,8,0.08113919805363302,-74.19420336026549
activation,neutral_controls,final_token,7,main_effects,False,8,0.012232766691158354,-0.23047825406893008
activation,neutral_controls,final_token,7,main_effects,True,8,0.012956931818641099,-0.3804761386684279
activation,neutral_controls,final_token,7,main_plus_two_way,False,8,0.015882961093820033,-1.0743761072543334
activation,neutral_controls,final_token,7,main_plus_two_way,True,8,0.02022860222840171,-2.3647771540524194
activation,neutral_controls,final_token,7,through_third_order,False,8,0.03339057053454949,-8.167950018862436
activation,neutral_controls,final_token,7,through_third_order,True,8,0.09376384423155273,-71.29285342624365
activation,neutral_controls,final_token,8,main_effects,False,8,0.014000913660610351,-0.24616903288148406
activation,neutral_controls,final_token,8,main_effects,True,8,0.014854051439975193,-0.40266528007364855
activation,neutral_controls,final_token,8,main_plus_two_way,False,8,0.018111369828195435,-1.0852916183540016
activation,neutral_controls,final_token,8,main_plus_two_way,True,8,0.023189689750729905,-2.418645564507418
activation,neutral_controls,final_token,8,through_third_order,False,8,0.03814747959408064,-8.251153749213234
activation,neutral_controls,final_token,8,through_third_order,True,8,0.10560976075390154,-69.90425816159684
activation,neutral_controls,final_token,9,main_effects,False,8,0.015948264043023245,-0.25516651288936054
activation,neutral_controls,final_token,9,main_effects,True,8,0.017036215959553104,-0.4322564373881588
activation,neutral_controls,final_token,9,main_plus_two_way,False,8,0.0207218259465813,-1.1189980272486695
activation,neutral_controls,final_token,9,main_plus_two_way,True,8,0.026589716859830748,-2.4890077562910213
activation,neutral_controls,final_token,9,through_third_order,False,8,0.043806755610875374,-8.4701463200065
activation,neutral_controls,final_token,9,through_third_order,True,8,0.1234771729202812,-74.23984017870612
activation,neutral_controls,final_token,10,main_effects,False,8,0.017026652254034887,-0.2569667888588818
activation,neutral_controls,final_token,10,main_effects,True,8,0.018215228391599992,-0.4385816376578222
activation,neutral_controls,final_token,10,main_plus_two_way,False,8,0.0220898043838405,-1.115675274391457
activation,neutral_controls,final_token,10,main_plus_two_way,True,8,0.028290843943069688,-2.4702205454280235
activation,neutral_controls,final_token,10,through_third_order,False,8,0.04726411333231738,-8.685639500426108
activation,neutral_controls,final_token,10,through_third_order,True,8,0.13142611590467013,-73.89082536402198
activation,neutral_controls,final_token,11,main_effects,False,8,0.017754395468150008,-0.25568392226243586
activation,neutral_controls,final_token,11,main_effects,True,8,0.019107171024853813,-0.4543245549163202
activation,neutral_controls,final_token,11,main_plus_two_way,False,8,0.02293300582207421,-1.0950313089902806
activation,neutral_controls,final_token,11,main_plus_two_way,True,8,0.02925822407061723,-2.4100792977923304
activation,neutral_controls,final_token,11,through_third_order,False,8,0.04921204898714084,-8.647425872798914
activation,neutral_controls,final_token,11,through_third_order,True,8,0.13935444040112585,-76.35888087697333
activation,neutral_controls,final_token,12,main_effects,False,8,0.019743816428819748,-0.25033432827070357
activation,neutral_controls,final_token,12,main_effects,True,8,0.021257864246663014,-0.44944988697131616
activation,neutral_controls,final_token,12,main_plus_two_way,False,8,0.02551406322716591,-1.0879649353061867
activation,neutral_controls,final_token,12,main_plus_two_way,True,8,0.033097446300166575,-2.51360485495867
activation,neutral_controls,final_token,12,through_third_order,False,8,0.054432367470954944,-8.50338653399134
activation,neutral_controls,final_token,12,through_third_order,True,8,0.15325945651436046,-74.33876702715733
activation,neutral_controls,final_token,13,main_effects,False,8,0.02219799183980394,-0.2594873859935303
activation,neutral_controls,final_token,13,main_effects,True,8,0.024188497740656754,-0.4954925056787034
activation,neutral_controls,final_token,13,main_plus_two_way,False,8,0.028779235561271977,-1.117019973091574
activation,neutral_controls,final_token,13,main_plus_two_way,True,8,0.03725140056007853,-2.5469221716294714
activation,neutral_controls,final_token,13,through_third_order,False,8,0.06154106072701572,-8.68046908865713
activation,neutral_controls,final_token,13,through_third_order,True,8,0.17399328906352554,-76.38048423764246
activation,neutral_controls,final_token,14,main_effects,False,8,0.02342694619720109,-0.2632376419585636
activation,neutral_controls,final_token,14,main_effects,True,8,0.025625846638364713,-0.5115069326978705
activation,neutral_controls,final_token,14,main_plus_two_way,False,8,0.030287994186892406,-1.1115176915520912
activation,neutral_controls,final_token,14,main_plus_two_way,True,8,0.03962781632497436,-2.614547869756464
activation,neutral_controls,final_token,14,through_third_order,False,8,0.06481795906684859,-8.670399201176151
activation,neutral_controls,final_token,14,through_third_order,True,8,0.1821757537005977,-75.38970765251865
activation,neutral_controls,final_token,15,main_effects,False,8,0.02628304589271319,-0.25836524070053235
activation,neutral_controls,final_token,15,main_effects,True,8,0.02899393431142092,-0.5313329519235159
activation,neutral_controls,final_token,15,main_plus_two_way,False,8,0.033922542929345496,-1.096197159662799
activation,neutral_controls,final_token,15,main_plus_two_way,True,8,0.044419211851605016,-2.594156830205076
activation,neutral_controls,final_token,15,through_third_order,False,8,0.07338345826114445,-8.80960850982372
activation,neutral_controls,final_token,15,through_third_order,True,8,0.20656160543157795,-76.72388980807777
activation,neutral_controls,final_token,16,main_effects,False,8,0.03009438710160536,-0.2561013789891373
activation,neutral_controls,final_token,16,main_effects,True,8,0.03298266797632747,-0.5087776854430579
activation,neutral_controls,final_token,16,main_plus_two_way,False,8,0.03885727900105194,-1.0941050194539859
activation,neutral_controls,final_token,16,main_plus_two_way,True,8,0.05071271937961156,-2.566871677471517
activation,neutral_controls,final_token,16,through_third_order,False,8,0.08298086169929846,-8.550136240540455
activation,neutral_controls,final_token,16,through_third_order,True,8,0.23188783250353848,-73.5778070407606
activation,neutral_controls,final_token,17,main_effects,False,8,0.03568330234005515,-0.2583978384521939
activation,neutral_controls,final_token,17,main_effects,True,8,0.03950716044412906,-0.5425509461491798
activation,neutral_controls,final_token,17,main_plus_two_way,False,8,0.04636740884442928,-1.124777886992415
activation,neutral_controls,final_token,17,main_plus_two_way,True,8,0.06075945002909603,-2.6485100974253135
activation,neutral_controls,final_token,17,through_third_order,False,8,0.09830258306590707,-8.550316046548089
activation,neutral_controls,final_token,17,through_third_order,True,8,0.2763963525574161,-74.50096446764792
activation,neutral_controls,final_token,18,main_effects,False,8,0.03991473247124304,-0.26264008697805785
activation,neutral_controls,final_token,18,main_effects,True,8,0.044314325339131454,-0.5563290054490959
activation,neutral_controls,final_token,18,main_plus_two_way,False,8,0.051837551075999626,-1.1296198221367435
activation,neutral_controls,final_token,18,main_plus_two_way,True,8,0.06824051032280551,-2.690605799131769
activation,neutral_controls,final_token,18,through_third_order,False,8,0.10921345356001308,-8.452907521434256
activation,neutral_controls,final_token,18,through_third_order,True,8,0.31056113827289306,-75.4376536855183
activation,neutral_controls,final_token,19,main_effects,False,8,0.04273183644366466,-0.266266410406105
activation,neutral_controls,final_token,19,main_effects,True,8,0.04733099627687968,-0.5535071770090636
activation,neutral_controls,final_token,19,main_plus_two_way,False,8,0.055403180340602085,-1.1285867910114344
activation,neutral_controls,final_token,19,main_plus_two_way,True,8,0.07256180217892488,-2.651220766824441
activation,neutral_controls,final_token,19,through_third_order,False,8,0.11747949000339274,-8.570752308879928
activation,neutral_controls,final_token,19,through_third_order,True,8,0.33115090700637495,-75.04556126141863
activation,neutral_controls,final_token,20,main_effects,False,8,0.04619191231488272,-0.2565780626699594
activation,neutral_controls,final_token,20,main_effects,True,8,0.051272426107612845,-0.5481938038996725
activation,neutral_controls,final_token,20,main_plus_two_way,False,8,0.059576181068248316,-1.0902725187652655
activation,neutral_controls,final_token,20,main_plus_two_way,True,8,0.07808937830795916,-2.5912159385349653
activation,neutral_controls,final_token,20,through_third_order,False,8,0.12759988067636277,-8.58866455610289
activation,neutral_controls,final_token,20,through_third_order,True,8,0.35993938257659386,-75.29855692505706
activation,neutral_controls,final_token,21,main_effects,False,8,0.05536680372502318,-0.2582775855261994
activation,neutral_controls,final_token,21,main_effects,True,8,0.06174851070399753,-0.5650583340564599
activation,neutral_controls,final_token,21,main_plus_two_way,False,8,0.07132713205455314,-1.0882720649723532
activation,neutral_controls,final_token,21,main_plus_two_way,True,8,0.09339675926687405,-2.5804793134181443
activation,neutral_controls,final_token,21,through_third_order,False,8,0.1541710611930209,-8.756258037928555
activation,neutral_controls,final_token,21,through_third_order,True,8,0.4400834467821861,-78.49642918542902
activation,neutral_controls,final_token,22,main_effects,False,8,0.06272468877347884,-0.25617524525210533
activation,neutral_controls,final_token,22,main_effects,True,8,0.06977143107143144,-0.5542771493929846
activation,neutral_controls,final_token,22,main_plus_two_way,False,8,0.08058048468525256,-1.073160621811208
activation,neutral_controls,final_token,22,main_plus_two_way,True,8,0.10559443140016679,-2.560042908315323
activation,neutral_controls,final_token,22,through_third_order,False,8,0.17688197507765582,-8.989421960826704
activation,neutral_controls,final_token,22,through_third_order,True,8,0.5000915297966333,-78.84949947737515
activation,neutral_controls,final_token,23,main_effects,False,8,0.06906779500492174,-0.2545159330329041
activation,neutral_controls,final_token,23,main_effects,True,8,0.0771535263679779,-0.56544048086475
activation,neutral_controls,final_token,23,main_plus_two_way,False,8,0.0887569953144017,-1.071715818544741
activation,neutral_controls,final_token,23,main_plus_two_way,True,8,0.11641164949709067,-2.5638374302189306
activation,neutral_controls,final_token,23,through_third_order,False,8,0.19685812712926257,-9.191349530992493
activation,neutral_controls,final_token,23,through_third_order,True,8,0.5559768325235193,-80.29023681049594
activation,neutral_controls,final_token,24,main_effects,False,8,0.07581718493314334,-0.25619881402775735
activation,neutral_controls,final_token,24,main_effects,True,8,0.08471626958310387,-0.568399575470798
activation,neutral_controls,final_token,24,main_plus_two_way,False,8,0.0974928317294327,-1.0771527668553569
activation,neutral_controls,final_token,24,main_plus_two_way,True,8,0.12795398338840858,-2.577920528651888
activation,neutral_controls,final_token,24,through_third_order,False,8,0.2165267432219477,-9.245806653476253
activation,neutral_controls,final_token,24,through_third_order,True,8,0.6091461564993346,-80.08977311870697
activation,neutral_controls,final_token,25,main_effects,False,8,0.08237201127592085,-0.25667807547768695
activation,neutral_controls,final_token,25,main_effects,True,8,0.09218000701061203,-0.5737587992208439
activation,neutral_controls,final_token,25,main_plus_two_way,False,8,0.10609071944152788,-1.0845844162964777
activation,neutral_controls,final_token,25,main_plus_two_way,True,8,0.13904217935215019,-2.5806166789413276
activation,neutral_controls,final_token,25,through_third_order,False,8,0.2351878892075692,-9.244590573837897
activation,neutral_controls,final_token,25,through_third_order,True,8,0.6575424216865665,-79.07782178943891
activation,neutral_controls,final_token,26,main_effects,False,8,0.09226387483331068,-0.24827911363545452
activation,neutral_controls,final_token,26,main_effects,True,8,0.1030088909873357,-0.5559575604528533
activation,neutral_controls,final_token,26,main_plus_two_way,False,8,0.11899195774291144,-1.076268638158803
activation,neutral_controls,final_token,26,main_plus_two_way,True,8,0.15562499022082307,-2.551460579910342
activation,neutral_controls,final_token,26,through_third_order,False,8,0.26307096442732736,-9.14832011697657
activation,neutral_controls,final_token,26,through_third_order,True,8,0.7376720541969963,-78.79487271780663
activation,neutral_controls,final_token,27,main_effects,False,8,0.10183118973885516,-0.2490117484475558
activation,neutral_controls,final_token,27,main_effects,True,8,0.11349381506364505,-0.5514910607449723
activation,neutral_controls,final_token,27,main_plus_two_way,False,8,0.13185614415019517,-1.0941396075820582
activation,neutral_controls,final_token,27,main_plus_two_way,True,8,0.17285486942933653,-2.5988862866091784
activation,neutral_controls,final_token,27,through_third_order,False,8,0.29252215609252386,-9.306766076992975
activation,neutral_controls,final_token,27,through_third_order,True,8,0.8177925809646364,-79.55476227790807
activation,neutral_controls,final_token,28,main_effects,False,8,0.11409054149801832,-0.24540579831696152
activation,neutral_controls,final_token,28,main_effects,True,8,0.12753022275232215,-0.5561011980891344
activation,neutral_controls,final_token,28,main_plus_two_way,False,8,0.1478203542198679,-1.090643958969176
activation,neutral_controls,final_token,28,main_plus_two_way,True,8,0.19400557013116593,-2.601139945628334
activation,neutral_controls,final_token,28,through_third_order,False,8,0.32883285857824696,-9.34575087194873
activation,neutral_controls,final_token,28,through_third_order,True,8,0.9128892011610492,-78.7347689324428
activation,neutral_controls,final_token,29,main_effects,False,8,0.13415242778429767,-0.23942772911729837
activation,neutral_controls,final_token,29,main_effects,True,8,0.1499945774963116,-0.54944174674076
activation,neutral_controls,final_token,29,main_plus_two_way,False,8,0.17352915144823683,-1.0738102715166185
activation,neutral_controls,final_token,29,main_plus_two_way,True,8,0.22768667688458152,-2.570256118629246
activation,neutral_controls,final_token,29,through_third_order,False,8,0.3871031874707805,-9.319950870054033
activation,neutral_controls,final_token,29,through_third_order,True,8,1.0645733101716797,-77.05042686747292
activation,neutral_controls,final_token,30,main_effects,False,8,0.16875244361943442,-0.21777069848428243
activation,neutral_controls,final_token,30,main_effects,True,8,0.1881585394629937,-0.5139559736666188
activation,neutral_controls,final_token,30,main_plus_two_way,False,8,0.21727810661225896,-1.0188186846004026
activation,neutral_controls,final_token,30,main_plus_two_way,True,8,0.2847040648624948,-2.466192793456553
activation,neutral_controls,final_token,30,through_third_order,False,8,0.48552009410938096,-9.080447141010705
activation,neutral_controls,final_token,30,through_third_order,True,8,1.3207232120124976,-73.59144161977832
activation,neutral_controls,final_token,31,main_effects,False,8,0.2769759232123622,-0.09304625131320643
activation,neutral_controls,final_token,31,main_effects,True,8,0.30393875052918146,-0.3162144350578857
activation,neutral_controls,final_token,31,main_plus_two_way,False,8,0.34411436096015174,-0.6871748649667042
activation,neutral_controls,final_token,31,main_plus_two_way,True,8,0.45118225554623625,-1.9004041906329654
activation,neutral_controls,final_token,31,through_third_order,False,8,0.7626799419371026,-7.287797888383988
activation,neutral_controls,final_token,31,through_third_order,True,8,2.0443642009580585,-58.54852884438453
activation,neutral_controls,mean_tokens,0,main_effects,False,8,0.0010950025120297546,-0.2615505647119085
activation,neutral_controls,mean_tokens,0,main_effects,True,8,0.0011780483321591183,-0.46016067839245656
activation,neutral_controls,mean_tokens,0,main_plus_two_way,False,8,0.0014520659552154174,-1.2184370906588908
activation,neutral_controls,mean_tokens,0,main_plus_two_way,True,8,0.0018970884125788195,-2.78660125160845
activation,neutral_controls,mean_tokens,0,through_third_order,False,8,0.0030569983314142147,-8.832519915077956
activation,neutral_controls,mean_tokens,0,through_third_order,True,8,0.008682777348516591,-78.32165383729723
activation,neutral_controls,mean_tokens,1,main_effects,False,8,0.00965872557633099,-0.22172790820372823
activation,neutral_controls,mean_tokens,1,main_effects,True,8,0.009304600522977028,-0.1337839503411693
activation,neutral_controls,mean_tokens,1,main_plus_two_way,False,8,0.012956380682422618,-1.1983773474424613
activation,neutral_controls,mean_tokens,1,main_plus_two_way,True,8,0.012573475071891646,-1.0703581997600646
activation,neutral_controls,mean_tokens,1,through_third_order,False,8,0.03237594835576234,-12.727132882094825
activation,neutral_controls,mean_tokens,1,through_third_order,True,8,0.08164082325859269,-86.28700484839057
activation,neutral_controls,mean_tokens,2,main_effects,False,8,0.009857772026259906,-0.22377817347726525
activation,neutral_controls,mean_tokens,2,main_effects,True,8,0.009571821742435762,-0.1538101807305352
activation,neutral_controls,mean_tokens,2,main_plus_two_way,False,8,0.013208332984322405,-1.1970562727975143
activation,neutral_controls,mean_tokens,2,main_plus_two_way,True,8,0.013041703829327084,-1.1419721964882132
activation,neutral_controls,mean_tokens,2,through_third_order,False,8,0.03277929028076532,-12.531447440344142
activation,neutral_controls,mean_tokens,2,through_third_order,True,8,0.08319559855180919,-86.1657484848871
activation,neutral_controls,mean_tokens,3,main_effects,False,8,0.010396080168180022,-0.22069491047439915
activation,neutral_controls,mean_tokens,3,main_effects,True,8,0.01022108526032171,-0.1799454126396085
activation,neutral_controls,mean_tokens,3,main_plus_two_way,False,8,0.013884081004965389,-1.177219281707905
activation,neutral_controls,mean_tokens,3,main_plus_two_way,True,8,0.014132921527862575,-1.255962048177206
activation,neutral_controls,mean_tokens,3,through_third_order,False,8,0.03407151605344163,-12.11145265435205
activation,neutral_controls,mean_tokens,3,through_third_order,True,8,0.08720908919609088,-84.89965027795209
activation,neutral_controls,mean_tokens,4,main_effects,False,8,0.011171153290922853,-0.22184122668027806
activation,neutral_controls,mean_tokens,4,main_effects,True,8,0.011105826583286694,-0.20759283530855788
activation,neutral_controls,mean_tokens,4,main_plus_two_way,False,8,0.014824410955356214,-1.1516599878517568
activation,neutral_controls,mean_tokens,4,main_plus_two_way,True,8,0.015700968225278618,-1.4136351486772942
activation,neutral_controls,mean_tokens,4,through_third_order,False,8,0.035909436743004716,-11.625132315722459
activation,neutral_controls,mean_tokens,4,through_third_order,True,8,0.09363761921057988,-84.84588421174615
activation,neutral_controls,mean_tokens,5,main_effects,False,8,0.011834749640548068,-0.21905531743734663
activation,neutral_controls,mean_tokens,5,main_effects,True,8,0.011826670432576004,-0.2173914648105122
activation,neutral_controls,mean_tokens,5,main_plus_two_way,False,8,0.015644814158526615,-1.1303260613656487
activation,neutral_controls,mean_tokens,5,main_plus_two_way,True,8,0.016914753998879935,-1.490213797323615
activation,neutral_controls,mean_tokens,5,through_third_order,False,8,0.037475588597359465,-11.223686088841019
activation,neutral_controls,mean_tokens,5,through_third_order,True,8,0.09895847962989957,-84.23369020593738
activation,neutral_controls,mean_tokens,6,main_effects,False,8,0.01249749187221759,-0.226506765501854
activation,neutral_controls,mean_tokens,6,main_effects,True,8,0.012444446379084916,-0.21611706776377715
activation,neutral_controls,mean_tokens,6,main_plus_two_way,False,8,0.016461818702540734,-1.1280403136898176
activation,neutral_controls,mean_tokens,6,main_plus_two_way,True,8,0.017894434171466415,-1.5145493474879945
activation,neutral_controls,mean_tokens,6,through_third_order,False,8,0.03888371948162021,-10.872982423325405
activation,neutral_controls,mean_tokens,6,through_third_order,True,8,0.10238636540932328,-81.32059009289118
activation,neutral_controls,mean_tokens,7,main_effects,False,8,0.013735768604771876,-0.229414668291269
activation,neutral_controls,mean_tokens,7,main_effects,True,8,0.013691472422782127,-0.22149802865720924
activation,neutral_controls,mean_tokens,7,main_plus_two_way,False,8,0.017987573657361037,-1.10832534248823
activation,neutral_controls,mean_tokens,7,main_plus_two_way,True,8,0.01987693776286783,-1.5744912149005241
activation,neutral_controls,mean_tokens,7,through_third_order,False,8,0.041769727763580664,-10.368829356828543
activation,neutral_controls,mean_tokens,7,through_third_order,True,8,0.11037287414759925,-78.38110903730694
activation,neutral_controls,mean_tokens,8,main_effects,False,8,0.014901987776998743,-0.2382219486761521
activation,neutral_controls,mean_tokens,8,main_effects,True,8,0.014903185485009943,-0.23842099432925745
activation,neutral_controls,mean_tokens,8,main_plus_two_way,False,8,0.01940650138075469,-1.0999288846563764
activation,neutral_controls,mean_tokens,8,main_plus_two_way,True,8,0.02182597380910674,-1.6561790794156472
activation,neutral_controls,mean_tokens,8,through_third_order,False,8,0.044231757462529046,-9.908837775982636
activation,neutral_controls,mean_tokens,8,through_third_order,True,8,0.11792282658949986,-76.5364393887465
activation,neutral_controls,mean_tokens,9,main_effects,False,8,0.015902386243970713,-0.24170320011551016
activation,neutral_controls,mean_tokens,9,main_effects,True,8,0.015990196544423567,-0.2554540126050102
activation,neutral_controls,mean_tokens,9,main_plus_two_way,False,8,0.02067907514053256,-1.0996911987332587
activation,neutral_controls,mean_tokens,9,main_plus_two_way,True,8,0.023660047607977935,-1.748681589382855
activation,neutral_controls,mean_tokens,9,through_third_order,False,8,0.046702489294324676,-9.709600344312248
activation,neutral_controls,mean_tokens,9,through_third_order,True,8,0.12761038178417716,-78.95860732455117
activation,neutral_controls,mean_tokens,10,main_effects,False,8,0.016479177933771866,-0.2433479398782128
activation,neutral_controls,mean_tokens,10,main_effects,True,8,0.016640731314600886,-0.2678457228027713
activation,neutral_controls,mean_tokens,10,main_plus_two_way,False,8,0.021408653828262635,-1.0984581509392912
activation,neutral_controls,mean_tokens,10,main_plus_two_way,True,8,0.02476626220243414,-1.8082937022585006
activation,neutral_controls,mean_tokens,10,through_third_order,False,8,0.048389441993469395,-9.720692047684102
activation,neutral_controls,mean_tokens,10,through_third_order,True,8,0.1313971848033463,-78.04851469425401
activation,neutral_controls,mean_tokens,11,main_effects,False,8,0.016997893380322957,-0.24671039018890917
activation,neutral_controls,mean_tokens,11,main_effects,True,8,0.017249130839471518,-0.28383677064641466
activation,neutral_controls,mean_tokens,11,main_plus_two_way,False,8,0.022000730379367034,-1.0885725936052193
activation,neutral_controls,mean_tokens,11,main_plus_two_way,True,8,0.02548976946755072,-1.8035428136519949
activation,neutral_controls,mean_tokens,11,through_third_order,False,8,0.04980764374571622,-9.704524275488007
activation,neutral_controls,mean_tokens,11,through_third_order,True,8,0.1348611100578489,-77.47816460991366
activation,neutral_controls,mean_tokens,12,main_effects,False,8,0.017898306871443923,-0.24480091367015056
activation,neutral_controls,mean_tokens,12,main_effects,True,8,0.018093052923934448,-0.2720368880499697
activation,neutral_controls,mean_tokens,12,main_plus_two_way,False,8,0.023137939264489916,-1.0802970445926743
activation,neutral_controls,mean_tokens,12,main_plus_two_way,True,8,0.027058703624149947,-1.8450504387504663
activation,neutral_controls,mean_tokens,12,through_third_order,False,8,0.05168216299609563,-9.379044199619795
activation,neutral_controls,mean_tokens,12,through_third_order,True,8,0.13978568325243138,-74.92789953072918
activation,neutral_controls,mean_tokens,13,main_effects,False,8,0.019231188006230183,-0.24879803594528727
activation,neutral_controls,mean_tokens,13,main_effects,True,8,0.019692406011973942,-0.3094156959588854
activation,neutral_controls,mean_tokens,13,main_plus_two_way,False,8,0.024944225074175187,-1.1009707827170288
activation,neutral_controls,mean_tokens,13,main_plus_two_way,True,8,0.029573988981201907,-1.9532471482755893
activation,neutral_controls,mean_tokens,13,through_third_order,False,8,0.055240072492047855,-9.303587403428084
activation,neutral_controls,mean_tokens,13,through_third_order,True,8,0.1511156382794099,-76.10788651622323
activation,neutral_controls,mean_tokens,14,main_effects,False,8,0.019777346295164675,-0.2489572085015277
activation,neutral_controls,mean_tokens,14,main_effects,True,8,0.020378213277499124,-0.32600062713227973
activation,neutral_controls,mean_tokens,14,main_plus_two_way,False,8,0.0255588991007382,-1.0859111712906202
activation,neutral_controls,mean_tokens,14,main_plus_two_way,True,8,0.0305000205758894,-1.9703784651858034
activation,neutral_controls,mean_tokens,14,through_third_order,False,8,0.05670742913237726,-9.268131938527018
activation,neutral_controls,mean_tokens,14,through_third_order,True,8,0.15628816508071644,-76.9944513952831
activation,neutral_controls,mean_tokens,15,main_effects,False,8,0.021648530651303063,-0.2559240808108245
activation,neutral_controls,mean_tokens,15,main_effects,True,8,0.02266176904132944,-0.3762399357541404
activation,neutral_controls,mean_tokens,15,main_plus_two_way,False,8,0.027859667449658638,-1.079976336393318
activation,neutral_controls,mean_tokens,15,main_plus_two_way,True,8,0.033771213827246536,-2.056327429483895
activation,neutral_controls,mean_tokens,15,through_third_order,False,8,0.0614595721092359,-9.12244911981831
activation,neutral_controls,mean_tokens,15,through_third_order,True,8,0.1716782165799125,-77.98359991276963
activation,neutral_controls,mean_tokens,16,main_effects,False,8,0.024031078884416062,-0.25475794252498285
activation,neutral_controls,mean_tokens,16,main_effects,True,8,0.025112688174972583,-0.3702500398289572
activation,neutral_controls,mean_tokens,16,main_plus_two_way,False,8,0.0308711218652807,-1.0707050354849446
activation,neutral_controls,mean_tokens,16,main_plus_two_way,True,8,0.03770567672256749,-2.0890639179965604
activation,neutral_controls,mean_tokens,16,through_third_order,False,8,0.06738548595536506,-8.866114348154005
activation,neutral_controls,mean_tokens,16,through_third_order,True,8,0.18570060979650363,-73.92729860501584
activation,neutral_controls,mean_tokens,17,main_effects,False,8,0.02732307828788336,-0.2585401351040575
activation,neutral_controls,mean_tokens,17,main_effects,True,8,0.028831693957215902,-0.4013548973609127
activation,neutral_controls,mean_tokens,17,main_plus_two_way,False,8,0.03507547458947117,-1.0740294976531457
activation,neutral_controls,mean_tokens,17,main_plus_two_way,True,8,0.04345871834581592,-2.183916322502615
activation,neutral_controls,mean_tokens,17,through_third_order,False,8,0.07573440124091556,-8.669281618904796
activation,neutral_controls,mean_tokens,17,through_third_order,True,8,0.21542851021404094,-77.23735741721038
activation,neutral_controls,mean_tokens,18,main_effects,False,8,0.029584087209164122,-0.25626781623678085
activation,neutral_controls,mean_tokens,18,main_effects,True,8,0.03130456966449941,-0.4066348138574807
activation,neutral_controls,mean_tokens,18,main_plus_two_way,False,8,0.03781574997867795,-1.0526330707092857
activation,neutral_controls,mean_tokens,18,main_plus_two_way,True,8,0.047383456183272304,-2.2226961215487475
activation,neutral_controls,mean_tokens,18,through_third_order,False,8,0.08124925428420735,-8.475554920674442
activation,neutral_controls,mean_tokens,18,through_third_order,True,8,0.23553675085496378,-78.63119726911707
activation,neutral_controls,mean_tokens,19,main_effects,False,8,0.031050759534192292,-0.2559719589257421
activation,neutral_controls,mean_tokens,19,main_effects,True,8,0.032842702508617566,-0.4051194984338602
activation,neutral_controls,mean_tokens,19,main_plus_two_way,False,8,0.039654135205313475,-1.0483890876077386
activation,neutral_controls,mean_tokens,19,main_plus_two_way,True,8,0.04959736509207618,-2.2044440788638573
activation,neutral_controls,mean_tokens,19,through_third_order,False,8,0.08520406772354605,-8.457060018745278
activation,neutral_controls,mean_tokens,19,through_third_order,True,8,0.24565083727259712,-77.6089481146557
activation,neutral_controls,mean_tokens,20,main_effects,False,8,0.03278139193015803,-0.25178693482652514
activation,neutral_controls,mean_tokens,20,main_effects,True,8,0.0347273782728572,-0.4048165966753605
activation,neutral_controls,mean_tokens,20,main_plus_two_way,False,8,0.04170764584108701,-1.0263151346023673
activation,neutral_controls,mean_tokens,20,main_plus_two_way,True,8,0.052297080406562474,-2.185888133689275
activation,neutral_controls,mean_tokens,20,through_third_order,False,8,0.08993382803042102,-8.42153776107603
activation,neutral_controls,mean_tokens,20,through_third_order,True,8,0.25880182835235455,-77.02078477039235
activation,neutral_controls,mean_tokens,21,main_effects,False,8,0.038987831127367444,-0.25375727205036447
activation,neutral_controls,mean_tokens,21,main_effects,True,8,0.041687435724168144,-0.43339430863871753
activation,neutral_controls,mean_tokens,21,main_plus_two_way,False,8,0.04933826990888562,-1.007812461914427
activation,neutral_controls,mean_tokens,21,main_plus_two_way,True,8,0.06230828022878419,-2.202188115576597
activation,neutral_controls,mean_tokens,21,through_third_order,False,8,0.10591041342144299,-8.251936408872503
activation,neutral_controls,mean_tokens,21,through_third_order,True,8,0.31333909821621986,-79.98125275087432
activation,neutral_controls,mean_tokens,22,main_effects,False,8,0.04295943940665941,-0.25291424901120463
activation,neutral_controls,mean_tokens,22,main_effects,True,8,0.04601357388810118,-0.4373948025151988
activation,neutral_controls,mean_tokens,22,main_plus_two_way,False,8,0.054423808132073134,-1.010860722178096
activation,neutral_controls,mean_tokens,22,main_plus_two_way,True,8,0.06896634066929826,-2.229077761024537
activation,neutral_controls,mean_tokens,22,through_third_order,False,8,0.11652442039598598,-8.218028365950287
activation,neutral_controls,mean_tokens,22,through_third_order,True,8,0.3448763345680387,-79.7478421927557
activation,neutral_controls,mean_tokens,23,main_effects,False,8,0.04744386583953666,-0.25490635929013017
activation,neutral_controls,mean_tokens,23,main_effects,True,8,0.05101669376637441,-0.4510280289800046
activation,neutral_controls,mean_tokens,23,main_plus_two_way,False,8,0.0600548568820609,-1.010700817390907
activation,neutral_controls,mean_tokens,23,main_plus_two_way,True,8,0.07631213670023804,-2.2466719530716026
activation,neutral_controls,mean_tokens,23,through_third_order,False,8,0.12881243900892392,-8.250533682063946
activation,neutral_controls,mean_tokens,23,through_third_order,True,8,0.3859807068050296,-82.05817339609493
activation,neutral_controls,mean_tokens,24,main_effects,False,8,0.051070768560555,-0.25530695529420067
activation,neutral_controls,mean_tokens,24,main_effects,True,8,0.05504781640734484,-0.4584291657980084
activation,neutral_controls,mean_tokens,24,main_plus_two_way,False,8,0.06472048870598522,-1.0159916266732902
activation,neutral_controls,mean_tokens,24,main_plus_two_way,True,8,0.08259078957001417,-2.282981111069861
activation,neutral_controls,mean_tokens,24,through_third_order,False,8,0.13890418585785705,-8.286152567490289
activation,neutral_controls,mean_tokens,24,through_third_order,True,8,0.4140437869570079,-81.50831010528772
activation,neutral_controls,mean_tokens,25,main_effects,False,8,0.055400518440504164,-0.2549334520625939
activation,neutral_controls,mean_tokens,25,main_effects,True,8,0.059769176091591145,-0.46065475487849095
activation,neutral_controls,mean_tokens,25,main_plus_two_way,False,8,0.0702507370332116,-1.0178775490303114
activation,neutral_controls,mean_tokens,25,main_plus_two_way,True,8,0.08959981109419594,-2.28251883295585
activation,neutral_controls,mean_tokens,25,through_third_order,False,8,0.15080024789275162,-8.298162872904062
activation,neutral_controls,mean_tokens,25,through_third_order,True,8,0.4461531956926299,-80.38812709070145
activation,neutral_controls,mean_tokens,26,main_effects,False,8,0.06074649760177519,-0.2558842063682494
activation,neutral_controls,mean_tokens,26,main_effects,True,8,0.0657638254870238,-0.4719099757071521
activation,neutral_controls,mean_tokens,26,main_plus_two_way,False,8,0.07720338415308589,-1.0285223063673743
activation,neutral_controls,mean_tokens,26,main_plus_two_way,True,8,0.09860829693902419,-2.3092839167508683
activation,neutral_controls,mean_tokens,26,through_third_order,False,8,0.1662354784518713,-8.404907915729892
activation,neutral_controls,mean_tokens,26,through_third_order,True,8,0.4901782740649775,-80.7739975494388
activation,neutral_controls,mean_tokens,27,main_effects,False,8,0.06655807510079488,-0.25702701857344046
activation,neutral_controls,mean_tokens,27,main_effects,True,8,0.0721174100096413,-0.47578587144580897
activation,neutral_controls,mean_tokens,27,main_plus_two_way,False,8,0.08487106516922152,-1.0439130252682336
activation,neutral_controls,mean_tokens,27,main_plus_two_way,True,8,0.10870957553497745,-2.3533486194846653
activation,neutral_controls,mean_tokens,27,through_third_order,False,8,0.18274559810947855,-8.47625971868871
activation,neutral_controls,mean_tokens,27,through_third_order,True,8,0.5401688987160184,-81.7946464835553
activation,neutral_controls,mean_tokens,28,main_effects,False,8,0.07346910972960433,-0.2571591868480587
activation,neutral_controls,mean_tokens,28,main_effects,True,8,0.07999342835863282,-0.4903536626370868
activation,neutral_controls,mean_tokens,28,main_plus_two_way,False,8,0.09388171260174705,-1.0527815030557472
activation,neutral_controls,mean_tokens,28,main_plus_two_way,True,8,0.12081495381620994,-2.399555246181405
activation,neutral_controls,mean_tokens,28,through_third_order,False,8,0.20238681372975764,-8.539929058061709
activation,neutral_controls,mean_tokens,28,through_third_order,True,8,0.588888401419577,-79.76937460828394
activation,neutral_controls,mean_tokens,29,main_effects,False,8,0.08696376987777557,-0.25090814654012505
activation,neutral_controls,mean_tokens,29,main_effects,True,8,0.09495076460746577,-0.491233451378533
activation,neutral_controls,mean_tokens,29,main_plus_two_way,False,8,0.11122757439957251,-1.046320417138404
activation,neutral_controls,mean_tokens,29,main_plus_two_way,True,8,0.14329230445965693,-2.3962092374618913
activation,neutral_controls,mean_tokens,29,through_third_order,False,8,0.24077467373544467,-8.588933585797292
activation,neutral_controls,mean_tokens,29,through_third_order,True,8,0.6927426078496213,-78.3766022788374
activation,neutral_controls,mean_tokens,30,main_effects,False,8,0.11206404166199378,-0.22605985837082798
activation,neutral_controls,mean_tokens,30,main_effects,True,8,0.12223643740038005,-0.45874868761869236
activation,neutral_controls,mean_tokens,30,main_plus_two_way,False,8,0.14372322941366417,-1.0166616744924801
activation,neutral_controls,mean_tokens,30,main_plus_two_way,True,8,0.1845337415983182,-2.3245332877823848
activation,neutral_controls,mean_tokens,30,through_third_order,False,8,0.31295949983083926,-8.56214640188949
activation,neutral_controls,mean_tokens,30,through_third_order,True,8,0.8792944621073477,-74.48276259338739
activation,neutral_controls,mean_tokens,31,main_effects,False,8,0.2119064331532097,-0.14307790499955964
activation,neutral_controls,mean_tokens,31,main_effects,True,8,0.22963683406007557,-0.34236508873798255
activation,neutral_controls,mean_tokens,31,main_plus_two_way,False,8,0.2627052332425655,-0.7568108132673432
activation,neutral_controls,mean_tokens,31,main_plus_two_way,True,8,0.34791876741703504,-2.0813658102513974
activation,neutral_controls,mean_tokens,31,through_third_order,False,8,0.5750901566884747,-7.418978797544693
activation,neutral_controls,mean_tokens,31,through_third_order,True,8,1.5599317469172669,-60.94392789652405
activation,naturalistic_behavioral,final_token,0,main_effects,False,8,0.0008546651271163086,-0.26688510491678064
activation,naturalistic_behavioral,final_token,0,main_effects,True,8,0.0009267204636623354,-0.48950775511999156
activation,naturalistic_behavioral,final_token,0,main_plus_two_way,False,8,0.001130451349299143,-1.2164044607714564
activation,naturalistic_behavioral,final_token,0,main_plus_two_way,True,8,0.0014553713841575693,-2.6736089579090883
activation,naturalistic_behavioral,final_token,0,through_third_order,False,8,0.00238388757716712,-8.856365578582675
activation,naturalistic_behavioral,final_token,0,through_third_order,True,8,0.006858478607273771,-80.58321937543074
activation,naturalistic_behavioral,final_token,1,main_effects,False,8,0.0016610219235493778,-0.25227456790622926
activation,naturalistic_behavioral,final_token,1,main_effects,True,8,0.0018035094909603251,-0.47633765079037493
activation,naturalistic_behavioral,final_token,1,main_plus_two_way,False,8,0.002170414564582432,-1.138130563425705
activation,naturalistic_behavioral,final_token,1,main_plus_two_way,True,8,0.0028499208586842684,-2.686501638835057
activation,naturalistic_behavioral,final_token,1,through_third_order,False,8,0.004641513690386997,-8.77840684802344
activation,naturalistic_behavioral,final_token,1,through_third_order,True,8,0.013350885281889125,-79.9038073005696
activation,naturalistic_behavioral,final_token,2,main_effects,False,8,0.0025251128022366737,-0.24256180756767143
activation,naturalistic_behavioral,final_token,2,main_effects,True,8,0.0027389535334819493,-0.4619272525503144
activation,naturalistic_behavioral,final_token,2,main_plus_two_way,False,8,0.003348309886928893,-1.1847800608583419
activation,naturalistic_behavioral,final_token,2,main_plus_two_way,True,8,0.004404276391578707,-2.780119801765111
activation,naturalistic_behavioral,final_token,2,through_third_order,False,8,0.007245536847903745,-9.23051677923063
activation,naturalistic_behavioral,final_token,2,through_third_order,True,8,0.02094998875028386,-84.53109288299828
activation,naturalistic_behavioral,final_token,3,main_effects,False,8,0.004235005599536826,-0.24236089282226025
activation,naturalistic_behavioral,final_token,3,main_effects,True,8,0.004584092167751902,-0.4556148458698921
activation,naturalistic_behavioral,final_token,3,main_plus_two_way,False,8,0.005590594141606129,-1.1649891517039888
activation,naturalistic_behavioral,final_token,3,main_plus_two_way,True,8,0.007228282418275666,-2.6191786367694836
activation,naturalistic_behavioral,final_token,3,through_third_order,False,8,0.011905892045715774,-8.818918948195561
activation,naturalistic_behavioral,final_token,3,through_third_order,True,8,0.033604742249511384,-77.2241642360494
activation,naturalistic_behavioral,final_token,4,main_effects,False,8,0.005835171981278983,-0.24445991670542466
activation,naturalistic_behavioral,final_token,4,main_effects,True,8,0.00625935354742373,-0.431965506155666
activation,naturalistic_behavioral,final_token,4,main_plus_two_way,False,8,0.0076579578154004155,-1.1433817615210349
activation,naturalistic_behavioral,final_token,4,main_plus_two_way,True,8,0.009857125977928973,-2.5511924251340528
activation,naturalistic_behavioral,final_token,4,through_third_order,False,8,0.016326795151626432,-8.742613616470301
activation,naturalistic_behavioral,final_token,4,through_third_order,True,8,0.04834963691031851,-84.4397611517217
activation,naturalistic_behavioral,final_token,5,main_effects,False,8,0.007240791092321761,-0.24512152003268595
activation,naturalistic_behavioral,final_token,5,main_effects,True,8,0.007744727951424701,-0.42446583676659233
activation,naturalistic_behavioral,final_token,5,main_plus_two_way,False,8,0.00950013010281428,-1.1433782033465154
activation,naturalistic_behavioral,final_token,5,main_plus_two_way,True,8,0.012065954102464423,-2.4575067928782945
activation,naturalistic_behavioral,final_token,5,through_third_order,False,8,0.020201217264205894,-8.69158441978194
activation,naturalistic_behavioral,final_token,5,through_third_order,True,8,0.06044015774901321,-85.75427453403418
activation,naturalistic_behavioral,final_token,6,main_effects,False,8,0.00843622130284925,-0.2509076626328355
activation,naturalistic_behavioral,final_token,6,main_effects,True,8,0.00899168969089326,-0.42105846702429695
activation,naturalistic_behavioral,final_token,6,main_plus_two_way,False,8,0.011061701607886014,-1.150667158865902
activation,naturalistic_behavioral,final_token,6,main_plus_two_way,True,8,0.013912136610094284,-2.401864352307332
activation,naturalistic_behavioral,final_token,6,through_third_order,False,8,0.023102692198540678,-8.381116064178988
activation,naturalistic_behavioral,final_token,6,through_third_order,True,8,0.06933672874274219,-83.49986622637476
activation,naturalistic_behavioral,final_token,7,main_effects,False,8,0.010145929687763419,-0.25410292498810727
activation,naturalistic_behavioral,final_token,7,main_effects,True,8,0.010762029248915742,-0.4110351101834431
activation,naturalistic_behavioral,final_token,7,main_plus_two_way,False,8,0.013237493632532422,-1.1348187700489185
activation,naturalistic_behavioral,final_token,7,main_plus_two_way,True,8,0.016463485844585884,-2.3021216862388227
activation,naturalistic_behavioral,final_token,7,through_third_order,False,8,0.02736427159280709,-8.122571345329826
activation,naturalistic_behavioral,final_token,7,through_third_order,True,8,0.08151137881743975,-79.94424253054235
activation,naturalistic_behavioral,final_token,8,main_effects,False,8,0.01160528677632967,-0.2610442902067256
activation,naturalistic_behavioral,final_token,8,main_effects,True,8,0.012386693565625068,-0.4365785385312424
activation,naturalistic_behavioral,final_token,8,main_plus_two_way,False,8,0.015158612002224108,-1.1514807297463596
activation,naturalistic_behavioral,final_token,8,main_plus_two_way,True,8,0.01899311203301106,-2.3776204592750227
activation,naturalistic_behavioral,final_token,8,through_third_order,False,8,0.031699668918872215,-8.408665731903788
activation,naturalistic_behavioral,final_token,8,through_third_order,True,8,0.09457119436292676,-82.74065131807198
activation,naturalistic_behavioral,final_token,9,main_effects,False,8,0.01394561149474423,-0.2733775541169512
activation,naturalistic_behavioral,final_token,9,main_effects,True,8,0.015088216268210492,-0.49058884473942244
activation,naturalistic_behavioral,final_token,9,main_plus_two_way,False,8,0.0182768663502448,-1.1871850967671782
activation,naturalistic_behavioral,final_token,9,main_plus_two_way,True,8,0.023300116455300154,-2.5546614897146425
activation,naturalistic_behavioral,final_token,9,through_third_order,False,8,0.03851280921031038,-8.711637474002618
activation,naturalistic_behavioral,final_token,9,through_third_order,True,8,0.1162123432974499,-87.42734437119019
activation,naturalistic_behavioral,final_token,10,main_effects,False,8,0.01469747140584523,-0.2654392759122497
activation,naturalistic_behavioral,final_token,10,main_effects,True,8,0.015996832376746154,-0.4990773762953946
activation,naturalistic_behavioral,final_token,10,main_plus_two_way,False,8,0.019270456819521723,-1.175404797080596
activation,naturalistic_behavioral,final_token,10,main_plus_two_way,True,8,0.024330073678503695,-2.467711111281841
activation,naturalistic_behavioral,final_token,10,through_third_order,False,8,0.040916691422870424,-8.807472058618734
activation,naturalistic_behavioral,final_token,10,through_third_order,True,8,0.12145588927945676,-85.41581260723122
activation,naturalistic_behavioral,final_token,11,main_effects,False,8,0.015378282152663621,-0.2679614932799239
activation,naturalistic_behavioral,final_token,11,main_effects,True,8,0.01663024352460485,-0.48281726027063065
activation,naturalistic_behavioral,final_token,11,main_plus_two_way,False,8,0.020174067822764503,-1.1821136602681142
activation,naturalistic_behavioral,final_token,11,main_plus_two_way,True,8,0.025234919487952236,-2.414241696501879
activation,naturalistic_behavioral,final_token,11,through_third_order,False,8,0.04287469706434797,-8.855815024243098
activation,naturalistic_behavioral,final_token,11,through_third_order,True,8,0.12439238171802015,-81.96176470158777
activation,naturalistic_behavioral,final_token,12,main_effects,False,8,0.01682457402223215,-0.26797750639228357
activation,naturalistic_behavioral,final_token,12,main_effects,True,8,0.01808772775005606,-0.46551888751186565
activation,naturalistic_behavioral,final_token,12,main_plus_two_way,False,8,0.02203768447357665,-1.175481108635227
activation,naturalistic_behavioral,final_token,12,main_plus_two_way,True,8,0.027373129750188588,-2.3563891374398493
activation,naturalistic_behavioral,final_token,12,through_third_order,False,8,0.04647862291177582,-8.676758421644491
activation,naturalistic_behavioral,final_token,12,through_third_order,True,8,0.13532693970726342,-81.03362751423899
activation,naturalistic_behavioral,final_token,13,main_effects,False,8,0.019301053198823834,-0.26459057012557774
activation,naturalistic_behavioral,final_token,13,main_effects,True,8,0.021029123510616185,-0.5011713491301342
activation,naturalistic_behavioral,final_token,13,main_plus_two_way,False,8,0.025257019953595524,-1.1654698339527059
activation,naturalistic_behavioral,final_token,13,main_plus_two_way,True,8,0.03163375390302408,-2.396951817356463
activation,naturalistic_behavioral,final_token,13,through_third_order,False,8,0.053538688002874264,-8.730235961194687
activation,naturalistic_behavioral,final_token,13,through_third_order,True,8,0.15913113317797375,-84.96036171852577
activation,naturalistic_behavioral,final_token,14,main_effects,False,8,0.020066418831110648,-0.26499705055426626
activation,naturalistic_behavioral,final_token,14,main_effects,True,8,0.02204068365786449,-0.5261593797037027
activation,naturalistic_behavioral,final_token,14,main_plus_two_way,False,8,0.02631909761739167,-1.1761646800676644
activation,naturalistic_behavioral,final_token,14,main_plus_two_way,True,8,0.033200973305388556,-2.4629912839738797
activation,naturalistic_behavioral,final_token,14,through_third_order,False,8,0.05624980674009923,-8.94012479452284
activation,naturalistic_behavioral,final_token,14,through_third_order,True,8,0.16481742467773394,-84.34066354023807
activation,naturalistic_behavioral,final_token,15,main_effects,False,8,0.02205993362871841,-0.25993263562914715
activation,naturalistic_behavioral,final_token,15,main_effects,True,8,0.024538550161281397,-0.5589662779202487
activation,naturalistic_behavioral,final_token,15,main_plus_two_way,False,8,0.028959057976626786,-1.171239760385208
activation,naturalistic_behavioral,final_token,15,main_plus_two_way,True,8,0.03641884625385782,-2.4339288233093717
activation,naturalistic_behavioral,final_token,15,through_third_order,False,8,0.06204603576901621,-8.9670583400912
activation,naturalistic_behavioral,final_token,15,through_third_order,True,8,0.1811804875424466,-83.9888143357085
activation,naturalistic_behavioral,final_token,16,main_effects,False,8,0.024520036995571474,-0.2566881069254119
activation,naturalistic_behavioral,final_token,16,main_effects,True,8,0.027317536754941075,-0.5597979131406539
activation,naturalistic_behavioral,final_token,16,main_plus_two_way,False,8,0.03228923302431949,-1.1792182196795826
activation,naturalistic_behavioral,final_token,16,main_plus_two_way,True,8,0.040477235607510556,-2.424577131311154
activation,naturalistic_behavioral,final_token,16,through_third_order,False,8,0.06871445559728384,-8.869189384645306
activation,naturalistic_behavioral,final_token,16,through_third_order,True,8,0.19674470979730907,-79.90798587663784
activation,naturalistic_behavioral,final_token,17,main_effects,False,8,0.030264407656216998,-0.26817034040999577
activation,naturalistic_behavioral,final_token,17,main_effects,True,8,0.03428422443632839,-0.6274284144730524
activation,naturalistic_behavioral,final_token,17,main_plus_two_way,False,8,0.03991447320008927,-1.2058401578598423
activation,naturalistic_behavioral,final_token,17,main_plus_two_way,True,8,0.05057985327863167,-2.5421615611197614
activation,naturalistic_behavioral,final_token,17,through_third_order,False,8,0.08330109851327448,-8.607595114236345
activation,naturalistic_behavioral,final_token,17,through_third_order,True,8,0.24032149594230356,-78.96472956862989
activation,naturalistic_behavioral,final_token,18,main_effects,False,8,0.0338042337207489,-0.26434117661845735
activation,naturalistic_behavioral,final_token,18,main_effects,True,8,0.03830417998202719,-0.6233584628321198
activation,naturalistic_behavioral,final_token,18,main_plus_two_way,False,8,0.04450488309961646,-1.1914795375831133
activation,naturalistic_behavioral,final_token,18,main_plus_two_way,True,8,0.05617806720220292,-2.4918507867756716
activation,naturalistic_behavioral,final_token,18,through_third_order,False,8,0.09287310978821128,-8.543376688769852
activation,naturalistic_behavioral,final_token,18,through_third_order,True,8,0.2666143221078431,-77.64824596508181
activation,naturalistic_behavioral,final_token,19,main_effects,False,8,0.036250533220857924,-0.26150293408234493
activation,naturalistic_behavioral,final_token,19,main_effects,True,8,0.0411506722308679,-0.6255986691084379
activation,naturalistic_behavioral,final_token,19,main_plus_two_way,False,8,0.04781231011062373,-1.1945168613385482
activation,naturalistic_behavioral,final_token,19,main_plus_two_way,True,8,0.06018725306653434,-2.477510996944585
activation,naturalistic_behavioral,final_token,19,through_third_order,False,8,0.10068213651736002,-8.731153259442994
activation,naturalistic_behavioral,final_token,19,through_third_order,True,8,0.28598641846881223,-77.51457506245485
activation,naturalistic_behavioral,final_token,20,main_effects,False,8,0.0386937230408378,-0.25489339377846054
activation,naturalistic_behavioral,final_token,20,main_effects,True,8,0.0440359444592549,-0.6253257879370071
activation,naturalistic_behavioral,final_token,20,main_plus_two_way,False,8,0.05096382542030949,-1.176956916612339
activation,naturalistic_behavioral,final_token,20,main_plus_two_way,True,8,0.06435478420564564,-2.4712626244410862
activation,naturalistic_behavioral,final_token,20,through_third_order,False,8,0.10731155866928101,-8.652033071850935
activation,naturalistic_behavioral,final_token,20,through_third_order,True,8,0.304418821876185,-76.67277067873314
activation,naturalistic_behavioral,final_token,21,main_effects,False,8,0.0469234330766912,-0.2533818183291128
activation,naturalistic_behavioral,final_token,21,main_effects,True,8,0.053791802208916134,-0.6471608908893121
activation,naturalistic_behavioral,final_token,21,main_plus_two_way,False,8,0.061536851136571015,-1.1556307557593226
activation,naturalistic_behavioral,final_token,21,main_plus_two_way,True,8,0.0782182118722729,-2.482728334592626
activation,naturalistic_behavioral,final_token,21,through_third_order,False,8,0.1304667230816584,-8.689544044423373
activation,naturalistic_behavioral,final_token,21,through_third_order,True,8,0.3742771302449116,-78.74260412371255
activation,naturalistic_behavioral,final_token,22,main_effects,False,8,0.05235573818986127,-0.25078479257261743
activation,naturalistic_behavioral,final_token,22,main_effects,True,8,0.06004153799778955,-0.6449686840701143
activation,naturalistic_behavioral,final_token,22,main_plus_two_way,False,8,0.06877144086188713,-1.1580935402456043
activation,naturalistic_behavioral,final_token,22,main_plus_two_way,True,8,0.08715778530929331,-2.466301939628146
activation,naturalistic_behavioral,final_token,22,through_third_order,False,8,0.14544095864373688,-8.652225834405352
activation,naturalistic_behavioral,final_token,22,through_third_order,True,8,0.41669603318000464,-78.23056445717133
activation,naturalistic_behavioral,final_token,23,main_effects,False,8,0.058865073997420005,-0.2497809465518923
activation,naturalistic_behavioral,final_token,23,main_effects,True,8,0.06758909917657091,-0.6476760433446813
activation,naturalistic_behavioral,final_token,23,main_plus_two_way,False,8,0.07717137925901758,-1.1479839673087033
activation,naturalistic_behavioral,final_token,23,main_plus_two_way,True,8,0.09782162342361617,-2.451343957226616
activation,naturalistic_behavioral,final_token,23,through_third_order,False,8,0.16285486784655553,-8.565771437385811
activation,naturalistic_behavioral,final_token,23,through_third_order,True,8,0.4692048458114971,-78.40420250169088
activation,naturalistic_behavioral,final_token,24,main_effects,False,8,0.0638464030226271,-0.2516263190504888
activation,naturalistic_behavioral,final_token,24,main_effects,True,8,0.07323286207923356,-0.6466975216719419
activation,naturalistic_behavioral,final_token,24,main_plus_two_way,False,8,0.0838240238885067,-1.157440497119333
activation,naturalistic_behavioral,final_token,24,main_plus_two_way,True,8,0.10639903393671139,-2.475979338681622
activation,naturalistic_behavioral,final_token,24,through_third_order,False,8,0.17656124516314992,-8.571777235813128
activation,naturalistic_behavioral,final_token,24,through_third_order,True,8,0.5044530465088799,-77.13458597062015
activation,naturalistic_behavioral,final_token,25,main_effects,False,8,0.07043550405680285,-0.25400591241095394
activation,naturalistic_behavioral,final_token,25,main_effects,True,8,0.08080074119528072,-0.6502396575670433
activation,naturalistic_behavioral,final_token,25,main_plus_two_way,False,8,0.09229465075591857,-1.1531257352469377
activation,naturalistic_behavioral,final_token,25,main_plus_two_way,True,8,0.11719501623733537,-2.471639470694519
activation,naturalistic_behavioral,final_token,25,through_third_order,False,8,0.19476482368433073,-8.588206403886925
activation,naturalistic_behavioral,final_token,25,through_third_order,True,8,0.5570452480358441,-77.43272027600922
activation,naturalistic_behavioral,final_token,26,main_effects,False,8,0.07869256196654,-0.254750625460193
activation,naturalistic_behavioral,final_token,26,main_effects,True,8,0.09050876774978592,-0.6598596042137912
activation,naturalistic_behavioral,final_token,26,main_plus_two_way,False,8,0.10302333424794968,-1.1506079850358142
activation,naturalistic_behavioral,final_token,26,main_plus_two_way,True,8,0.13130312418670553,-2.4933344823483
activation,naturalistic_behavioral,final_token,26,through_third_order,False,8,0.21757944695072817,-8.592367046607844
activation,naturalistic_behavioral,final_token,26,through_third_order,True,8,0.6221857770031948,-77.43866788302257
activation,naturalistic_behavioral,final_token,27,main_effects,False,8,0.08682314504666176,-0.2590322419219171
activation,naturalistic_behavioral,final_token,27,main_effects,True,8,0.09942258476649411,-0.6509576165127646
activation,naturalistic_behavioral,final_token,27,main_plus_two_way,False,8,0.11369658047029285,-1.159039714463809
activation,naturalistic_behavioral,final_token,27,main_plus_two_way,True,8,0.14485332946136076,-2.504473568254137
activation,naturalistic_behavioral,final_token,27,through_third_order,False,8,0.24169777282334406,-8.756883556550465
activation,naturalistic_behavioral,final_token,27,through_third_order,True,8,0.6898073036508146,-78.47332833031432
activation,naturalistic_behavioral,final_token,28,main_effects,False,8,0.09652040409413262,-0.2574063092913368
activation,naturalistic_behavioral,final_token,28,main_effects,True,8,0.11045153545800057,-0.6465726127356353
activation,naturalistic_behavioral,final_token,28,main_plus_two_way,False,8,0.12638915673557358,-1.156040947773083
activation,naturalistic_behavioral,final_token,28,main_plus_two_way,True,8,0.16112975090807669,-2.5041996642916544
activation,naturalistic_behavioral,final_token,28,through_third_order,False,8,0.2698082626020864,-8.825346225325037
activation,naturalistic_behavioral,final_token,28,through_third_order,True,8,0.7671539978782835,-78.4332766107447
activation,naturalistic_behavioral,final_token,29,main_effects,False,8,0.11324676408248747,-0.25626483001187284
activation,naturalistic_behavioral,final_token,29,main_effects,True,8,0.12872345140840236,-0.6230987771625898
activation,naturalistic_behavioral,final_token,29,main_plus_two_way,False,8,0.14833389214590112,-1.1553131749718042
activation,naturalistic_behavioral,final_token,29,main_plus_two_way,True,8,0.18883985461627467,-2.4931474148772024
activation,naturalistic_behavioral,final_token,29,through_third_order,False,8,0.3167879652516964,-8.830303983770543
activation,naturalistic_behavioral,final_token,29,through_third_order,True,8,0.8930151716458952,-77.117308873481
activation,naturalistic_behavioral,final_token,30,main_effects,False,8,0.142475510434998,-0.24823956115228007
activation,naturalistic_behavioral,final_token,30,main_effects,True,8,0.16044072898981082,-0.582875484783985
activation,naturalistic_behavioral,final_token,30,main_plus_two_way,False,8,0.18587812720313562,-1.1245848288345588
activation,naturalistic_behavioral,final_token,30,main_plus_two_way,True,8,0.23698341181555177,-2.453451768881984
activation,naturalistic_behavioral,final_token,30,through_third_order,False,8,0.3996811812191153,-8.823017100761692
activation,naturalistic_behavioral,final_token,30,through_third_order,True,8,1.1266692797196718,-77.05673929168162
activation,naturalistic_behavioral,final_token,31,main_effects,False,8,0.22730356617848346,-0.23842695548745785
activation,naturalistic_behavioral,final_token,31,main_effects,True,8,0.25178047723671365,-0.5195045404593384
activation,naturalistic_behavioral,final_token,31,main_plus_two_way,False,8,0.28586787557984444,-0.9587932817911453
activation,naturalistic_behavioral,final_token,31,main_plus_two_way,True,8,0.36850763718908863,-2.254999177251337
activation,naturalistic_behavioral,final_token,31,through_third_order,False,8,0.611803817531229,-7.971855339595866
activation,naturalistic_behavioral,final_token,31,through_third_order,True,8,1.7228399511104595,-70.14555401007384
activation,naturalistic_behavioral,mean_tokens,0,main_effects,False,8,0.0009832500459944185,-0.2633608272906267
activation,naturalistic_behavioral,mean_tokens,0,main_effects,True,8,0.0010680671794587278,-0.49072177638800185
activation,naturalistic_behavioral,mean_tokens,0,main_plus_two_way,False,8,0.001301114688772077,-1.21223172195326
activation,naturalistic_behavioral,mean_tokens,0,main_plus_two_way,True,8,0.001700970402106781,-2.7808806585385915
activation,naturalistic_behavioral,mean_tokens,0,through_third_order,False,8,0.0027427015149646358,-8.830068602900226
activation,naturalistic_behavioral,mean_tokens,0,through_third_order,True,8,0.007861562227036439,-79.76387884898672
activation,naturalistic_behavioral,mean_tokens,1,main_effects,False,8,0.006020363139456264,-0.22675748888267222
activation,naturalistic_behavioral,mean_tokens,1,main_effects,True,8,0.005843050143557418,-0.1555601814565375
activation,naturalistic_behavioral,mean_tokens,1,main_plus_two_way,False,8,0.008064570162175122,-1.2012825509650993
activation,naturalistic_behavioral,mean_tokens,1,main_plus_two_way,True,8,0.007943341765090272,-1.1355996401482238
activation,naturalistic_behavioral,mean_tokens,1,through_third_order,False,8,0.020100469470995783,-12.674949896120527
activation,naturalistic_behavioral,mean_tokens,1,through_third_order,True,8,0.049817863782352596,-83.00082344216875
activation,naturalistic_behavioral,mean_tokens,2,main_effects,False,8,0.006331006346305153,-0.22953392992805655
activation,naturalistic_behavioral,mean_tokens,2,main_effects,True,8,0.006230193157030954,-0.19068818200511783
activation,naturalistic_behavioral,mean_tokens,2,main_plus_two_way,False,8,0.008476543541897918,-1.2041066995700525
activation,naturalistic_behavioral,mean_tokens,2,main_plus_two_way,True,8,0.008624259465124136,-1.2815954821023268
activation,naturalistic_behavioral,mean_tokens,2,through_third_order,False,8,0.020800307337524918,-12.271943499278562
activation,naturalistic_behavioral,mean_tokens,2,through_third_order,True,8,0.052189517304140294,-82.55291004760576
activation,naturalistic_behavioral,mean_tokens,3,main_effects,False,8,0.007159241426353464,-0.22848571473824886
activation,naturalistic_behavioral,mean_tokens,3,main_effects,True,8,0.0071997821913577596,-0.24243824406214887
activation,naturalistic_behavioral,mean_tokens,3,main_plus_two_way,False,8,0.009528872757834376,-1.176301943813578
activation,naturalistic_behavioral,mean_tokens,3,main_plus_two_way,True,8,0.010255005585973097,-1.5206230134320067
activation,naturalistic_behavioral,mean_tokens,3,through_third_order,False,8,0.022855935241780014,-11.520857944947334
activation,naturalistic_behavioral,mean_tokens,3,through_third_order,True,8,0.05881324755739098,-81.9060867549825
activation,naturalistic_behavioral,mean_tokens,4,main_effects,False,8,0.008292537259265124,-0.23260116096472583
activation,naturalistic_behavioral,mean_tokens,4,main_effects,True,8,0.008453943412770192,-0.28105088970145076
activation,naturalistic_behavioral,mean_tokens,4,main_plus_two_way,False,8,0.010956853341505854,-1.1518867261246943
activation,naturalistic_behavioral,mean_tokens,4,main_plus_two_way,True,8,0.012385544590133184,-1.7496532119050991
activation,naturalistic_behavioral,mean_tokens,4,through_third_order,False,8,0.025683201626627912,-10.82349935025112
activation,naturalistic_behavioral,mean_tokens,4,through_third_order,True,8,0.06838808735953389,-82.83176790657677
activation,naturalistic_behavioral,mean_tokens,5,main_effects,False,8,0.009065501978052962,-0.23140413475883492
activation,naturalistic_behavioral,mean_tokens,5,main_effects,True,8,0.009229989510353273,-0.2764955596819034
activation,naturalistic_behavioral,mean_tokens,5,main_plus_two_way,False,8,0.011915308065733753,-1.1272936523812134
activation,naturalistic_behavioral,mean_tokens,5,main_plus_two_way,True,8,0.013599164620681413,-1.771030816549533
activation,naturalistic_behavioral,mean_tokens,5,through_third_order,False,8,0.027464916850784768,-10.302472801388413
activation,naturalistic_behavioral,mean_tokens,5,through_third_order,True,8,0.07496999784863179,-83.21547262332349
activation,naturalistic_behavioral,mean_tokens,6,main_effects,False,8,0.009879613451665995,-0.24145884527021022
activation,naturalistic_behavioral,mean_tokens,6,main_effects,True,8,0.009996629780083376,-0.2710412307243768
activation,naturalistic_behavioral,mean_tokens,6,main_plus_two_way,False,8,0.012931943288100153,-1.1270612916291385
activation,naturalistic_behavioral,mean_tokens,6,main_plus_two_way,True,8,0.014732185404608673,-1.7604937818969413
activation,naturalistic_behavioral,mean_tokens,6,through_third_order,False,8,0.029149510022428302,-9.807243573043504
activation,naturalistic_behavioral,mean_tokens,6,through_third_order,True,8,0.07891547785280137,-78.20941445321823
activation,naturalistic_behavioral,mean_tokens,7,main_effects,False,8,0.011210077184148619,-0.24930891001887256
activation,naturalistic_behavioral,mean_tokens,7,main_effects,True,8,0.011244929862892265,-0.2570893111902528
activation,naturalistic_behavioral,mean_tokens,7,main_plus_two_way,False,8,0.014519291606806387,-1.0957693622775437
activation,naturalistic_behavioral,mean_tokens,7,main_plus_two_way,True,8,0.016615772641856243,-1.7446926144298684
activation,naturalistic_behavioral,mean_tokens,7,through_third_order,False,8,0.03215659780004907,-9.279993004804663
activation,naturalistic_behavioral,mean_tokens,7,through_third_order,True,8,0.08720358401751074,-74.59991388572223
activation,naturalistic_behavioral,mean_tokens,8,main_effects,False,8,0.01238865370456165,-0.25557052077316467
activation,naturalistic_behavioral,mean_tokens,8,main_effects,True,8,0.012494765579763579,-0.27717117626696
activation,naturalistic_behavioral,mean_tokens,8,main_plus_two_way,False,8,0.016060613854476973,-1.1101686399404849
activation,naturalistic_behavioral,mean_tokens,8,main_plus_two_way,True,8,0.018639622604640693,-1.842281664926324
activation,naturalistic_behavioral,mean_tokens,8,through_third_order,False,8,0.03516178879114362,-9.114276111872709
activation,naturalistic_behavioral,mean_tokens,8,through_third_order,True,8,0.09673649009818791,-75.55499546995455
activation,naturalistic_behavioral,mean_tokens,9,main_effects,False,8,0.013825064575819978,-0.26313956218391854
activation,naturalistic_behavioral,mean_tokens,9,main_effects,True,8,0.014217625514974295,-0.3358913645447794
activation,naturalistic_behavioral,mean_tokens,9,main_plus_two_way,False,8,0.017987540695973296,-1.1382603341435646
activation,naturalistic_behavioral,mean_tokens,9,main_plus_two_way,True,8,0.02140011093738799,-2.026558341733016
activation,naturalistic_behavioral,mean_tokens,9,through_third_order,False,8,0.03899245535499709,-9.0479662523636
activation,naturalistic_behavioral,mean_tokens,9,through_third_order,True,8,0.11254615408200226,-82.71018822078251
activation,naturalistic_behavioral,mean_tokens,10,main_effects,False,8,0.014346428773050791,-0.2592837070140168
activation,naturalistic_behavioral,mean_tokens,10,main_effects,True,8,0.014806070355280412,-0.3412680788347653
activation,naturalistic_behavioral,mean_tokens,10,main_plus_two_way,False,8,0.01866452477529781,-1.1314239658740979
activation,naturalistic_behavioral,mean_tokens,10,main_plus_two_way,True,8,0.022124883265482745,-1.9950077278561165
activation,naturalistic_behavioral,mean_tokens,10,through_third_order,False,8,0.04054690929482759,-9.058922971195958
activation,naturalistic_behavioral,mean_tokens,10,through_third_order,True,8,0.11507876869180118,-80.0263702565147
activation,naturalistic_behavioral,mean_tokens,11,main_effects,False,8,0.014881415407984894,-0.264710150784524
activation,naturalistic_behavioral,mean_tokens,11,main_effects,True,8,0.015400608040690704,-0.3544976626772063
activation,naturalistic_behavioral,mean_tokens,11,main_plus_two_way,False,8,0.01934361070915552,-1.136867585073285
activation,naturalistic_behavioral,mean_tokens,11,main_plus_two_way,True,8,0.022927237098691003,-2.001967379321459
activation,naturalistic_behavioral,mean_tokens,11,through_third_order,False,8,0.04206456182696856,-9.10497545741328
activation,naturalistic_behavioral,mean_tokens,11,through_third_order,True,8,0.11640068419063707,-76.37730339114384
activation,naturalistic_behavioral,mean_tokens,12,main_effects,False,8,0.015736035007422294,-0.26298112679641394
activation,naturalistic_behavioral,mean_tokens,12,main_effects,True,8,0.016193139297963673,-0.3374216162722068
activation,naturalistic_behavioral,mean_tokens,12,main_plus_two_way,False,8,0.020377141334836868,-1.1178380660265521
activation,naturalistic_behavioral,mean_tokens,12,main_plus_two_way,True,8,0.024115339997932143,-1.9661493411622164
activation,naturalistic_behavioral,mean_tokens,12,through_third_order,False,8,0.04393466272568134,-8.845115787783262
activation,naturalistic_behavioral,mean_tokens,12,through_third_order,True,8,0.12094265600602419,-73.60453680983984
activation,naturalistic_behavioral,mean_tokens,13,main_effects,False,8,0.01733150976995055,-0.26189201311021093
activation,naturalistic_behavioral,mean_tokens,13,main_effects,True,8,0.018118286898350575,-0.37906159332630107
activation,naturalistic_behavioral,mean_tokens,13,main_plus_two_way,False,8,0.02256876500005688,-1.1397596211619723
activation,naturalistic_behavioral,mean_tokens,13,main_plus_two_way,True,8,0.027079197404774616,-2.0804983139582762
activation,naturalistic_behavioral,mean_tokens,13,through_third_order,False,8,0.04821358235301555,-8.765358736625991
activation,naturalistic_behavioral,mean_tokens,13,through_third_order,True,8,0.13681831281923598,-77.63897789867637
activation,naturalistic_behavioral,mean_tokens,14,main_effects,False,8,0.017888476031853555,-0.2635187482793022
activation,naturalistic_behavioral,mean_tokens,14,main_effects,True,8,0.01886571360854677,-0.40534022838462747
activation,naturalistic_behavioral,mean_tokens,14,main_plus_two_way,False,8,0.023263623845475274,-1.1369272523478973
activation,naturalistic_behavioral,mean_tokens,14,main_plus_two_way,True,8,0.028237858377176215,-2.1484624286009466
activation,naturalistic_behavioral,mean_tokens,14,through_third_order,False,8,0.04985051827258732,-8.812380014985653
activation,naturalistic_behavioral,mean_tokens,14,through_third_order,True,8,0.1430370033655357,-79.78520096924953
activation,naturalistic_behavioral,mean_tokens,15,main_effects,False,8,0.01950738827867764,-0.26533876040837323
activation,naturalistic_behavioral,mean_tokens,15,main_effects,True,8,0.020964698674021925,-0.4614562012159007
activation,naturalistic_behavioral,mean_tokens,15,main_plus_two_way,False,8,0.025407130758774914,-1.1464451768600226
activation,naturalistic_behavioral,mean_tokens,15,main_plus_two_way,True,8,0.031092231508971304,-2.214491935708399
activation,naturalistic_behavioral,mean_tokens,15,through_third_order,False,8,0.05437116040978658,-8.82982438557636
activation,naturalistic_behavioral,mean_tokens,15,through_third_order,True,8,0.15543799895436516,-79.33835750652091
activation,naturalistic_behavioral,mean_tokens,16,main_effects,False,8,0.021510512060342855,-0.26258367947333316
activation,naturalistic_behavioral,mean_tokens,16,main_effects,True,8,0.02311062628803317,-0.4574112009878579
activation,naturalistic_behavioral,mean_tokens,16,main_plus_two_way,False,8,0.02806330306632976,-1.1489991619448552
activation,naturalistic_behavioral,mean_tokens,16,main_plus_two_way,True,8,0.034266151732328984,-2.203976636884022
activation,naturalistic_behavioral,mean_tokens,16,through_third_order,False,8,0.059393394445491556,-8.625758617792954
activation,naturalistic_behavioral,mean_tokens,16,through_third_order,True,8,0.16751008946615392,-75.56682075621394
activation,naturalistic_behavioral,mean_tokens,17,main_effects,False,8,0.02530516314467239,-0.26779778044531777
activation,naturalistic_behavioral,mean_tokens,17,main_effects,True,8,0.027633163643459226,-0.5117950595911609
activation,naturalistic_behavioral,mean_tokens,17,main_plus_two_way,False,8,0.03313844920287077,-1.1741828477259717
activation,naturalistic_behavioral,mean_tokens,17,main_plus_two_way,True,8,0.04109662848813116,-2.343829252405884
activation,naturalistic_behavioral,mean_tokens,17,through_third_order,False,8,0.0688518335427956,-8.385614757858697
activation,naturalistic_behavioral,mean_tokens,17,through_third_order,True,8,0.1993224579152243,-77.65823042756877
activation,naturalistic_behavioral,mean_tokens,18,main_effects,False,8,0.027607040872208773,-0.26270247833843174
activation,naturalistic_behavioral,mean_tokens,18,main_effects,True,8,0.030228627009798628,-0.5139033855310817
activation,naturalistic_behavioral,mean_tokens,18,main_plus_two_way,False,8,0.03615131243093192,-1.1652570102873545
activation,naturalistic_behavioral,mean_tokens,18,main_plus_two_way,True,8,0.04489120121564537,-2.338748989339099
activation,naturalistic_behavioral,mean_tokens,18,through_third_order,False,8,0.07469455697364803,-8.243559219104766
activation,naturalistic_behavioral,mean_tokens,18,through_third_order,True,8,0.21721304373726685,-77.16874131981628
activation,naturalistic_behavioral,mean_tokens,19,main_effects,False,8,0.029173342712050094,-0.26326532136751024
activation,naturalistic_behavioral,mean_tokens,19,main_effects,True,8,0.031975219305492145,-0.5175718081494134
activation,naturalistic_behavioral,mean_tokens,19,main_plus_two_way,False,8,0.038354831560313614,-1.1835460032016303
activation,naturalistic_behavioral,mean_tokens,19,main_plus_two_way,True,8,0.047511714960817526,-2.3506078376225026
activation,naturalistic_behavioral,mean_tokens,19,through_third_order,False,8,0.0790791144803717,-8.28209013601724
activation,naturalistic_behavioral,mean_tokens,19,through_third_order,True,8,0.22795274591742448,-76.12795964370248
activation,naturalistic_behavioral,mean_tokens,20,main_effects,False,8,0.030872080420527217,-0.25847731511629934
activation,naturalistic_behavioral,mean_tokens,20,main_effects,True,8,0.03388010230461308,-0.515664308770621
activation,naturalistic_behavioral,mean_tokens,20,main_plus_two_way,False,8,0.04048343826046049,-1.1640554163957613
activation,naturalistic_behavioral,mean_tokens,20,main_plus_two_way,True,8,0.05030120711932957,-2.3409533557974758
activation,naturalistic_behavioral,mean_tokens,20,through_third_order,False,8,0.08370451349908357,-8.251482909563213
activation,naturalistic_behavioral,mean_tokens,20,through_third_order,True,8,0.2401686848339173,-75.16340603343612
activation,naturalistic_behavioral,mean_tokens,21,main_effects,False,8,0.03759508368464727,-0.2560888007832316
activation,naturalistic_behavioral,mean_tokens,21,main_effects,True,8,0.04153169842759404,-0.5329133814738687
activation,naturalistic_behavioral,mean_tokens,21,main_plus_two_way,False,8,0.04908491515388994,-1.1411856344989721
activation,naturalistic_behavioral,mean_tokens,21,main_plus_two_way,True,8,0.06135336590168006,-2.3452996010462663
activation,naturalistic_behavioral,mean_tokens,21,through_third_order,False,8,0.10177801145374711,-8.205897909806303
activation,naturalistic_behavioral,mean_tokens,21,through_third_order,True,8,0.29674573448749586,-77.25772196682259
activation,naturalistic_behavioral,mean_tokens,22,main_effects,False,8,0.04177730313358368,-0.2538824244292417
activation,naturalistic_behavioral,mean_tokens,22,main_effects,True,8,0.04624466834024593,-0.5363824953094309
activation,naturalistic_behavioral,mean_tokens,22,main_plus_two_way,False,8,0.05468498859328572,-1.148385754196151
activation,naturalistic_behavioral,mean_tokens,22,main_plus_two_way,True,8,0.06832717577594606,-2.3539991815208343
activation,naturalistic_behavioral,mean_tokens,22,through_third_order,False,8,0.1131208282470232,-8.19308265271955
activation,naturalistic_behavioral,mean_tokens,22,through_third_order,True,8,0.3298008000646074,-77.14108226032177
activation,naturalistic_behavioral,mean_tokens,23,main_effects,False,8,0.04729811424808541,-0.2561709433987558
activation,naturalistic_behavioral,mean_tokens,23,main_effects,True,8,0.052363585027242976,-0.539642307592769
activation,naturalistic_behavioral,mean_tokens,23,main_plus_two_way,False,8,0.06186065970108068,-1.1487712558589136
activation,naturalistic_behavioral,mean_tokens,23,main_plus_two_way,True,8,0.0771393932983453,-2.3412850624722785
activation,naturalistic_behavioral,mean_tokens,23,through_third_order,False,8,0.1278643113035065,-8.180361418266274
activation,naturalistic_behavioral,mean_tokens,23,through_third_order,True,8,0.37439671697063803,-77.70913781906971
activation,naturalistic_behavioral,mean_tokens,24,main_effects,False,8,0.0512890273629028,-0.25660318176179797
activation,naturalistic_behavioral,mean_tokens,24,main_effects,True,8,0.05675240675706413,-0.5385718993633712
activation,naturalistic_behavioral,mean_tokens,24,main_plus_two_way,False,8,0.0671326090273701,-1.152862436632542
activation,naturalistic_behavioral,mean_tokens,24,main_plus_two_way,True,8,0.08395305950541931,-2.3668384950870585
activation,naturalistic_behavioral,mean_tokens,24,through_third_order,False,8,0.13890188969476908,-8.216489588664844
activation,naturalistic_behavioral,mean_tokens,24,through_third_order,True,8,0.4037920328539792,-76.8869540257246
activation,naturalistic_behavioral,mean_tokens,25,main_effects,False,8,0.05637060125958528,-0.25511851813025954
activation,naturalistic_behavioral,mean_tokens,25,main_effects,True,8,0.06258988720879197,-0.5473470841697055
activation,naturalistic_behavioral,mean_tokens,25,main_plus_two_way,False,8,0.07381259336756187,-1.151990410002632
activation,naturalistic_behavioral,mean_tokens,25,main_plus_two_way,True,8,0.09236647580948552,-2.369831226653874
activation,naturalistic_behavioral,mean_tokens,25,through_third_order,False,8,0.15292387925663117,-8.236980263949292
activation,naturalistic_behavioral,mean_tokens,25,through_third_order,True,8,0.44385754943830313,-76.81559188287632
activation,naturalistic_behavioral,mean_tokens,26,main_effects,False,8,0.06261284704923965,-0.25681651917961323
activation,naturalistic_behavioral,mean_tokens,26,main_effects,True,8,0.0697859916983657,-0.5612824767595046
activation,naturalistic_behavioral,mean_tokens,26,main_plus_two_way,False,8,0.08197522472046608,-1.1543199749043356
activation,naturalistic_behavioral,mean_tokens,26,main_plus_two_way,True,8,0.10289877734632952,-2.3944186538708974
activation,naturalistic_behavioral,mean_tokens,26,through_third_order,False,8,0.17059394704667216,-8.329797373138573
activation,naturalistic_behavioral,mean_tokens,26,through_third_order,True,8,0.4924988466024284,-76.75984961031509
activation,naturalistic_behavioral,mean_tokens,27,main_effects,False,8,0.06960570801393692,-0.2623436559723997
activation,naturalistic_behavioral,mean_tokens,27,main_effects,True,8,0.0773793891682467,-0.5600498828527289
activation,naturalistic_behavioral,mean_tokens,27,main_plus_two_way,False,8,0.09113249174380565,-1.1638860187672257
activation,naturalistic_behavioral,mean_tokens,27,main_plus_two_way,True,8,0.11435175971480387,-2.4070114680486814
activation,naturalistic_behavioral,mean_tokens,27,through_third_order,False,8,0.19047832247554908,-8.453203482582452
activation,naturalistic_behavioral,mean_tokens,27,through_third_order,True,8,0.5488250847059191,-77.4794222594459
activation,naturalistic_behavioral,mean_tokens,28,main_effects,False,8,0.07757483091896186,-0.2631769064591938
activation,naturalistic_behavioral,mean_tokens,28,main_effects,True,8,0.08641975108161667,-0.5676478964043512
activation,naturalistic_behavioral,mean_tokens,28,main_plus_two_way,False,8,0.10162414161228227,-1.1677853772409645
activation,naturalistic_behavioral,mean_tokens,28,main_plus_two_way,True,8,0.12775662390451087,-2.4260157498394146
activation,naturalistic_behavioral,mean_tokens,28,through_third_order,False,8,0.2137187190358252,-8.587549669627379
activation,naturalistic_behavioral,mean_tokens,28,through_third_order,True,8,0.6093948555304939,-76.9507089056346
activation,naturalistic_behavioral,mean_tokens,29,main_effects,False,8,0.09313844725961701,-0.2603608248194953
activation,naturalistic_behavioral,mean_tokens,29,main_effects,True,8,0.1034191004045197,-0.5539549363565528
activation,naturalistic_behavioral,mean_tokens,29,main_plus_two_way,False,8,0.12195915213766903,-1.1610544121610222
activation,naturalistic_behavioral,mean_tokens,29,main_plus_two_way,True,8,0.15356451880687963,-2.426247056296084
activation,naturalistic_behavioral,mean_tokens,29,through_third_order,False,8,0.25804509642907936,-8.67449112014351
activation,naturalistic_behavioral,mean_tokens,29,through_third_order,True,8,0.7284225780769191,-76.09100479851504
activation,naturalistic_behavioral,mean_tokens,30,main_effects,False,8,0.11931631446903855,-0.24637556072917066
activation,naturalistic_behavioral,mean_tokens,30,main_effects,True,8,0.13211436288126346,-0.5280914083961155
activation,naturalistic_behavioral,mean_tokens,30,main_plus_two_way,False,8,0.15604476942258366,-1.131806078051763
activation,naturalistic_behavioral,mean_tokens,30,main_plus_two_way,True,8,0.19700369727121503,-2.397801613275102
activation,naturalistic_behavioral,mean_tokens,30,through_third_order,False,8,0.3329585925377958,-8.70576381067472
activation,naturalistic_behavioral,mean_tokens,30,through_third_order,True,8,0.9311103191355905,-74.9017071642845
activation,naturalistic_behavioral,mean_tokens,31,main_effects,False,8,0.20301922963664076,-0.21116835517477095
activation,naturalistic_behavioral,mean_tokens,31,main_effects,True,8,0.22479699541719714,-0.4849477367983632
activation,naturalistic_behavioral,mean_tokens,31,main_plus_two_way,False,8,0.2578867048819314,-0.9542857728130423
activation,naturalistic_behavioral,mean_tokens,31,main_plus_two_way,True,8,0.3384395184573128,-2.365830962192458
activation,naturalistic_behavioral,mean_tokens,31,through_third_order,False,8,0.54577680525323,-7.7530682323521685
activation,naturalistic_behavioral,mean_tokens,31,through_third_order,True,8,1.5074441916010834,-65.77480826961666
logits,ipip_stems,final_token,32,main_effects,False,8,0.48781373263257516,-0.14357699064731455
logits,ipip_stems,final_token,32,main_effects,True,8,0.5524585255478368,-0.46675211885617673
logits,ipip_stems,final_token,32,main_plus_two_way,False,8,0.6077628665612764,-0.775111705457945
logits,ipip_stems,final_token,32,main_plus_two_way,True,8,0.8421285532879532,-2.4081142873840453
logits,ipip_stems,final_token,32,through_third_order,False,8,1.2735165055511763,-6.794109813101312
logits,ipip_stems,final_token,32,through_third_order,True,8,3.7724087432667526,-67.39035368946573
logits,neutral_controls,final_token,32,main_effects,False,8,0.3890472725835078,-0.11297469493015089
logits,neutral_controls,final_token,32,main_effects,True,8,0.43685371338033796,-0.40330671523218364
logits,neutral_controls,final_token,32,main_plus_two_way,False,8,0.4853768104869325,-0.732361753949978
logits,neutral_controls,final_token,32,main_plus_two_way,True,8,0.6084252489272137,-1.7220430973467162
logits,neutral_controls,final_token,32,through_third_order,False,8,1.1009573545240245,-7.912951307905173
logits,neutral_controls,final_token,32,through_third_order,True,8,2.8385760508339164,-58.24907965716571
logits,naturalistic_behavioral,final_token,32,main_effects,False,8,0.3374251532141659,-0.2521839851792982
logits,naturalistic_behavioral,final_token,32,main_effects,True,8,0.36197174349657923,-0.4409953415921857
logits,naturalistic_behavioral,final_token,32,main_plus_two_way,False,8,0.4184009200823866,-0.9253003924044574
logits,naturalistic_behavioral,final_token,32,main_plus_two_way,True,8,0.5308980012234358,-2.0998124490991517
logits,naturalistic_behavioral,final_token,32,through_third_order,False,8,0.9222799163954022,-8.354891193776865
logits,naturalistic_behavioral,final_token,32,through_third_order,True,8,2.4614051193362774,-65.63147644149693
