representation,prompt_group,pooling_rule,layer,trait,matched_pairs,mean_pairwise_cosine,median_pairwise_cosine,split_half_cosine,random_pair_mean_cosine,random_pair_sd,agreement_above_random
activation,ipip_stems,final_token,0,O,16,0.002725626712027584,-0.002845372993873689,0.04556549118166517,-0.00033485611467749517,0.008092764626133198,0.003060482826705079
activation,ipip_stems,final_token,0,C,16,0.04425034056607055,0.034502562281287355,0.24754328768522202,-7.900727963132925e-05,0.008644590932114601,0.04432934784570188
activation,ipip_stems,final_token,0,E,16,0.02239230369373935,0.012106984213561817,0.09333255534660015,0.0029384515760529297,0.010934707719695375,0.01945385211768642
activation,ipip_stems,final_token,0,A,16,0.018199809673494476,0.0008564463233261251,0.13664296322980488,0.0007166405454402892,0.011869316694262378,0.01748316912805419
activation,ipip_stems,final_token,0,N,16,0.008511588069881742,0.0015561106072435416,0.08364641632963625,0.0009331259116459832,0.009437659450817157,0.007578462158235758
activation,ipip_stems,final_token,1,O,16,0.0007015086254552628,0.004116261431188116,-0.06087910774766233,-0.0011509495232596306,0.00976764280262363,0.0018524581487148932
activation,ipip_stems,final_token,1,C,16,0.043733533117495636,0.014968872964852714,0.2311180971175305,0.00017681228913472862,0.011645128919251731,0.04355672082836091
activation,ipip_stems,final_token,1,E,16,0.024622151400597658,0.016212229164159007,0.1822802696976962,0.0008266974409053587,0.01218710975122245,0.0237954539596923
activation,ipip_stems,final_token,1,A,16,0.02786630968159447,0.011559129359507751,0.24347619730141506,0.00039275434255541366,0.01036096495848123,0.027473555339039057
activation,ipip_stems,final_token,1,N,16,0.0131868762474547,-0.0002552663094076091,0.15978655921954962,-0.0004628321817708923,0.010561913221754345,0.01364970842922559
activation,ipip_stems,final_token,2,O,16,-0.0002133553589028887,0.0034015004084991,-0.04798322713229751,-0.0017910640091328533,0.006961935122614029,0.0015777086502299646
activation,ipip_stems,final_token,2,C,16,0.03264772455416187,0.00999287211845852,0.18802132313449985,0.00043413199727631284,0.009246545160134914,0.03221359255688556
activation,ipip_stems,final_token,2,E,16,0.014991958276250354,0.00881907991530443,0.13573179531457608,0.0004496728999627889,0.010255356559638051,0.014542285376287566
activation,ipip_stems,final_token,2,A,16,0.0450126483864682,0.024851334441642697,0.3832363204933465,0.00024306365156890111,0.008992817681452324,0.0447695847348993
activation,ipip_stems,final_token,2,N,16,0.00942371411706378,0.0002746625617205865,0.12011972689028161,-0.0009612666592366046,0.009138942447256942,0.010384980776300385
activation,ipip_stems,final_token,3,O,16,0.00445664105380685,0.01408906562861447,-0.03861527158951844,0.00014767911451643586,0.010124188752654131,0.004308961939290415
activation,ipip_stems,final_token,3,C,16,0.026557368929577895,0.021047537691848812,0.18384516683571467,0.0011897362302306829,0.010313927203764381,0.025367632699347213
activation,ipip_stems,final_token,3,E,16,0.012931441921089385,0.0020866440546952253,0.14943629662436728,-0.00046053381858377694,0.008959250712149433,0.013391975739673162
activation,ipip_stems,final_token,3,A,16,0.03730278239366891,0.01672463764730043,0.38146166570735157,0.00011458740085807858,0.009492817817289223,0.037188194992810834
activation,ipip_stems,final_token,3,N,16,0.01033794346736806,0.006268476294176475,0.11728839316080461,0.002626641079826323,0.011007975581203009,0.007711302387541736
activation,ipip_stems,final_token,4,O,16,0.003967012688747479,0.003412641819367932,-0.062949857082921,-0.00027175318760836955,0.008977207360961501,0.004238765876355848
activation,ipip_stems,final_token,4,C,16,0.021923801037746344,0.014643108997768921,0.13644111804307033,-0.0005975986661175309,0.009612994112952848,0.022521399703863874
activation,ipip_stems,final_token,4,E,16,0.0063576198098009825,0.002098269646097117,0.10697529983014893,0.0011805344479595239,0.010428764745537522,0.005177085361841458
activation,ipip_stems,final_token,4,A,16,0.03603490169029612,0.022079009102421082,0.31215407467937345,-0.0003302038453568295,0.008525940008425438,0.03636510553565295
activation,ipip_stems,final_token,4,N,16,0.01091035151402643,0.004017510802207581,0.10348146845818833,-0.0005218204943875585,0.009264580362893595,0.011432172008413987
activation,ipip_stems,final_token,5,O,16,0.0037510783861993756,-0.0014681318237267948,-0.08314637486048697,0.0011440812128190457,0.009374716506927557,0.00260699717338033
activation,ipip_stems,final_token,5,C,16,0.019074386160172412,0.003952851029439129,0.09684284452170956,4.783930554718655e-05,0.009593585912080043,0.019026546854625227
activation,ipip_stems,final_token,5,E,16,0.014103763415380522,0.007759193551671695,0.18149101142001026,-0.0005088233898666585,0.00980407045333285,0.01461258680524718
activation,ipip_stems,final_token,5,A,16,0.040603175198924285,0.03613072370108819,0.3450805893220681,0.0001925149203761143,0.009700931061199168,0.04041066027854817
activation,ipip_stems,final_token,5,N,16,0.006825913585524385,0.0038536213254776455,0.051351121865751075,0.0006734332020187469,0.009193512045094136,0.006152480383505639
activation,ipip_stems,final_token,6,O,16,0.004030660536451375,-3.982956643452877e-05,-0.09563768771919978,0.0011679285333992592,0.01030754550032733,0.0028627320030521156
activation,ipip_stems,final_token,6,C,16,0.01969621208939689,0.012672608578493387,0.09579705337237435,0.0003729066437817585,0.011767836750553484,0.01932330544561513
activation,ipip_stems,final_token,6,E,16,0.013357754152767243,0.008115161331378781,0.21541355156489783,0.0004200804129567235,0.009131631712039429,0.012937673739810519
activation,ipip_stems,final_token,6,A,16,0.05969626880610569,0.04562600449641983,0.43150475435612207,1.5222908546341282e-05,0.008562875484708615,0.05968104589755935
activation,ipip_stems,final_token,6,N,16,0.0022597553660620557,0.0031944489622778077,0.026638684134214916,-0.00019060584313821598,0.00982582491994007,0.0024503612092002715
activation,ipip_stems,final_token,7,O,16,0.0022115333043635785,0.005254033523836098,-0.10151545011621707,-0.00011863373794050714,0.009548758312365438,0.0023301670423040858
activation,ipip_stems,final_token,7,C,16,0.023844826427744673,0.008907238846163311,0.13656849143403588,0.0037699725507914523,0.01112881095205409,0.020074853876953222
activation,ipip_stems,final_token,7,E,16,0.006565531973481296,0.0016397135470096137,0.15906724030982988,0.0009763278975992912,0.00973325227249841,0.005589204075882005
activation,ipip_stems,final_token,7,A,16,0.06446368378231657,0.05876864455362514,0.44249836510747215,0.0006766218459717298,0.009088135124076769,0.06378706193634484
activation,ipip_stems,final_token,7,N,16,-0.001956853664818026,-0.0018392287020697153,-0.03271570265807511,-0.000564069922118705,0.010157827331469315,-0.0013927837426993207
activation,ipip_stems,final_token,8,O,16,0.00554213217890506,-0.00228579144579844,-0.03930006630719541,0.0006823426881189401,0.011405832298193712,0.00485978949078612
activation,ipip_stems,final_token,8,C,16,0.03024360864686979,0.026282696234931614,0.19238228194106857,0.0009086535968341959,0.0097243531089596,0.029334955050035593
activation,ipip_stems,final_token,8,E,16,0.01198788082049634,0.013905469212372328,0.22185696984013234,0.002159255506715167,0.010573586762773628,0.009828625313781173
activation,ipip_stems,final_token,8,A,16,0.055790920678709006,0.046675566116490416,0.3738012802654159,-0.00047147012529115206,0.008306145967373198,0.05626239080400016
activation,ipip_stems,final_token,8,N,16,-0.0013515003965019336,-0.00740138375225585,-0.0025784720579047887,0.001864439680177049,0.01020151779332504,-0.0032159400766789826
activation,ipip_stems,final_token,9,O,16,0.007308658409342209,0.00734678310472057,-0.015878877449306095,0.00011682717833855773,0.009509731415790387,0.007191831231003652
activation,ipip_stems,final_token,9,C,16,0.03130530137371356,0.017518280592105827,0.20533651907985745,-1.421343830706543e-05,0.00887871632898101,0.031319514812020624
activation,ipip_stems,final_token,9,E,16,0.013559807489080889,0.01473386129119494,0.2414349695511859,-0.0006206218493196924,0.010418807082554393,0.014180429338400581
activation,ipip_stems,final_token,9,A,16,0.059959740029455574,0.05666902007635022,0.42198470373175095,-0.0011199782940135776,0.00922359948055632,0.06107971832346915
activation,ipip_stems,final_token,9,N,16,0.0012758858783664061,0.007830037792913476,-0.013309361065067572,0.00011133559604088672,0.00921578723015162,0.0011645502823255194
activation,ipip_stems,final_token,10,O,16,0.008520298563432656,0.009226739034527583,-0.0045260403687522235,0.0010771037563227493,0.009295695882575887,0.007443194807109906
activation,ipip_stems,final_token,10,C,16,0.030222924320702827,0.01567218293463515,0.18574400824500345,0.001530485858053556,0.010241431507717133,0.02869243846264927
activation,ipip_stems,final_token,10,E,16,0.013992909807775181,0.012434574605552518,0.20678847637013323,-0.0005838583262983512,0.0094701879821695,0.014576768134073532
activation,ipip_stems,final_token,10,A,16,0.06664786284593129,0.06322039487699116,0.4269468516024191,-0.0015737073882067104,0.008956846779723963,0.068221570234138
activation,ipip_stems,final_token,10,N,16,-0.0005978955160974608,0.001991022132553274,-0.05395270063226852,-0.0005956430160696424,0.009151729380784127,-2.2525000278183094e-06
activation,ipip_stems,final_token,11,O,16,0.010666005241976294,0.0009343059910269577,0.0016903819656021862,-0.0007472723865046116,0.008341437291954197,0.011413277628480906
activation,ipip_stems,final_token,11,C,16,0.03334419014866683,0.02195569368804562,0.20686485449854247,-0.0007652999840943878,0.008411138011665069,0.03410949013276122
activation,ipip_stems,final_token,11,E,16,0.01640870725579756,0.012053387413088219,0.21433667343639828,0.00019743658647152287,0.009321917258017105,0.016211270669326035
activation,ipip_stems,final_token,11,A,16,0.06571120622443045,0.05870299050522595,0.43467752693288353,-0.0024064595295251383,0.008892059462395414,0.06811766575395559
activation,ipip_stems,final_token,11,N,16,-0.0008459720241892427,0.006290944657650489,-0.02527142569799154,-0.002033823961044516,0.006986177334092739,0.0011878519368552732
activation,ipip_stems,final_token,12,O,16,0.009058227128762815,-0.0004605379158746138,-0.02829080027082426,-0.00123705634572109,0.008466041901736084,0.010295283474483906
activation,ipip_stems,final_token,12,C,16,0.030909966567274197,0.028018510505341744,0.18554266298995753,-0.0011107139351887328,0.009947205324454023,0.03202068050246293
activation,ipip_stems,final_token,12,E,16,0.012951320583109457,0.011645838756278745,0.2135235118853881,-0.0007433008902485174,0.011006115939358832,0.013694621473357975
activation,ipip_stems,final_token,12,A,16,0.06814098283580507,0.050838707959653534,0.4518596884041279,0.00044156865476292653,0.012711657670058944,0.06769941418104214
activation,ipip_stems,final_token,12,N,16,0.0008591331733824319,0.005133833009257169,0.021746080168974065,-0.0006041169705740962,0.010450564237322336,0.001463250143956528
activation,ipip_stems,final_token,13,O,16,0.01204333469586338,0.0026278704257327893,-0.0013430424096320729,-0.0008112565906651905,0.010052164081264267,0.01285459128652857
activation,ipip_stems,final_token,13,C,16,0.032213862751179975,0.028202392337255154,0.2081621866769954,-0.0005643524024045229,0.008864713840699019,0.0327782151535845
activation,ipip_stems,final_token,13,E,16,0.01489238435685347,0.017211623369439925,0.22405844789991233,-0.0004851027618077368,0.010825665959904167,0.015377487118661206
activation,ipip_stems,final_token,13,A,16,0.06440900367334469,0.05048405915593879,0.41682098558229713,-0.0004782791462428549,0.007870785607563872,0.06488728281958754
activation,ipip_stems,final_token,13,N,16,0.008172568205066469,0.0008829775986988412,0.07761767228803634,0.0005418058213516321,0.010675346668694428,0.007630762383714837
activation,ipip_stems,final_token,14,O,16,0.014869872961597096,0.01377850824973505,-0.012017369877271629,0.0015949017174187621,0.011773051367136229,0.013274971244178334
activation,ipip_stems,final_token,14,C,16,0.031736886306652674,0.031665893110317145,0.16687502269235913,0.0004505316904459343,0.01073796317762989,0.03128635461620674
activation,ipip_stems,final_token,14,E,16,0.009375099596162928,0.0028376786526512995,0.173503262721872,-0.00012395242914394822,0.011077852141810646,0.009499052025306876
activation,ipip_stems,final_token,14,A,16,0.055767174743932516,0.04354455001712762,0.3662717594734845,0.00039224889048525036,0.010312883679783325,0.05537492585344726
activation,ipip_stems,final_token,14,N,16,0.006261393386969687,0.0029474202245757253,0.05751418090464974,-0.0006175621415508222,0.009440316191271725,0.0068789555285205094
activation,ipip_stems,final_token,15,O,16,0.012676130411546945,0.016528898537998108,-0.0462718328431184,-0.0005270759787963969,0.010750709273128836,0.013203206390343341
activation,ipip_stems,final_token,15,C,16,0.03426435240498383,0.032946153073390196,0.15186220468011652,0.002185436208211368,0.012704568247391017,0.03207891619677246
activation,ipip_stems,final_token,15,E,16,0.008065157670561493,0.007848073524604725,0.15568269770290596,-0.0004997981333630376,0.010309286287338551,0.00856495580392453
activation,ipip_stems,final_token,15,A,16,0.05217550250239702,0.04363811124012611,0.32859900392838853,0.0006426994266057697,0.010694043620880203,0.05153280307579125
activation,ipip_stems,final_token,15,N,16,0.00848781933291836,0.004471283881928726,0.057257304200714045,-0.00023769287440425195,0.009983810185959802,0.008725512207322612
activation,ipip_stems,final_token,16,O,16,0.009522468896709494,0.01506713716969878,-0.0476820126522199,0.0012292667028382478,0.009845111085979083,0.008293202193871247
activation,ipip_stems,final_token,16,C,16,0.037498864777124684,0.04190024209556352,0.18099914876350567,0.0009317144153569252,0.00924169416028304,0.03656715036176776
activation,ipip_stems,final_token,16,E,16,0.01032307727073936,0.004205550446211336,0.17306234568631612,0.0019989321093382057,0.012071705757357054,0.008324145161401154
activation,ipip_stems,final_token,16,A,16,0.054129657315218065,0.05617222054867542,0.3306085465465095,-7.593437667681987e-05,0.010082490976538181,0.054205591691894886
activation,ipip_stems,final_token,16,N,16,0.007178662951889849,0.0041356650954737255,0.04151169658439192,8.897819382270452e-06,0.010347349538585977,0.0071697651325075785
activation,ipip_stems,final_token,17,O,16,0.009374065843698235,0.010241715438282038,-0.03928672598096848,0.000963028149299001,0.010727519376402709,0.008411037694399234
activation,ipip_stems,final_token,17,C,16,0.04099941466496819,0.04164946591629474,0.19604478085502286,0.0002869930480956981,0.010200569234673657,0.04071242161687249
activation,ipip_stems,final_token,17,E,16,0.011105247027917637,0.006639638965253335,0.17286586105741175,0.00011759254674402314,0.009410892734290566,0.010987654481173614
activation,ipip_stems,final_token,17,A,16,0.04641478617868115,0.0505482441798485,0.30121091019254886,0.001094885063339595,0.010092008133302162,0.04531990111534156
activation,ipip_stems,final_token,17,N,16,0.00713241857502635,-0.0007884550024871877,0.02893703799592336,0.000785749546038105,0.00891573710685418,0.006346669028988245
activation,ipip_stems,final_token,18,O,16,0.011010779557180899,0.015847502454338212,-0.041935566476273986,0.000705121888905133,0.0099407819017437,0.010305657668275766
activation,ipip_stems,final_token,18,C,16,0.04602822474405158,0.03459032251536588,0.2182807715061537,-0.001856251289067997,0.009937388299923364,0.04788447603311957
activation,ipip_stems,final_token,18,E,16,0.011039910378863054,0.005385385352356648,0.1614830129740774,-3.401894599206402e-05,0.008914102767490332,0.011073929324855118
activation,ipip_stems,final_token,18,A,16,0.04586666304652203,0.04458796938892921,0.30432990422125117,0.0005971487295605505,0.009969103302313627,0.04526951431696148
activation,ipip_stems,final_token,18,N,16,0.00431459485692025,-0.0034654326438010767,0.024050071441484105,6.163507430794211e-05,0.010986796239550484,0.004252959782612308
activation,ipip_stems,final_token,19,O,16,0.008683783611408983,0.01759842120413724,-0.0650185688738181,0.0018237586214878477,0.011566725231754465,0.006860024989921136
activation,ipip_stems,final_token,19,C,16,0.046913930029574384,0.04083999164978881,0.21874038478578373,0.0007341878907749843,0.011016224404192499,0.0461797421387994
activation,ipip_stems,final_token,19,E,16,0.011843818142110477,0.008436894787356482,0.1483249453102831,0.0012911064975377306,0.00967336769645034,0.010552711644572747
activation,ipip_stems,final_token,19,A,16,0.04426669589007141,0.04424539743626196,0.3018486812641778,0.0009972365771713995,0.011367328144412655,0.04326945931290001
activation,ipip_stems,final_token,19,N,16,0.004454515011183835,0.0020845853837100914,0.020498377306261376,-0.0014237079336298802,0.011034772486781046,0.005878222944813716
activation,ipip_stems,final_token,20,O,16,0.00744594670702958,0.01041037626013543,-0.06780101645716038,0.0005454800300657224,0.01095723280593588,0.006900466676963857
activation,ipip_stems,final_token,20,C,16,0.0499637260340229,0.04455065752555168,0.2393284798963501,-0.001224330045840014,0.009570384480336374,0.05118805607986292
activation,ipip_stems,final_token,20,E,16,0.012362790856001497,0.009402503085051256,0.15588121538932992,-6.745046066457147e-05,0.00922590819028712,0.012430241316666068
activation,ipip_stems,final_token,20,A,16,0.04296743726259136,0.04007486676475252,0.28990684234264685,-0.0019054133698614562,0.00861066814461074,0.04487285063245282
activation,ipip_stems,final_token,20,N,16,0.007196350695864967,0.00035274002984948794,0.0032270728170039954,0.0009346205876443717,0.012086943264980074,0.006261730108220596
activation,ipip_stems,final_token,21,O,16,0.008776186809318147,0.01664464584105842,-0.05301955122550689,0.0007156966969524585,0.009232369143246004,0.00806049011236569
activation,ipip_stems,final_token,21,C,16,0.052786799988601446,0.04315520081255728,0.2483126967628259,-0.0006815295166880792,0.009206071943826917,0.05346832950528953
activation,ipip_stems,final_token,21,E,16,0.01211490679962047,0.017286588895340696,0.14405616309989758,-0.000866342137685492,0.009275491954786604,0.012981248937305963
activation,ipip_stems,final_token,21,A,16,0.04022597922338092,0.043817216687283445,0.2705340581859594,0.0006503409798849532,0.00977151267907688,0.03957563824349597
activation,ipip_stems,final_token,21,N,16,0.005205113712862757,0.009282624895000246,-0.020730772016382456,0.0008694379098328928,0.010573836546199169,0.004335675803029864
activation,ipip_stems,final_token,22,O,16,0.007826930470904723,0.004149138318244479,-0.0416749251685829,-0.0007153426188724752,0.010730400967503105,0.008542273089777197
activation,ipip_stems,final_token,22,C,16,0.05893996111030416,0.05384483473392267,0.28400489464196194,-0.0007475752997149394,0.009126784208845974,0.0596875364100191
activation,ipip_stems,final_token,22,E,16,0.008103900461951119,0.022736455004103852,0.04951889764019688,0.0003236891640877083,0.009391691427058839,0.007780211297863411
activation,ipip_stems,final_token,22,A,16,0.03683084451385757,0.042083350996838506,0.23936640667423828,-0.0015655179530767408,0.008439735607143159,0.03839636246693431
activation,ipip_stems,final_token,22,N,16,0.004847835022611861,0.010586479645347677,-0.05185175663567915,0.0002489661486577333,0.009922194859255046,0.004598868873954128
activation,ipip_stems,final_token,23,O,16,0.011264370451558925,0.012741503885237423,-0.016318097088869155,-0.00016523335132843508,0.010075978347829029,0.01142960380288736
activation,ipip_stems,final_token,23,C,16,0.057011804097827065,0.0485274462923993,0.279853346126289,-6.435174138964005e-05,0.010263154909413643,0.057076155839216706
activation,ipip_stems,final_token,23,E,16,0.010149692444441647,0.011571914534170193,0.053081826077339384,0.0011676282518354134,0.011105676156403961,0.008982064192606233
activation,ipip_stems,final_token,23,A,16,0.03614930191991017,0.03054455695563653,0.20466455916195717,0.0031084557782641285,0.01153732326944654,0.03304084614164604
activation,ipip_stems,final_token,23,N,16,0.00633599008517219,0.007518736816228491,-0.013531513470835092,-0.0005214820624709425,0.00995392662537152,0.006857472147643133
activation,ipip_stems,final_token,24,O,16,0.008505795378575105,0.002346290558686395,-0.04286012338625895,0.00017999765260883434,0.00880260585124684,0.00832579772596627
activation,ipip_stems,final_token,24,C,16,0.052810590394340794,0.03892612493764139,0.2478755705025758,-0.0002743429378319141,0.009043886310145783,0.05308493333217271
activation,ipip_stems,final_token,24,E,16,0.012387512748825148,0.01625915404771423,0.0620463490760258,0.0006018369431740639,0.01114990663190591,0.011785675805651083
activation,ipip_stems,final_token,24,A,16,0.0344792216152148,0.028526045014220815,0.161614363247634,-5.309104153562223e-05,0.009220448332002704,0.03453231265675042
activation,ipip_stems,final_token,24,N,16,0.006026245585115489,0.010100491267324714,-0.018184558950511093,-0.0008211576657226987,0.008263505214023819,0.006847403250838188
activation,ipip_stems,final_token,25,O,16,0.006902882265003548,0.0013929087324119108,-0.05830303796418233,-0.0004975277690078072,0.008818245773189893,0.007400410034011355
activation,ipip_stems,final_token,25,C,16,0.04984569522820541,0.04524314686186923,0.2286573360712352,0.00023754838472756626,0.009145573225402832,0.04960814684347784
activation,ipip_stems,final_token,25,E,16,0.013182672000814251,0.016031970893974602,0.07932181785812006,-0.0011611579416878693,0.00863075813958664,0.01434382994250212
activation,ipip_stems,final_token,25,A,16,0.03268057542520637,0.03043267583001466,0.1548220407409884,0.0010061397823260953,0.009419082664466671,0.03167443564288027
activation,ipip_stems,final_token,25,N,16,0.0047056423101805855,0.00904753731059582,-0.02672815746433277,0.00037156589143032514,0.00830176744132685,0.00433407641875026
activation,ipip_stems,final_token,26,O,16,0.007782861876383751,0.005110086662804691,-0.04426726091183375,0.0005963567102613272,0.008459855236469773,0.007186505166122423
activation,ipip_stems,final_token,26,C,16,0.05117170912792997,0.0501979875902689,0.24404496760173364,-0.0015206503469312454,0.008358352269768235,0.052692359474861214
activation,ipip_stems,final_token,26,E,16,0.01421533646771673,0.01314764089953242,0.0902397782928248,0.0005126582596720335,0.01017324460125968,0.013702678208044697
activation,ipip_stems,final_token,26,A,16,0.03328900356238059,0.025952416144981096,0.158139484604408,0.0008435511538885457,0.009088018960859591,0.032445452408492045
activation,ipip_stems,final_token,26,N,16,0.006018627481448427,0.006043017860185282,-0.019998458411244723,0.000423770640094028,0.009227769123161866,0.005594856841354399
activation,ipip_stems,final_token,27,O,16,0.006875191972362577,0.01270036207047743,-0.0406918305435948,-0.0005126001316343491,0.007953695627280807,0.007387792103996926
activation,ipip_stems,final_token,27,C,16,0.049743605772455964,0.04612522250796566,0.23737681392512827,7.623516102962385e-06,0.008380415542978456,0.049735982256353
activation,ipip_stems,final_token,27,E,16,0.011915370831979955,0.016409372699238336,0.05554228686924349,-0.0005763825976321369,0.008168867402408879,0.012491753429612092
activation,ipip_stems,final_token,27,A,16,0.029172057880907973,0.025186970682655935,0.13404604128744543,-0.0007964339080045026,0.008127002913856608,0.029968491788912477
activation,ipip_stems,final_token,27,N,16,0.006325036252981334,0.009430708706996638,-0.021294171127444233,0.0002416591331103137,0.008375504248137591,0.00608337711987102
activation,ipip_stems,final_token,28,O,16,0.006446957037977327,0.009521509148112655,-0.03997744835973098,-0.00022973227794472736,0.007862177402449778,0.006676689315922054
activation,ipip_stems,final_token,28,C,16,0.04870124909341055,0.03878013674453058,0.23400958132656952,-0.0008233128813945839,0.007982486830682757,0.049524561974805134
activation,ipip_stems,final_token,28,E,16,0.01188360275429784,0.013543219636056737,0.0589778643441165,0.0014640777171456816,0.009578819190003748,0.010419525037152159
activation,ipip_stems,final_token,28,A,16,0.028004842657205365,0.01917864892986856,0.1326026198070331,0.0006676845950635613,0.008782367474862614,0.027337158062141802
activation,ipip_stems,final_token,28,N,16,0.007441667305188343,0.004691249431297031,-0.019845399652042524,-1.3901685914105844e-05,0.008852065580679854,0.007455568991102449
activation,ipip_stems,final_token,29,O,16,0.007158899133891644,0.011777936977780078,-0.032414007646273064,-0.0008310963790512001,0.006671915390605036,0.007989995512942844
activation,ipip_stems,final_token,29,C,16,0.052497178442766995,0.050291962313732,0.2524113175227188,0.0005685113872485523,0.008268538520417923,0.05192866705551844
activation,ipip_stems,final_token,29,E,16,0.013173305649582516,0.010955290704423554,0.07115831406761597,0.002238412513972701,0.00840511333776481,0.010934893135609814
activation,ipip_stems,final_token,29,A,16,0.02786372488447709,0.0229176091155888,0.12795038322745986,0.0005053587758833192,0.008092565655573468,0.02735836610859377
activation,ipip_stems,final_token,29,N,16,0.008775537502763964,0.007175721633433737,0.0028245882551568065,-0.00025333615439709196,0.009005925925005267,0.009028873657161056
activation,ipip_stems,final_token,30,O,16,0.007719863846231515,0.003804583896613761,-0.018614760388361903,0.0007866038528231065,0.008900382013700334,0.006933259993408408
activation,ipip_stems,final_token,30,C,16,0.057316034158364934,0.054318312886959236,0.28303534793941265,0.001363542606986592,0.010256472263163717,0.05595249155137834
activation,ipip_stems,final_token,30,E,16,0.015319413343572397,0.01613447127652631,0.08973378396682341,-0.0004086500050847451,0.008888015713208177,0.015728063348657142
activation,ipip_stems,final_token,30,A,16,0.030759653860866827,0.02711745813393632,0.1528689266991803,0.00028063713829171996,0.008572649845942361,0.03047901672257511
activation,ipip_stems,final_token,30,N,16,0.009641758819441943,0.007040410816537003,0.015560353036605629,-0.0010750651470414776,0.007979437340920322,0.010716823966483421
activation,ipip_stems,final_token,31,O,16,0.021596082769450235,0.017002662525518165,0.1392780227851655,-0.0019793140258719862,0.012065123275969676,0.023575396795322223
activation,ipip_stems,final_token,31,C,16,0.08792963285872046,0.06318476545382126,0.4829404310829486,0.00017242691768493666,0.012292100529874847,0.08775720594103553
activation,ipip_stems,final_token,31,E,16,0.03365585215790533,0.025861315243067014,0.2641312966850238,-0.0031730364159290193,0.01163329191335108,0.036828888573834345
activation,ipip_stems,final_token,31,A,16,0.059368432431516856,0.04048388378547965,0.2878646776767869,-0.0008176461783852904,0.011483126588075558,0.06018607860990215
activation,ipip_stems,final_token,31,N,16,0.01478839653276509,0.023872978410064975,0.11259708208025487,0.0022098676225354476,0.01666173937737357,0.012578528910229642
activation,ipip_stems,mean_tokens,0,O,16,-0.005136791821086741,-0.009153572128519642,-0.01537845724640475,-0.0001526548981613455,0.011912315679982442,-0.004984136922925396
activation,ipip_stems,mean_tokens,0,C,16,0.05202164284023248,0.03170278960710859,0.3720302035704423,0.0007844559912207487,0.013594783120616086,0.05123718684901173
activation,ipip_stems,mean_tokens,0,E,16,0.003888647342183712,0.009161128946172409,0.043474380116105216,0.0014772776618691072,0.014687514595852245,0.002411369680314605
activation,ipip_stems,mean_tokens,0,A,16,0.011432210760951866,0.009613610978376765,0.17434950997483223,-0.0022542163839215992,0.010072695804536621,0.013686427144873465
activation,ipip_stems,mean_tokens,0,N,16,-0.005907927029654055,-0.0035378005091832795,0.02124669837904715,-2.922636072277187e-05,0.011873477846236248,-0.0058787006689312825
activation,ipip_stems,mean_tokens,1,O,16,0.014328896240690826,0.0547359393819101,-0.13853877323533897,0.0001553803640314494,0.04426037719029021,0.014173515876659376
activation,ipip_stems,mean_tokens,1,C,16,-0.0010468987925051298,0.025324703379039165,0.47359849545819915,-0.0009622430553716782,0.031780425804321666,-8.46557371334516e-05
activation,ipip_stems,mean_tokens,1,E,16,-0.0008481663951261043,0.022741519498500472,0.42995116809816425,-0.0005742345860691271,0.0346292446142164,-0.00027393180905697717
activation,ipip_stems,mean_tokens,1,A,16,0.034811926029811126,-0.008407756929284638,0.6876056604896253,-0.0029493539920350874,0.0446001343533611,0.037761280021846214
activation,ipip_stems,mean_tokens,1,N,16,0.048736465350597634,0.011822601101567751,0.8119181295706144,0.004217404335443842,0.040137241579394134,0.044519061015153794
activation,ipip_stems,mean_tokens,2,O,16,0.012489595154442012,0.04422932088299798,-0.12909387794404104,-0.002059621711646567,0.03121617767167317,0.01454921686608858
activation,ipip_stems,mean_tokens,2,C,16,-0.0008962729177872608,0.026925501254839605,0.4564120185038853,0.002820736064988818,0.04199698422971727,-0.0037170089827760788
activation,ipip_stems,mean_tokens,2,E,16,-0.001578004220751141,0.02115386504066049,0.40935558602818906,0.0013635033456278495,0.03519781027119758,-0.0029415075663789905
activation,ipip_stems,mean_tokens,2,A,16,0.03447394834539762,-0.0051796696511352824,0.6656517792873374,-0.005453570178709234,0.0314136840335155,0.03992751852410685
activation,ipip_stems,mean_tokens,2,N,16,0.04737932187795911,0.02203612555732714,0.7980560482876892,0.00477461868616193,0.04894278225634217,0.04260470319179718
activation,ipip_stems,mean_tokens,3,O,16,0.011606541912757824,0.04602969595146662,-0.10755708346108969,0.003643151712887211,0.04413174955213522,0.007963390199870614
activation,ipip_stems,mean_tokens,3,C,16,0.0016536977893155799,0.02701579943436786,0.444744547903408,-0.002561807759271216,0.029870767257949304,0.004215505548586795
activation,ipip_stems,mean_tokens,3,E,16,0.0003012482592350781,0.027809502605768022,0.39337591881192735,0.0021296043543363886,0.03312517688980899,-0.0018283560951013105
activation,ipip_stems,mean_tokens,3,A,16,0.034653533405314636,0.002306547314759618,0.6446914996249405,-0.0007513934915973813,0.030971930535279427,0.03540492689691202
activation,ipip_stems,mean_tokens,3,N,16,0.04686203059796582,0.023318350902442102,0.7674182440423138,-0.005600232251036075,0.02989392820619323,0.0524622628490019
activation,ipip_stems,mean_tokens,4,O,16,0.007746304899869664,0.03834042083930368,-0.10386937327582471,0.0019179918078463495,0.030661138343933785,0.005828313092023314
activation,ipip_stems,mean_tokens,4,C,16,0.0027877825637144305,0.02872608981419733,0.41434555607184426,0.0044310016419226335,0.03775815338889763,-0.001643219078208203
activation,ipip_stems,mean_tokens,4,E,16,-0.000938152441384323,0.02691500048579651,0.3594421587546865,0.0005333369829227128,0.033293209757635486,-0.0014714894243070358
activation,ipip_stems,mean_tokens,4,A,16,0.034883867620671784,0.015492795820324586,0.6141159760036514,-0.006629269999584579,0.025277954855403316,0.041513137620256366
activation,ipip_stems,mean_tokens,4,N,16,0.04653013385686423,0.03183626061206253,0.7269406524817201,-0.006843599098629955,0.02329778300051959,0.053373732955494184
activation,ipip_stems,mean_tokens,5,O,16,0.004403385428372749,0.030123982799112457,-0.10812095411302815,0.004259265824975238,0.03808356120482809,0.00014411960339751062
activation,ipip_stems,mean_tokens,5,C,16,0.004374208642169682,0.022339231058705465,0.403698807683485,-0.0006395353641737489,0.02992240148376602,0.005013744006343431
activation,ipip_stems,mean_tokens,5,E,16,-0.0013720404418949542,0.017159907764399074,0.35259753721170584,-0.0008182898262155566,0.029002401331325138,-0.0005537506156793975
activation,ipip_stems,mean_tokens,5,A,16,0.03635265811861134,0.027125487462280877,0.6012438057845864,0.0024336620535211893,0.03145779405257749,0.03391899606509015
activation,ipip_stems,mean_tokens,5,N,16,0.04611730699423277,0.02369069813617087,0.7023474867577093,0.00015296653440129878,0.03209114718246032,0.04596434045983147
activation,ipip_stems,mean_tokens,6,O,16,0.0040726140769272645,0.02823355280575942,-0.0850069204964598,0.008289458655278342,0.03682718432272343,-0.004216844578351077
activation,ipip_stems,mean_tokens,6,C,16,0.006541552774415893,0.03405352430160649,0.39934807459066635,-0.001146731514570731,0.028130337635862656,0.007688284288986625
activation,ipip_stems,mean_tokens,6,E,16,-0.0003818445841411241,0.01903176278417551,0.3450131779870109,-0.005968513527840369,0.02274660149661399,0.005586668943699244
activation,ipip_stems,mean_tokens,6,A,16,0.03533806992925116,0.026076775788990016,0.585286308511784,0.0008455743130260353,0.03437113469000449,0.034492495616225124
activation,ipip_stems,mean_tokens,6,N,16,0.04180078692749478,0.009357974124984604,0.6538160827604411,0.003168628545830927,0.036289730670461894,0.03863215838166385
activation,ipip_stems,mean_tokens,7,O,16,0.003992001144747056,0.028640605467744044,-0.06159102890039657,0.0003654441161777235,0.030275805422312986,0.003626557028569332
activation,ipip_stems,mean_tokens,7,C,16,0.009761560458265716,0.03165628227542888,0.40598554623524946,0.0006795155290682783,0.030011750325038875,0.009082044929197437
activation,ipip_stems,mean_tokens,7,E,16,0.0018108181034648932,0.02932665307084597,0.34295262111041735,-0.00164217675874757,0.02628013680749503,0.003452994862212463
activation,ipip_stems,mean_tokens,7,A,16,0.03678203159851957,0.03617218133746957,0.5781622990325087,0.0023561882436578547,0.030595700443956625,0.034425843354861714
activation,ipip_stems,mean_tokens,7,N,16,0.03793957480363423,0.016135080278136395,0.6070386811930008,0.0005936576310713105,0.024948161169200327,0.03734591717256292
activation,ipip_stems,mean_tokens,8,O,16,0.0035307893692766027,0.015214694572058735,-0.04326909365469782,2.37233233624734e-06,0.024749773826531273,0.003528417036940355
activation,ipip_stems,mean_tokens,8,C,16,0.016525803702360665,0.03351456011647485,0.41809493294476957,0.0009364373037879885,0.022212214570785226,0.015589366398572677
activation,ipip_stems,mean_tokens,8,E,16,0.003506851374851803,0.015905582234792104,0.3514292727892848,0.00392668852414781,0.03399376728686129,-0.0004198371492960067
activation,ipip_stems,mean_tokens,8,A,16,0.03605112476506622,0.03617275686880246,0.5436279599236458,-0.0007276206260246254,0.026359067390816393,0.03677874539109085
activation,ipip_stems,mean_tokens,8,N,16,0.0381956011645777,0.03266605079297434,0.5622590448400479,-0.0020197579435002207,0.02350346787596944,0.04021535910807792
activation,ipip_stems,mean_tokens,9,O,16,0.006886287190909668,0.018334533466420104,-0.002891313423302564,0.002683412786049662,0.023906511137719213,0.0042028744048600054
activation,ipip_stems,mean_tokens,9,C,16,0.021390821696630865,0.0418383137943924,0.41793340313007143,-0.0005319480729459394,0.020610354903660442,0.021922769769576803
activation,ipip_stems,mean_tokens,9,E,16,0.002347825099549422,0.007367129048773067,0.3237480651593388,-0.0007511355559384911,0.021768406369964438,0.003098960655487913
activation,ipip_stems,mean_tokens,9,A,16,0.03163587200939107,0.04355590125950634,0.524779145733175,0.0021725760986161355,0.0258180100186096,0.02946329591077493
activation,ipip_stems,mean_tokens,9,N,16,0.03782621171593618,0.04112827093845811,0.5188512167700894,-0.001513183828099459,0.02092652462253105,0.039339395544035635
activation,ipip_stems,mean_tokens,10,O,16,0.008541202898591236,0.013049886852598143,0.005423180526574736,0.0014495599778373723,0.02398173519973068,0.007091642920753863
activation,ipip_stems,mean_tokens,10,C,16,0.021798830032583864,0.036753519210869084,0.4006708666875719,0.0014900327124030366,0.026898792590277238,0.020308797320180826
activation,ipip_stems,mean_tokens,10,E,16,0.0022785414684731746,0.01111069595418442,0.3189465389546995,-0.0007083582460636151,0.020181916264288897,0.0029868997145367894
activation,ipip_stems,mean_tokens,10,A,16,0.04011220340483344,0.05469427925535414,0.535314880860472,-0.0008002838823290265,0.02563271525930372,0.040912487287162465
activation,ipip_stems,mean_tokens,10,N,16,0.03770166574444938,0.030529581529567213,0.48633971354315214,-0.0009488023530125026,0.020665886016257386,0.03865046809746188
activation,ipip_stems,mean_tokens,11,O,16,0.010762039177283625,0.025058506617793908,0.0212481769798817,0.0014281748496353605,0.022312513380984483,0.009333864327648263
activation,ipip_stems,mean_tokens,11,C,16,0.02012630173727148,0.029280569336712893,0.37186238680084227,0.0004907591004104846,0.02471159559628287,0.019635542636860993
activation,ipip_stems,mean_tokens,11,E,16,0.002181685138658482,0.009973928772307053,0.29615384958851815,0.003246341538975386,0.024360714372050948,-0.001064656400316904
activation,ipip_stems,mean_tokens,11,A,16,0.03906779451953441,0.050910036865161754,0.5063036090727381,-0.0009615419819199415,0.02086448867791616,0.040029336501454356
activation,ipip_stems,mean_tokens,11,N,16,0.03777088314871661,0.031038920280410456,0.4792831117644071,0.001283858556964544,0.02009182205151474,0.036487024591752064
activation,ipip_stems,mean_tokens,12,O,16,0.007336814274841361,0.010840530570376022,-0.017632854722682154,-0.0006600944147377097,0.020146660324827505,0.007996908689579071
activation,ipip_stems,mean_tokens,12,C,16,0.01971831389350458,0.04200511577664454,0.35720568857531604,-0.00344342666049415,0.018224507804877207,0.02316174055399873
activation,ipip_stems,mean_tokens,12,E,16,0.0033538526478947587,0.014158994967551231,0.2989585205096666,-0.0005427234051141754,0.019733041585908825,0.003896576053008934
activation,ipip_stems,mean_tokens,12,A,16,0.038156757611928944,0.043732247471968175,0.4893519021842903,-0.001786417482126919,0.019098392038546963,0.039943175094055865
activation,ipip_stems,mean_tokens,12,N,16,0.037144067564963947,0.0348755616790955,0.474585074793286,-0.0035740482241732856,0.017994674542345896,0.040718115789137234
activation,ipip_stems,mean_tokens,13,O,16,0.007757802668307525,0.006183233833439582,-0.004885389644734087,0.0006114861466382524,0.0243560667287548,0.007146316521669273
activation,ipip_stems,mean_tokens,13,C,16,0.019504829916013083,0.03917609875073409,0.34407078728541785,-0.001987653333062457,0.017038594268120797,0.02149248324907554
activation,ipip_stems,mean_tokens,13,E,16,0.004932132761068051,0.013088385234749254,0.30007007563390803,0.004834460387689981,0.024072315235327085,9.767237337806982e-05
activation,ipip_stems,mean_tokens,13,A,16,0.0383560895105455,0.03910264437801493,0.478372271745182,-0.0017055920337455646,0.01808003145854449,0.040061681544291065
activation,ipip_stems,mean_tokens,13,N,16,0.039755254080931536,0.03116827550038098,0.4545083731418455,-0.0011233251335668328,0.018488079303671225,0.04087857921449837
activation,ipip_stems,mean_tokens,14,O,16,0.007103659814974491,0.014418149976962396,-0.030711257374791044,-0.0006016910778667327,0.01821853398436586,0.007705350892841223
activation,ipip_stems,mean_tokens,14,C,16,0.023597412801788575,0.043625406928994276,0.3427469356089154,-0.00013265755404899353,0.0192967968034812,0.023730070355837567
activation,ipip_stems,mean_tokens,14,E,16,0.005202405937481541,0.01580790637026762,0.29529285367406,0.003081603111910405,0.017945534212339704,0.0021208028255711364
activation,ipip_stems,mean_tokens,14,A,16,0.038058283234107454,0.046747520176506185,0.463885547574916,-0.004249500730347132,0.014740002005431569,0.04230778396445459
activation,ipip_stems,mean_tokens,14,N,16,0.03999206457726914,0.03795949679252973,0.42688324327530996,-0.0018209817547500022,0.018236818341645297,0.04181304633201915
activation,ipip_stems,mean_tokens,15,O,16,0.007209175705020967,0.012150145899477795,-0.05727613994576931,0.0005938386334100295,0.018613255576826783,0.0066153370716109374
activation,ipip_stems,mean_tokens,15,C,16,0.025712014924614796,0.048404641532034685,0.31140186433423334,0.0008128797251241377,0.015183945533798123,0.02489913519949066
activation,ipip_stems,mean_tokens,15,E,16,0.006504686869820144,0.015175996072052163,0.28718559294117857,-0.0016872689969853465,0.01729434612684577,0.008191955866805491
activation,ipip_stems,mean_tokens,15,A,16,0.03780343804279214,0.050269819406836766,0.4276182524810685,-0.0007297013265006324,0.01472320058077532,0.03853313936929277
activation,ipip_stems,mean_tokens,15,N,16,0.04435519569527548,0.04194306690812194,0.393452901222574,-0.0007228433167108437,0.017540714320032146,0.04507803901198633
activation,ipip_stems,mean_tokens,16,O,16,0.005463826162432652,0.012278510883023872,-0.05532152401165633,-0.00135539333414985,0.015582691464875734,0.006819219496582502
activation,ipip_stems,mean_tokens,16,C,16,0.026932180176583376,0.0502067907834058,0.31386120052575867,0.0002847053641628488,0.017817117183085266,0.026647474812420528
activation,ipip_stems,mean_tokens,16,E,16,0.009126893207351,0.020149561308045197,0.2870041497390734,0.0005051594635385276,0.017532772847867452,0.008621733743812473
activation,ipip_stems,mean_tokens,16,A,16,0.039490542932035834,0.05017193199569815,0.4169164543359205,0.0008509646673507909,0.01895413225212403,0.038639578264685046
activation,ipip_stems,mean_tokens,16,N,16,0.04309160568486669,0.03607620284482994,0.3729642076856579,0.0005928967716332579,0.01815494295768721,0.04249870891323343
activation,ipip_stems,mean_tokens,17,O,16,0.007385227992748375,0.018389225168948725,-0.03796424334465211,-0.0014331757013972552,0.014622846991594147,0.00881840369414563
activation,ipip_stems,mean_tokens,17,C,16,0.030723462084824828,0.03819123078789694,0.30764214916055566,0.0003732328877036261,0.015942846865978435,0.0303502291971212
activation,ipip_stems,mean_tokens,17,E,16,0.009082638593700783,0.016017628576305787,0.27083649006064364,-0.0007771847204816626,0.016924665886126167,0.009859823314182446
activation,ipip_stems,mean_tokens,17,A,16,0.0346813125445742,0.03969985261666067,0.3758251842028968,-0.0021698216567373817,0.015266208729335876,0.03685113420131158
activation,ipip_stems,mean_tokens,17,N,16,0.0441408505577009,0.034726020223179596,0.350629544270459,-0.001140464725908452,0.014404353088611344,0.045281315283609354
activation,ipip_stems,mean_tokens,18,O,16,0.007987237114427288,0.010666167696518063,-0.057611079466837106,0.0016702102868994062,0.015037031530007402,0.006317026827527882
activation,ipip_stems,mean_tokens,18,C,16,0.035446003988257,0.0445781636747352,0.29626632506727957,-0.00018756494200568,0.015020609805604275,0.035633568930262684
activation,ipip_stems,mean_tokens,18,E,16,0.008017898151461568,0.01476615634056585,0.2540183073719151,0.0026501190829971216,0.01785915372332304,0.005367779068464446
activation,ipip_stems,mean_tokens,18,A,16,0.03561640232411708,0.053650347076292536,0.3662521148462343,0.0006716054826755269,0.014591224045414986,0.03494479684144155
activation,ipip_stems,mean_tokens,18,N,16,0.047761310002325676,0.0496870879824376,0.3481632810901565,-0.0020188900126958953,0.013108488104499353,0.04978020001502157
activation,ipip_stems,mean_tokens,19,O,16,0.006763173297749655,0.002076774717412108,-0.05905500842387536,0.00024077655705924712,0.013780034595723975,0.006522396740690407
activation,ipip_stems,mean_tokens,19,C,16,0.03594987814967411,0.04378159715132339,0.29701670599115754,-2.0725216984590135e-05,0.012584184759865674,0.0359706033666587
activation,ipip_stems,mean_tokens,19,E,16,0.00994989537660359,0.01608618244756664,0.256609451391511,-0.0024873123930225427,0.01128352644744166,0.012437207769626132
activation,ipip_stems,mean_tokens,19,A,16,0.037033617135267156,0.0571549266678103,0.369569659225233,-0.0010797591363411723,0.012581816270503234,0.03811337627160833
activation,ipip_stems,mean_tokens,19,N,16,0.04730444257898034,0.05078280270908522,0.32890352432158065,0.0017846638171712175,0.01712593388209728,0.04551977876180912
activation,ipip_stems,mean_tokens,20,O,16,0.006985513742871531,0.009334257062491032,-0.048206337465233326,0.0005850558359784035,0.014556807053347599,0.0064004579068931275
activation,ipip_stems,mean_tokens,20,C,16,0.03871301811071739,0.04735250621451776,0.3058478864555,0.0011607542109675695,0.01563528284490456,0.03755226389974982
activation,ipip_stems,mean_tokens,20,E,16,0.011394334669067759,0.020519110030413075,0.2677704030267803,-0.001956851642765347,0.012555631478637053,0.013351186311833105
activation,ipip_stems,mean_tokens,20,A,16,0.03788371667024778,0.05948297851790282,0.3503353999257093,0.001247184176114583,0.017360655046635053,0.0366365324941332
activation,ipip_stems,mean_tokens,20,N,16,0.04427968904854543,0.05270440615702335,0.28083858030180386,-0.002413110624525952,0.011828000738266285,0.04669279967307138
activation,ipip_stems,mean_tokens,21,O,16,0.00763201045985731,0.009603629485399005,-0.04621598716660201,0.0012003053726688635,0.015062976904250661,0.006431705087188447
activation,ipip_stems,mean_tokens,21,C,16,0.04301763381321977,0.04581985725932168,0.2989561412378912,-0.0004760095398654135,0.0138725174499906,0.043493643353085185
activation,ipip_stems,mean_tokens,21,E,16,0.01336080999459029,0.01740015139740172,0.2553045073930828,0.001027565538478857,0.015490199744782957,0.012333244456111433
activation,ipip_stems,mean_tokens,21,A,16,0.03655289404702445,0.05970154984504659,0.31593155831808467,-0.0001468595028611668,0.011825002206200263,0.03669975354988562
activation,ipip_stems,mean_tokens,21,N,16,0.04423752368429472,0.044240144218358396,0.23512696446401715,-0.0017228732540107048,0.011600782026584704,0.04596039693830543
activation,ipip_stems,mean_tokens,22,O,16,0.006364869376610823,0.015535324887148582,-0.054428087499357805,-0.0005039944350812087,0.011612691783499454,0.0068688638116920315
activation,ipip_stems,mean_tokens,22,C,16,0.043778303819592274,0.049711156790526845,0.28999661270087274,-0.002317790541319839,0.01258366520327933,0.04609609436091211
activation,ipip_stems,mean_tokens,22,E,16,0.012314488361919514,0.017446422473405828,0.2302027232274636,-0.00023059122385394774,0.011275282334643241,0.012545079585773462
activation,ipip_stems,mean_tokens,22,A,16,0.03661111801758158,0.049250916018540085,0.2946326919976226,-0.0005104703269201244,0.012074929724635584,0.0371215883445017
activation,ipip_stems,mean_tokens,22,N,16,0.04161180574341297,0.04076019272657434,0.18876713335165524,-0.0014711244252193312,0.011386270353947115,0.0430829301686323
activation,ipip_stems,mean_tokens,23,O,16,0.006850421098160348,0.014474534369844803,-0.05754525338662234,-0.0005360797260918696,0.011164002725827047,0.0073865008242522175
activation,ipip_stems,mean_tokens,23,C,16,0.0424043830360864,0.04904359491646329,0.2687998198855365,0.00014936993362481968,0.011314230741546132,0.04225501310246158
activation,ipip_stems,mean_tokens,23,E,16,0.012584042220285559,0.014571071554211194,0.21798060283984352,-0.00045737047211986704,0.011585666254512683,0.013041412692405427
activation,ipip_stems,mean_tokens,23,A,16,0.036876049101950414,0.04520074454075272,0.26973494286433275,0.0001809003494634871,0.011174467944075962,0.03669514875248693
activation,ipip_stems,mean_tokens,23,N,16,0.04081233951816373,0.03264629847556073,0.18778908315974271,0.0013767690400217213,0.012888383395435153,0.03943557047814201
activation,ipip_stems,mean_tokens,24,O,16,0.005317444030741347,0.016424749356166994,-0.08255827486429061,-0.0025088243034796015,0.011380931815561513,0.007826268334220949
activation,ipip_stems,mean_tokens,24,C,16,0.03935389701665977,0.03640495004228436,0.22601683716433377,-0.0026817861972395552,0.010261205985087892,0.042035683213899326
activation,ipip_stems,mean_tokens,24,E,16,0.013723235604199682,0.01177772843424329,0.2104167839908165,0.0005606287980339107,0.012074125558221568,0.013162606806165772
activation,ipip_stems,mean_tokens,24,A,16,0.03513460635850654,0.045261118800573666,0.23753448876598793,0.001462142076404194,0.01067446116519654,0.03367246428210235
activation,ipip_stems,mean_tokens,24,N,16,0.03782544126925111,0.030873883486543068,0.17686389278800663,-0.0003960027787847571,0.010947245979991648,0.03822144404803587
activation,ipip_stems,mean_tokens,25,O,16,0.004981151082278626,0.015891417596195077,-0.082589733083642,-0.0026572637770378663,0.009776385807625796,0.007638414859316493
activation,ipip_stems,mean_tokens,25,C,16,0.038747345120148505,0.03660867498449069,0.2226780590960589,-0.00041331714138753727,0.010499491298445195,0.03916066226153604
activation,ipip_stems,mean_tokens,25,E,16,0.016199095624282102,0.015101521220408358,0.2232381064978716,0.0008911496298803673,0.01167289485973805,0.015307945994401734
activation,ipip_stems,mean_tokens,25,A,16,0.03242761082568123,0.03452533773778056,0.21456766929596624,-0.00020156631904000262,0.01162013109313482,0.03262917714472123
activation,ipip_stems,mean_tokens,25,N,16,0.03512063071866923,0.031748506961452025,0.16449011152391738,-0.0007326798071502131,0.010175995517726159,0.03585331052581944
activation,ipip_stems,mean_tokens,26,O,16,0.005555383691692026,0.011577704715327009,-0.07391704970850785,-0.00016251051589099124,0.01089735521913095,0.005717894207583018
activation,ipip_stems,mean_tokens,26,C,16,0.0381601048709681,0.03507380112154937,0.21389999032695084,-0.00047345237937493947,0.009955647441621852,0.038633557250343044
activation,ipip_stems,mean_tokens,26,E,16,0.017844203686174193,0.01896213354085695,0.21084352288224723,0.0005131012855968629,0.010158165922369495,0.01733110240057733
activation,ipip_stems,mean_tokens,26,A,16,0.03166851104460542,0.039073518860498535,0.20584701292019153,-0.0001002199917100926,0.010287428874842635,0.031768731036315515
activation,ipip_stems,mean_tokens,26,N,16,0.03275872169860497,0.02983315052195277,0.15677094240422879,-0.0021913635948845726,0.010791074808680922,0.034950085293489544
activation,ipip_stems,mean_tokens,27,O,16,0.005279263344743487,0.012528091824944975,-0.06185275542801362,-0.0011169609092366586,0.008581036998924705,0.006396224253980146
activation,ipip_stems,mean_tokens,27,C,16,0.03670545585769811,0.029258779967741642,0.20400132107113977,-0.0008736686744050655,0.008285959509014427,0.03757912453210318
activation,ipip_stems,mean_tokens,27,E,16,0.017529312821808776,0.013629442931768126,0.18840493592877566,-0.0001439392596926386,0.008933801273919613,0.017673252081501414
activation,ipip_stems,mean_tokens,27,A,16,0.028647467847396177,0.02707856091881527,0.17921541173592673,-0.0008988937165606828,0.00993588658615834,0.02954636156395686
activation,ipip_stems,mean_tokens,27,N,16,0.029454799130994455,0.021495415844083206,0.14179834665769772,0.0016343166337131768,0.010141048500683165,0.02782048249728128
activation,ipip_stems,mean_tokens,28,O,16,0.005211500276147909,0.009002150270826221,-0.058666469149887567,-0.0008225353961861381,0.008015879093794484,0.006034035672334047
activation,ipip_stems,mean_tokens,28,C,16,0.03669860866698618,0.0313035955213587,0.19818238679049116,0.00016294563690050557,0.009766642723084293,0.03653566303008568
activation,ipip_stems,mean_tokens,28,E,16,0.01807751783255785,0.01107268914250795,0.1785557218789417,5.046784161605814e-05,0.008407754190573115,0.018027049990941794
activation,ipip_stems,mean_tokens,28,A,16,0.025871857935760065,0.025233512003025288,0.15169036280846165,0.0003099239546426268,0.010406927023138147,0.02556193398111744
activation,ipip_stems,mean_tokens,28,N,16,0.02755252704752113,0.024357768018097005,0.12420135607593881,0.0002448999070861572,0.007983033213791759,0.027307627140434974
activation,ipip_stems,mean_tokens,29,O,16,0.00704905567683962,0.009265558637314528,-0.022586133633720848,6.962597652174714e-05,0.009721439478453983,0.006979429700317873
activation,ipip_stems,mean_tokens,29,C,16,0.039517256671655336,0.037233177047297075,0.22285198638613296,-0.002388583922016686,0.008441117536289648,0.04190584059367202
activation,ipip_stems,mean_tokens,29,E,16,0.020978187437510232,0.008295356277191447,0.1934433721852535,3.0374579221933655e-05,0.0073137412129681625,0.020947812858288298
activation,ipip_stems,mean_tokens,29,A,16,0.024722834366112785,0.025041512766455967,0.11717457566804448,-0.0011387682597949083,0.009356549438964705,0.025861602625907695
activation,ipip_stems,mean_tokens,29,N,16,0.02835053678302467,0.023552215419444793,0.12657428068140228,-0.0006069232252912979,0.00914363299555569,0.028957460008315967
activation,ipip_stems,mean_tokens,30,O,16,0.009829266907229439,0.014113235200420675,-0.002472966377077022,-0.0019834716397825907,0.008917368750904596,0.01181273854701203
activation,ipip_stems,mean_tokens,30,C,16,0.051586452905405124,0.05173497645712999,0.2950895988853128,-0.0005745985254724446,0.009010359916212197,0.05216105143087757
activation,ipip_stems,mean_tokens,30,E,16,0.04249898843381413,0.03832084028807837,0.2930069290363801,0.0012072565203866679,0.010038731286698353,0.041291731913427464
activation,ipip_stems,mean_tokens,30,A,16,0.03367302299919879,0.03571954985667701,0.17971963350315104,-0.0012982917163634634,0.011218612999532066,0.03497131471556225
activation,ipip_stems,mean_tokens,30,N,16,0.02561861310016863,0.020012652375134207,0.13601477416618699,0.0016713733123727814,0.012421186875193791,0.023947239787795848
activation,ipip_stems,mean_tokens,31,O,16,0.026536087775918975,0.039499618691739055,0.06521850221834191,0.0008878227733449583,0.019959230943374404,0.025648265002574017
activation,ipip_stems,mean_tokens,31,C,16,0.10590702893059666,0.10357763836567657,0.4743579101448118,-0.0024960190113903487,0.012762633243902305,0.108403047941987
activation,ipip_stems,mean_tokens,31,E,16,0.11471402578017889,0.0996737461546762,0.5718481565681433,-0.0011254229256548295,0.01602626132320245,0.11583944870583372
activation,ipip_stems,mean_tokens,31,A,16,0.06974903174604098,0.05920512931433983,0.3935218585173122,0.0014236783846638913,0.01782090164218683,0.06832535336137709
activation,ipip_stems,mean_tokens,31,N,16,0.02277312860490362,0.007386205789877796,0.1698385018914743,-0.001634663667302057,0.01585413840619306,0.02440779227220568
activation,neutral_controls,final_token,0,O,16,0.0017439891306270199,0.012340157044205373,0.08121424934962336,1.520437191898696e-05,0.00845396745642956,0.001728784758708033
activation,neutral_controls,final_token,0,C,16,0.047304192695367016,0.03309621231791882,0.3172889454547309,0.0008815610607379767,0.010677244591738097,0.046422631634629036
activation,neutral_controls,final_token,0,E,16,0.0168089311868012,0.015111501062068971,0.14532480966197128,0.00045678766282905727,0.00940367752368753,0.016352143523972143
activation,neutral_controls,final_token,0,A,16,0.012867061918336642,0.0036819156507789633,0.04670967254610189,0.0009302683931922611,0.01274625997228283,0.01193679352514438
activation,neutral_controls,final_token,0,N,16,0.0005007254055456258,0.004291429628092765,-0.01771685073264077,-0.0011547100966539836,0.007284297947767413,0.0016554355021996094
activation,neutral_controls,final_token,1,O,16,0.007683568601836965,0.0018302523123408603,0.07814544956904042,-1.5956234526693734e-05,0.011512974710944297,0.007699524836363658
activation,neutral_controls,final_token,1,C,16,0.060751774225915746,0.03931032897455817,0.3682869862055652,-0.0011490991023255213,0.010025309526045256,0.06190087332824127
activation,neutral_controls,final_token,1,E,16,0.021978763893162143,0.009850475116731008,0.22324739020584364,0.0008314193069975419,0.011514812180341033,0.0211473445861646
activation,neutral_controls,final_token,1,A,16,0.020484141154700954,0.014333720472657099,0.13417881912951748,-9.39465106960339e-05,0.010988151476306354,0.02057808766539699
activation,neutral_controls,final_token,1,N,16,0.013885348414715006,0.009237746597240984,0.0675310529791337,-0.0003078223675257221,0.008874186249513808,0.014193170782240729
activation,neutral_controls,final_token,2,O,16,0.00551890137892722,0.00617078077173556,0.06340137880704326,0.0014634570405736784,0.010873115542711344,0.004055444338353541
activation,neutral_controls,final_token,2,C,16,0.052950333120239536,0.03007125242657168,0.3531234252793037,0.0017956361250964343,0.013044673367237865,0.0511546969951431
activation,neutral_controls,final_token,2,E,16,0.02244908269511515,0.008019738561879075,0.18731779348382321,0.0005979068156181951,0.00967878820680734,0.021851175879496955
activation,neutral_controls,final_token,2,A,16,0.04212978653780054,0.012279819003678766,0.27963718025143447,0.0009260960585726563,0.009576511792248969,0.04120369047922789
activation,neutral_controls,final_token,2,N,16,0.020137459751606406,0.01188651420214053,0.19584904861022873,-0.0004476429196293862,0.008980881758502507,0.02058510267123579
activation,neutral_controls,final_token,3,O,16,0.0014229241423528633,0.0039027880165567355,0.04280381169441882,0.0005317667593260531,0.013016368826430005,0.0008911573830268102
activation,neutral_controls,final_token,3,C,16,0.051400952002562686,0.0262330215306947,0.3927766580239943,-0.0016290213623873014,0.009938288152508967,0.05302997336494999
activation,neutral_controls,final_token,3,E,16,0.015564193227106763,0.002153290154960464,0.14874464897792716,-0.00039331288425820896,0.009432054778789669,0.015957506111364973
activation,neutral_controls,final_token,3,A,16,0.058188680160519125,0.021652812576289288,0.40166364907565083,-0.00018054568390265562,0.011949100047237612,0.05836922584442178
activation,neutral_controls,final_token,3,N,16,0.02316962555966991,0.01632911597904051,0.23500741122201216,-0.001297121975531183,0.010213534265320533,0.024466747535201092
activation,neutral_controls,final_token,4,O,16,0.005117381044491979,0.004924510936596434,0.017845056119019806,0.0016184022581519758,0.012527467095335696,0.0034989787863400033
activation,neutral_controls,final_token,4,C,16,0.030191851299741303,0.006402344488514297,0.23676256548118385,0.0026535041312647136,0.011428271311888972,0.02753834716847659
activation,neutral_controls,final_token,4,E,16,0.006781083219167894,-0.002009972546434373,0.10515351945727283,-0.00022262912841985178,0.011033916676601302,0.0070037123475877455
activation,neutral_controls,final_token,4,A,16,0.060972951455774534,0.021604113045265418,0.42859048364737684,0.00043531026411720614,0.01059273092629118,0.060537641191657325
activation,neutral_controls,final_token,4,N,16,0.025604720034038485,0.019054034727787834,0.24779555472141043,-0.0013652327281954762,0.010783361454458395,0.026969952762233962
activation,neutral_controls,final_token,5,O,16,0.006035464654290916,0.0032504591503026343,0.02096424273711326,-0.0020063631827583897,0.00919824399838943,0.008041827837049306
activation,neutral_controls,final_token,5,C,16,0.022191907108745825,0.004052798250749487,0.17926419524074244,-0.0009592876990451349,0.010268884882065631,0.02315119480779096
activation,neutral_controls,final_token,5,E,16,0.009863329774435992,-0.0035395390245386515,0.15701360113037027,0.0019348031476211817,0.010973350977112073,0.00792852662681481
activation,neutral_controls,final_token,5,A,16,0.060044023228441115,0.03376940390635217,0.38203086129536623,-0.0016714670549571597,0.009096800983987624,0.061715490283398275
activation,neutral_controls,final_token,5,N,16,0.026921320605375724,0.01700334092155198,0.23573922749175893,-0.000713605563638897,0.009080627395612441,0.027634926169014622
activation,neutral_controls,final_token,6,O,16,0.005258696052794416,0.00805432949809282,0.029950679712566926,0.00030706117991964843,0.010872873664093233,0.004951634872874767
activation,neutral_controls,final_token,6,C,16,0.017982237643238,0.005203340554434473,0.16958896474227775,0.0005420788761895904,0.010724050735423983,0.017440158767048408
activation,neutral_controls,final_token,6,E,16,0.00846067177802264,0.0004220223918644903,0.1791426381619321,0.0010863417922680992,0.011464433696523071,0.007374329985754541
activation,neutral_controls,final_token,6,A,16,0.06793169385779914,0.038633196939086026,0.4284849426557678,-0.0001362153883485328,0.009324834872913313,0.06806790924614767
activation,neutral_controls,final_token,6,N,16,0.023851178969782685,0.01684957812612945,0.20369090414511828,-0.0010139140921903169,0.009311864781397373,0.024865093061973
activation,neutral_controls,final_token,7,O,16,-0.0006691637190731219,0.003578580842885166,0.002491305844029306,0.0014570945203748,0.010054308120408055,-0.002126258239447922
activation,neutral_controls,final_token,7,C,16,0.014874036997217456,0.0030464310614268662,0.1953319804663279,0.0011332918069843826,0.011183023970876388,0.013740745190233074
activation,neutral_controls,final_token,7,E,16,0.006565107470550367,-0.004756130134723632,0.1431255075240296,-0.000855361688775948,0.008249400816002634,0.007420469159326315
activation,neutral_controls,final_token,7,A,16,0.06225951174054566,0.03560206930705892,0.44241586035055486,0.001333834999786037,0.011055823016613113,0.060925676740759625
activation,neutral_controls,final_token,7,N,16,0.01815027212634745,0.016525289957030363,0.144311751906584,-0.0005468100439943996,0.00867958030568744,0.01869708217034185
activation,neutral_controls,final_token,8,O,16,-0.0006635639671169331,-0.0008149312462144296,0.009420736016401709,0.0007532984349391616,0.011538213895016983,-0.0014168624020560946
activation,neutral_controls,final_token,8,C,16,0.01561741815603478,0.006307273550469463,0.20235902472717457,-4.662941176879244e-05,0.008568745962538909,0.015664047567803572
activation,neutral_controls,final_token,8,E,16,0.005444917577060847,-0.008464550105153623,0.13971564470588843,-0.00015716115076798865,0.009386412170159881,0.005602078727828835
activation,neutral_controls,final_token,8,A,16,0.05724133807078151,0.04307507576473893,0.3919387511127648,-4.374477640080083e-05,0.010600154944064197,0.05728508284718231
activation,neutral_controls,final_token,8,N,16,0.013961767313603367,0.006694502009052061,0.13065509667629255,0.000475517778126213,0.010089406749061476,0.013486249535477154
activation,neutral_controls,final_token,9,O,16,-0.001067904964803431,0.0005470525739157101,-0.011608646422823802,0.000672296870764855,0.011059497202051708,-0.0017402018355682863
activation,neutral_controls,final_token,9,C,16,0.012831771619891493,0.01181683231177949,0.14762066513788072,-0.0009507366870322441,0.006549991160144935,0.013782508306923737
activation,neutral_controls,final_token,9,E,16,0.0009707959359504489,-0.012618257684218322,0.11455627227044005,-0.00018204596800634547,0.008064907833114395,0.0011528419039567943
activation,neutral_controls,final_token,9,A,16,0.0534267317842653,0.04170311389053577,0.37378968817868435,-0.0012179206071192632,0.008821140420635178,0.05464465239138456
activation,neutral_controls,final_token,9,N,16,0.011935979164795154,0.005477989327023673,0.14112161640355483,-5.0986145873057485e-05,0.009059091443157736,0.011986965310668212
activation,neutral_controls,final_token,10,O,16,-0.0022995770722141367,0.0030745676015283873,-0.061760600687089766,0.00025906053881364987,0.00998924158480766,-0.0025586376110277864
activation,neutral_controls,final_token,10,C,16,0.01228417848252286,0.006509111379917495,0.10227620382371651,-0.0013500897858193307,0.00730678435933889,0.01363426826834219
activation,neutral_controls,final_token,10,E,16,0.004185686312859291,-0.006347938830978853,0.10317002268272332,-0.0005729170797181307,0.008437649590383567,0.004758603392577421
activation,neutral_controls,final_token,10,A,16,0.051789766061709,0.03928452604705177,0.3813408255717451,0.0013881231242383841,0.00960040469412365,0.05040164293747062
activation,neutral_controls,final_token,10,N,16,0.008894078202682646,0.0026781934987288917,0.11851179784594167,-0.0014858954281487993,0.008348130026305602,0.010379973630831445
activation,neutral_controls,final_token,11,O,16,0.0001324636959747369,0.0028413789776446396,-0.0010744299060751843,0.000596845581145728,0.00905385450337933,-0.0004643818851709911
activation,neutral_controls,final_token,11,C,16,0.01337860339146949,0.006547139518899901,0.14302726497121038,-0.00042469314405093483,0.008053564215027629,0.013803296535520425
activation,neutral_controls,final_token,11,E,16,0.004210725314355697,-0.0047651427118397885,0.051312917524913765,-0.0009005662951336059,0.008532860173377375,0.005111291609489303
activation,neutral_controls,final_token,11,A,16,0.05244522229903117,0.04010894563423853,0.3871148436793585,0.00013169589836769868,0.008558937277639504,0.05231352640066347
activation,neutral_controls,final_token,11,N,16,0.005844368054713013,-9.701420985995757e-05,0.06429620367267314,0.0004675906554004025,0.009078981758929466,0.00537677739931261
activation,neutral_controls,final_token,12,O,16,0.008726068262813875,0.011765900322916648,0.07261608753892157,-0.00110207919530986,0.009608176207890753,0.009828147458123736
activation,neutral_controls,final_token,12,C,16,0.01640635853442993,0.010537861563152067,0.1864306274607546,7.13203032478129e-05,0.009786954974916258,0.016335038231182118
activation,neutral_controls,final_token,12,E,16,0.002928880690251125,-0.005424850732401279,0.05557778389332739,-0.0016179286566555462,0.008102276204134331,0.004546809346906671
activation,neutral_controls,final_token,12,A,16,0.05276021294325318,0.039321061388331524,0.3871349980451023,0.001642205666765135,0.010119450751707343,0.05111800727648804
activation,neutral_controls,final_token,12,N,16,0.0023044851934908408,-0.0005879924804264506,0.06453402414786064,-0.0005810939006897828,0.009751534639659658,0.0028855790941806235
activation,neutral_controls,final_token,13,O,16,0.006931004483901746,0.007720522032376534,0.06699126568140236,0.0003148228985757788,0.009380321200853175,0.006616181585325967
activation,neutral_controls,final_token,13,C,16,0.014150635883929175,-0.0009957525478700242,0.1862306170428836,0.0002314751141013619,0.009312789429659388,0.013919160769827812
activation,neutral_controls,final_token,13,E,16,-0.001140438122944846,-0.0055085332890373985,0.0320064112360932,-0.00041206084243735735,0.009847927485080954,-0.0007283772805074887
activation,neutral_controls,final_token,13,A,16,0.04959222324865305,0.04537143221451326,0.35809802374854843,-0.0009983707403271856,0.010121422116828439,0.050590593988980234
activation,neutral_controls,final_token,13,N,16,0.0017790558537654764,-0.00020997984725474634,0.08160598696263986,0.0004610856502997344,0.009611529382970045,0.001317970203465742
activation,neutral_controls,final_token,14,O,16,0.007996374456332776,0.008767448627737182,0.09257104443229595,-0.0014092155348176985,0.009903038789912682,0.009405589991150475
activation,neutral_controls,final_token,14,C,16,0.01465938710470579,0.00836831961323294,0.204120536337345,0.0017021787601161004,0.011226092307313815,0.01295720834458969
activation,neutral_controls,final_token,14,E,16,-0.0020542214680031607,0.0003453578417625409,0.008091798936187042,4.67831143342962e-05,0.011380492029263717,-0.002101004582337457
activation,neutral_controls,final_token,14,A,16,0.04716938091585407,0.04286126619970225,0.34994400302870665,0.0010546424240595637,0.009929343763127886,0.0461147384917945
activation,neutral_controls,final_token,14,N,16,0.0010957290773191896,-0.009621313271056597,0.0611758149020841,-0.0008888594853844957,0.009228069387519373,0.0019845885627036855
activation,neutral_controls,final_token,15,O,16,0.009709859076610343,0.005562727535506955,0.10828889694189285,-0.0008053374578543629,0.009354093044345178,0.010515196534464706
activation,neutral_controls,final_token,15,C,16,0.016749835431946036,0.013250603585166078,0.21347629457587594,0.0004908003638798711,0.010479391319060116,0.016259035068066165
activation,neutral_controls,final_token,15,E,16,-0.001598458309397832,-0.005689202352332974,0.020505123565610964,4.531190171002092e-05,0.011086479111545231,-0.0016437702111078531
activation,neutral_controls,final_token,15,A,16,0.04497093310179392,0.03747432966647875,0.3151995685456551,-0.0015227503769109077,0.008798514085307263,0.04649368347870483
activation,neutral_controls,final_token,15,N,16,0.002510479347136631,-0.00017073184049385635,0.05885207798832201,-0.0001586115180430546,0.011008838502766613,0.0026690908651796855
activation,neutral_controls,final_token,16,O,16,0.010415567507613644,0.004582813578321781,0.10938138478426374,-0.0011604588783231755,0.009692922273379994,0.01157602638593682
activation,neutral_controls,final_token,16,C,16,0.016411624808788397,0.0144394590077923,0.21639075228374857,0.0006922593904328208,0.01193773023971738,0.015719365418355575
activation,neutral_controls,final_token,16,E,16,-0.003841818471245098,-0.0073307980332330495,0.01457484033795329,-0.0004514505872524499,0.008336462486644422,-0.003390367883992648
activation,neutral_controls,final_token,16,A,16,0.048531168129725896,0.040350535609704696,0.3417101107954756,0.00032083626309071264,0.01017765824945607,0.04821033186663518
activation,neutral_controls,final_token,16,N,16,0.0010775342184439322,-0.011507947010772339,0.043324855051676256,-0.0005865324814910837,0.009947705176448359,0.0016640666999350158
activation,neutral_controls,final_token,17,O,16,0.009761995001341226,0.012270657039558767,0.10894300222721026,3.497171571721382e-05,0.009333801295732008,0.009727023285624012
activation,neutral_controls,final_token,17,C,16,0.01972988794129912,0.021449253892499028,0.22640755333769075,0.001112813528142321,0.009444431642542135,0.018617074413156798
activation,neutral_controls,final_token,17,E,16,-0.004009972539513038,-0.008754997310593223,0.0023044864644417443,-0.001277634577288563,0.008279313005078209,-0.002732337962224475
activation,neutral_controls,final_token,17,A,16,0.04107511369251699,0.02969581703573984,0.28490773093446925,-0.0014658229556666032,0.009916002645607599,0.04254093664818359
activation,neutral_controls,final_token,17,N,16,0.0030158317191424948,-0.01014250155880861,0.04473476999637126,0.0003268810905360321,0.010210204883788909,0.0026889506286064627
activation,neutral_controls,final_token,18,O,16,0.01220493368393711,0.009357396931019696,0.12485551643757214,-0.0014005639322941593,0.011540193588165552,0.013605497616231269
activation,neutral_controls,final_token,18,C,16,0.01904503898099219,0.0216549253107349,0.22127800095429165,0.0016846584834576395,0.011375491181389877,0.01736038049753455
activation,neutral_controls,final_token,18,E,16,-0.00539164050833381,-0.009213023947892501,-0.0007079422610382558,-0.0006287588428211444,0.00816150527021959,-0.004762881665512665
activation,neutral_controls,final_token,18,A,16,0.03770391124802484,0.024562605218846338,0.24962188635222546,0.0012502062596210226,0.009214741566636049,0.03645370498840382
activation,neutral_controls,final_token,18,N,16,0.0033226721183075513,-0.008430951409517549,0.03128157923416009,-0.000640575357558406,0.01073844851621265,0.003963247475865957
activation,neutral_controls,final_token,19,O,16,0.010677362095618677,0.006573375664974734,0.11708829101489246,0.000997259101783666,0.009399529389228691,0.00968010299383501
activation,neutral_controls,final_token,19,C,16,0.019379943027598313,0.01796134851774264,0.22646138611975977,2.33950579289969e-05,0.010586760186711659,0.019356547969669315
activation,neutral_controls,final_token,19,E,16,-0.005034751086027867,-0.012585486827851301,0.0002789618594259846,-0.0005340702664213236,0.00984577594545671,-0.004500680819606543
activation,neutral_controls,final_token,19,A,16,0.03494144931518,0.019247039774453505,0.24227742540911748,0.0010575420977644956,0.011307324029311176,0.03388390721741551
activation,neutral_controls,final_token,19,N,16,0.0018577561760141803,-0.012321880583443072,0.014033358632541354,0.0005294016602664566,0.0107157430135971,0.0013283545157477237
activation,neutral_controls,final_token,20,O,16,0.010856226015003252,0.013254217837402434,0.11247201840466713,0.0011915255648061115,0.012145812042919086,0.00966470045019714
activation,neutral_controls,final_token,20,C,16,0.022943286674009637,0.02019678669038194,0.24107166578699338,0.0014837922056137492,0.01183179732937269,0.021459494468395887
activation,neutral_controls,final_token,20,E,16,-0.002771463171304804,-0.0073064696972885545,0.006768751500052326,0.0030642963172933125,0.014763508975928886,-0.005835759488598116
activation,neutral_controls,final_token,20,A,16,0.037918006001874636,0.025540239612622025,0.2520825541002338,-0.001000586182249933,0.008558473836825632,0.03891859218412457
activation,neutral_controls,final_token,20,N,16,0.004532711689975004,-0.004509644021953753,0.010575223976356426,8.546158034591762e-05,0.012011694047857133,0.004447250109629087
activation,neutral_controls,final_token,21,O,16,0.007773713167762494,0.008291438137476202,0.0651517995096366,0.0011209276770031671,0.011301646854132494,0.006652785490759327
activation,neutral_controls,final_token,21,C,16,0.026642292779031004,0.023761910704742602,0.2296192319107465,-0.0010480288529704331,0.010318383560651716,0.027690321632001438
activation,neutral_controls,final_token,21,E,16,-0.004337844186756915,-0.008881769836628816,-0.009116417940207906,0.0008414833426576386,0.012276422225334632,-0.005179327529414554
activation,neutral_controls,final_token,21,A,16,0.0365849757472675,0.02576787128506157,0.22277242976371908,0.0001389098812667535,0.01005866011444265,0.03644606586600074
activation,neutral_controls,final_token,21,N,16,0.004084359517129853,-0.0023413341138128355,0.002111005728990727,-0.001336887993548349,0.009915940550348912,0.005421247510678202
activation,neutral_controls,final_token,22,O,16,0.007652462459237372,0.017355082713482198,0.06257384357363636,0.0009375549848035207,0.011382288514199009,0.006714907474433851
activation,neutral_controls,final_token,22,C,16,0.027030894844919235,0.024323653216384925,0.2276089819942794,0.00020817187005555868,0.009647053552586533,0.026822722974863676
activation,neutral_controls,final_token,22,E,16,-0.005295215135728807,-0.002483278660444581,-0.05772199667075764,0.0010225748276378498,0.010720172865439033,-0.006317789963366657
activation,neutral_controls,final_token,22,A,16,0.03411429673738429,0.024601969853997006,0.2256617861735035,-0.0007283058536079033,0.009830064987222541,0.03484260259099219
activation,neutral_controls,final_token,22,N,16,0.0029615086264745886,-0.0029756461643331202,-0.019836205414505582,-0.001379475042314699,0.009221835742481772,0.0043409836687892875
activation,neutral_controls,final_token,23,O,16,0.006170748520141068,0.010760579378484719,0.04831597600148852,-0.001054006906799043,0.011617237226442464,0.007224755426940111
activation,neutral_controls,final_token,23,C,16,0.028375607922772612,0.02377716064769377,0.23574312410665055,-0.00013061536842347383,0.009929601098506949,0.028506223291196085
activation,neutral_controls,final_token,23,E,16,-0.005081430495197028,-0.0017139852091866005,-0.0505782792425027,0.0007259108704046726,0.009426668662946005,-0.0058073413656017005
activation,neutral_controls,final_token,23,A,16,0.03416734077228067,0.026692463322010883,0.21944723601551774,-0.0005158574978373198,0.009678115920964738,0.03468319827011799
activation,neutral_controls,final_token,23,N,16,0.002958973140099191,-0.0018382562620898777,-0.01525460873146413,0.0010202979951504142,0.010244575740507262,0.0019386751449487769
activation,neutral_controls,final_token,24,O,16,0.0035342650243387233,-0.0016775192323490386,0.023787916029308395,-0.0005311803201317207,0.010266321996304294,0.004065445344470444
activation,neutral_controls,final_token,24,C,16,0.025275764499763816,0.015000607772881584,0.22453973616739886,-0.0015429182466355105,0.009018351675524878,0.026818682746399328
activation,neutral_controls,final_token,24,E,16,-0.0054220187671732015,-0.004184378986230853,-0.03801817866711911,-0.0007985570792861411,0.010379644373963434,-0.00462346168788706
activation,neutral_controls,final_token,24,A,16,0.03375058902979476,0.032645969655550694,0.23040185644130956,0.00017920217753706317,0.011836980781634646,0.0335713868522577
activation,neutral_controls,final_token,24,N,16,0.005964280992346033,-0.001709398308901286,0.010361298345996254,0.001281031969284252,0.011124215550620195,0.004683249023061781
activation,neutral_controls,final_token,25,O,16,0.0017663045994529918,0.00091159816426409,-0.002152243835347254,0.00254139357339056,0.010753781180768878,-0.0007750889739375683
activation,neutral_controls,final_token,25,C,16,0.024361639363593198,0.021822110789764343,0.20765558943968698,-0.0009571895106796068,0.008606006442501072,0.025318828874272805
activation,neutral_controls,final_token,25,E,16,-0.004614469434279107,-0.008100891280080345,-0.04314227339922514,-0.00022304174727815157,0.009748303919441058,-0.004391427687000955
activation,neutral_controls,final_token,25,A,16,0.03376924991250231,0.030865006021775304,0.22305089880014672,0.00040152764866480307,0.009213155422288758,0.03336772226383751
activation,neutral_controls,final_token,25,N,16,0.006044967669330179,0.002314063194450311,0.013137371320924775,-0.0010232042652092857,0.00918761616446579,0.007068171934539465
activation,neutral_controls,final_token,26,O,16,0.0009471344222115635,0.0026522048578628676,0.00124592860104862,0.0008997859978028312,0.0091759269757581,4.734842440873234e-05
activation,neutral_controls,final_token,26,C,16,0.028179262922107394,0.026782315836125746,0.24027654695991768,0.001165314936668152,0.010980008468914084,0.02701394798543924
activation,neutral_controls,final_token,26,E,16,-0.004923561225027806,-0.004880369482443941,-0.04886299818541427,0.0006961766443493177,0.009116546945148183,-0.005619737869377124
activation,neutral_controls,final_token,26,A,16,0.03604676051142029,0.028771980236129077,0.2387787692679979,4.154070210400183e-05,0.009146803725144792,0.03600521980931629
activation,neutral_controls,final_token,26,N,16,0.009090988004068582,0.007173887372966642,0.026900221438014956,-0.0005733319584507903,0.009419836424453699,0.009664319962519373
activation,neutral_controls,final_token,27,O,16,0.000290910806247946,-0.00028388229469662507,0.0012077665640494823,0.0008142819320518559,0.009634707593107627,-0.00052337112580391
activation,neutral_controls,final_token,27,C,16,0.029551955243404683,0.026317887335515378,0.24871997773483506,-0.0014457911850099627,0.00792344486856278,0.030997746428414647
activation,neutral_controls,final_token,27,E,16,-0.005316939807391164,-0.0068190684538579896,-0.05240890092713315,0.0005815358062570345,0.010470457640815053,-0.0058984756136481985
activation,neutral_controls,final_token,27,A,16,0.03474577850183418,0.03093562461763055,0.2289408156783765,0.0012606221975996173,0.009836852097885086,0.03348515630423456
activation,neutral_controls,final_token,27,N,16,0.008899803825985418,0.00944510753816236,0.02551834561821632,-2.2022390766075944e-05,0.008501020697737364,0.008921826216751494
activation,neutral_controls,final_token,28,O,16,0.0009293659413899237,0.004206743618517814,-0.0010486511612864333,0.0004435926969361993,0.009228832649391122,0.0004857732444537244
activation,neutral_controls,final_token,28,C,16,0.028778366865848212,0.020955970766643385,0.23252256950966146,-0.0016459253888784396,0.007814028299104419,0.03042429225472665
activation,neutral_controls,final_token,28,E,16,-0.00268429863675356,-0.002471906863315434,-0.04405444999867486,0.00027057696544080317,0.008953719988713903,-0.002954875602194363
activation,neutral_controls,final_token,28,A,16,0.034439096313511636,0.028996659427829682,0.22086180051846047,0.0008294003001953364,0.00919265214003527,0.0336096960133163
activation,neutral_controls,final_token,28,N,16,0.012339052279665925,0.012672649869535361,0.04822503281277163,0.0011025375369396549,0.009562080223032262,0.01123651474272627
activation,neutral_controls,final_token,29,O,16,0.003104787306752439,0.00286719761426482,0.020181231586528944,0.00014914348058860788,0.008384100110418038,0.002955643826163831
activation,neutral_controls,final_token,29,C,16,0.0301720639954112,0.021165105416904473,0.2432516681834293,0.001126409942162967,0.010347899889514704,0.029045654053248233
activation,neutral_controls,final_token,29,E,16,-0.0020416690020203312,0.001832195033030328,-0.02751492383554828,-0.0003571635403785961,0.008273139699550205,-0.001684505461641735
activation,neutral_controls,final_token,29,A,16,0.035615684902632797,0.028380941894608547,0.23124543688641686,-0.00026146172472907953,0.009093952294377287,0.035877146627361876
activation,neutral_controls,final_token,29,N,16,0.015719043128805243,0.012159678382841453,0.07329166220107784,-0.0005801760037887383,0.008352188171332991,0.01629921913259398
activation,neutral_controls,final_token,30,O,16,0.01106638701988382,0.01285590453665416,0.0699640105952718,0.0004906826085274584,0.010392505394671356,0.010575704411356362
activation,neutral_controls,final_token,30,C,16,0.039080236442798504,0.02722199820129855,0.2916019499300939,0.00010019505333059677,0.0098570447847442,0.03898004138946791
activation,neutral_controls,final_token,30,E,16,0.006456551688558994,0.005124634595076305,0.041653024975969614,0.0006274811750940011,0.010162982353992833,0.005829070513464993
activation,neutral_controls,final_token,30,A,16,0.041996478178135795,0.03429656655945192,0.26468988253525455,0.00036444527619151256,0.010328728397264461,0.04163203290194428
activation,neutral_controls,final_token,30,N,16,0.021548557615097753,0.012515266065590211,0.10937209966124901,8.171055461630987e-05,0.00943350319628999,0.021466847060481443
activation,neutral_controls,final_token,31,O,16,0.05838300030892756,0.059678427639016374,0.33019924415156754,-0.003274149748227218,0.015401537080674415,0.06165715005715478
activation,neutral_controls,final_token,31,C,16,0.09376511203262118,0.08023062318312023,0.5415758695870954,-0.002270244746707962,0.012285716899318035,0.09603535677932915
activation,neutral_controls,final_token,31,E,16,0.022376024956213457,0.017956481701642324,0.11011174622284842,0.0005260989820481014,0.01878747550337438,0.021849925974165355
activation,neutral_controls,final_token,31,A,16,0.09290707899356303,0.05312801999842362,0.5314442262321459,-0.000449478828317024,0.018029268763654648,0.09335655782188006
activation,neutral_controls,final_token,31,N,16,0.032431848419791395,0.013207911198551255,0.19008362961694894,-0.0011527613374000642,0.014568595401802607,0.03358460975719146
activation,neutral_controls,mean_tokens,0,O,16,-0.0031018407223007928,-0.0007701737333027139,0.022951033267181335,-0.0008999921061077877,0.008535681018984984,-0.002201848616193005
activation,neutral_controls,mean_tokens,0,C,16,0.047480778027365396,0.03007161355470466,0.36512903758172455,-0.0012340721740619221,0.008114726011791295,0.048714850201427316
activation,neutral_controls,mean_tokens,0,E,16,0.008955820363812657,0.00905419637060641,0.0887335120679356,0.0003585477954365804,0.010183046224705438,0.008597272568376077
activation,neutral_controls,mean_tokens,0,A,16,0.014562217462658381,0.004989698693596216,0.16610467870626713,0.0009185380228059131,0.01190994442274845,0.013643679439852468
activation,neutral_controls,mean_tokens,0,N,16,-0.0039260704041501416,-0.002032506694149619,-0.004452326462816182,-0.00036801286249058684,0.008920464912329116,-0.0035580575416595548
activation,neutral_controls,mean_tokens,1,O,16,0.016846298951366873,0.056399997995386315,-0.08157034806533071,0.0070373806281524565,0.050252086326833374,0.009808918323214417
activation,neutral_controls,mean_tokens,1,C,16,0.001877393839466429,0.032047161372934105,0.48915176163108687,0.005535164408598381,0.04977916004627783,-0.003657770569131952
activation,neutral_controls,mean_tokens,1,E,16,-0.001185323422959302,0.026880468645014425,0.402925681347172,0.0032932358136940013,0.045568287095748464,-0.004478559236653303
activation,neutral_controls,mean_tokens,1,A,16,0.034072634211486215,-0.004163376175988644,0.684043006902087,0.0074951512113680995,0.04439627083561802,0.026577483000118116
activation,neutral_controls,mean_tokens,1,N,16,0.05308415202932644,0.04452262624925854,0.8097511449536445,-0.002148803020848024,0.03899468520172838,0.05523295505017446
activation,neutral_controls,mean_tokens,2,O,16,0.013406494076429288,0.04558317871498012,-0.08093665936480748,-0.0005094516052417354,0.03522747507874866,0.013915945681671024
activation,neutral_controls,mean_tokens,2,C,16,0.0016764720782949363,0.027229576878744235,0.46149075800444733,0.003408269633179156,0.04473984063649351,-0.0017317975548842197
activation,neutral_controls,mean_tokens,2,E,16,-0.0013569938067713911,0.018178153937102058,0.3749633104188929,-0.0010538235434731011,0.03357952773451355,-0.00030317026329829003
activation,neutral_controls,mean_tokens,2,A,16,0.03272311575947524,-0.0016608425608928593,0.6511429621195994,-0.0021592210669149946,0.03506882092152715,0.034882336826390234
activation,neutral_controls,mean_tokens,2,N,16,0.05155168498952397,0.049684800902680286,0.7937154035813488,0.001966066096383175,0.037935878990664466,0.049585618893140795
activation,neutral_controls,mean_tokens,3,O,16,0.008790202868304038,0.039837281429199206,-0.0665693813838226,-0.0004587916533580326,0.0331639617068418,0.009248994521662071
activation,neutral_controls,mean_tokens,3,C,16,0.00469951137297781,0.026373863382549302,0.4376614372202212,-0.0008539840470094259,0.033129468072275146,0.005553495419987236
activation,neutral_controls,mean_tokens,3,E,16,-0.0001230077299030278,0.021564735785906217,0.3419219024613189,-0.002458502271367556,0.032790623595945985,0.002335494541464528
activation,neutral_controls,mean_tokens,3,A,16,0.036223590886201334,0.014688383651879949,0.6166620556476926,-0.0021479530757134613,0.029115782822074502,0.0383715439619148
activation,neutral_controls,mean_tokens,3,N,16,0.04830969776981904,0.053134482847898706,0.7445340542786948,0.001656386650570184,0.03370390641597756,0.04665331111924886
activation,neutral_controls,mean_tokens,4,O,16,0.0029595170300922478,0.020164187415184096,-0.06080770145794385,-0.0021978930812317863,0.024294262922201423,0.0051574101113240345
activation,neutral_controls,mean_tokens,4,C,16,0.005032782070668934,0.023939561346662537,0.3929499702339697,0.001073250692041442,0.03301246170579254,0.003959531378627492
activation,neutral_controls,mean_tokens,4,E,16,-0.0021812451892278483,0.017825077037838578,0.2953288678714411,0.004697840948234968,0.04198190269349148,-0.006879086137462817
activation,neutral_controls,mean_tokens,4,A,16,0.037024593390564964,0.020104287324226103,0.5766304641381289,0.0012324349333289622,0.03425839171421178,0.035792158457236004
activation,neutral_controls,mean_tokens,4,N,16,0.04856599716622139,0.06515719885377357,0.6865002794811359,0.004213442305413371,0.02688546060145011,0.04435255486080802
activation,neutral_controls,mean_tokens,5,O,16,0.001355668237306921,0.015415585366841171,-0.06346996370290808,0.002660644831684679,0.028014213004328145,-0.0013049765943777577
activation,neutral_controls,mean_tokens,5,C,16,0.00575978739605608,0.01143414144991199,0.3609134939122517,0.005769349028312283,0.029283228950930117,-9.561632256203066e-06
activation,neutral_controls,mean_tokens,5,E,16,-0.00032492389314698613,0.008146681517592886,0.3004737299652088,0.0010326796190031008,0.027495229796444955,-0.0013576035121500869
activation,neutral_controls,mean_tokens,5,A,16,0.03799765098982793,0.028834187905568198,0.5455647475462776,-0.0033232096447351834,0.02213977366063273,0.04132086063456311
activation,neutral_controls,mean_tokens,5,N,16,0.04783622531062815,0.05160697979546516,0.6422773959034827,-0.0015474929961646847,0.026648036885939957,0.049383718306792834
activation,neutral_controls,mean_tokens,6,O,16,0.0003904074655116885,0.015516370323864877,-0.05784787821873575,0.0008522341065817399,0.027496681183622553,-0.00046182664107005135
activation,neutral_controls,mean_tokens,6,C,16,0.005085047664907165,0.011714673696232551,0.34703353111902274,0.0032284985073356208,0.027032390410438062,0.0018565491575715438
activation,neutral_controls,mean_tokens,6,E,16,0.0006868015635149688,0.00030242627213105365,0.3191864585528573,-0.0012031711898318127,0.022849337415479655,0.0018899727533467814
activation,neutral_controls,mean_tokens,6,A,16,0.038155722756532125,0.04075684058516627,0.5483079537839134,0.006216874775813905,0.029342224160335023,0.03193884798071822
activation,neutral_controls,mean_tokens,6,N,16,0.04235429657120613,0.04287446176644695,0.5943492484625009,0.0022784696124829545,0.02452817589943622,0.04007582695872318
activation,neutral_controls,mean_tokens,7,O,16,0.0006205056589259517,0.01409840964208767,-0.029494649199925397,0.0007556938763616399,0.024113764018805075,-0.00013518821743568822
activation,neutral_controls,mean_tokens,7,C,16,0.006403557594078632,0.01719429332042533,0.35497036804516324,0.00025090597388107105,0.021005279290817233,0.00615265162019756
activation,neutral_controls,mean_tokens,7,E,16,0.00046954613403641374,-0.0019999612943541125,0.310142808328727,0.002655505289910929,0.028064836897899313,-0.002185959155874515
activation,neutral_controls,mean_tokens,7,A,16,0.03511473224369431,0.029267977531716654,0.5410530496696521,9.050909365628059e-05,0.025752570028343236,0.03502422315003803
activation,neutral_controls,mean_tokens,7,N,16,0.035786495530327554,0.009793123140023754,0.5354875629391794,-0.002307515257095799,0.01793945717979211,0.03809401078742335
activation,neutral_controls,mean_tokens,8,O,16,-0.0007015622402650005,0.016954143830179666,-0.04205345761773664,0.000556071933800329,0.019366041687654344,-0.0012576341740653295
activation,neutral_controls,mean_tokens,8,C,16,0.009669469327233527,0.017842361254594465,0.3359993128601575,-0.00041714561964932757,0.017977267706425375,0.010086614946882854
activation,neutral_controls,mean_tokens,8,E,16,-0.0010758691450251786,0.004932509812138735,0.29025303129982644,-0.0024870949671478557,0.01623121073022754,0.0014112258221226771
activation,neutral_controls,mean_tokens,8,A,16,0.03306090003001256,0.025372594033945796,0.4898201013429395,-0.001995589995499402,0.018372683622531884,0.03505649002551196
activation,neutral_controls,mean_tokens,8,N,16,0.0307506825223054,0.013102230468821566,0.4964849048107696,-0.0016449816399961925,0.020630763558291743,0.03239566416230159
activation,neutral_controls,mean_tokens,9,O,16,0.00023511311742731392,0.020365669591548674,-0.03384055699247777,-0.0005881948603247689,0.019588775220773347,0.0008233079777520828
activation,neutral_controls,mean_tokens,9,C,16,0.0122931101483438,0.028035477541266295,0.3194591477274715,-0.0034787837432406926,0.011889548400600893,0.015771893891584492
activation,neutral_controls,mean_tokens,9,E,16,-0.0008149351521002565,-0.005088233278050906,0.25706944955674726,0.003511545788843479,0.02321339770038879,-0.004326480940943735
activation,neutral_controls,mean_tokens,9,A,16,0.026078724949475076,0.02002641265066018,0.44723751165937925,0.0003533529903838287,0.018179205938627492,0.025725371959091248
activation,neutral_controls,mean_tokens,9,N,16,0.030363569786110278,0.009601437039206497,0.4654244439729658,-0.0027123711119282274,0.01620594851544959,0.0330759408980385
activation,neutral_controls,mean_tokens,10,O,16,-0.0013180008867336686,0.01070120108942595,-0.05959451245804495,0.0007888653688290781,0.017534263402792058,-0.002106866255562747
activation,neutral_controls,mean_tokens,10,C,16,0.010906383216723436,0.021705966269320358,0.287601140676877,-0.0013746709151747066,0.01579811845303016,0.012281054131898143
activation,neutral_controls,mean_tokens,10,E,16,0.0004380250626643656,-0.01086689035710116,0.23721701107356735,0.00228683718080154,0.01920582519875022,-0.0018488121181371743
activation,neutral_controls,mean_tokens,10,A,16,0.02739445595296807,0.023499518724600762,0.45197272615891926,-0.00040251913638731914,0.01650028927828549,0.02779697508935539
activation,neutral_controls,mean_tokens,10,N,16,0.027785715519540254,0.015974996701879986,0.43687815033762084,0.0005360199009782469,0.015406201403006083,0.027249695618562008
activation,neutral_controls,mean_tokens,11,O,16,0.0005682650111554258,0.017933717198391423,-0.0263485039692832,-0.0007499867474662639,0.015287756705852602,0.0013182517586216897
activation,neutral_controls,mean_tokens,11,C,16,0.006779680662707258,0.0143179504560094,0.2644038006885485,0.001553246142058936,0.017281962676369587,0.005226434520648322
activation,neutral_controls,mean_tokens,11,E,16,0.00018061768882901935,-0.0012084246710693874,0.1965757236130298,-0.002686710386539235,0.015036026536983353,0.0028673280753682543
activation,neutral_controls,mean_tokens,11,A,16,0.028150069796040168,0.018435028547256246,0.4323926422723641,0.000821694125431907,0.016285741797473774,0.027328375670608262
activation,neutral_controls,mean_tokens,11,N,16,0.026418995381054487,0.0030451149702606928,0.410184652731221,0.0009358051584020547,0.016397601061362278,0.025483190222652434
activation,neutral_controls,mean_tokens,12,O,16,0.0038064460119914137,0.012450177205155805,-0.00692155150406698,-0.0021210546582155925,0.014049314281348028,0.005927500670207007
activation,neutral_controls,mean_tokens,12,C,16,0.008014068748351012,0.0163340474767745,0.27230517703917195,0.0029691437271318322,0.016767586751283165,0.00504492502121918
activation,neutral_controls,mean_tokens,12,E,16,0.00029407968623559416,-0.004381742391210135,0.19240237518161368,-0.001544485816858385,0.017771811117298652,0.0018385655030939791
activation,neutral_controls,mean_tokens,12,A,16,0.025713351265638926,0.015483305313532751,0.4119616392049259,-0.001738480652927023,0.015296584696918705,0.02745183191856595
activation,neutral_controls,mean_tokens,12,N,16,0.02439486223708344,0.010741150628973305,0.40844031723426594,-0.0014802351410518897,0.015642178052266392,0.02587509737813533
activation,neutral_controls,mean_tokens,13,O,16,0.003361033283840381,0.007522595624417603,-0.0027471939790601986,-0.0008901264825905787,0.012333566992808952,0.0042511597664309595
activation,neutral_controls,mean_tokens,13,C,16,0.007392466916077381,0.029014603754040795,0.2594260993249327,0.0006966835966247667,0.013546939106926477,0.006695783319452614
activation,neutral_controls,mean_tokens,13,E,16,-0.0017049485097507034,-0.0030638018107727698,0.18311346655353805,-0.0018526387671848985,0.013407480545778054,0.00014769025743419507
activation,neutral_controls,mean_tokens,13,A,16,0.029354936122904917,0.03100252598876408,0.4073180746787613,0.0017787156998246365,0.015037241062384752,0.02757622042308028
activation,neutral_controls,mean_tokens,13,N,16,0.02430829030973442,0.00253467740575407,0.382107403650325,0.0017960683832977018,0.014820834596270899,0.022512221926436718
activation,neutral_controls,mean_tokens,14,O,16,0.0056480602500323645,0.010379881640945493,0.0029709797373265396,0.000718231882461166,0.013235331785030845,0.004929828367571198
activation,neutral_controls,mean_tokens,14,C,16,0.007822532098391125,0.024297001063307594,0.2433391642193006,-0.0006880920941065481,0.011637902004398636,0.008510624192497674
activation,neutral_controls,mean_tokens,14,E,16,0.0007580639219975594,0.0006554057642637482,0.19227511321018956,-0.0022222748613705033,0.011094254810335625,0.0029803387833680626
activation,neutral_controls,mean_tokens,14,A,16,0.027253758808182028,0.03154524499034847,0.3741152788910893,0.00016510530380991158,0.015242157627015007,0.027088653504372118
activation,neutral_controls,mean_tokens,14,N,16,0.02548714932166557,0.004996998636917421,0.3599510847424521,0.00013185051100232366,0.015181923181862364,0.025355298810663247
activation,neutral_controls,mean_tokens,15,O,16,0.0048244757164738715,0.013346489511952189,-0.011979217404654189,-0.0006737745067895713,0.009700787662160553,0.005498250223263443
activation,neutral_controls,mean_tokens,15,C,16,0.006773947074760759,0.01367695174123594,0.20392974687275336,-0.002121670604468804,0.011943937166697182,0.008895617679229563
activation,neutral_controls,mean_tokens,15,E,16,0.00028158284891548847,-0.004845577404911769,0.20062053512040398,0.0003575518314997675,0.01396276880283483,-7.596898258427901e-05
activation,neutral_controls,mean_tokens,15,A,16,0.02464760770488045,0.030062712987302464,0.30662650500367417,0.0009656402174582636,0.012448053424452947,0.023681967487422188
activation,neutral_controls,mean_tokens,15,N,16,0.027449746951729623,0.008363123779269989,0.3108213535616274,0.002906209055876265,0.015112271490537269,0.024543537895853357
activation,neutral_controls,mean_tokens,16,O,16,0.004648310219788589,0.016929176107386572,-0.009143443089296753,0.001250118590816991,0.012944212214634326,0.0033981916289715984
activation,neutral_controls,mean_tokens,16,C,16,0.008084263877913396,0.016992294239700945,0.2146389403831024,-0.0011397644233484547,0.011301923562758345,0.009224028301261851
activation,neutral_controls,mean_tokens,16,E,16,0.0012287442616427308,0.0039012675420158007,0.20420743067523045,-0.0014048062564049504,0.009927043880948389,0.0026335505180476813
activation,neutral_controls,mean_tokens,16,A,16,0.02579268760959855,0.026557698071858447,0.30862220953392727,-0.001628778748936995,0.009804059405813964,0.027421466358535547
activation,neutral_controls,mean_tokens,16,N,16,0.023448186108379378,0.009816562899445595,0.25717694246820894,-0.0018756208053785702,0.008674060411353487,0.02532380691375795
activation,neutral_controls,mean_tokens,17,O,16,0.006471975533948097,0.01338349148819558,0.01654008589082755,0.00016391752845779269,0.010524073610322347,0.0063080580054903045
activation,neutral_controls,mean_tokens,17,C,16,0.009318466437667289,0.01714792143668495,0.21008126981892047,0.0005977056140412656,0.01044066280275815,0.008720760823626023
activation,neutral_controls,mean_tokens,17,E,16,0.0007413824266251996,-0.0013473980528747407,0.179317651359361,0.002124514643204984,0.011991657503890234,-0.0013831322165797845
activation,neutral_controls,mean_tokens,17,A,16,0.02285300707684602,0.01860696363537081,0.265744308954534,-0.00022175666519074467,0.010344447401959481,0.023074763742036767
activation,neutral_controls,mean_tokens,17,N,16,0.019705972242061505,0.007600358224448316,0.21892090176819362,-0.0005231328141930856,0.010251958558279194,0.020229105056254592
activation,neutral_controls,mean_tokens,18,O,16,0.008309249228683977,0.015758707514403315,0.024140409441961733,0.0016525859237986505,0.011776134472402944,0.006656663304885327
activation,neutral_controls,mean_tokens,18,C,16,0.00933103870880177,0.016195854672118405,0.20661335511101983,-0.0013750708737516155,0.010116123145661848,0.010706109582553386
activation,neutral_controls,mean_tokens,18,E,16,-0.0006526122892031629,-0.001520624720538383,0.17792304720078855,0.0003628344285692202,0.010372540138710239,-0.0010154467177723831
activation,neutral_controls,mean_tokens,18,A,16,0.02527305152896622,0.024875166656820172,0.26274029502163054,0.0011456825633085607,0.011958113060672551,0.024127368965657658
activation,neutral_controls,mean_tokens,18,N,16,0.01940217280342933,0.014144619314964847,0.21919824547891908,0.0017141750858919796,0.009384110218541002,0.01768799771753735
activation,neutral_controls,mean_tokens,19,O,16,0.009827495474970221,0.01989837626451966,0.044072941456127446,-0.0009713293358355606,0.009500407831326368,0.010798824810805782
activation,neutral_controls,mean_tokens,19,C,16,0.009999950389713056,0.01864543455353207,0.21573473461040044,0.0021315315541692577,0.009321056388557888,0.007868418835543798
activation,neutral_controls,mean_tokens,19,E,16,0.00040653656417614925,-0.002352914839245196,0.1819107804771562,-0.00019048715614756228,0.009749340170692842,0.0005970237203237115
activation,neutral_controls,mean_tokens,19,A,16,0.02692277020126157,0.028549016320378852,0.2728546410822895,0.00022305390896464538,0.01032966494367361,0.026699716292296925
activation,neutral_controls,mean_tokens,19,N,16,0.01822548389245481,0.012553521606016305,0.19283004343089105,0.0015864992757241747,0.011551958645042621,0.016638984616730634
activation,neutral_controls,mean_tokens,20,O,16,0.010184905262180423,0.02339819146574982,0.03908301930680482,-0.0004499352515258577,0.009845159433445246,0.01063484051370628
activation,neutral_controls,mean_tokens,20,C,16,0.010945935593045658,0.01189457747567517,0.21403882174452848,0.0004110305455479607,0.010649543723734493,0.010534905047497697
activation,neutral_controls,mean_tokens,20,E,16,0.0006446683583754313,-0.0035048925871967495,0.18872882154514545,0.00029819734824580035,0.011163262867252319,0.0003464710101296309
activation,neutral_controls,mean_tokens,20,A,16,0.030461861454753433,0.032215027853480224,0.2784540542486258,-0.0006783529018549677,0.008984844603391126,0.031140214356608402
activation,neutral_controls,mean_tokens,20,N,16,0.01758804679768467,0.007717645695929582,0.1718683525500303,0.00036474821218735495,0.009815498322348749,0.017223298585497315
activation,neutral_controls,mean_tokens,21,O,16,0.009011597207925296,0.01896940611507934,0.012161704699434629,-0.0002724070922644577,0.009506005537787923,0.009284004300189753
activation,neutral_controls,mean_tokens,21,C,16,0.013136266268120306,0.013770575242022673,0.20164446708663222,0.001700251409076575,0.011608902087039312,0.011436014859043732
activation,neutral_controls,mean_tokens,21,E,16,-0.0001189361274112973,-0.0007929422403914248,0.1734493344744522,0.0017134828950320419,0.010997284921752011,-0.0018324190224433391
activation,neutral_controls,mean_tokens,21,A,16,0.030942103510971448,0.027646801507734367,0.2480871991112238,0.0009458473914337041,0.010495201528506477,0.029996256119537743
activation,neutral_controls,mean_tokens,21,N,16,0.016110228194683315,0.010938727952527903,0.14647720074845336,-0.0011127586198442217,0.010594179730062348,0.01722298681452754
activation,neutral_controls,mean_tokens,22,O,16,0.009391594935528018,0.01597077620079059,0.01454263473221384,-0.0009181509143526428,0.009182047284586534,0.010309745849880661
activation,neutral_controls,mean_tokens,22,C,16,0.013513353280385741,0.016715025203066662,0.19580396901318983,-0.0014604627644304897,0.009314312689303994,0.014973816044816231
activation,neutral_controls,mean_tokens,22,E,16,-0.00120972359943608,-0.005573256602507048,0.15088718214444274,0.0014377534758130337,0.011403795547381846,-0.002647477075249114
activation,neutral_controls,mean_tokens,22,A,16,0.03221825594990559,0.02560458956804104,0.2564440444320605,-0.0005951856632972299,0.008894192881204698,0.03281344161320282
activation,neutral_controls,mean_tokens,22,N,16,0.015425707106152885,0.01781544684710641,0.13386748199576937,-0.0008257448671601198,0.009606025644162347,0.016251451973313007
activation,neutral_controls,mean_tokens,23,O,16,0.008820644600380241,0.01359246455155897,0.00250492835388099,0.0011275681981544538,0.008652682062632717,0.0076930764022257875
activation,neutral_controls,mean_tokens,23,C,16,0.012596889808617884,0.01646652140680417,0.17984927317703148,0.001030910862051885,0.009795090816035105,0.011565978946566
activation,neutral_controls,mean_tokens,23,E,16,-0.0010924262721003644,-0.008756460663030853,0.151702814953693,-0.0009500469293054326,0.010413692960620932,-0.00014237934279493186
activation,neutral_controls,mean_tokens,23,A,16,0.03295210646191046,0.02760232991279925,0.25324642603617853,0.0013079207317145574,0.012477312965529286,0.03164418573019591
activation,neutral_controls,mean_tokens,23,N,16,0.01433362617202892,0.0174666303029338,0.1277978979118908,0.0023653896501658156,0.010576665575581633,0.011968236521863103
activation,neutral_controls,mean_tokens,24,O,16,0.007192488908395299,0.011589666065984622,-0.019919817951416147,0.0008982227336888346,0.010478298835541279,0.006294266174706464
activation,neutral_controls,mean_tokens,24,C,16,0.010826853674571707,0.0143854822153088,0.1570243153411711,0.00031075078276261475,0.010981667874695329,0.010516102891809091
activation,neutral_controls,mean_tokens,24,E,16,-0.0005670768588914438,-0.005659588810710706,0.14748188541503307,-0.0017696394631254878,0.00897355342368885,0.001202562604234044
activation,neutral_controls,mean_tokens,24,A,16,0.03519027341518604,0.031652567524049824,0.27171884927782425,0.00017630765098042864,0.009906082537754636,0.03501396576420561
activation,neutral_controls,mean_tokens,24,N,16,0.014857865507209163,0.013802065424335304,0.13419909924703557,-0.0007636922060511849,0.011355956205940128,0.015621557713260348
activation,neutral_controls,mean_tokens,25,O,16,0.005753947628194809,0.013973894223488232,-0.04049588943843877,-3.299943654612837e-05,0.00901794741601933,0.005786947064740937
activation,neutral_controls,mean_tokens,25,C,16,0.011185222754542775,0.01919353754215411,0.1505389346926415,0.001077198489262131,0.008701266590257379,0.010108024265280645
activation,neutral_controls,mean_tokens,25,E,16,0.00145703085415733,-0.007468450646794184,0.14936433878755326,4.230275320854265e-05,0.008941602359138387,0.0014147281009487874
activation,neutral_controls,mean_tokens,25,A,16,0.03386631558039668,0.026822406140038328,0.26291146304972185,-0.0013146053482300467,0.009884169092330296,0.03518092092862673
activation,neutral_controls,mean_tokens,25,N,16,0.013592986615723746,0.010584485786590585,0.11942266336954652,0.0003350934058677903,0.009198089512371044,0.013257893209855955
activation,neutral_controls,mean_tokens,26,O,16,0.00341082066512328,0.005428604200330369,-0.05419951525970745,-0.0009258147143707123,0.008168656055959844,0.004336635379493992
activation,neutral_controls,mean_tokens,26,C,16,0.01083545217215894,0.011859219939793494,0.13976121998855764,0.0007443379292992816,0.009849433558513202,0.01009111424285966
activation,neutral_controls,mean_tokens,26,E,16,0.0017485101170275426,-0.0029251412955184227,0.136763469134035,0.00219475829100323,0.010136687535161564,-0.00044624817397568737
activation,neutral_controls,mean_tokens,26,A,16,0.03395754600646341,0.03093372495013571,0.25770596943949514,-0.0008356065626445451,0.00867997761870193,0.034793152569107956
activation,neutral_controls,mean_tokens,26,N,16,0.014004146109616098,0.004364946362429528,0.12603588138948052,-0.000945508171157442,0.008503253960360654,0.01494965428077354
activation,neutral_controls,mean_tokens,27,O,16,0.002579319682922988,0.012047608703183664,-0.06531327834737612,-0.0005807616513455922,0.010304791355444844,0.00316008133426858
activation,neutral_controls,mean_tokens,27,C,16,0.011364963625655611,0.007949315827568804,0.12903519244038303,0.0005758945898150309,0.009202757282075473,0.01078906903584058
activation,neutral_controls,mean_tokens,27,E,16,0.0019170109470521076,-0.00597116103145439,0.13320424888292062,-5.7102386880977e-05,0.008788517021067406,0.0019741133339330847
activation,neutral_controls,mean_tokens,27,A,16,0.03357214491359164,0.03108173079468346,0.25548366093902575,-0.0007804037325756217,0.008871080221961107,0.03435254864616726
activation,neutral_controls,mean_tokens,27,N,16,0.013412503957623808,0.004702404209368179,0.11947711871447594,-0.001421921828780398,0.00899064761904719,0.014834425786404206
activation,neutral_controls,mean_tokens,28,O,16,0.0024426823792508363,0.007008877129627836,-0.07566970714861057,-0.0013883359323954866,0.0080286038382037,0.0038310183116463227
activation,neutral_controls,mean_tokens,28,C,16,0.011350555923603648,0.007819994138735627,0.10700562786491268,0.0007857045161415974,0.008904753719129514,0.01056485140746205
activation,neutral_controls,mean_tokens,28,E,16,0.002281532501838418,-0.0029130430306868495,0.11563210361622525,-0.0009735487849245675,0.008712487867060581,0.0032550812867629853
activation,neutral_controls,mean_tokens,28,A,16,0.03362334980258722,0.03117119392319042,0.24604937566943716,-0.0007043994492151539,0.00838541906885749,0.034327749251802375
activation,neutral_controls,mean_tokens,28,N,16,0.014344493972449256,0.008299110834670321,0.11659640644088354,0.0006870008896414806,0.008697104922615655,0.013657493082807776
activation,neutral_controls,mean_tokens,29,O,16,0.004389086066641114,0.0049110798438831114,-0.04345120086704147,0.000518909088500998,0.008891685074980652,0.003870176978140116
activation,neutral_controls,mean_tokens,29,C,16,0.013226940673449327,0.011210909018623958,0.12734533456909378,-0.00036611196394531145,0.008977755236634405,0.013593052637394638
activation,neutral_controls,mean_tokens,29,E,16,0.0029122795137635714,-0.002526720556081761,0.12855428501662222,-0.00023375335143168828,0.008909955815929469,0.0031460328651952596
activation,neutral_controls,mean_tokens,29,A,16,0.034790213572843384,0.02940942138388415,0.24202356068723765,2.707141788908787e-06,0.007705397695824974,0.03478750643105447
activation,neutral_controls,mean_tokens,29,N,16,0.017449843305069313,0.015921915952456213,0.1337709993401971,0.00022915544005437479,0.008436528795342515,0.01722068786501494
activation,neutral_controls,mean_tokens,30,O,16,0.008210275482984372,0.011666295672201774,-0.00617110767274644,0.00016406331994990342,0.008161612109149985,0.008046212163034468
activation,neutral_controls,mean_tokens,30,C,16,0.024269417685633808,0.010752635329878333,0.20502953611970787,0.0009554303847703802,0.008509001668562218,0.02331398730086343
activation,neutral_controls,mean_tokens,30,E,16,0.017807134867048553,0.008454894201109217,0.22876737268575148,-0.00010322915586727887,0.009498754896743934,0.01791036402291583
activation,neutral_controls,mean_tokens,30,A,16,0.03853079271177462,0.03216145930417667,0.2553042252128945,-0.0008299944384506871,0.00810181328164545,0.039360787150225306
activation,neutral_controls,mean_tokens,30,N,16,0.019271785693654266,0.016894778303854538,0.14985728862036532,0.00010060867959243605,0.009414152998430883,0.01917117701406183
activation,neutral_controls,mean_tokens,31,O,16,0.02423127015889263,0.028806782812800965,0.03394166463909139,-0.0019275311826717318,0.013857684912787611,0.026158801341564362
activation,neutral_controls,mean_tokens,31,C,16,0.06664970980459811,0.04624685159164636,0.388064903598295,-0.0010815058715833061,0.012917979629704052,0.06773121567618141
activation,neutral_controls,mean_tokens,31,E,16,0.07437315274484126,0.05992855300259874,0.49081377228739315,-0.0004218048169128579,0.01385678032428428,0.07479495756175411
activation,neutral_controls,mean_tokens,31,A,16,0.05794586404752129,0.04184028568432993,0.38014983296255866,0.0012477432943531533,0.01531640642281858,0.05669812075316814
activation,neutral_controls,mean_tokens,31,N,16,0.017008077350799528,0.010876811023998517,0.16331282364484062,-0.0016574196162466213,0.011416833355436579,0.018665496967046148
activation,naturalistic_behavioral,final_token,0,O,16,0.003637757245726895,0.006454541381063968,0.0588144949190955,-0.0001402789213801764,0.007852474893967155,0.0037780361671070715
activation,naturalistic_behavioral,final_token,0,C,16,0.03582059139513771,0.02900240378631391,0.27112929837711,-0.0005336543154088408,0.008229869073024,0.03635424571054655
activation,naturalistic_behavioral,final_token,0,E,16,0.016986184842341105,0.009913190259990323,0.13785044891835924,0.0004121649865572434,0.00916685102288095,0.016574019855783863
activation,naturalistic_behavioral,final_token,0,A,16,0.018877830460973508,0.013594095734002852,0.14374435257427032,0.00029869890620514317,0.010323664375754774,0.018579131554768365
activation,naturalistic_behavioral,final_token,0,N,16,0.0030088493159969782,0.003472916077501901,-0.03595477630400436,0.0007255695931360882,0.010109691272226605,0.00228327972286089
activation,naturalistic_behavioral,final_token,1,O,16,0.0014755897660338007,-0.0011509847112782762,0.009485511144448934,0.000616930756883903,0.007821960532097345,0.0008586590091498976
activation,naturalistic_behavioral,final_token,1,C,16,0.038553344955215,0.02596995212239226,0.2945298086367738,0.0007472849440170662,0.010511292825021992,0.037806060011197934
activation,naturalistic_behavioral,final_token,1,E,16,0.021290429905463593,0.012625024686039609,0.24062268961620586,0.0010432003160907883,0.009683234788111676,0.020247229589372806
activation,naturalistic_behavioral,final_token,1,A,16,0.02214666406325778,0.010844148484574443,0.19697960896198366,-0.001392410043199972,0.009366014408547741,0.023539074106457752
activation,naturalistic_behavioral,final_token,1,N,16,0.011442027724539724,0.010096909501797324,0.08101395468121439,-0.0016502519329620804,0.009316919255302645,0.013092279657501805
activation,naturalistic_behavioral,final_token,2,O,16,-0.0032409160475361993,0.0010483459496370743,-0.010529446584732323,-0.0008442122441677033,0.00938542937927204,-0.002396703803368496
activation,naturalistic_behavioral,final_token,2,C,16,0.02958580318803102,0.01601092983955372,0.2689381506738462,-0.00023184150855876966,0.010089887935864449,0.029817644696589787
activation,naturalistic_behavioral,final_token,2,E,16,0.014130241827440037,0.010067137422564045,0.13466953331643644,-0.0009519326693242933,0.008418467937588176,0.01508217449676433
activation,naturalistic_behavioral,final_token,2,A,16,0.03029063698104586,0.017711476058202426,0.28384568375396246,-2.1580667158418375e-05,0.010066081905639812,0.030312217648204277
activation,naturalistic_behavioral,final_token,2,N,16,0.014192752626786587,0.003475372669689048,0.1046517506971456,-0.001948895521520967,0.008314042176194384,0.016141648148307555
activation,naturalistic_behavioral,final_token,3,O,16,-0.000827359309630076,0.006201105624267655,-0.023265096497917172,0.0004258656754851811,0.00926791625196142,-0.001253224985115257
activation,naturalistic_behavioral,final_token,3,C,16,0.02191693359188184,0.013273769964001952,0.19421112925706852,-0.00022401327122424753,0.0080575152506286,0.022140946863106088
activation,naturalistic_behavioral,final_token,3,E,16,0.01016849585072462,0.006671715214258622,0.1142421166026475,-0.00010702698753143541,0.010387414566130848,0.010275522838256055
activation,naturalistic_behavioral,final_token,3,A,16,0.04822422047333182,0.03166231847173643,0.3907689283757827,0.00022282486551074377,0.008958503076761135,0.04800139560782108
activation,naturalistic_behavioral,final_token,3,N,16,0.010583179497828176,0.0026348954828741026,0.11325460798942087,0.0006733345513779806,0.00938360864403128,0.009909844946450195
activation,naturalistic_behavioral,final_token,4,O,16,0.0035911342773344316,0.007865614813411727,0.03429661710249513,0.0002910376164332507,0.009130285723597333,0.0033000966609011808
activation,naturalistic_behavioral,final_token,4,C,16,0.01571420449699663,0.012643359826488561,0.17399250008431474,0.001324262762242347,0.012018829088348202,0.014389941734754283
activation,naturalistic_behavioral,final_token,4,E,16,0.006398969569898638,0.0018375440878499994,0.12910807278873332,-0.001094311061671298,0.00975692048323611,0.007493280631569936
activation,naturalistic_behavioral,final_token,4,A,16,0.04938057321466361,0.026630775649857823,0.40351861102796577,7.135983584775206e-05,0.011308771478074872,0.04930921337881586
activation,naturalistic_behavioral,final_token,4,N,16,0.009941135780048222,0.005610646667422881,0.09898746587986208,-0.0003516527575389647,0.008344948331549962,0.010292788537587187
activation,naturalistic_behavioral,final_token,5,O,16,0.006283918725208121,0.0065721123048169666,0.03222914283904344,0.002349653605726166,0.011512421039324785,0.003934265119481955
activation,naturalistic_behavioral,final_token,5,C,16,0.011919035655156762,0.007418066593908014,0.13096298365186004,-0.00021696683872739726,0.01063952381099541,0.01213600249388416
activation,naturalistic_behavioral,final_token,5,E,16,0.006766609162442602,-0.0030417815585612505,0.1535916821421468,0.00041249430603784677,0.010130768675695642,0.006354114856404755
activation,naturalistic_behavioral,final_token,5,A,16,0.04027251631398913,0.019158251142411986,0.34893133495346335,-0.0002561644222553801,0.010651169394811706,0.04052868073624451
activation,naturalistic_behavioral,final_token,5,N,16,0.017773700190436108,0.0017391357820204108,0.17830337054616216,0.00015735159816201674,0.009979500232065664,0.01761634859227409
activation,naturalistic_behavioral,final_token,6,O,16,0.006115322046096175,0.007416525598824552,0.05973402545074925,0.0006405512528668473,0.012869060794827808,0.005474770793229328
activation,naturalistic_behavioral,final_token,6,C,16,0.00936536342405269,0.001746396824483407,0.14275787822319305,-0.00016871595001803505,0.009950432848617045,0.009534079374070725
activation,naturalistic_behavioral,final_token,6,E,16,0.006109959457221414,0.004592385203699078,0.12615755212716345,0.0002117614837346114,0.010934074114738871,0.0058981979734868024
activation,naturalistic_behavioral,final_token,6,A,16,0.04018155806179444,0.02837876537089573,0.3540737333608784,0.0007825734924659089,0.01302056496733847,0.03939898456932853
activation,naturalistic_behavioral,final_token,6,N,16,0.012632431020297433,0.0013464789623687432,0.14976349185544977,0.0009280476583400379,0.012573244692492243,0.011704383361957395
activation,naturalistic_behavioral,final_token,7,O,16,0.00456563163194687,0.000969586592092186,0.04394768806267066,-0.0010131428663167743,0.009073246525814265,0.005578774498263645
activation,naturalistic_behavioral,final_token,7,C,16,0.008857497448833813,0.014080070356059474,0.1620139829306117,-0.0012534004345335643,0.00895171524948331,0.010110897883367376
activation,naturalistic_behavioral,final_token,7,E,16,0.006958569805060724,0.009519604256821577,0.1180478342891529,-0.0004936337925898471,0.01002326730221565,0.0074522035976505715
activation,naturalistic_behavioral,final_token,7,A,16,0.03671089547330915,0.021299137805716767,0.3676889989202428,-0.00034156882294830173,0.009891350809590919,0.03705246429625745
activation,naturalistic_behavioral,final_token,7,N,16,0.010939022012787174,-0.009685913900573814,0.16960035133451046,-0.000278153794793826,0.010012454156216743,0.011217175807581
activation,naturalistic_behavioral,final_token,8,O,16,0.004622973552817657,0.006348378008049951,0.05614622157139388,-0.0004484548341217644,0.008352526425732506,0.005071428386939422
activation,naturalistic_behavioral,final_token,8,C,16,0.011013975138023447,0.008712157155360088,0.1951202037448786,-0.0005985419096548526,0.008700197558865048,0.0116125170476783
activation,naturalistic_behavioral,final_token,8,E,16,0.007502043373681921,0.004514638221619181,0.16619485796348263,7.308885449264442e-05,0.007970935184513517,0.007428954519189276
activation,naturalistic_behavioral,final_token,8,A,16,0.02858477570486646,0.01783607267898956,0.30297449395225556,-0.000841076303633986,0.009360071002318233,0.029425852008500446
activation,naturalistic_behavioral,final_token,8,N,16,0.010025679438876245,0.0018989384144060362,0.15198137068051393,-0.00029890437081851924,0.00888591964679304,0.010324583809694764
activation,naturalistic_behavioral,final_token,9,O,16,0.0020004353363286096,0.0060581919279549725,0.0343076387035555,-0.0003567584009247767,0.007728639158126473,0.0023571937372533864
activation,naturalistic_behavioral,final_token,9,C,16,0.010468484486479872,0.011688306041443518,0.16086052047978613,-0.0007262954741402384,0.007579680556052081,0.01119477996062011
activation,naturalistic_behavioral,final_token,9,E,16,0.0030356404897249486,-0.0047802011400876355,0.13653108028737437,-0.0011448284960114226,0.007920558587758468,0.004180468985736371
activation,naturalistic_behavioral,final_token,9,A,16,0.021683292406685893,0.015239491529002242,0.23554580365653824,0.00041480389969303247,0.008642240706006896,0.02126848850699286
activation,naturalistic_behavioral,final_token,9,N,16,0.0053673132069715305,0.001856495883199519,0.1163699094132684,0.0009407717997349336,0.00885314031632994,0.004426541407236597
activation,naturalistic_behavioral,final_token,10,O,16,0.00016985934242445637,0.00240396423881403,-0.019674279101415074,-0.0012659065632314279,0.007271132503690267,0.0014357659056558844
activation,naturalistic_behavioral,final_token,10,C,16,0.010614309076077444,0.010136254255239646,0.11047114518844084,0.00020222807405465313,0.008486573407404097,0.01041208100202279
activation,naturalistic_behavioral,final_token,10,E,16,0.005354481688367235,-0.0007035725086833938,0.13724866092465665,-0.0010077504839281488,0.008674041508896602,0.0063622321722953835
activation,naturalistic_behavioral,final_token,10,A,16,0.023718913907178316,0.01987862314671985,0.26101374260003585,6.988617352894123e-05,0.008271063758838128,0.023649027733649373
activation,naturalistic_behavioral,final_token,10,N,16,0.008635844670159673,0.01060457564294822,0.12014788726387735,0.0007321395916575372,0.008021109969154653,0.007903705078502136
activation,naturalistic_behavioral,final_token,11,O,16,0.00281455076338465,-0.004388017927581983,0.03995188632598653,0.0007462906899981397,0.008210549270272541,0.00206826007338651
activation,naturalistic_behavioral,final_token,11,C,16,0.01162612397423075,0.00998103418480453,0.1544238584647544,-0.00014826376854922905,0.008516472201908477,0.011774387742779979
activation,naturalistic_behavioral,final_token,11,E,16,0.007826765489186444,-0.004164944944206579,0.1538053278170845,0.0002826052732729915,0.008865043644990536,0.007544160215913453
activation,naturalistic_behavioral,final_token,11,A,16,0.021245917290041716,0.020430223098734726,0.2557795280194475,-0.00046777703227372666,0.009202893546929781,0.021713694322315444
activation,naturalistic_behavioral,final_token,11,N,16,0.010283098861834847,0.011537202086666448,0.13329011735731186,0.0008111161730118153,0.008667454818173612,0.009471982688823032
activation,naturalistic_behavioral,final_token,12,O,16,0.007771989609953212,-0.001550867931732432,0.08249695308441896,-0.0011181947736792685,0.00731589375259439,0.00889018438363248
activation,naturalistic_behavioral,final_token,12,C,16,0.017484690983165647,0.01507606027973354,0.20622095420231687,1.2555673839357521e-05,0.007924570293811195,0.01747213530932629
activation,naturalistic_behavioral,final_token,12,E,16,0.0051436822090652305,-0.0035373086430684677,0.1092433415292979,0.000519247051999314,0.00995119312185689,0.004624435157065916
activation,naturalistic_behavioral,final_token,12,A,16,0.02204186857199061,0.014538601431419041,0.2679106880447521,-0.00046134739028392413,0.008796775436003056,0.022503215962274534
activation,naturalistic_behavioral,final_token,12,N,16,0.007378842073144082,0.005873775758063614,0.15703430038696212,0.0002972353826941567,0.00865390553209294,0.007081606690449925
activation,naturalistic_behavioral,final_token,13,O,16,0.005908889245698982,0.006230427618084679,0.06973678334935265,-0.00018985027777592697,0.008672837791597948,0.006098739523474909
activation,naturalistic_behavioral,final_token,13,C,16,0.02383176968441762,0.026478477844911447,0.22817575198192686,0.000150218233356715,0.009196599118901864,0.023681551451060903
activation,naturalistic_behavioral,final_token,13,E,16,0.007923201890389859,-0.0004213388334023791,0.1240474851437387,0.0006496892953104305,0.00864381623752309,0.007273512595079428
activation,naturalistic_behavioral,final_token,13,A,16,0.01945415353471273,0.019360804561834963,0.2592062976682085,0.00034480913189284936,0.008898047549412506,0.019109344402819882
activation,naturalistic_behavioral,final_token,13,N,16,0.007271398575156324,0.006800601916800141,0.13619193594424495,0.0016242283591218721,0.009182329280225388,0.005647170216034452
activation,naturalistic_behavioral,final_token,14,O,16,0.006883469888784189,0.00253790557023274,0.08306356385836518,0.0008614200865204527,0.010522515494424248,0.006022049802263736
activation,naturalistic_behavioral,final_token,14,C,16,0.025553700964652468,0.024089783215090876,0.23558248240751886,0.00037610092651809015,0.009282661426572312,0.02517760003813438
activation,naturalistic_behavioral,final_token,14,E,16,0.004100550979522019,0.0031943734892424013,0.07405308924007926,0.0018647004727268893,0.009716884424982405,0.0022358505067951295
activation,naturalistic_behavioral,final_token,14,A,16,0.01917485641226151,0.010483812359070203,0.24699163471141794,-0.0007767419642644738,0.00927059187225012,0.019951598376525985
activation,naturalistic_behavioral,final_token,14,N,16,0.006630452101048791,0.007544803973222002,0.12668289024632418,0.00022702304440620004,0.009551918790526321,0.006403429056642591
activation,naturalistic_behavioral,final_token,15,O,16,0.009253429436976905,0.008255054818944214,0.100859678724014,-0.00040829368447650857,0.007835624644923,0.009661723121453414
activation,naturalistic_behavioral,final_token,15,C,16,0.02768301153962028,0.023504938338704612,0.2462856113324463,0.0006610732853520362,0.009746694849777,0.027021938254268244
activation,naturalistic_behavioral,final_token,15,E,16,0.006785919507570109,0.005144162409976102,0.08223229865784384,-0.000294186070642988,0.008777641645772072,0.007080105578213097
activation,naturalistic_behavioral,final_token,15,A,16,0.015208985411982854,0.01601073236743473,0.18266942269640746,0.00029251845350173965,0.00996534757450678,0.014916466958481114
activation,naturalistic_behavioral,final_token,15,N,16,0.010842465054541036,0.019561951004899124,0.15680527549571793,0.0017902350136089998,0.009599358407280989,0.009052230040932035
activation,naturalistic_behavioral,final_token,16,O,16,0.004844606429572556,0.0027442881105273252,0.04589593551529731,-0.0004372452866319574,0.009618011917810034,0.005281851716204513
activation,naturalistic_behavioral,final_token,16,C,16,0.031852364569298144,0.026105684643815144,0.2596271089998829,-0.0003499675048665145,0.01005016410981856,0.03220233207416466
activation,naturalistic_behavioral,final_token,16,E,16,0.006317784216492847,-0.0023320383192545276,0.09927736228766645,-0.0004226360272216608,0.009522864320558426,0.006740420243714507
activation,naturalistic_behavioral,final_token,16,A,16,0.019987974290864505,0.017350078851706675,0.23801864579480833,-0.0010647517378516399,0.008355542463910754,0.021052726028716145
activation,naturalistic_behavioral,final_token,16,N,16,0.007160905954550577,0.015366928733750142,0.1176061773894242,-0.00018587545311029893,0.009302517952838726,0.007346781407660876
activation,naturalistic_behavioral,final_token,17,O,16,0.005908390990537804,0.011511399796193016,0.0803508068243361,0.00018760236689528516,0.01056208784408941,0.005720788623642519
activation,naturalistic_behavioral,final_token,17,C,16,0.03026349207574929,0.030836380709709663,0.2563133494828891,-0.0002098024957079694,0.010501285675319204,0.03047329457145726
activation,naturalistic_behavioral,final_token,17,E,16,0.004044889492441894,5.907503385807727e-05,0.053432878746369504,0.0029897933139716158,0.010940367021124397,0.0010550961784702782
activation,naturalistic_behavioral,final_token,17,A,16,0.01445770108841772,0.016546604870797565,0.13631355678718685,0.0009721855805847732,0.01038410823461358,0.013485515507832946
activation,naturalistic_behavioral,final_token,17,N,16,0.005569377940793038,0.026315245561154988,0.09225238836719012,0.00041240746306677866,0.009725952017975267,0.005156970477726259
activation,naturalistic_behavioral,final_token,18,O,16,0.007331427832254491,0.012759760881279423,0.0895664311800508,-0.0016345394730836549,0.008675980620675703,0.008965967305338145
activation,naturalistic_behavioral,final_token,18,C,16,0.032417316649243966,0.02705118977574673,0.26984331357147745,-0.00022002312538746069,0.011796039914530257,0.03263733977463143
activation,naturalistic_behavioral,final_token,18,E,16,0.004043068426406121,0.00022671819745837918,0.061215577031082054,0.0016919248529324654,0.011190296285394318,0.0023511435734736557
activation,naturalistic_behavioral,final_token,18,A,16,0.014766261830807047,0.018409565931284733,0.1360091951042866,0.001040183963316868,0.009561251247233003,0.01372607786749018
activation,naturalistic_behavioral,final_token,18,N,16,0.0048949374398628695,0.021835150951480253,0.09485989154980004,0.00033492857887370165,0.009785444042822234,0.004560008860989168
activation,naturalistic_behavioral,final_token,19,O,16,0.008422693072104805,0.005194879659293808,0.10115097492890361,0.0031438539239404136,0.009915138314730221,0.005278839148164391
activation,naturalistic_behavioral,final_token,19,C,16,0.03152219996356409,0.02595370126691166,0.2753665962989724,-0.0023439467860648165,0.009813515190770254,0.03386614674962891
activation,naturalistic_behavioral,final_token,19,E,16,0.003974714214089998,-0.001718463989892794,0.06714990564744264,0.00046426244317983713,0.011162657684624253,0.003510451770910161
activation,naturalistic_behavioral,final_token,19,A,16,0.014916079457965904,0.011961600620981647,0.13162193810858006,0.0009501757360845941,0.01059595915849899,0.01396590372188131
activation,naturalistic_behavioral,final_token,19,N,16,0.004572160105364766,0.015214271126576605,0.08994620013168904,-0.00020913032164798445,0.01095374646489735,0.00478129042701275
activation,naturalistic_behavioral,final_token,20,O,16,0.010333944918770837,0.012734717375491988,0.09632376969805868,0.0011622139539722728,0.009080315175343537,0.009171730964798563
activation,naturalistic_behavioral,final_token,20,C,16,0.03361788393759575,0.020470400403826285,0.27504777127898555,-4.0204638827836065e-05,0.009632233062379644,0.033658088576423585
activation,naturalistic_behavioral,final_token,20,E,16,0.005968337353545845,0.00046337908963505186,0.07447260354495217,-0.0009381070946488748,0.010325531256238682,0.00690644444819472
activation,naturalistic_behavioral,final_token,20,A,16,0.01589879589097721,0.011468322983450505,0.13503710038701827,0.000668058106212347,0.009797155459265435,0.015230737784764862
activation,naturalistic_behavioral,final_token,20,N,16,0.007936530223590166,0.017296039518092415,0.11897644366630922,0.0005660993612727314,0.010418318654818527,0.007370430862317435
activation,naturalistic_behavioral,final_token,21,O,16,0.012109554728585695,0.018594540017665723,0.12057349674510189,0.00027403563388384006,0.010336372667172501,0.011835519094701855
activation,naturalistic_behavioral,final_token,21,C,16,0.03658196223581256,0.030248156043626434,0.2839610138954433,-0.0003102518910558031,0.009836970903175202,0.03689221412686836
activation,naturalistic_behavioral,final_token,21,E,16,0.0036052411328360355,0.006395599420169242,0.07387590762393799,-1.3955646364708208e-05,0.00964283028998777,0.0036191967792007437
activation,naturalistic_behavioral,final_token,21,A,16,0.014254596836989365,0.013638819752985684,0.10643761959309118,1.3298192945113652e-05,0.011903245541542875,0.014241298644044251
activation,naturalistic_behavioral,final_token,21,N,16,0.005534394907413975,0.020217702801423543,0.0750928382029998,-0.001019818972910328,0.00944410662931753,0.006554213880324304
activation,naturalistic_behavioral,final_token,22,O,16,0.012203787544285787,0.021513232082152153,0.12010655313665493,-0.0009636819806224093,0.009688254130798442,0.013167469524908196
activation,naturalistic_behavioral,final_token,22,C,16,0.035100331489627296,0.02199675942028971,0.2791403266665775,0.0004987877440559493,0.011514285434633136,0.034601543745571346
activation,naturalistic_behavioral,final_token,22,E,16,0.0045534790392636046,0.006055451531005399,0.06617134399229847,-0.000686053207829068,0.01035442665113531,0.005239532247092673
activation,naturalistic_behavioral,final_token,22,A,16,0.014440041978984238,0.011924809102019497,0.10478961551865047,0.00015410581352406216,0.011319275369522942,0.014285936165460176
activation,naturalistic_behavioral,final_token,22,N,16,0.004003015348024805,0.015172577708506366,0.05556356022178763,-0.0005188979209215388,0.009657838057225695,0.004521913268946343
activation,naturalistic_behavioral,final_token,23,O,16,0.012299921677191367,0.018523274422320116,0.12253479386933831,0.0005970150806894875,0.009930160988254635,0.01170290659650188
activation,naturalistic_behavioral,final_token,23,C,16,0.035717076877180086,0.02727937874554131,0.27777186776395496,0.0001640245923435715,0.011243408073397715,0.03555305228483652
activation,naturalistic_behavioral,final_token,23,E,16,0.0036319903054053537,0.007336470995143648,0.06203733456603277,0.0009065013016910931,0.009972172288592497,0.0027254890037142604
activation,naturalistic_behavioral,final_token,23,A,16,0.014602724434722067,0.015969728111971247,0.08317591317467547,0.000655749050766176,0.010641497191649538,0.01394697538395589
activation,naturalistic_behavioral,final_token,23,N,16,0.005359710571698948,0.02119567671419012,0.07092407939701331,-0.00022482357968843053,0.009589132576142141,0.005584534151387379
activation,naturalistic_behavioral,final_token,24,O,16,0.009600057192157152,0.015416045414629858,0.10049945271383087,-0.0012537564623152366,0.010296760903999221,0.010853813654472388
activation,naturalistic_behavioral,final_token,24,C,16,0.03349527736524031,0.026982328242138295,0.26776881980027883,0.0010133706671773726,0.009467368328201076,0.03248190669806293
activation,naturalistic_behavioral,final_token,24,E,16,0.003034616334941645,0.004915512346288772,0.040503591619168305,-5.7376093577156814e-05,0.01068877695792849,0.003091992428518802
activation,naturalistic_behavioral,final_token,24,A,16,0.016743584985173986,0.01614912584992215,0.09328299059045295,0.0003988590000949389,0.008184110807192136,0.016344725985079047
activation,naturalistic_behavioral,final_token,24,N,16,0.006019137577455152,0.019218012572261897,0.0787468243313227,0.001815216540710709,0.011242756764948056,0.004203921036744444
activation,naturalistic_behavioral,final_token,25,O,16,0.009672270068921757,0.016229072142685222,0.09421645404647934,0.0014104575228784271,0.011537777447922202,0.00826181254604333
activation,naturalistic_behavioral,final_token,25,C,16,0.03170226496966325,0.02313006629720623,0.2502198349055417,-1.4218920616338249e-05,0.008926716319956028,0.03171648389027959
activation,naturalistic_behavioral,final_token,25,E,16,0.0033414913768292035,0.004937821218750404,0.037738500299174534,-0.0019755017679369143,0.008885100141802682,0.005316993144766118
activation,naturalistic_behavioral,final_token,25,A,16,0.01628959305899328,0.01806017922042462,0.08163878359493693,0.0013705515201570344,0.01108471205951872,0.014919041538836246
activation,naturalistic_behavioral,final_token,25,N,16,0.0045700985910130535,0.014389050209023512,0.07063408808069623,0.001124875971684185,0.011363430349731874,0.0034452226193288685
activation,naturalistic_behavioral,final_token,26,O,16,0.007201908510991096,0.016464758847162718,0.06483830576972135,-0.00010666360586742754,0.009503532373433547,0.007308572116858523
activation,naturalistic_behavioral,final_token,26,C,16,0.03153607610264139,0.02299825551062719,0.23688751715377823,0.0006867490420113823,0.011278023426722012,0.03084932706063001
activation,naturalistic_behavioral,final_token,26,E,16,0.00252267515963317,0.0013922577425502418,0.023430352578946385,-0.0013749071552545393,0.009954141245892102,0.003897582314887709
activation,naturalistic_behavioral,final_token,26,A,16,0.01750804753992012,0.018996256721406674,0.08955201626139225,-0.0003514210383703558,0.008563530374812146,0.017859468578290478
activation,naturalistic_behavioral,final_token,26,N,16,0.00488750786516305,0.01473643895861,0.062038610173171686,0.00022140399043239282,0.009891358280899282,0.004666103874730657
activation,naturalistic_behavioral,final_token,27,O,16,0.006250404430970977,0.018612819736556162,0.060024830300392296,0.001157609405808777,0.009158223397457739,0.0050927950251622
activation,naturalistic_behavioral,final_token,27,C,16,0.02961551976839488,0.022403431489929463,0.22588797114642095,-0.0017547431431317606,0.008899595831359453,0.03137026291152664
activation,naturalistic_behavioral,final_token,27,E,16,-1.544254716986104e-05,0.005396836435321052,0.0012604255710801436,-0.0006266312382989688,0.008229483032911877,0.0006111886911291078
activation,naturalistic_behavioral,final_token,27,A,16,0.017462222934080004,0.01820652193318984,0.09002767351460894,0.0009425038931623181,0.009780509397989499,0.016519719040917685
activation,naturalistic_behavioral,final_token,27,N,16,0.005639169420314305,0.01713562650748832,0.06396064852048028,-0.0002656528146814053,0.009210358371525134,0.005904822234995711
activation,naturalistic_behavioral,final_token,28,O,16,0.005926528084070424,0.013968472981710655,0.04201647683590998,6.605343779100405e-05,0.008105287300825634,0.00586047464627942
activation,naturalistic_behavioral,final_token,28,C,16,0.028972846539248608,0.025334954452618887,0.20384308027451498,-0.0002808099013850405,0.010041331281908594,0.029253656440633647
activation,naturalistic_behavioral,final_token,28,E,16,0.00026855255341645955,0.004818791620338713,-0.003802228622322678,0.002424065599105941,0.009958051163995238,-0.0021555130456894817
activation,naturalistic_behavioral,final_token,28,A,16,0.01667149932317779,0.02152392127134027,0.08855709223476174,0.0012992434255139776,0.009218237228269095,0.015372255897663813
activation,naturalistic_behavioral,final_token,28,N,16,0.007974783836129862,0.014612522201198543,0.07133154886665292,0.0009565041956820313,0.007826887794800043,0.007018279640447831
activation,naturalistic_behavioral,final_token,29,O,16,0.005526567173275086,0.011317542885530876,0.05255417106468764,0.00047073268617245785,0.008819243824031448,0.005055834487102628
activation,naturalistic_behavioral,final_token,29,C,16,0.028841744042934256,0.02082821440705046,0.21852490189764093,-0.0015734900164916044,0.00767915269873741,0.03041523405942586
activation,naturalistic_behavioral,final_token,29,E,16,0.001295263600517695,0.005607898347605897,0.019997617901828482,-0.0002600913213736265,0.00817653880430325,0.0015553549218913216
activation,naturalistic_behavioral,final_token,29,A,16,0.01547561093263569,0.01979929570365532,0.07895271357067227,-4.305758180898385e-05,0.007543970242084692,0.015518668514444674
activation,naturalistic_behavioral,final_token,29,N,16,0.01115226480462254,0.018841878144576402,0.08628750618465372,-0.0008839110368717852,0.007926257683500906,0.012036175841494325
activation,naturalistic_behavioral,final_token,30,O,16,0.006245207599266964,0.01438356291514879,0.05114081041359668,-0.0002451197162100632,0.008530610728714522,0.006490327315477027
activation,naturalistic_behavioral,final_token,30,C,16,0.03428089796925464,0.0233147873421148,0.2381810030104624,-0.0009546058149411906,0.007606432041450886,0.03523550378419583
activation,naturalistic_behavioral,final_token,30,E,16,0.007922046006457129,0.002584190661698661,0.06374253150174553,-0.001352020271078883,0.007168156920238418,0.009274066277536012
activation,naturalistic_behavioral,final_token,30,A,16,0.017967401448114827,0.021750966632795375,0.09035427251382867,-0.0008686866211537617,0.007649484934090058,0.018836088069268588
activation,naturalistic_behavioral,final_token,30,N,16,0.012082114769790656,0.017538498305317993,0.07875441068660755,0.0005062227364643659,0.00822548740429515,0.01157589203332629
activation,naturalistic_behavioral,final_token,31,O,16,0.009677128878027384,0.011259644963585766,0.08463812891105231,-0.0007185605021704798,0.01141581145839746,0.010395689380197864
activation,naturalistic_behavioral,final_token,31,C,16,0.06295537313017938,0.06133676993592599,0.37036615168645004,-0.0008917652648389006,0.010985168675951531,0.06384713839501828
activation,naturalistic_behavioral,final_token,31,E,16,0.012767049557147973,0.0017808296719574851,-0.0173922034972452,0.0005847921746623411,0.013164003896015727,0.012182257382485632
activation,naturalistic_behavioral,final_token,31,A,16,0.028003241546502744,0.03431034182724616,0.14977533945109361,0.0014861503730580307,0.011737188680131787,0.026517091173444713
activation,naturalistic_behavioral,final_token,31,N,16,0.008086300446618087,0.024197630283746628,0.05233819724145794,-0.0014654163914402942,0.009931387141232428,0.009551716838058381
activation,naturalistic_behavioral,mean_tokens,0,O,16,-0.0020940760580190573,-0.001329431899963521,0.023447814627334553,0.000950912996079536,0.009964746926880238,-0.0030449890540985933
activation,naturalistic_behavioral,mean_tokens,0,C,16,0.037235067604147395,0.026622952088663325,0.3057049418093328,0.0007934424355099073,0.009333148033652542,0.03644162516863749
activation,naturalistic_behavioral,mean_tokens,0,E,16,0.014348551165458226,0.012145103224174596,0.0934480904067253,0.0003109142429103446,0.008052798720929422,0.014037636922547881
activation,naturalistic_behavioral,mean_tokens,0,A,16,0.018679056548125208,0.01469911619996199,0.17670275059365176,-0.00020664005359171913,0.0081961766885667,0.018885696601716927
activation,naturalistic_behavioral,mean_tokens,0,N,16,0.0004495664089101394,-0.005779923756705791,-0.016637922659560645,-0.0003447722304934353,0.00811782884206745,0.0007943386394035747
activation,naturalistic_behavioral,mean_tokens,1,O,16,0.015397921651790753,0.05520462725674187,-0.0577458766779703,-0.003882945278633764,0.029823821300372033,0.019280866930424516
activation,naturalistic_behavioral,mean_tokens,1,C,16,0.0019075522670921109,0.039016617908166656,0.45607645987007966,0.0037549664867560224,0.0407955368940821,-0.0018474142196639115
activation,naturalistic_behavioral,mean_tokens,1,E,16,-0.0008328637895533878,0.02713727877434844,0.3768007101607832,0.0024141228434758273,0.040768082685072905,-0.0032469866330292153
activation,naturalistic_behavioral,mean_tokens,1,A,16,0.030510035050012017,-0.007276175448109087,0.6511607581673168,-0.0030491458298689046,0.027885270438513812,0.03355918087988092
activation,naturalistic_behavioral,mean_tokens,1,N,16,0.052031252208379196,0.008615889347542132,0.7828150395963772,0.0011851504027728006,0.03666445790872263,0.05084610180560639
activation,naturalistic_behavioral,mean_tokens,2,O,16,0.009268881980996405,0.03686305380354195,-0.055442346948044806,-0.00351456957457812,0.0287309719433239,0.012783451555574525
activation,naturalistic_behavioral,mean_tokens,2,C,16,0.0006815007540557934,0.03270700917587019,0.4089416975339408,-0.002119669457092838,0.027394830565298168,0.0028011702111486315
activation,naturalistic_behavioral,mean_tokens,2,E,16,-0.0020991316288564896,0.019256989097169046,0.32038505458105554,0.007803997403834211,0.040910654915449325,-0.009903129032690701
activation,naturalistic_behavioral,mean_tokens,2,A,16,0.029511327129161335,-0.009007545320307663,0.593885542383383,-0.006320518478650914,0.029298267235762426,0.035831845607812246
activation,naturalistic_behavioral,mean_tokens,2,N,16,0.048677538929405996,0.020163903755537102,0.7393282461148654,0.00015425769227065861,0.03390238962090914,0.04852328123713534
activation,naturalistic_behavioral,mean_tokens,3,O,16,0.0024962394934979018,0.024671016867727387,-0.03754764514883547,-0.0012333709210536627,0.027382073590057874,0.0037296104145515645
activation,naturalistic_behavioral,mean_tokens,3,C,16,0.006409527069484322,0.019400295600744414,0.36708567845968915,-0.003804892973469854,0.020386978924469813,0.010214420042954177
activation,naturalistic_behavioral,mean_tokens,3,E,16,-0.0005914380444831187,0.029208506034413943,0.2539360780858047,-0.002649872148520741,0.02118416937097141,0.0020584341040376223
activation,naturalistic_behavioral,mean_tokens,3,A,16,0.031905713914969484,0.01650067816032695,0.5268611526486551,-0.0028129470074801776,0.02398311066809247,0.034718660922449664
activation,naturalistic_behavioral,mean_tokens,3,N,16,0.043254709558302656,0.034476090372231115,0.6314095174620089,-0.002020747922473134,0.024155549721021345,0.04527545748077579
activation,naturalistic_behavioral,mean_tokens,4,O,16,-0.0008856218875279894,0.017638575478888023,-0.02033588288956123,-9.509823074465841e-05,0.017191019586401218,-0.0007905236567833311
activation,naturalistic_behavioral,mean_tokens,4,C,16,0.004862826203470896,0.02210005309653821,0.3036292667100042,0.0003618010847451225,0.021013432630273273,0.004501025118725774
activation,naturalistic_behavioral,mean_tokens,4,E,16,-0.001579701357334018,0.01022806386156792,0.21958119035821222,-0.0031998264638819513,0.0172511318402551,0.0016201251065479333
activation,naturalistic_behavioral,mean_tokens,4,A,16,0.030683274448180167,0.01698299382386855,0.4733003716866289,0.0007780927283675443,0.021526649845422834,0.029905181719812622
activation,naturalistic_behavioral,mean_tokens,4,N,16,0.044983064961774594,0.0334906052415179,0.529825212100016,-0.0016149803151544067,0.01703262632569685,0.046598045276929
activation,naturalistic_behavioral,mean_tokens,5,O,16,-0.0010579301564698626,0.0119456514939407,-0.04078813740507838,-0.002778749187121411,0.015346989855579782,0.0017208190306515483
activation,naturalistic_behavioral,mean_tokens,5,C,16,0.004780146622518713,0.0061540690570271814,0.2664198241022037,0.005553493635930389,0.024294566183934576,-0.000773347013411676
activation,naturalistic_behavioral,mean_tokens,5,E,16,0.0004004535671167884,0.021397601973453417,0.2432928866897094,-0.00015459899648081408,0.01683533505510089,0.0005550525635976025
activation,naturalistic_behavioral,mean_tokens,5,A,16,0.028974290427235917,0.01711058573178567,0.46117332257066934,0.001900456525720047,0.023671644001062538,0.02707383390151587
activation,naturalistic_behavioral,mean_tokens,5,N,16,0.04217326687831865,0.029127419842094583,0.49154000484302585,0.001639400626314198,0.01895232377181942,0.04053386625200445
activation,naturalistic_behavioral,mean_tokens,6,O,16,0.0010021355771809052,0.012343781661013388,-0.017862193378670028,-0.00013540638754448096,0.01539017920005376,0.001137541964725386
activation,naturalistic_behavioral,mean_tokens,6,C,16,0.0034688948417181424,0.004892931394834571,0.25024561760490743,0.00014520385650749077,0.016973023444046532,0.0033236909852106516
activation,naturalistic_behavioral,mean_tokens,6,E,16,0.0015814250972989625,0.010281388596496674,0.24373289538212192,0.00048631184281447794,0.016528314157361106,0.0010951132544844847
activation,naturalistic_behavioral,mean_tokens,6,A,16,0.031717487386791664,0.014116602361391983,0.4665157987129702,-0.00039771967894739813,0.014774201787602416,0.03211520706573906
activation,naturalistic_behavioral,mean_tokens,6,N,16,0.03145115835919254,0.025760909423702363,0.4313668891546766,0.0025036284455688747,0.019015103229300726,0.028947529913623662
activation,naturalistic_behavioral,mean_tokens,7,O,16,0.0014124672908714358,0.011460723255494895,-0.004370656699009726,-0.0012052560550073063,0.014022565715377619,0.002617723345878742
activation,naturalistic_behavioral,mean_tokens,7,C,16,0.0026168395463617173,0.008674395129063503,0.2542223856028611,-0.0025795580241416848,0.013667969074271723,0.005196397570503402
activation,naturalistic_behavioral,mean_tokens,7,E,16,0.001599809903221064,0.009032986736214891,0.2514163601597409,0.0012652421501035249,0.01570766381074803,0.00033456775311753906
activation,naturalistic_behavioral,mean_tokens,7,A,16,0.02877700246325815,0.02099533240620833,0.47196101527756257,0.0012291345834042047,0.017460875819609752,0.027547867879853947
activation,naturalistic_behavioral,mean_tokens,7,N,16,0.02088988799993443,0.004507987735011203,0.38644772092937846,0.0012632926059795296,0.014364112268847673,0.0196265953939549
activation,naturalistic_behavioral,mean_tokens,8,O,16,-0.0002948623809173323,0.00607258576021266,-0.01458144126522783,0.0026001023460368033,0.016285071373550147,-0.0028949647269541356
activation,naturalistic_behavioral,mean_tokens,8,C,16,0.0069312744747939145,0.01204590592151037,0.2677227712163204,0.002622563423911581,0.016160008831685495,0.004308711050882334
activation,naturalistic_behavioral,mean_tokens,8,E,16,-0.001116272631774425,-0.0018234496390687359,0.24353586659257057,0.0005461885324346529,0.014740792687190049,-0.0016624611642090778
activation,naturalistic_behavioral,mean_tokens,8,A,16,0.025117832635307345,0.012956260294502753,0.4131051272609934,0.0023231365314522107,0.013878606239394615,0.022794696103855133
activation,naturalistic_behavioral,mean_tokens,8,N,16,0.016608612562627852,-0.0012389781036373365,0.35021360906043314,9.17965751731904e-05,0.012125437275421392,0.01651681598745466
activation,naturalistic_behavioral,mean_tokens,9,O,16,-0.0009041291783343568,0.010440771891395716,-0.005749787794494952,0.0008198298986387319,0.012096504445400882,-0.0017239590769730887
activation,naturalistic_behavioral,mean_tokens,9,C,16,0.010073841674442119,0.013316139569370132,0.25855567839778243,-2.6857932939882476e-05,0.013330321117146177,0.010100699607382002
activation,naturalistic_behavioral,mean_tokens,9,E,16,-0.0020211514979709163,-0.0025487782098289344,0.21307592658899735,0.0033252845568589834,0.01453317052602312,-0.0053464360548299
activation,naturalistic_behavioral,mean_tokens,9,A,16,0.01648973450889731,0.012938211987542417,0.3352993207675191,-0.0013004103415077636,0.011664129392955538,0.017790144850405074
activation,naturalistic_behavioral,mean_tokens,9,N,16,0.012345917557015806,0.007794119956520943,0.2996255856607962,-0.0012167002962950742,0.012334831975977354,0.013562617853310881
activation,naturalistic_behavioral,mean_tokens,10,O,16,-0.000888796019790399,0.012014751731650786,-0.03346055979071852,-0.000899844444319397,0.00956007089784646,1.1048424528998049e-05
activation,naturalistic_behavioral,mean_tokens,10,C,16,0.009753541804212486,0.007603984163310094,0.22192148731294087,0.0030766605442400434,0.014151726324408562,0.006676881259972442
activation,naturalistic_behavioral,mean_tokens,10,E,16,0.00019242141136211708,-0.004304934983962758,0.21397386997098983,0.001356439971057804,0.012245986042841907,-0.0011640185596956869
activation,naturalistic_behavioral,mean_tokens,10,A,16,0.02124048960211648,0.012891776124837391,0.3560150885991182,0.00017197972175034986,0.011364006307291738,0.02106850988036613
activation,naturalistic_behavioral,mean_tokens,10,N,16,0.01254910134504578,0.011400982272654465,0.26778977715067653,-0.0014413121156576086,0.009320860284196198,0.013990413460703389
activation,naturalistic_behavioral,mean_tokens,11,O,16,0.00345498914310359,0.016667560535656496,0.02659530211385839,-0.0005734567143623531,0.011366867163952878,0.004028445857465943
activation,naturalistic_behavioral,mean_tokens,11,C,16,0.007742927853668016,0.019520354158828065,0.22228156812427965,-0.0010012842312991466,0.009123978368350664,0.008744212084967163
activation,naturalistic_behavioral,mean_tokens,11,E,16,0.0011626312866151141,-0.006131687691464561,0.1791290802758045,0.0018071774719561182,0.012747045695932172,-0.000644546185341004
activation,naturalistic_behavioral,mean_tokens,11,A,16,0.018245225753838922,0.016039631958745883,0.32409953904254846,0.0001948518876425487,0.010894609416918024,0.018050373866196373
activation,naturalistic_behavioral,mean_tokens,11,N,16,0.013042898396673611,0.0015044425833090477,0.2537366127744516,0.0009028130678370893,0.011612359278908795,0.012140085328836522
activation,naturalistic_behavioral,mean_tokens,12,O,16,0.0064891151586058,0.013706345150488838,0.048890204849101955,0.0006148301414270153,0.012843352828213007,0.005874285017178784
activation,naturalistic_behavioral,mean_tokens,12,C,16,0.008478609968432528,0.017168207166084068,0.23326119814728755,-0.0013161470581850199,0.01093656981627896,0.009794757026617548
activation,naturalistic_behavioral,mean_tokens,12,E,16,0.001616389132575524,-0.008287938003218927,0.16954950783704678,0.00047592412785753616,0.01006899271042944,0.001140465004717988
activation,naturalistic_behavioral,mean_tokens,12,A,16,0.016912423565402925,0.012691842622063165,0.3014635823899673,-0.0007163262293211695,0.01031587107728545,0.017628749794724095
activation,naturalistic_behavioral,mean_tokens,12,N,16,0.01187860355276906,0.009448966237200953,0.2745357990619713,0.0014221835266658592,0.012994996416182725,0.0104564200261032
activation,naturalistic_behavioral,mean_tokens,13,O,16,0.005297735573554713,0.009099323469250058,0.05686501199545639,0.0010277175976368806,0.009626118252016851,0.004270017975917832
activation,naturalistic_behavioral,mean_tokens,13,C,16,0.011680502436100328,0.032151441507594,0.23599703674148362,0.000642060833140502,0.011301704457078468,0.011038441602959826
activation,naturalistic_behavioral,mean_tokens,13,E,16,0.001276498083155496,-0.008625989213663556,0.1599863063649299,0.0016527619545047825,0.012093352582915901,-0.0003762638713492865
activation,naturalistic_behavioral,mean_tokens,13,A,16,0.022509500753470954,0.01853615310299208,0.32150729358772207,0.00016556680568646502,0.010363862817418404,0.02234393394778449
activation,naturalistic_behavioral,mean_tokens,13,N,16,0.012448029870660815,0.004060631408466286,0.24657711225557757,-0.0009946756724372216,0.01105275676320623,0.013442705543098036
activation,naturalistic_behavioral,mean_tokens,14,O,16,0.006695586543488586,0.010979154798199903,0.05149421429648677,-0.0002043997905532935,0.01062810273189311,0.0068999863340418795
activation,naturalistic_behavioral,mean_tokens,14,C,16,0.012640304360851855,0.024549553027445943,0.21799132971973376,-0.000836097474368505,0.01063273695436987,0.01347640183522036
activation,naturalistic_behavioral,mean_tokens,14,E,16,6.191340075954893e-05,-0.004813485814928416,0.1423804022257706,-0.0012817048554702398,0.009791004305201755,0.0013436182562297887
activation,naturalistic_behavioral,mean_tokens,14,A,16,0.019590996713122956,0.012310427085666847,0.27832677704119935,0.000282559064811518,0.010571051554143313,0.019308437648311437
activation,naturalistic_behavioral,mean_tokens,14,N,16,0.012492922722998661,0.0010455604858649597,0.22866376916515083,0.00033727294085483117,0.009885997834174664,0.01215564978214383
activation,naturalistic_behavioral,mean_tokens,15,O,16,0.006914409435695308,0.006155548823063907,0.03986186705754931,-0.0006488419020285583,0.008723995562570646,0.007563251337723866
activation,naturalistic_behavioral,mean_tokens,15,C,16,0.012825902001705579,0.017902753547253982,0.18879127830003975,0.00031506716005454084,0.010351029687657163,0.012510834841651037
activation,naturalistic_behavioral,mean_tokens,15,E,16,0.0005745448888138003,-0.004837161144315227,0.14730379797205248,0.00022752914686031123,0.0093264181084086,0.0003470157419534891
activation,naturalistic_behavioral,mean_tokens,15,A,16,0.017276860863431262,0.014574946568069038,0.21345898880985537,0.0010798670430681003,0.010399414038613355,0.016196993820363163
activation,naturalistic_behavioral,mean_tokens,15,N,16,0.015018003051923608,0.0009446857425844195,0.20531967068014223,0.0002943607620019119,0.01072815574021924,0.014723642289921696
activation,naturalistic_behavioral,mean_tokens,16,O,16,0.0055036450537590716,-0.003600108265279959,0.024186621393619046,-0.0003928886016705703,0.008462575153944489,0.005896533655429642
activation,naturalistic_behavioral,mean_tokens,16,C,16,0.013190022077827058,0.018091525196115628,0.2012694602810802,-1.196957352287277e-05,0.009464312669086577,0.01320199165134993
activation,naturalistic_behavioral,mean_tokens,16,E,16,-0.000295474969275263,-0.006009914331500561,0.151257393888534,8.437650858558617e-05,0.008796601369590257,-0.0003798514778608492
activation,naturalistic_behavioral,mean_tokens,16,A,16,0.01886413725149114,0.018948569461080377,0.2293438853183529,-8.58876488377104e-05,0.010183626119116792,0.01895002490032885
activation,naturalistic_behavioral,mean_tokens,16,N,16,0.012413009229287446,0.004864455009826494,0.1855217600116354,0.0018571904999385863,0.010069218823815196,0.010555818729348859
activation,naturalistic_behavioral,mean_tokens,17,O,16,0.009627870480134065,0.009666318808250682,0.06805732901647898,0.0013908204285654486,0.008682356830463131,0.008237050051568617
activation,naturalistic_behavioral,mean_tokens,17,C,16,0.013127303096582221,0.014204432577009483,0.18331199824589012,-0.0003377418769505641,0.009302746961951758,0.013465044973532785
activation,naturalistic_behavioral,mean_tokens,17,E,16,-0.0011370160743993847,-0.008812976661998638,0.12686591190789448,0.0003314254886362283,0.008985145997358042,-0.001468441563035613
activation,naturalistic_behavioral,mean_tokens,17,A,16,0.015205552786615088,0.016387726248323378,0.16778854884818367,8.830893769937145e-05,0.009060920942412258,0.015117243848915716
activation,naturalistic_behavioral,mean_tokens,17,N,16,0.009649158753078861,0.002463741091152852,0.1538474690186714,-0.000832155258940968,0.008039688951883409,0.01048131401201983
activation,naturalistic_behavioral,mean_tokens,18,O,16,0.012382679190572753,0.009951270739556067,0.07108214845761612,0.0004660349949960688,0.010524019532810036,0.011916644195576684
activation,naturalistic_behavioral,mean_tokens,18,C,16,0.013468073402010035,0.023216365309824363,0.16977156177295546,4.541222582272707e-06,0.008511275334393394,0.013463532179427763
activation,naturalistic_behavioral,mean_tokens,18,E,16,-0.002213349191518003,-0.007996052266799907,0.11854512085624816,0.0005194271026594286,0.008236761007659264,-0.0027327762941774317
activation,naturalistic_behavioral,mean_tokens,18,A,16,0.016867900145817686,0.021310978522572306,0.1580036229314391,-0.0016115342295441942,0.010425938316227568,0.01847943437536188
activation,naturalistic_behavioral,mean_tokens,18,N,16,0.010903270993409663,0.01102116366193365,0.16835563675854168,0.0023448044318051847,0.009838891722440683,0.008558466561604479
activation,naturalistic_behavioral,mean_tokens,19,O,16,0.012848270317975582,0.015430909797607802,0.0890848824479045,-0.0006998155632557124,0.010220911053024861,0.013548085881231294
activation,naturalistic_behavioral,mean_tokens,19,C,16,0.012129001008444391,0.025206129161080594,0.17310441999112042,-0.0005320530225764815,0.008797684797383474,0.012661054031020873
activation,naturalistic_behavioral,mean_tokens,19,E,16,-0.0023741708026240723,-0.012990714911711835,0.1259202626758516,0.0005164684581612972,0.01181847237738463,-0.0028906392607853694
activation,naturalistic_behavioral,mean_tokens,19,A,16,0.016990332973109465,0.01787300043130425,0.1544241269651268,-0.0004271138733158451,0.010774642765444431,0.01741744684642531
activation,naturalistic_behavioral,mean_tokens,19,N,16,0.009928596090385506,0.01171576532140774,0.1570022808071087,-0.0009867196442008281,0.009455204170859327,0.010915315734586335
activation,naturalistic_behavioral,mean_tokens,20,O,16,0.014739244285927476,0.02233041747506361,0.10368486979265111,-0.0003083569118242022,0.009824250171768778,0.015047601197751679
activation,naturalistic_behavioral,mean_tokens,20,C,16,0.012999806692708652,0.012703314071562121,0.18241713797976825,-0.000563545426309148,0.010000717193755962,0.0135633521190178
activation,naturalistic_behavioral,mean_tokens,20,E,16,-0.0019668965890301472,-0.01022031734022582,0.13492164618795163,-0.0015530843265487801,0.008732233065010296,-0.0004138122624813671
activation,naturalistic_behavioral,mean_tokens,20,A,16,0.018156496330598723,0.016838723825406555,0.14770608503345933,-0.00024217328895077014,0.011111483454203984,0.018398669619549494
activation,naturalistic_behavioral,mean_tokens,20,N,16,0.0108503774006614,0.006063638269913869,0.15228926233804382,-0.0007100299077200157,0.009032859916138638,0.011560407308381416
activation,naturalistic_behavioral,mean_tokens,21,O,16,0.016504722094867346,0.024625554177308003,0.10172294329505052,-0.0018809114465545857,0.01052534783864721,0.018385633541421934
activation,naturalistic_behavioral,mean_tokens,21,C,16,0.015292459444522961,0.028901128832582397,0.16352752757701927,0.0003674276337228996,0.010011018019651492,0.014925031810800063
activation,naturalistic_behavioral,mean_tokens,21,E,16,-0.002969179237211614,-0.011188584771930056,0.13220004698931537,0.001238230205358517,0.010959463927467107,-0.00420740944257013
activation,naturalistic_behavioral,mean_tokens,21,A,16,0.017990285507899575,0.015996282469715434,0.1298279681818563,-0.0008538862207769908,0.009521979183452652,0.018844171728676567
activation,naturalistic_behavioral,mean_tokens,21,N,16,0.010072904978458048,0.009379484774854556,0.12287503690332731,-0.0019461520124476595,0.008466091684639677,0.012019056990905707
activation,naturalistic_behavioral,mean_tokens,22,O,16,0.01594750527769623,0.026128712156869228,0.09462082766399142,-0.00014874563159785264,0.010112304162311365,0.016096250909294084
activation,naturalistic_behavioral,mean_tokens,22,C,16,0.014319418477780359,0.031086920837103522,0.15478141790332503,0.0005162664251303785,0.009680259240415948,0.01380315205264998
activation,naturalistic_behavioral,mean_tokens,22,E,16,-0.0028101241912804314,-0.014845027878457201,0.12119153278366211,-0.000929677124114689,0.0088515975752146,-0.0018804470671657425
activation,naturalistic_behavioral,mean_tokens,22,A,16,0.020028679942857227,0.019917813555585216,0.1324517375504506,0.0004435282662115635,0.010130729962051152,0.019585151676645665
activation,naturalistic_behavioral,mean_tokens,22,N,16,0.008539328627378532,0.0037377855736727,0.10150846940459238,0.0009654342024695496,0.01020447380413027,0.007573894424908982
activation,naturalistic_behavioral,mean_tokens,23,O,16,0.014377772998509434,0.02722810872667141,0.0813916443810877,-0.0003843373264595637,0.010993156394086951,0.014762110324968998
activation,naturalistic_behavioral,mean_tokens,23,C,16,0.012898220166300139,0.024376104116849758,0.1336577028768818,0.0001517606587565725,0.010167582798857905,0.012746459507543566
activation,naturalistic_behavioral,mean_tokens,23,E,16,-0.0035815802580666843,-0.016219010345748772,0.10842065883015828,0.0019256159393911604,0.010951704088883046,-0.005507196197457845
activation,naturalistic_behavioral,mean_tokens,23,A,16,0.020258633664455912,0.02605657332557252,0.1043329863485896,-0.0004244897444437546,0.010484236652385329,0.020683123408899665
activation,naturalistic_behavioral,mean_tokens,23,N,16,0.011144149293863646,0.013910704180251289,0.11432519801939371,0.0010223803539383858,0.010053429908550179,0.01012176893992526
activation,naturalistic_behavioral,mean_tokens,24,O,16,0.012165387059710129,0.023698081088243304,0.05427559286746603,0.0004129020403961824,0.009318275657814538,0.011752485019313946
activation,naturalistic_behavioral,mean_tokens,24,C,16,0.012007899219881062,0.02288072973243334,0.11816149433832678,-0.00011305108773786016,0.00908799135449876,0.012120950307618922
activation,naturalistic_behavioral,mean_tokens,24,E,16,-0.0030216133294998357,-0.016515171695377,0.09760112127578967,-0.00040290355147893606,0.010208703619132314,-0.0026187097780208998
activation,naturalistic_behavioral,mean_tokens,24,A,16,0.02143007390250135,0.02827424669325077,0.11075003234406759,0.001227432721918438,0.009259973221116694,0.02020264118058291
activation,naturalistic_behavioral,mean_tokens,24,N,16,0.012491426472437957,0.014452988526633893,0.12150820714715808,0.0002506254465258152,0.011061551031063403,0.012240801025912141
activation,naturalistic_behavioral,mean_tokens,25,O,16,0.011877703314802458,0.02166835446863448,0.0385454158924363,-0.00024364585074399033,0.00822148046706042,0.012121349165546448
activation,naturalistic_behavioral,mean_tokens,25,C,16,0.013262694909076228,0.025433072047832427,0.11159644464027736,1.438451744161602e-05,0.008985077341711655,0.013248310391634611
activation,naturalistic_behavioral,mean_tokens,25,E,16,-0.0013655741821489195,-0.017744294790225497,0.10445412316493183,-0.0005488758112689039,0.00773026891483918,-0.0008166983708800155
activation,naturalistic_behavioral,mean_tokens,25,A,16,0.020733054937839866,0.024165321040697123,0.09773447674125658,0.00013551836471164025,0.010608081218120333,0.020597536573128225
activation,naturalistic_behavioral,mean_tokens,25,N,16,0.010106977773297185,0.009179899220379586,0.11181651020480052,0.0005746990082897117,0.010440770210571312,0.009532278765007472
activation,naturalistic_behavioral,mean_tokens,26,O,16,0.008888943298233355,0.02028015040457128,0.010039498919711343,-0.0004792139475921772,0.009212906513172057,0.009368157245825532
activation,naturalistic_behavioral,mean_tokens,26,C,16,0.01288099250344858,0.023895819403301946,0.09862592058787427,0.0006945305100806185,0.00896270108189416,0.012186461993367962
activation,naturalistic_behavioral,mean_tokens,26,E,16,-0.00037545333248448963,-0.014805559900555909,0.09668009026271511,-0.000637735574333991,0.00841656365622448,0.0002622822418495014
activation,naturalistic_behavioral,mean_tokens,26,A,16,0.021543499348842435,0.02668790753456514,0.10312804303102105,0.0010081650393054871,0.010250692787088098,0.020535334309536947
activation,naturalistic_behavioral,mean_tokens,26,N,16,0.010807083494731624,0.017429022290878234,0.1159623611382405,0.001187923090944702,0.010416901499365585,0.009619160403786922
activation,naturalistic_behavioral,mean_tokens,27,O,16,0.007208163339617855,0.012373261575806146,-0.002530764881699944,-0.0007644569188047114,0.008557590641990968,0.007972620258422566
activation,naturalistic_behavioral,mean_tokens,27,C,16,0.01278679872172592,0.01906216822979285,0.09080098572521297,-0.0010004463264532432,0.009227037600026628,0.013787245048179164
activation,naturalistic_behavioral,mean_tokens,27,E,16,-0.0015516758245211447,-0.015806963152233813,0.07503586164866516,-0.0016893732388894942,0.009002329229220422,0.00013769741436834952
activation,naturalistic_behavioral,mean_tokens,27,A,16,0.021036758132147924,0.025143737761038152,0.09970530931252437,0.0015907219512668832,0.009524057800398916,0.01944603618088104
activation,naturalistic_behavioral,mean_tokens,27,N,16,0.009948009248731852,0.019978240240529084,0.10798249813513987,0.0019345938706753834,0.00995059544821867,0.008013415378056468
activation,naturalistic_behavioral,mean_tokens,28,O,16,0.006292152546111992,0.008525112782679497,-0.025489054230776423,-0.0018010870175677533,0.007734901889055782,0.008093239563679746
activation,naturalistic_behavioral,mean_tokens,28,C,16,0.013095820188710885,0.018135084007383118,0.07343166536986377,-0.0001726967903449928,0.007820450120471624,0.013268516979055877
activation,naturalistic_behavioral,mean_tokens,28,E,16,-0.0012537050322633313,-0.013881094151370147,0.05902209825841956,9.735940476399072e-06,0.00820137910440451,-0.0012634409727397304
activation,naturalistic_behavioral,mean_tokens,28,A,16,0.02064393590945114,0.02071261426834483,0.09246687057211575,-0.00028160895680687036,0.007221903309980691,0.02092554486625801
activation,naturalistic_behavioral,mean_tokens,28,N,16,0.010267771062281283,0.016616444186207665,0.09970718959630465,-0.00012087090147000896,0.00929047225717139,0.010388641963751291
activation,naturalistic_behavioral,mean_tokens,29,O,16,0.006711100658771927,0.012140709339361346,-0.0005383216721650813,-0.0011509284128550527,0.009167916387288033,0.00786202907162698
activation,naturalistic_behavioral,mean_tokens,29,C,16,0.01423624766225339,0.012959948803483612,0.09811111227167034,-0.0006446602525195859,0.008116433881959878,0.014880907914772975
activation,naturalistic_behavioral,mean_tokens,29,E,16,-0.0006748389093104955,-0.01215562908551228,0.07077571518057835,0.0006113110246126546,0.008182673146542929,-0.00128614993392315
activation,naturalistic_behavioral,mean_tokens,29,A,16,0.01981261467369549,0.02290802847449224,0.07265124833523158,-0.0006331241612025949,0.007379244523696202,0.020445738834898086
activation,naturalistic_behavioral,mean_tokens,29,N,16,0.014425007548150065,0.024864683093382252,0.11219754066670704,0.0018714069491020113,0.008779051319756042,0.012553600599048054
activation,naturalistic_behavioral,mean_tokens,30,O,16,0.007565953754835348,0.013303821526245704,0.009096388556535037,-0.00019607715836673277,0.007183867165995147,0.007762030913202081
activation,naturalistic_behavioral,mean_tokens,30,C,16,0.02085329221579343,0.021647281467179424,0.14176648573535203,-0.0013160700544425016,0.006632890116495534,0.022169362270235932
activation,naturalistic_behavioral,mean_tokens,30,E,16,0.0089835291657918,0.00018903414008951446,0.13361391860187735,-0.00046750007688240195,0.008249400174798242,0.009451029242674202
activation,naturalistic_behavioral,mean_tokens,30,A,16,0.023804394671758263,0.029928550394692575,0.08930508797409639,-0.0008802984611772616,0.007869790617615243,0.024684693132935524
activation,naturalistic_behavioral,mean_tokens,30,N,16,0.015593308186585523,0.01978995372297896,0.12467190455270889,0.0003230893921411667,0.007832250094102778,0.015270218794444356
activation,naturalistic_behavioral,mean_tokens,31,O,16,0.00998767865473026,0.008280564621154686,-0.003884342576617981,0.0009577920643921733,0.011776014838461909,0.009029886590338087
activation,naturalistic_behavioral,mean_tokens,31,C,16,0.045332642583684225,0.04365336598528283,0.2548915903261066,-0.0009236341069412035,0.01037030563982778,0.04625627669062543
activation,naturalistic_behavioral,mean_tokens,31,E,16,0.03508173623697786,0.03180821710129223,0.2745419422070217,-0.0007818460128823765,0.011188900409074512,0.03586358224986024
activation,naturalistic_behavioral,mean_tokens,31,A,16,0.035088088625785205,0.03569463826996428,0.15693831834913424,0.0018028246929665094,0.012728540586560231,0.03328526393281869
activation,naturalistic_behavioral,mean_tokens,31,N,16,0.017367383809490877,0.022512937324390213,0.14091393087626305,-0.0013101029163551272,0.010897811542337882,0.018677486725846005
logits,ipip_stems,final_token,32,O,16,0.031055196211572142,0.022515489271536564,0.26947766430147657,0.002309266531989941,0.023265979851438256,0.0287459296795822
logits,ipip_stems,final_token,32,C,16,0.08479765984268586,0.07240999520287678,0.5826046374248078,0.00398655418804733,0.020404652112606624,0.08081110565463853
logits,ipip_stems,final_token,32,E,16,0.04713762949232723,0.020279348485489863,0.4280516864589217,0.002557208753606581,0.025377420411462178,0.04458042073872065
logits,ipip_stems,final_token,32,A,16,0.04919651001248688,0.02868040027363665,0.2415023443006472,-0.0038167389579962063,0.020249088755258153,0.05301324897048308
logits,ipip_stems,final_token,32,N,16,0.006841521416582718,0.012026812683070466,0.18272059409373798,0.0029806289341138526,0.025185580119724087,0.003860892482468865
logits,neutral_controls,final_token,32,O,16,0.08027211360160118,0.09687271313450185,0.42468907266740635,-0.00011347687417719104,0.018786698751496144,0.08038559047577837
logits,neutral_controls,final_token,32,C,16,0.11714857611031818,0.13839290226729403,0.5962647486849725,-0.0008950874679622273,0.023189508040837283,0.1180436635782804
logits,neutral_controls,final_token,32,E,16,0.0019102444281458852,0.018049899841004427,-0.1721113276116665,-4.3541848413614586e-05,0.0208179171784928,0.0019537862765595
logits,neutral_controls,final_token,32,A,16,0.06526557863907509,0.019982895458432452,0.5156302162495018,-0.0006494363550813588,0.020351004525173765,0.06591501499415645
logits,neutral_controls,final_token,32,N,16,0.01870691666338365,0.012615541544611534,0.11147430340678863,0.0005207010571400137,0.019921017248476256,0.018186215606243637
logits,naturalistic_behavioral,final_token,32,O,16,0.0021587237063601327,0.007040780757881228,0.03477725974380459,-0.001685811500821169,0.013566058317733257,0.0038445352071813017
logits,naturalistic_behavioral,final_token,32,C,16,0.08429985547586154,0.07798176109434271,0.46104218226577665,0.0011253629149674546,0.013402081845341298,0.08317449256089408
logits,naturalistic_behavioral,final_token,32,E,16,0.023119374363269222,0.015474216267256098,-0.18893882419345437,-0.004818558605743741,0.011910536544698326,0.027937932969012962
logits,naturalistic_behavioral,final_token,32,A,16,0.013570640368287779,0.007379965835452197,0.058889701308154116,-0.0017047453680953603,0.0150752493730655,0.01527538573638314
logits,naturalistic_behavioral,final_token,32,N,16,0.0009584887650590661,0.02023577643031059,-0.004607227884215733,-0.00026621113663833864,0.014867851663242379,0.0012246999016974048
weights,all,none,0,O,16,4.2311686022046376e-05,3.9119792780428594e-05,-0.003088976122282625,5.178145616094254e-05,0.000668875931479616,-9.469770138896165e-06
weights,all,none,0,C,16,0.0022091428761864245,0.0007647031844011607,0.004731995064059857,4.606666559508097e-05,0.0006685781889972505,0.0021630762105913437
weights,all,none,0,E,16,0.001351195280556744,0.000480615147645906,0.008375316269102425,0.00018104933648544592,0.0007226390263288467,0.0011701459440712982
weights,all,none,0,A,16,0.0031527884345153414,0.001608792943414445,0.013029315310314257,2.5127312695680952e-05,0.0005854539848914527,0.0031276611218196606
weights,all,none,0,N,16,0.0018689786728814067,0.0008515861520236467,0.006138319042755412,-3.130332045993028e-05,0.0005726323175031564,0.001900281993341337
weights,all,none,1,O,16,0.00027720272654373023,0.00016497622427670062,-0.0009053011113468093,-3.383936781540656e-05,0.00036847277437933404,0.0003110420943591368
weights,all,none,1,C,16,0.0016848442948711286,0.0005207576269182369,0.0051634923624243045,-8.744986975693239e-05,0.00032192699956013057,0.001772294164628061
weights,all,none,1,E,16,0.000520810018441931,-7.560490583536598e-05,0.004057471776347096,-2.582581713607472e-05,0.00041744480539428056,0.0005466358355780056
weights,all,none,1,A,16,0.0023031394398104975,0.0016963170485498034,0.011897730293575052,4.1635940626990533e-05,0.0004770178700519608,0.002261503499183507
weights,all,none,1,N,16,0.0016035818681709327,0.0011834550559040608,0.007301379051644654,5.3209612169053405e-06,0.0005319230862824262,0.0015982609069540273
weights,all,none,2,O,16,0.00022640285796141896,-0.00010223568320573328,-0.001874819987776894,4.83150477105936e-06,0.0003878415654244919,0.0002215713531903596
weights,all,none,2,C,16,0.001101540060487928,0.0004056593499715725,0.0015422279574520141,9.785016403805066e-06,0.0003645125222620994,0.001091755044084123
weights,all,none,2,E,16,0.0006106854306804345,1.4405998939693834e-05,0.003105561116694676,1.742581656569439e-05,0.00033462802423161396,0.0005932596141147401
weights,all,none,2,A,16,0.002074914168496667,0.0012704800536054417,0.008029027418836385,4.47572627034561e-05,0.00042471490032227206,0.002030156905793211
weights,all,none,2,N,16,0.0017757245305299104,0.0013572974331579918,0.006749842130335929,2.041381122423502e-05,0.0004209842411766033,0.0017553107193056753
weights,all,none,3,O,16,9.648383990457196e-05,-0.00018499268538547933,-0.001582824064598688,1.6450624530175842e-05,0.00038515245432582917,8.003321537439612e-05
weights,all,none,3,C,16,0.0014976078802937077,0.0005063447393608116,0.0037007300267958474,1.3234964930234825e-05,0.00039059558291082707,0.0014843729153634728
weights,all,none,3,E,16,0.0005106553923840775,-1.2965414779391618e-05,0.001740417418433807,1.2962869331774934e-05,0.0004371178787157406,0.0004976925230523026
weights,all,none,3,A,16,0.0018369569061943319,0.0014357277774821337,0.007426484389873633,2.8738409976677158e-05,0.000420345437914961,0.0018082184962176547
weights,all,none,3,N,16,0.0013095940345381276,0.0009066611244171381,0.004592275979331072,-9.153678457781128e-06,0.00035994887174321653,0.0013187477129959087
weights,all,none,4,O,16,9.504700887272281e-05,-7.637533264219596e-05,-0.0011567059319992194,-2.5589025147265894e-05,0.0003277589641080258,0.0001206360340199887
weights,all,none,4,C,16,0.0008673589931394541,0.00022001888656725922,0.0007743507446761776,-3.663975493062106e-05,0.00033130636944096335,0.0009039987480700751
weights,all,none,4,E,16,0.0003888378567922826,-8.162908776185442e-05,0.0020000594607683018,1.5365968445512304e-05,0.0004180955601689153,0.0003734718883467703
weights,all,none,4,A,16,0.0017780738332513859,0.001286369455437737,0.006590649026843896,4.740549414699225e-05,0.0004046903028496666,0.0017306683391043935
weights,all,none,4,N,16,0.001351143565192348,0.0007620677561362853,0.003794936173032174,-2.7288750846035256e-05,0.00035124392558364483,0.0013784323160383831
weights,all,none,5,O,16,0.00012249692522312485,-5.481969339888394e-05,-0.0027729728099513506,-1.5030280576590989e-06,0.0003604932735024205,0.00012399995328078394
weights,all,none,5,C,16,0.0013267427737379746,0.000669359188719224,0.0028206377408242144,-6.670275155629174e-05,0.0002943822667027097,0.0013934455252942663
weights,all,none,5,E,16,0.0005894712729028923,0.0002579057288357844,0.004443004711620239,7.928881069591376e-06,0.0003532232187970956,0.0005815423918333009
weights,all,none,5,A,16,0.0017683009731132996,0.0010826329445031146,0.006606440925539669,1.4796952921218664e-05,0.00034373309169652975,0.001753504020192081
weights,all,none,5,N,16,0.0012150697780166767,0.0010017455864205773,0.004503279070545157,-4.736136131335596e-05,0.0003208260513976806,0.0012624311393300326
weights,all,none,6,O,16,0.00021143885472845933,-4.979891327674458e-05,-0.000701845140132197,-1.585784043298584e-05,0.00033101203408013714,0.00022729669516144516
weights,all,none,6,C,16,0.0010734116716281266,0.00037086395718166664,0.0017711908449197893,8.276522717524519e-05,0.00038080998308030793,0.0009906464444528814
weights,all,none,6,E,16,0.0005957823345835732,0.0003019280333153951,0.0033854376656201643,3.6902598442438826e-05,0.0003400958231063953,0.0005588797361411344
weights,all,none,6,A,16,0.0016634506321071385,0.0011829079086518998,0.007513326531921261,3.951463824260524e-05,0.0003189621197203572,0.0016239359938645332
weights,all,none,6,N,16,0.001023996764317639,0.0006061026105251076,0.004558587193840841,-1.2536674584844292e-05,0.0002946454448922448,0.0010365334389024832
weights,all,none,7,O,16,-0.0001580788799994839,-0.0001734244222709327,-0.002438291248617948,-6.747511219799924e-06,0.00028179451284784934,-0.00015133136877968397
weights,all,none,7,C,16,0.0009300041775602789,0.000561178833465892,0.0015213525465763529,-4.8878239617011314e-05,0.00029464083394670546,0.0009788824171772903
weights,all,none,7,E,16,0.00036254334154933303,-1.1472913298879537e-05,0.002362270132845639,5.929092673157051e-06,0.00032567040248180295,0.00035661424887617596
weights,all,none,7,A,16,0.0016488913068500718,0.001129531127519266,0.006683156453213207,1.750238226176697e-05,0.0003317135118259883,0.001631388924588305
weights,all,none,7,N,16,0.0007497659531283997,0.0006351429502632352,0.0024055284552370916,6.3473967778827295e-06,0.00028802575093533173,0.0007434185563505169
weights,all,none,8,O,16,0.0001476964004595346,0.00014317526235221048,-0.0004825487078505912,6.337486381872982e-05,0.00042919165177712694,8.432153664080477e-05
weights,all,none,8,C,16,0.0011120570931158723,0.0002547448452993844,0.002352531610397683,-3.338805967910835e-06,0.00028643788604707757,0.001115395899083783
weights,all,none,8,E,16,0.00025180532968516325,-2.2390828749198625e-05,0.0022265087724608118,-8.1449426875585e-06,0.0003146983815488299,0.00025995027237272176
weights,all,none,8,A,16,0.0015869311149330331,0.0009103719252664343,0.007041651080298108,-9.463409704849696e-06,0.00032851849895157794,0.0015963945246378827
weights,all,none,8,N,16,0.0009025828964325787,0.000861598821665841,0.003328658938834296,-3.952427888133724e-05,0.00029076599087820665,0.000942107175313916
weights,all,none,9,O,16,-2.845915292812684e-05,-8.473061766289096e-05,-0.00275965877437787,-1.8197026148210715e-05,0.00025124158915108434,-1.0262126779916126e-05
weights,all,none,9,C,16,0.0007396277171242429,0.00033883151776598666,-0.00020055821644902975,-2.3172608197407457e-05,0.0002552819907174466,0.0007628003253216504
weights,all,none,9,E,16,0.00023549071636873268,-6.204700002564337e-05,0.0015336659419625002,7.107728707077397e-06,0.0003318053907096134,0.0002283829876616553
weights,all,none,9,A,16,0.0012258207732819939,0.0005548710849156452,0.0049099153165355095,-1.281742568935793e-05,0.00020429214905184136,0.0012386381989713518
weights,all,none,9,N,16,0.0008586255192526959,0.000846753918436458,0.0030825952033303283,6.72651666543964e-06,0.0002630847136475627,0.0008518990025872562
weights,all,none,10,O,16,7.083428967732432e-05,7.517525016440713e-05,-0.0016387410890920647,5.431976419678845e-05,0.0003083867462782607,1.6514525480535866e-05
weights,all,none,10,C,16,0.0007903231938847874,0.0005349562088222859,0.0004559644756629531,4.394846948491289e-05,0.0003167538787023192,0.0007463747243998745
weights,all,none,10,E,16,0.00024780897323435153,-9.797898073395167e-06,0.0020997841849599345,1.908800526533269e-05,0.00028598687018968334,0.00022872096796901884
weights,all,none,10,A,16,0.0013435202025994944,0.0009536060261967944,0.005239017833687431,-3.581537982249443e-05,0.00022732585713044177,0.0013793355824219889
weights,all,none,10,N,16,0.0007609081245122942,0.0005206780811207168,0.00279015354756932,-2.7555782658961433e-05,0.0002448588077398465,0.0007884639071712556
weights,all,none,11,O,16,5.255174921247707e-05,-0.0002099297146833813,-0.0028460070209870513,7.403518518503199e-06,0.0002883474900000997,4.5148230693973875e-05
weights,all,none,11,C,16,0.0007669323179591134,0.0004862641673437987,0.00015634918946234814,2.899873027935303e-05,0.00028507482861885996,0.0007379335876797603
weights,all,none,11,E,16,0.00037563975763625705,-9.002530051826405e-05,0.0011659684403463322,-2.726734644439709e-05,0.00024074464595068832,0.0004029071040806541
weights,all,none,11,A,16,0.0012343102419709285,0.0005664749367015753,0.004411200221214422,-9.242985691310594e-06,0.0002714506926152711,0.001243553227662239
weights,all,none,11,N,16,0.0010211593825951366,0.0007230727714115455,0.004800905912630203,-1.2561657742041473e-05,0.0003066188341100483,0.001033721040337178
weights,all,none,12,O,16,5.7083553019636583e-05,4.757027031152873e-05,-0.001723297802255171,-6.15586852089448e-06,0.0002412579374762527,6.323942154053106e-05
weights,all,none,12,C,16,0.0006751044165188566,0.000267257402935029,1.1523186834207817e-05,-1.0065034957681925e-06,0.00022517728969834587,0.0006761109200146248
weights,all,none,12,E,16,0.00030730400398105447,4.4565182838454315e-05,0.0013096454748712095,1.0127160182286832e-05,0.0002877139524460587,0.00029717684379876764
weights,all,none,12,A,16,0.001095226656910045,0.0005687031604013906,0.00492566588127317,-1.9074189755428056e-05,0.00029114948022875004,0.001114300846665473
weights,all,none,12,N,16,0.0009998821943952728,0.0008078098253583866,0.004589640146567365,1.5932684366881622e-05,0.0002569163350197511,0.000983949510028391
weights,all,none,13,O,16,0.00012674882211031937,3.0780758662143876e-05,-0.0012219889092733602,1.4171460615025804e-05,0.00019308281447569692,0.00011257736149529357
weights,all,none,13,C,16,0.0006622200339398737,0.0003354339998874244,0.001325643365188795,1.233322420592362e-05,0.0002325758407075889,0.0006498868097339502
weights,all,none,13,E,16,0.0002286610962820918,-1.5588439089297e-05,0.0012393041064160228,-1.101811096367292e-05,0.0002357900466279412,0.0002396792072457647
weights,all,none,13,A,16,0.0011681405977231182,0.0009685129912293128,0.00446287752555348,9.48728703931639e-07,0.00021703622131198096,0.0011671918690191866
weights,all,none,13,N,16,0.0006809697260139093,0.0006788977306894236,0.003272864127053737,3.898299678980628e-06,0.0002546480388326464,0.0006770714263349286
weights,all,none,14,O,16,9.978824954700266e-06,-2.685632523108327e-05,-0.000685090606731937,6.061422507209467e-06,0.00022434321263631866,3.9174024474908e-06
weights,all,none,14,C,16,0.00045729157992312127,0.00023221082822397996,7.440378552148942e-05,-3.227977276053409e-05,0.00016619633031795432,0.0004895713526836553
weights,all,none,14,E,16,0.00030730330842393617,0.00023593440153228538,0.001227867898461679,-8.891230361318952e-06,0.00018737449270018482,0.00031619453878525513
weights,all,none,14,A,16,0.0009403543707920027,0.0005308470759120207,0.0032434443511245026,-1.0537361830255773e-05,0.0002427564754206729,0.0009508917326222585
weights,all,none,14,N,16,0.0006566639874772252,0.0003892867414850026,0.003231873078358895,-1.465368947629037e-05,0.00017901064751003754,0.0006713176769535156
weights,all,none,15,O,16,-1.6854362790371473e-05,-0.00026701108922755725,-0.00300132448626972,-3.312816121264373e-05,0.00017257645753740686,1.6273798422272258e-05
weights,all,none,15,C,16,0.0005579322666549524,0.00010243780894922115,-0.0008249619855823021,-5.145573062230473e-06,0.00020335087791971133,0.0005630778397171829
weights,all,none,15,E,16,0.00026742426336436254,-0.00016904138177251774,0.001090070887975566,-2.0695389794017055e-05,0.00021746436706279035,0.0002881196531583796
weights,all,none,15,A,16,0.0010862592683723755,0.0007249091134143147,0.004772665301477268,-2.6212563765111264e-05,0.00018770403023692686,0.0011124718321374868
weights,all,none,15,N,16,0.0006948238406491776,0.00037610512092424713,0.0030908720919422075,-2.3257590212254813e-05,0.00019945318160356383,0.0007180814308614323
weights,all,none,16,O,16,0.00011476687064938038,1.811140050452002e-05,-0.0020095737858870488,3.9725471504034365e-06,0.00022894621653965372,0.00011079432349897695
weights,all,none,16,C,16,0.0006564143547682584,0.00039417150920014463,0.0004934606584215172,1.7892656524169963e-05,0.00023692663887208326,0.0006385216982440885
weights,all,none,16,E,16,0.0002570979005987186,2.4601160385661505e-05,0.001393704597832319,8.570258266072973e-06,0.00024047609438802362,0.00024852764233264564
weights,all,none,16,A,16,0.0010486053759936058,0.0006268218884233434,0.004730322947504434,1.7020010773325045e-05,0.0001850502645383515,0.0010315853652202807
weights,all,none,16,N,16,0.0009276330370949028,0.0006947598770283914,0.003761425709880881,3.5072152087145434e-05,0.0002042836858774697,0.0008925608850077573
weights,all,none,17,O,16,-9.247254714227835e-05,-0.0001504557863815757,-0.0025133445757927527,-2.9215676616562102e-05,0.00017443827921530608,-6.325687052571624e-05
weights,all,none,17,C,16,0.00039515444652418345,0.00019359643297942172,4.8682652758214044e-05,2.379690749752039e-06,0.000202765624996536,0.0003927747557744314
weights,all,none,17,E,16,0.0001299418026494016,-3.959963125883679e-05,0.001004604371181953,-1.599438943838918e-05,0.00016932126251443453,0.00014593619208779076
weights,all,none,17,A,16,0.0010306649890595473,0.0007415749445595796,0.004618230176620625,2.2261761247180854e-05,0.00017535044404169594,0.0010084032278123664
weights,all,none,17,N,16,0.000612346626510774,0.00029414467524921855,0.0026821575915006693,4.463023374483164e-06,0.00018196197441162454,0.0006078836031362908
weights,all,none,18,O,16,8.192198762319148e-06,-1.6558399039764312e-05,-0.001148830153649601,-1.2526206766215718e-05,0.00016736890468734618,2.0718405528534866e-05
weights,all,none,18,C,16,0.00034510353229428903,0.0001740145682191655,0.00020982660495939934,8.318448501207936e-06,0.0001748004644619397,0.00033678508379308107
weights,all,none,18,E,16,0.00013544724519899825,-1.980614637477815e-05,0.00043131059508167097,-1.8506297058198202e-05,0.00018875776901278843,0.00015395354225719644
weights,all,none,18,A,16,0.0009146348318580282,0.0006264265422619646,0.003945968876725707,-1.0681413666707386e-05,0.0001814413471823539,0.0009253162455247356
weights,all,none,18,N,16,0.0005699629402089477,0.00038677418071808947,0.0027072278969051565,2.6531998102733107e-08,0.00016886283270345343,0.000569936408210845
weights,all,none,19,O,16,-8.615535582760598e-05,-0.00010104605482837542,-0.0015121551330616694,4.438362877680526e-06,0.00020078015061753435,-9.05937187052865e-05
weights,all,none,19,C,16,0.00048259665094742266,0.0002853602361845522,0.00030454503910554024,9.488551358270962e-06,0.0001921947652315144,0.0004731080995891517
weights,all,none,19,E,16,0.00013246692676567787,1.761094472340462e-05,0.0013262916637698167,-3.544526101071648e-05,0.00016740313526018163,0.00016791218777639436
weights,all,none,19,A,16,0.0007606396623528866,0.0005766659050916187,0.0035723031424894666,-1.6963424569129874e-05,0.00019995309879252703,0.0007776030869220165
weights,all,none,19,N,16,0.0006797528887255007,0.0005337863618988088,0.0035375322080895026,2.7058411513909412e-05,0.0002184698573187277,0.0006526944772115913
weights,all,none,20,O,16,5.426733606534504e-05,-6.528887489419885e-05,-0.0014003847878760484,1.3626874654933068e-05,0.0002219625280134662,4.064046141041197e-05
weights,all,none,20,C,16,0.0006288342780020735,0.0002569427869187469,0.000727699679139158,-1.9605379421347625e-05,0.00022065641747686792,0.0006484396574234212
weights,all,none,20,E,16,0.0003023963638309973,3.90551616897832e-05,0.0017194586192101847,-1.3640549922547649e-05,0.00020233502274218137,0.00031603691375354495
weights,all,none,20,A,16,0.0009914556026845674,0.0007277143666185673,0.0039310583332632315,-3.454261721335145e-05,0.0001667634997298172,0.0010259982198979189
weights,all,none,20,N,16,0.000717912102444077,0.0006791406715628298,0.0025296290246240834,-2.2138829145298576e-05,0.0001799816100226842,0.0007400509315893755
weights,all,none,21,O,16,0.000174460410131539,-2.5964683965136993e-05,-0.001188234264989576,3.0058344093738743e-07,0.0002484508307088835,0.00017415982669060162
weights,all,none,21,C,16,0.0006190973852752957,0.0004155507036216788,0.00017943378423408268,-3.198461536256088e-06,0.00020040989338754127,0.0006222958468115518
weights,all,none,21,E,16,0.00023351369788242286,-4.171585572432762e-05,0.0013166785511479746,1.8922293040259236e-05,0.00026346843149153634,0.00021459140484216362
weights,all,none,21,A,16,0.0009161186069254638,0.0006775629462099895,0.004432613651847534,-1.7069674635334238e-06,0.0001947462183115771,0.0009178255743889972
weights,all,none,21,N,16,0.000747054508626717,0.0007469053213406603,0.0034744914177013524,-9.478360856335794e-07,0.00020088176530045563,0.0007480023447123506
weights,all,none,22,O,16,9.530531597907741e-05,-8.991868807701239e-05,-0.0013018410212078944,5.181776284250562e-05,0.0003730030103493049,4.3487553136571796e-05
weights,all,none,22,C,16,0.0009046230992628043,0.00027195981844660227,0.0011629885144286264,2.144956134608956e-05,0.0002718147111958543,0.0008831735379167147
weights,all,none,22,E,16,0.00010694031787470303,-0.00018460940687027217,0.0009228410768842201,1.9008574223284053e-05,0.00023496825679525065,8.793174365141898e-05
weights,all,none,22,A,16,0.0011490842500600823,0.0008607127051927514,0.005461342151658496,-2.1787605084913898e-06,0.0003253946569260488,0.0011512630105685736
weights,all,none,22,N,16,0.000982519291847249,0.0008600286976252337,0.004970676917088367,3.677338445596121e-06,0.00025104354095096897,0.0009788419534016528
weights,all,none,23,O,16,0.0002049281120497023,-0.00011594357352978516,-0.0016508684413796386,-8.752686645978993e-06,0.00023851820878125732,0.0002136807986956813
weights,all,none,23,C,16,0.0008587324867363573,0.0004426148066445308,0.0003350161319924399,-2.4082386721057925e-05,0.000287807855095791,0.0008828148734574152
weights,all,none,23,E,16,0.0002243450741500413,0.0001509865574145568,0.002460556206556006,3.597823753585845e-06,0.00024210428473219687,0.00022074725039645547
weights,all,none,23,A,16,0.0012325432255328949,0.0009676956875345945,0.005502216529639752,1.4946744765260396e-05,0.00030478441998781146,0.0012175964807676345
weights,all,none,23,N,16,0.0011345361621940353,0.0011371096231486682,0.005280132175198788,1.7687100379143147e-05,0.00028977375369818547,0.0011168490618148922
weights,all,none,24,O,16,0.00021665522595796274,-0.00017878726360913283,-0.0012472346004408158,-1.8174817186096066e-07,0.0003524410864320052,0.0002168369741298237
weights,all,none,24,C,16,0.0011533418894953203,0.00029115721820048747,0.0017645013283024377,-1.0206891131393564e-05,0.0003075386957596125,0.0011635487806267138
weights,all,none,24,E,16,0.0004899930687296692,4.5064873114160636e-05,0.003074664647246445,-3.892826261788762e-05,0.00030819560079985094,0.0005289213313475568
weights,all,none,24,A,16,0.001535423759089584,0.0010325952030991838,0.007717845374643989,-4.222224453640522e-05,0.000289103506890886,0.001577646003625989
weights,all,none,24,N,16,0.0012350301336657887,0.0009995967474283464,0.005639839515018723,-3.0414253416358723e-05,0.0003197043935109628,0.0012654443870821475
weights,all,none,25,O,16,0.00018586406882618875,-6.624908245445965e-05,-0.001967908429796823,-5.327484124250061e-05,0.0002996550436737266,0.00023913891006868937
weights,all,none,25,C,16,0.0013819995917708462,0.0007045151625597525,0.002781889109063657,2.775686085369917e-05,0.0003201119121258669,0.001354242730917147
weights,all,none,25,E,16,0.0004329917171180192,3.971366594258122e-05,0.0025372164721738904,-1.3107544955176754e-05,0.00042224901495260266,0.0004460992620731959
weights,all,none,25,A,16,0.0016003815885464053,0.0012637742351201279,0.007915201495612078,-4.113063030631869e-07,0.00036694648107567923,0.0016007928948494686
weights,all,none,25,N,16,0.0012408239689307354,0.0010382214761268096,0.005867225658409229,2.6565490882743888e-05,0.000388463274756877,0.0012142584780479916
weights,all,none,26,O,16,0.0001268758573360251,-0.00011432803232490647,-0.001112725174523945,1.8267273695692903e-05,0.0004579067990934611,0.00010860858364033219
weights,all,none,26,C,16,0.0014799650715044313,0.0007129111442093289,0.004040700863531667,-2.4490253192252006e-05,0.0003296365080743027,0.0015044553246966832
weights,all,none,26,E,16,0.0003365726121214407,-4.9678092677225765e-05,0.0014886143917241194,2.585680926955699e-05,0.0003647001053046883,0.0003107158028518837
weights,all,none,26,A,16,0.0014800933915262234,0.0008671997447471207,0.006563114822026027,3.434866986567754e-05,0.00034258093892645594,0.0014457447216605459
weights,all,none,26,N,16,0.0011393644023918264,0.0009546948909212971,0.005031918341010208,-5.5249488070166696e-06,0.0003348164574888049,0.001144889351198843
weights,all,none,27,O,16,0.00029154083293143304,3.1979435551201666e-05,-0.001004422409797004,-2.468216299207083e-05,0.00036456751072300533,0.0003162229959235039
weights,all,none,27,C,16,0.0011090606074640422,0.000551256000734516,0.0017423117068659183,2.445511107050654e-05,0.00045495991310385235,0.0010846054963935356
weights,all,none,27,E,16,0.00032893380948323424,-1.6694000844739094e-05,0.0018026564985747474,-4.042721492634872e-05,0.00029345282788356913,0.000369361024409583
weights,all,none,27,A,16,0.0015110415298778966,0.001009019767047935,0.005994618336952388,4.610489480987546e-05,0.0003844326929374648,0.0014649366350680212
weights,all,none,27,N,16,0.0013337592151052165,0.0010373305812247059,0.006789744084015513,-3.434309251835824e-06,0.0003229063822333039,0.0013371935243570523
weights,all,none,28,O,16,8.780550354375056e-05,-0.0002603968548257925,-0.0031783237466228077,-6.041723840448086e-05,0.0003465375048330127,0.00014822274194823141
weights,all,none,28,C,16,0.0015067025016220375,0.0006487635665261371,0.0022007418875157,2.297937640437277e-05,0.0003748992100272138,0.0014837231252176647
weights,all,none,28,E,16,0.0005416927131552534,0.00021402908951711434,0.0031101009165177486,-0.00010486563195631025,0.00033415865798555757,0.0006465583451115637
weights,all,none,28,A,16,0.0017166664023767024,0.0010869946366200449,0.007540525508100237,-2.4804798780216608e-05,0.00036984422975527907,0.001741471201156919
weights,all,none,28,N,16,0.0012885763851266654,0.00101468534700989,0.005658800481211605,4.294449311717051e-05,0.0004147018553007768,0.001245631892009495
weights,all,none,29,O,16,0.0003405186798466222,-0.000407961378596076,-0.003421939314269722,-3.374086843161768e-05,0.0003676966888836371,0.00037425954827823986
weights,all,none,29,C,16,0.0017557103616160073,0.00043541907106010055,0.0017455686358305088,1.4312221040052176e-05,0.00047781142418559813,0.001741398140575955
weights,all,none,29,E,16,0.0007904129449677285,0.00019891314474283122,0.005541039625064336,7.529492178582493e-05,0.0005750821923925515,0.0007151180231819036
weights,all,none,29,A,16,0.002293388184549423,0.001564445623179072,0.010257013211037181,-4.193445631876356e-06,0.0005088722581662585,0.0022975816301812994
weights,all,none,29,N,16,0.001647108724801078,0.001264580079968072,0.007102348015700571,-5.829047914019682e-05,0.0004436159759172551,0.001705399203941275
weights,all,none,30,O,16,0.0003103377442899583,-0.00019332875705263934,-0.0008250822490457074,0.0001203192920419475,0.0007344646548160662,0.00019001845224801082
weights,all,none,30,C,16,0.002522168225449302,0.0008569917279459447,0.006966893461429368,5.405997114323051e-05,0.0007624647336541554,0.0024681082543060715
weights,all,none,30,E,16,0.0013590922141298548,0.00046961245743616176,0.00965274352851204,1.4997575405863148e-05,0.0006289590912121007,0.0013440946387239916
weights,all,none,30,A,16,0.0033948281799240977,0.0018911458451995864,0.015512519525886982,-2.87668926124685e-06,0.0006707445513809547,0.0033977048691853444
weights,all,none,30,N,16,0.0016994581241094764,0.0018178879060440317,0.006803811332676874,-9.764342293014035e-06,0.0005793617908297768,0.0017092224664024905
weights,all,none,31,O,16,0.0007401477411276454,0.00026295204320376993,0.003050650133384126,7.238346207573251e-05,0.0011899084146534255,0.0006677642790519129
weights,all,none,31,C,16,0.007378195517694057,0.004343503460816498,0.032531041001623136,-2.7836248981844e-05,0.0013728554786976233,0.0074060317666759
weights,all,none,31,E,16,0.004563152860251593,0.0014919197159988383,0.03065166192628037,-7.508064521230031e-05,0.0011696792233127859,0.004638233505463893
weights,all,none,31,A,16,0.007608144072646905,0.005498123142409289,0.042262549572911125,-1.306111049203243e-05,0.001231260466943024,0.007621205183138937
weights,all,none,31,N,16,0.002628100375722912,0.001753733359778206,0.011020500545893604,0.00011490137469340058,0.0012036497539805284,0.0025131990010295114
