representation,prompt_group,pooling_rule,layer,target,procrustes_disparity,mean_canonical_correlation,leave_profile_out_multivariate_r2,leave_profile_out_O_r2,leave_profile_out_C_r2,leave_profile_out_E_r2,leave_profile_out_A_r2,leave_profile_out_N_r2
activation,ipip_stems,final_token,0,row_weighted_continuous,1.136954203249965,0.4196741343390715,-1.047376291028948,-0.5052140721058098,-0.2475435857778847,-0.9124975650111726,-0.4266168107591677,-3.1450094214907054
activation,ipip_stems,final_token,0,unique_tuple_weighted_continuous,1.136166601807321,0.4198550186548811,-0.9827703088855465,-0.22433540880140956,-0.18106478598280762,-0.6194382130858593,-0.6129811291764169,-3.2760320073812386
activation,ipip_stems,final_token,1,row_weighted_continuous,1.1423491699362478,0.42882393649441874,-0.2864798666765703,-0.5688832507208732,0.08941328849436825,0.2196555421604358,-0.49357637373381014,-0.6790085395829726
activation,ipip_stems,final_token,1,unique_tuple_weighted_continuous,1.1112149339092228,0.4436056620793945,-0.2702980963351059,-0.530519566648858,0.07302734262388189,0.21509835877584826,-0.4956123406359634,-0.6134842757904382
activation,ipip_stems,final_token,2,row_weighted_continuous,1.097905827082676,0.4556979206192736,-0.27178809104834556,-0.38072214512097347,-0.005354580785714935,-0.2065546873097861,-0.012758207883670325,-0.7535508341415831
activation,ipip_stems,final_token,2,unique_tuple_weighted_continuous,1.1204649300843796,0.4410768849162848,-0.24945991819104424,-0.2414893971713188,0.05342880558584184,-0.22693568435569533,-0.015086716580488213,-0.8172165984335606
activation,ipip_stems,final_token,3,row_weighted_continuous,1.1872942828688735,0.41183905143018346,-0.3684194847054187,-0.7733613543789122,-0.20582709647070407,-0.15990788559227287,-0.15292768058574513,-0.5500734064994595
activation,ipip_stems,final_token,3,unique_tuple_weighted_continuous,1.176410139372509,0.41691608372636946,-0.3368955596818709,-0.7255935779296991,0.011026912054567406,-0.10559623547501396,-0.11641913592035302,-0.7478957611388557
activation,ipip_stems,final_token,4,row_weighted_continuous,1.240510813168257,0.3871493701333036,-0.5907985397053884,-1.2362262233132468,-0.32944869455814496,-0.25357878026283065,0.09735421327498628,-1.232093213667706
activation,ipip_stems,final_token,4,unique_tuple_weighted_continuous,1.227086472992981,0.3918339481047866,-0.4955509289973846,-0.9523283216923746,-0.2122524238418324,-0.0668616035562446,0.10056839501912107,-1.3468806909155924
activation,ipip_stems,final_token,5,row_weighted_continuous,1.1894835810598934,0.41880184157928835,-0.6358088024188968,-1.7178292213770416,-0.07692093698353286,-0.24469737378840062,0.283664793358942,-1.4232612733044512
activation,ipip_stems,final_token,5,unique_tuple_weighted_continuous,1.1716945356396153,0.4254639223912019,-0.5423708074362628,-1.3980700113099411,0.005593257109913097,-0.061321990443814034,0.180469137898967,-1.4385244304364386
activation,ipip_stems,final_token,6,row_weighted_continuous,1.203179087163581,0.40626449942927606,-0.3765765045099559,-0.9606482298635963,-0.2032912796764046,-0.01958617637979798,0.3078857400517083,-1.0072425766816888
activation,ipip_stems,final_token,6,unique_tuple_weighted_continuous,1.169251488853631,0.4230803814009311,-0.2706422217157076,-0.721792011125461,-0.06449430275884915,0.05587914728014676,0.3166427948975483,-0.939446736871923
activation,ipip_stems,final_token,7,row_weighted_continuous,1.1990411252793225,0.4074140810732958,-0.22345646994015622,-0.6295233538298224,-0.0913573099788465,-0.23454773763420178,0.3743236552649072,-0.5361776035228178
activation,ipip_stems,final_token,7,unique_tuple_weighted_continuous,1.1944850905895275,0.41168270764044007,-0.16224151929258374,-0.4843337434542794,0.006369966475221145,-0.14082703569195099,0.3300041141381912,-0.5224208979301006
activation,ipip_stems,final_token,8,row_weighted_continuous,1.089915572370042,0.4758956002564771,-0.36797596503426633,-0.6266999356901841,-0.1554144974146241,0.022746946190630224,-0.5505138526120426,-0.5299984856451112
activation,ipip_stems,final_token,8,unique_tuple_weighted_continuous,1.05805411455373,0.4959441065469659,-0.29594018132781513,-0.4558688010851977,-0.15217012063365387,0.09250687709051131,-0.4384096323844082,-0.5257592296263272
activation,ipip_stems,final_token,9,row_weighted_continuous,1.0477598442751885,0.49085750971567654,-0.18125645191613787,-0.5162546259761875,0.029233508145496412,-0.023335149265718558,-0.07470535911806131,-0.3212206333662184
activation,ipip_stems,final_token,9,unique_tuple_weighted_continuous,1.0425065853480566,0.49532398781221687,-0.14107064731611949,-0.33614894553598296,0.014260763474556848,0.009766935446565705,-0.04395168141651684,-0.3492803085492202
activation,ipip_stems,final_token,10,row_weighted_continuous,0.9713653876296755,0.5297200026398596,-0.13140365110590652,-0.40186894012931007,-0.0026117761362924874,-0.007351977374025598,0.1154375251169466,-0.360623087006851
activation,ipip_stems,final_token,10,unique_tuple_weighted_continuous,0.9669466547020237,0.5341733584773752,-0.10053471656001482,-0.23877267502628907,-0.009161304205514753,0.018474430635271655,0.11552505693653081,-0.38873909114007277
activation,ipip_stems,final_token,11,row_weighted_continuous,1.0741718837337229,0.46431485069330103,-0.16985361237916377,-0.460952237057185,0.16952071351797504,-0.43196355099988537,0.27303791866099236,-0.39891090601771584
activation,ipip_stems,final_token,11,unique_tuple_weighted_continuous,1.0536718980960664,0.4780409281514443,-0.14263303125163249,-0.3137846455151463,0.1425912821994102,-0.44858892233685244,0.2789472129315268,-0.3723300835371006
activation,ipip_stems,final_token,12,row_weighted_continuous,1.07147921879078,0.4710524634681087,-0.2510510944024753,-0.849256876509239,-0.04917491635852289,-0.13440125610215525,0.14177486215422053,-0.36419728519667993
activation,ipip_stems,final_token,12,unique_tuple_weighted_continuous,1.0564292281312377,0.4788661299150879,-0.2491059555971969,-0.6561432340725459,-0.21349623127746864,-0.1269127027870547,0.06616979344870055,-0.3151474032976156
activation,ipip_stems,final_token,13,row_weighted_continuous,1.1671241381827469,0.40833713683656664,-0.2538706785476231,-0.377126780820048,-0.25499618081478603,-0.1373219301187103,-0.10954678938252926,-0.3903617116020417
activation,ipip_stems,final_token,13,unique_tuple_weighted_continuous,1.1247804230834813,0.43087766264732774,-0.22015022247431423,-0.2172909439125017,-0.2854137494432434,-0.14719284299528246,-0.10205827838207893,-0.34879529763846473
activation,ipip_stems,final_token,14,row_weighted_continuous,1.1800265031404096,0.41102144313279554,-0.2028488566418639,-0.3814954341497121,-0.15011836863065087,-0.18771114134778966,0.018036029948261145,-0.312955369029428
activation,ipip_stems,final_token,14,unique_tuple_weighted_continuous,1.13815865731681,0.43243120205230223,-0.16480119694271297,-0.23810269842939835,-0.14470631933491718,-0.18182279304137694,0.024835541902051506,-0.28420971580992394
activation,ipip_stems,final_token,15,row_weighted_continuous,1.0444368371494888,0.4944988972129436,-0.10483680455942634,-0.4183801746172435,0.022878124842917735,-0.11458331881756911,0.24379456460676852,-0.25789321881200533
activation,ipip_stems,final_token,15,unique_tuple_weighted_continuous,1.010116169199418,0.511367491679823,-0.056781616677203314,-0.27789153621728224,0.10547554496827138,-0.06816109875597531,0.2715528066664713,-0.3148838000475016
activation,ipip_stems,final_token,16,row_weighted_continuous,1.056521299769271,0.4878242113024812,-0.08328908056131995,-0.38057265379218363,-0.009104713946084919,0.03838334482340433,0.2774661159678584,-0.342617495859594
activation,ipip_stems,final_token,16,unique_tuple_weighted_continuous,1.0282914234168834,0.5005694896048097,-0.041329087033417124,-0.2574915522909489,0.06562449247310453,0.0993214545768879,0.30362071955786574,-0.41772054948399484
activation,ipip_stems,final_token,17,row_weighted_continuous,1.0834007398435637,0.4752489575745994,-0.10953977213463487,-0.34933455114679224,-0.1844032788752452,0.09724437760393345,0.17989223727325532,-0.2910976455283256
activation,ipip_stems,final_token,17,unique_tuple_weighted_continuous,1.0516484961768722,0.4877878484656598,-0.0760949010456318,-0.2388837210968091,-0.117368374686738,0.15199056173547265,0.18980117009094,-0.3660141412710245
activation,ipip_stems,final_token,18,row_weighted_continuous,1.0781987941719238,0.47762089673860403,-0.1765397847328494,-0.19136877702706934,-0.5196486609321371,0.04623822733289484,0.22524223618632644,-0.4431619492242618
activation,ipip_stems,final_token,18,unique_tuple_weighted_continuous,1.0572566457292578,0.48400156518777226,-0.1607155988321222,-0.10378693762188096,-0.44057129032869713,0.05729880824573985,0.22891865325785532,-0.5454372277136281
activation,ipip_stems,final_token,19,row_weighted_continuous,1.1375581902731515,0.44553242594908105,-0.248875231725097,-0.20884893474188249,-0.233158404782289,-0.14164706689584383,-0.12061149806059612,-0.5401102541448737
activation,ipip_stems,final_token,19,unique_tuple_weighted_continuous,1.119968219417573,0.45085546113395625,-0.21129397225052396,-0.11629872947692954,-0.18752680633419172,-0.12404877001509163,-0.054676867312800415,-0.5739186881136065
activation,ipip_stems,final_token,20,row_weighted_continuous,1.1003589419051358,0.46386433861393916,-0.18412129583722386,-0.2641213806096696,0.1263380938927623,-0.5633043280437775,0.054489930088522986,-0.27400879451395754
activation,ipip_stems,final_token,20,unique_tuple_weighted_continuous,1.0735532381457866,0.4742928307549568,-0.15445126590166977,-0.17164375086014738,0.17828192458202097,-0.5321212985656465,0.09616457557713975,-0.34293778024171573
activation,ipip_stems,final_token,21,row_weighted_continuous,1.0725898021980333,0.47924289593757835,-0.2310541341523571,-0.29320741980061027,0.10689379620390782,-0.5280628378313825,-0.17762199306160253,-0.26327221627209796
activation,ipip_stems,final_token,21,unique_tuple_weighted_continuous,1.0551184577283568,0.48578954611571146,-0.20970187812751329,-0.19885557824546352,0.1359787153892853,-0.5273049724499415,-0.12379420705672284,-0.3345333482747239
activation,ipip_stems,final_token,22,row_weighted_continuous,1.1509184599864115,0.4403581905875463,-0.2324036472447924,-0.12593591526443126,-0.4987598536393687,-0.2599750822235809,-0.05971512627621722,-0.21763225882036386
activation,ipip_stems,final_token,22,unique_tuple_weighted_continuous,1.1320431955759687,0.4468816645006076,-0.22310102376981175,-0.05625426933326305,-0.5065341387333713,-0.2209273817290731,-0.07264733459007644,-0.2591419944632749
activation,ipip_stems,final_token,23,row_weighted_continuous,1.1021333729884777,0.46463724008007573,-0.29827489800808593,-0.1315017609435405,-0.26292400073715827,-0.31897412946222947,-0.61615955339683,-0.16181504550067127
activation,ipip_stems,final_token,23,unique_tuple_weighted_continuous,1.086636703347372,0.4700799346887388,-0.2912707789708767,-0.04704683543976462,-0.24371606453831207,-0.2619490830277984,-0.6743927117436272,-0.22924920010488137
activation,ipip_stems,final_token,24,row_weighted_continuous,1.0911247963880868,0.4717808585486779,-0.19256762374732964,-0.12773384815290645,-0.07428772846208753,-0.1954199790085389,-0.4071229444588855,-0.15827361865422973
activation,ipip_stems,final_token,24,unique_tuple_weighted_continuous,1.0819217443328553,0.47453558187198563,-0.18207265647158052,-0.058156558645080736,-0.039103082600427275,-0.15024118731009106,-0.4389893527547739,-0.22387310104752967
activation,ipip_stems,final_token,25,row_weighted_continuous,1.1003743753159343,0.4660217932467295,-0.1798591630827512,-0.14789935183440628,0.00427608948867797,-0.19307762363776715,-0.35910383544471447,-0.2034910939855461
activation,ipip_stems,final_token,25,unique_tuple_weighted_continuous,1.08497812787853,0.4724100697081595,-0.16148894651427365,-0.0801269220346974,0.05349727564735596,-0.16870386928224734,-0.35340354736229673,-0.25870766953948277
activation,ipip_stems,final_token,26,row_weighted_continuous,1.0683611271197644,0.48480437154395195,-0.16798350142659846,-0.3043925543165098,0.13057936529855485,-0.20101330893181624,-0.19558243058993763,-0.2695085785932836
activation,ipip_stems,final_token,26,unique_tuple_weighted_continuous,1.0461258734986902,0.4949810593298092,-0.135562228776839,-0.21799894033718914,0.22179683298530017,-0.20176818674621577,-0.14364077514850804,-0.33620007463758217
activation,ipip_stems,final_token,27,row_weighted_continuous,1.2359305223399244,0.3889957792781342,-0.24092369266682018,-0.12418008109267831,-0.27043337761680286,-0.10764411604798374,-0.3551615511283468,-0.3471993374482891
activation,ipip_stems,final_token,27,unique_tuple_weighted_continuous,1.2066087961675356,0.40274025407305547,-0.2082100879803816,-0.06978318270486805,-0.2710590337016996,-0.06251612546088037,-0.2927625486716017,-0.3449295493628586
activation,ipip_stems,final_token,28,row_weighted_continuous,1.2901010322281512,0.356842335540387,-0.3289294728545851,-0.19159634003669201,-0.2982892372942014,-0.2493927809116483,-0.4730673591994021,-0.4323016468309817
activation,ipip_stems,final_token,28,unique_tuple_weighted_continuous,1.2608936755625804,0.3692082628815206,-0.2871140066149399,-0.13075420799234072,-0.301257784763199,-0.19638188962003333,-0.39928315830851013,-0.40789299239061627
activation,ipip_stems,final_token,29,row_weighted_continuous,1.2823162641985628,0.35703278702703567,-0.34949261381302754,-0.26467029550783905,-0.26022748173614163,-0.22461069092836072,-0.6128412744019724,-0.38511332649082375
activation,ipip_stems,final_token,29,unique_tuple_weighted_continuous,1.256716607095758,0.3678106247745746,-0.2880894838049203,-0.18567430282852992,-0.2525116804375285,-0.14751087544146824,-0.4911538156458233,-0.3635967446712516
activation,ipip_stems,final_token,30,row_weighted_continuous,1.2608322401694418,0.36290625326095,-0.3282773953622494,-0.23724571414092965,-0.3151999329267463,-0.32091317270512865,-0.41426965924551284,-0.3537584977929298
activation,ipip_stems,final_token,30,unique_tuple_weighted_continuous,1.2318073850893922,0.3772415590638448,-0.2659579834282925,-0.1614443781842574,-0.26824772051037615,-0.23287713702561597,-0.3281759925842376,-0.3390446888369756
activation,ipip_stems,final_token,31,row_weighted_continuous,1.2163894038971477,0.3700136293948949,-0.27855129572957776,-0.40376323069528364,-0.055096525069870284,-0.2346254904488596,-0.09466128578132915,-0.6046099466525461
activation,ipip_stems,final_token,31,unique_tuple_weighted_continuous,1.182812316925203,0.38480793711563444,-0.2331406590241556,-0.314725575310149,-0.036038424823530146,-0.10740996513678214,-0.11037027455672255,-0.5971590552935941
activation,ipip_stems,mean_tokens,0,row_weighted_continuous,1.2522329694307222,0.38403691591056965,-0.23147323498749478,-0.4896926922259961,-0.0929058241873093,-0.1137340744191011,-0.29648952029461206,-0.1645440638104554
activation,ipip_stems,mean_tokens,0,unique_tuple_weighted_continuous,1.2540376766185077,0.3887904892052917,-0.23969996519693262,-0.4193172081559722,-0.06528898616955003,-0.2271282062699873,-0.29364918014990526,-0.1931162452392483
activation,ipip_stems,mean_tokens,1,row_weighted_continuous,1.4017002206394837,0.3974632325989968,-0.18427810986163878,-0.20114806416015463,-0.21921868568248293,0.09035079163732396,-0.3888751675550304,-0.2024994235478499
activation,ipip_stems,mean_tokens,1,unique_tuple_weighted_continuous,1.3982953999894505,0.3845250501519438,-0.17562774636121825,-0.17527923939629098,-0.21599200671111451,-0.09609975191910958,-0.1617324421420252,-0.2290352916375511
activation,ipip_stems,mean_tokens,2,row_weighted_continuous,1.3967216783224237,0.3968641767458562,-0.22627154210635148,-0.2319878208946824,-0.3367871487445382,0.1463918138634691,-0.4546023267689878,-0.2543722279870182
activation,ipip_stems,mean_tokens,2,unique_tuple_weighted_continuous,1.3920325461057088,0.38878240550968063,-0.19347963386687778,-0.1657970157375397,-0.3348978092550168,0.02141138681372401,-0.222777797233928,-0.2653369339216285
activation,ipip_stems,mean_tokens,3,row_weighted_continuous,1.375309624881124,0.41102237735559105,-0.20423045975933912,-0.19877226056211983,-0.38093229582032206,0.14057711553147278,-0.3917580531472087,-0.19026680479851787
activation,ipip_stems,mean_tokens,3,unique_tuple_weighted_continuous,1.3692784638028428,0.40529506696122847,-0.17490418471521083,-0.1414379398758021,-0.3890259829106064,0.012632494291639373,-0.19114301294622216,-0.16554648213506296
activation,ipip_stems,mean_tokens,4,row_weighted_continuous,1.3515095171818081,0.42667169481164996,-0.3592245189489379,-0.3165037672462505,-0.640834768586501,-0.3093279367359081,-0.5398742769898264,0.010418154813796487
activation,ipip_stems,mean_tokens,4,unique_tuple_weighted_continuous,1.3483259666320642,0.41865247804434913,-0.34911737788294267,-0.26787309308167195,-0.548893061171221,-0.6646194298207653,-0.2755268777895523,0.0113255724484973
activation,ipip_stems,mean_tokens,5,row_weighted_continuous,1.3415479543548166,0.42618653921678573,-0.29059703462373426,-0.5672141473611878,-0.4044869016260475,-0.41399678475714463,-0.22815848832970564,0.1608711489554141
activation,ipip_stems,mean_tokens,5,unique_tuple_weighted_continuous,1.3364351788374356,0.4198209090319093,-0.30469833068808205,-0.5049416262517681,-0.31382826291441424,-0.7656611875582915,-0.09068630696550062,0.15162573024956405
activation,ipip_stems,mean_tokens,6,row_weighted_continuous,1.3543733090426975,0.39204245523021275,-0.381718704787356,-0.5482299295930018,-0.5414283637790454,-0.38839822573273963,-0.40644202268066776,-0.02409498215132544
activation,ipip_stems,mean_tokens,6,unique_tuple_weighted_continuous,1.3521508774922766,0.384931266241961,-0.37148026383163246,-0.5072010221509882,-0.49451854144205254,-0.6848519747655837,-0.19701489837900588,0.026185117579467954
activation,ipip_stems,mean_tokens,7,row_weighted_continuous,1.3193896297353964,0.4045811694198468,-0.4911112643805988,-0.7181393179501314,-0.5351549118656134,-0.31848660367990833,-0.6632146758189545,-0.22056081258838667
activation,ipip_stems,mean_tokens,7,unique_tuple_weighted_continuous,1.3166708524625765,0.4004772502457433,-0.48267689388770485,-0.7691397601723191,-0.5326169833767018,-0.547546073494088,-0.39946470673660683,-0.1646169456588087
activation,ipip_stems,mean_tokens,8,row_weighted_continuous,1.319833332617629,0.3927607645939991,-0.32210397398653007,-0.4071638873528769,-0.21241185986815458,-0.04676357595844971,-0.11771384556502817,-0.826466701188141
activation,ipip_stems,mean_tokens,8,unique_tuple_weighted_continuous,1.3028530276601,0.3997038799682765,-0.2691379404220094,-0.43568623010030727,-0.1782105885624632,-0.004482895717077273,-0.013545357177031425,-0.7137646305531677
activation,ipip_stems,mean_tokens,9,row_weighted_continuous,1.311894745225925,0.39037462713762483,-0.2694739293103549,-0.4312681263529732,-0.09210450540561421,-0.13923548423065202,-0.1707764807595753,-0.5139850498029599
activation,ipip_stems,mean_tokens,9,unique_tuple_weighted_continuous,1.2938140798822948,0.39731428506605465,-0.23598069459113366,-0.4993745400202376,-0.0687811564159182,-0.08021761050251541,-0.09691747905962744,-0.43461268695736965
activation,ipip_stems,mean_tokens,10,row_weighted_continuous,1.2988365584764743,0.40171641947393216,-0.2976222308744825,-0.3912843802318282,-0.3054698581641708,-0.08508078053041035,-0.16800969704826407,-0.5382664383977389
activation,ipip_stems,mean_tokens,10,unique_tuple_weighted_continuous,1.280689289004786,0.4076580493374508,-0.2438877465254709,-0.3663689082370425,-0.2802219862130739,0.015817132718624727,-0.09747937578417831,-0.4911855951116846
activation,ipip_stems,mean_tokens,11,row_weighted_continuous,1.282066906479131,0.4102464179310181,-0.25431321272626983,-0.4402633642331175,-0.19622936374942967,0.012631986881099566,-0.11927740848944035,-0.5284279140404613
activation,ipip_stems,mean_tokens,11,unique_tuple_weighted_continuous,1.266459270359284,0.41386458889404726,-0.2279704093441798,-0.3648842320064536,-0.11184868018886984,-0.10909249661295184,-0.04476153671657079,-0.509265101196053
activation,ipip_stems,mean_tokens,12,row_weighted_continuous,1.2819046291335998,0.40746226616702835,-0.2317692243697791,-0.399914723242788,-0.2070028768994776,0.018200067834373668,-0.13722366372352401,-0.4329049258174795
activation,ipip_stems,mean_tokens,12,unique_tuple_weighted_continuous,1.267432473992728,0.4117333894181365,-0.20083659379364072,-0.36287434307695543,-0.12170468860414263,-0.05235620058166779,-0.0465366786002368,-0.42071105810520093
activation,ipip_stems,mean_tokens,13,row_weighted_continuous,1.2719119028577217,0.4118039209429153,-0.21262646833660667,-0.381653003388305,-0.1863435473338737,0.0266115781222791,-0.10112275284677863,-0.42062461623635516
activation,ipip_stems,mean_tokens,13,unique_tuple_weighted_continuous,1.2550993743479602,0.4176830670279892,-0.18115699661181198,-0.341313042303828,-0.12161187583004396,-0.014446894943143995,-0.029930086877263173,-0.39848308310478076
activation,ipip_stems,mean_tokens,14,row_weighted_continuous,1.2842543626521614,0.39965211077034196,-0.2191532716020818,-0.3446552829821701,-0.15998797688440325,0.025216953888109406,-0.08494466376004928,-0.531395388271896
activation,ipip_stems,mean_tokens,14,unique_tuple_weighted_continuous,1.268102043276664,0.40631137611505846,-0.16895225145580256,-0.27760415685387585,-0.09813542708274703,0.07409841616926394,-0.03231656726409038,-0.5108035222475635
activation,ipip_stems,mean_tokens,15,row_weighted_continuous,1.258667159005154,0.41592582488885477,-0.22791449529569663,-0.4107393610659875,-0.2418339195390995,0.06148877981451695,-0.23749697379012313,-0.31099100189778994
activation,ipip_stems,mean_tokens,15,unique_tuple_weighted_continuous,1.2518450736361815,0.41812080542446417,-0.17288750467265165,-0.31678771201653433,-0.16431009496532156,0.06531913136756085,-0.13454710742800224,-0.314111740320961
activation,ipip_stems,mean_tokens,16,row_weighted_continuous,1.2622278487369563,0.4018917859446834,-0.2314468838599542,-0.286857638415281,-0.26756937130453307,0.03341916256523314,-0.1465892108492799,-0.4896373612959102
activation,ipip_stems,mean_tokens,16,unique_tuple_weighted_continuous,1.2421496597385624,0.4100338765274471,-0.19519719018810422,-0.23139650810029666,-0.21124995558087067,0.12464580491335941,-0.101500768158451,-0.5564845240142622
activation,ipip_stems,mean_tokens,17,row_weighted_continuous,1.2423761665326456,0.40862560479501636,-0.24336770957024348,-0.31856216987456953,-0.24868217323017427,0.0591300018269566,-0.2658187823013307,-0.44290542427209956
activation,ipip_stems,mean_tokens,17,unique_tuple_weighted_continuous,1.226640550333225,0.4136826124145947,-0.21122031709202105,-0.26382565393638346,-0.19360870818220755,0.1365796603087307,-0.20565311886690685,-0.5295937647833382
activation,ipip_stems,mean_tokens,18,row_weighted_continuous,1.231062238535034,0.4082946887942202,-0.27175335810775514,-0.430795485919268,-0.23641670521159597,0.057159254099411694,-0.32618478643988214,-0.4225290670674413
activation,ipip_stems,mean_tokens,18,unique_tuple_weighted_continuous,1.218238846071642,0.41190383785453877,-0.24068056885149897,-0.35886658180195785,-0.1916975028175849,0.1193873784438404,-0.2723955975409651,-0.49983054054082743
activation,ipip_stems,mean_tokens,19,row_weighted_continuous,1.245510076242388,0.39994991728309554,-0.29078897383730873,-0.6178567742936683,-0.13755821200849772,0.07872624011373885,-0.37638479445783735,-0.4008713285402794
activation,ipip_stems,mean_tokens,19,unique_tuple_weighted_continuous,1.228757564079853,0.4074380694951407,-0.22870097873119422,-0.5212193755417909,-0.09268397984045729,0.0862837524427893,-0.2738404344304004,-0.3420448562861118
activation,ipip_stems,mean_tokens,20,row_weighted_continuous,1.2419558167722786,0.3974807248174478,-0.2648215851252682,-0.5113795529945089,-0.06216760985422232,0.0411603674991835,-0.34902587074844416,-0.4426952595283493
activation,ipip_stems,mean_tokens,20,unique_tuple_weighted_continuous,1.2267958069050224,0.40292811424802133,-0.20498373321269064,-0.4424647203230392,-0.032944177767494365,0.09835685736209065,-0.26979971917884993,-0.37806690615616056
activation,ipip_stems,mean_tokens,21,row_weighted_continuous,1.2178467604265197,0.4085983634303765,-0.3088752902238114,-0.5262364965931328,-0.18041672600983327,0.08941755695859088,-0.5287779373754002,-0.3983628480992816
activation,ipip_stems,mean_tokens,21,unique_tuple_weighted_continuous,1.2126331625241429,0.40995374298347986,-0.25338931491037087,-0.470405557249979,-0.10872584044175082,0.05119756523076702,-0.4133222104077017,-0.32569053168318973
activation,ipip_stems,mean_tokens,22,row_weighted_continuous,1.206167237198418,0.41423867261368913,-0.3689037122465366,-0.455286677064908,-0.3826340808867865,0.056241405390691224,-0.7164011475966006,-0.34643806107507924
activation,ipip_stems,mean_tokens,22,unique_tuple_weighted_continuous,1.2017939331259462,0.4148981433051799,-0.31366533633323507,-0.4167053959759752,-0.29268915643238547,-0.0052852871477413466,-0.5731383343412786,-0.28050850776879477
activation,ipip_stems,mean_tokens,23,row_weighted_continuous,1.1694473747808949,0.4350558062200599,-0.4279338537170608,-0.40115416296968065,-0.5838356806222937,-0.010371598551257133,-1.0372376793255502,-0.10707014711652185
activation,ipip_stems,mean_tokens,23,unique_tuple_weighted_continuous,1.1762248793866752,0.43055335551325574,-0.37290451374781564,-0.4005497899511299,-0.5085715043046393,-0.04809782945887231,-0.8262607493083087,-0.08104269571612832
activation,ipip_stems,mean_tokens,24,row_weighted_continuous,1.1232930883971635,0.4631047507214383,-0.3408053139667894,-0.3334157566483753,-0.44348168004972766,0.1379381212644153,-0.9498723535416453,-0.11519490085861417
activation,ipip_stems,mean_tokens,24,unique_tuple_weighted_continuous,1.1326296117093169,0.4562521248115732,-0.3043597454162565,-0.31812944528425735,-0.399989527420876,0.11898781147805493,-0.7939999052407816,-0.12866766061342272
activation,ipip_stems,mean_tokens,25,row_weighted_continuous,1.1162577704985628,0.4646576597364714,-0.3276471114439893,-0.29565951861603046,-0.4477954906140773,0.15356979283427807,-0.8913679915016883,-0.1569823493224285
activation,ipip_stems,mean_tokens,25,unique_tuple_weighted_continuous,1.1290538214134873,0.4556370048477637,-0.3005456812024443,-0.26913930943927467,-0.4040258619602708,0.12748201045139995,-0.7612677691383063,-0.19577747592577
activation,ipip_stems,mean_tokens,26,row_weighted_continuous,1.1139577684026802,0.46415849869725934,-0.3240178301656001,-0.3094485778752425,-0.47376827072968886,-0.0011022820211203932,-0.6839391278457128,-0.15183089235623592
activation,ipip_stems,mean_tokens,26,unique_tuple_weighted_continuous,1.1268820369031376,0.4555794923031167,-0.2823555994024599,-0.3015109848669022,-0.4540993543914331,0.030631023925422607,-0.5383671391514477,-0.14843154252793944
activation,ipip_stems,mean_tokens,27,row_weighted_continuous,1.1229641148718634,0.4566188948161952,-0.34006824326587193,-0.31220610457555575,-0.4780988669484276,-0.05464104008373827,-0.6925948241879829,-0.1628003805336551
activation,ipip_stems,mean_tokens,27,unique_tuple_weighted_continuous,1.137094672959087,0.4479478534362535,-0.2889619069939688,-0.3217862242797236,-0.4713958377190737,0.015129386010592993,-0.5400886450117459,-0.12666821396989403
activation,ipip_stems,mean_tokens,28,row_weighted_continuous,1.1457127270820453,0.44348581180959956,-0.24817374347923896,-0.28235061494415525,-0.13991723995522598,-0.05354469749436275,-0.48048469371582914,-0.28457147128662164
activation,ipip_stems,mean_tokens,28,unique_tuple_weighted_continuous,1.1561431366182182,0.43595810016039377,-0.20782132034454914,-0.24492895301824258,-0.19152166650791802,0.05254386046793891,-0.37868686599963675,-0.2765129766648875
activation,ipip_stems,mean_tokens,29,row_weighted_continuous,1.1335279376707401,0.4456713040874877,-0.2719143989026189,-0.31466643046755904,-0.1275752211816248,-0.09611883599994497,-0.46871714462964365,-0.3524943622343222
activation,ipip_stems,mean_tokens,29,unique_tuple_weighted_continuous,1.1422221341827339,0.4390424978581282,-0.22459054981289883,-0.24712686993162536,-0.21301802071713527,0.024559278021002107,-0.37406670486551863,-0.3133004315712171
activation,ipip_stems,mean_tokens,30,row_weighted_continuous,1.124568242670347,0.43145533026383964,-0.4112912399426284,-0.41017729433171946,-0.24537391371148165,0.13612882537519044,-0.46978951844680794,-1.067244298598323
activation,ipip_stems,mean_tokens,30,unique_tuple_weighted_continuous,1.1146847268403988,0.43370612012186693,-0.3696538396452798,-0.22935601493420155,-0.2750302339218964,0.1386565231446607,-0.47459992297697573,-1.0079395495379861
activation,ipip_stems,mean_tokens,31,row_weighted_continuous,1.0437925789975226,0.45427824468351385,-0.1330347101128544,-0.29683060189787347,-0.04782753550774732,0.06425981971599315,-0.25311079185009966,-0.13166444102454467
activation,ipip_stems,mean_tokens,31,unique_tuple_weighted_continuous,1.0184806868114382,0.47086936734316465,-0.08330318260614566,-0.2162174826725809,-0.026296208926771536,0.10456133358868236,-0.2251815440334275,-0.05338201098663076
activation,naturalistic_behavioral,final_token,0,row_weighted_continuous,1.229451413426153,0.37742788584925535,-0.1798064474893412,-0.4045173502173691,-0.04633271994757271,0.0052356962494047865,-0.11356610963504066,-0.3398517538961283
activation,naturalistic_behavioral,final_token,0,unique_tuple_weighted_continuous,1.22337818290895,0.3824821630990565,-0.14351915598689413,-0.33313200448933555,-0.06593995695329391,-0.024924010438737376,0.09387344076739612,-0.38747324882049994
activation,naturalistic_behavioral,final_token,1,row_weighted_continuous,1.215082160183308,0.3791052336069295,-0.15742376487968804,-0.5716738223661799,-0.07306523153576627,-0.06030492906063545,-0.14514464182452058,0.06306980038866195
activation,naturalistic_behavioral,final_token,1,unique_tuple_weighted_continuous,1.1781998847392623,0.400046717850269,-0.11632552932714443,-0.45419384075662705,-0.019751514107143153,-0.04714779569631489,-0.057898855872583255,-0.002635640203053846
activation,naturalistic_behavioral,final_token,2,row_weighted_continuous,1.2019570935730797,0.3885215129395111,-0.34410369223752363,-0.6540530489214988,-0.3656659660051078,-0.11035447232611717,-0.21611984752601487,-0.3743251264088796
activation,naturalistic_behavioral,final_token,2,unique_tuple_weighted_continuous,1.2116004304191963,0.3831934872659327,-0.36545956259888773,-0.546852948236761,-0.46721432730590107,-0.2191064758710075,-0.19173790386759504,-0.4023861577131742
activation,naturalistic_behavioral,final_token,3,row_weighted_continuous,1.1338683038352917,0.4253059273389909,-0.45383935058845337,-0.7237255757447143,-0.7290995972581829,-0.10170158885058012,-0.35737511237726594,-0.35729487871152377
activation,naturalistic_behavioral,final_token,3,unique_tuple_weighted_continuous,1.091544219781075,0.4493324523432186,-0.39337058056602126,-0.6045219991832567,-0.5836434634500896,-0.1291364455282935,-0.2863153496477673,-0.3632356450206995
activation,naturalistic_behavioral,final_token,4,row_weighted_continuous,1.1095068761286573,0.4499304510234177,-0.20932708977853967,-0.4326895641196298,-0.33464613610273153,0.1353257750770992,-0.05496393569432967,-0.35966158805310644
activation,naturalistic_behavioral,final_token,4,unique_tuple_weighted_continuous,1.080151624815281,0.46805735223506273,-0.16772447168533092,-0.32358160320060536,-0.27562153746516715,0.14830866785593955,-0.04712819862161499,-0.3405996869952066
activation,naturalistic_behavioral,final_token,5,row_weighted_continuous,1.090666402119342,0.4584667698029511,-0.1424570097430436,-0.35605745942327016,-0.15669342621059612,0.06637250627941738,-0.012904277188006352,-0.25300239217276266
activation,naturalistic_behavioral,final_token,5,unique_tuple_weighted_continuous,1.0623001897248943,0.47774040172109905,-0.10886631086858714,-0.2832201985811753,-0.13336971693622357,0.09817083429925089,-0.012985018359029654,-0.21292745476575803
activation,naturalistic_behavioral,final_token,6,row_weighted_continuous,1.0832362392066304,0.46990795146567327,-0.10476856396035057,-0.1884046938432271,-0.09311151655270389,0.11119613855584265,-0.07374744251852827,-0.2797753054431362
activation,naturalistic_behavioral,final_token,6,unique_tuple_weighted_continuous,1.0702474680858303,0.47664302156123994,-0.09818713991883281,-0.10707584119606817,-0.16367633501326773,0.10480178129298467,-0.07934492890778144,-0.2456403757700314
activation,naturalistic_behavioral,final_token,7,row_weighted_continuous,1.0914244048876598,0.4720223362840586,-0.06488274771057664,-0.39209629241232213,-0.10913093876857305,0.25796546895075334,0.0989351632088421,-0.1800871395315835
activation,naturalistic_behavioral,final_token,7,unique_tuple_weighted_continuous,1.077154886297943,0.47615725626051225,-0.04390916129168225,-0.28610528298914906,-0.11057071656968032,0.24217869629294708,0.11002466729974025,-0.17507317049226923
activation,naturalistic_behavioral,final_token,8,row_weighted_continuous,1.1377159766438192,0.44627638232991407,-0.12667223086616464,-0.6602628152239145,-0.03491497582839376,0.2535899128574859,0.007554001127067389,-0.19932727726306831
activation,naturalistic_behavioral,final_token,8,unique_tuple_weighted_continuous,1.1243600703290004,0.4479803106234509,-0.10048748129308313,-0.5698869363101335,-0.1009360481061996,0.28895936280580303,0.04482058669806688,-0.16539437155295245
activation,naturalistic_behavioral,final_token,9,row_weighted_continuous,1.2117064741626926,0.400791541391677,-0.26858968718479215,-0.48973696106101583,-0.1212148141409195,-0.04765410326054864,-0.17231275430205883,-0.5120298031594179
activation,naturalistic_behavioral,final_token,9,unique_tuple_weighted_continuous,1.2009870745683442,0.4038831475896818,-0.23864488220188756,-0.36353365067002086,-0.20008550885678367,-0.05945258294592248,-0.09200965684762008,-0.4781430116890908
activation,naturalistic_behavioral,final_token,10,row_weighted_continuous,1.1868480640375774,0.4118100320375168,-0.19597965706794815,-0.5176452870189718,-0.17202875894591485,0.007314116543243321,-0.0752585732837554,-0.22227978263434212
activation,naturalistic_behavioral,final_token,10,unique_tuple_weighted_continuous,1.175254511220988,0.41690758105639725,-0.16805421817468622,-0.39715611791302097,-0.22939127316617802,0.012897212991210938,-0.010334312373317056,-0.216286600412126
activation,naturalistic_behavioral,final_token,11,row_weighted_continuous,1.117814067490058,0.4549815976134802,-0.17474320058242065,-0.553832150076585,-0.012212504459980789,0.12096212189261313,-0.20042786387233447,-0.22820560639581622
activation,naturalistic_behavioral,final_token,11,unique_tuple_weighted_continuous,1.0795371390642956,0.47203321598730374,-0.11407354146840472,-0.37771291650112815,-0.00990237800444782,0.18050480815837455,-0.16597415960701412,-0.19728306138780805
activation,naturalistic_behavioral,final_token,12,row_weighted_continuous,1.1141864597848254,0.45372990356339626,-0.18523060100989977,-0.46452520788920393,-0.057426782927741504,0.0008986140380715657,-0.06807223206136714,-0.3370273962092578
activation,naturalistic_behavioral,final_token,12,unique_tuple_weighted_continuous,1.0995337866272061,0.45777167096091687,-0.14319407617986274,-0.2955373199023448,-0.07080721030251591,0.0431421367720477,-0.05949488449635765,-0.333273102970143
activation,naturalistic_behavioral,final_token,13,row_weighted_continuous,1.2064401908919158,0.3985956507105003,-0.5425009379130429,-0.457997712138819,-0.10081320393294657,-0.3462066155546313,-1.3798923076552945,-0.4275948502835232
activation,naturalistic_behavioral,final_token,13,unique_tuple_weighted_continuous,1.1816124589376842,0.4059192985219884,-0.5186731428433538,-0.3192400435304914,-0.30248140227749754,-0.24563821954951837,-1.3105374715086762,-0.41546857735058573
activation,naturalistic_behavioral,final_token,14,row_weighted_continuous,1.2204536950158889,0.385838222698893,-0.17759973160660877,-0.4679779056153952,0.06379077650726139,-0.11025744946975014,-0.2001707158457433,-0.17338336360941664
activation,naturalistic_behavioral,final_token,14,unique_tuple_weighted_continuous,1.1885274413321194,0.399192372861102,-0.13898278401387135,-0.31397274151745824,0.0007433199745995323,-0.03865262692618554,-0.17530732677188565,-0.1677245448284268
activation,naturalistic_behavioral,final_token,15,row_weighted_continuous,1.2071944639929657,0.39048831796058475,-0.21794444612999353,-0.5491978808286067,0.0704971607256617,-0.1126027576662485,-0.3263746959963776,-0.17204405688439683
activation,naturalistic_behavioral,final_token,15,unique_tuple_weighted_continuous,1.1791610112527369,0.4012657932109776,-0.17982672718835083,-0.38297740774803435,-0.027352469014490177,-0.044810111655085194,-0.2801355982355256,-0.1638580492886188
activation,naturalistic_behavioral,final_token,16,row_weighted_continuous,1.21193474586563,0.3864899857570846,-0.23692668318575344,-0.5885850762778428,0.08355296063843465,-0.20843055618552397,-0.2543779136404458,-0.21679283046338949
activation,naturalistic_behavioral,final_token,16,unique_tuple_weighted_continuous,1.1873679303438833,0.397452646116326,-0.1950459836211645,-0.42843479915755656,0.02116943656158221,-0.15047168682825474,-0.21727687697684517,-0.20021599170474813
activation,naturalistic_behavioral,final_token,17,row_weighted_continuous,1.2210622770173876,0.3916281796235871,-0.24361608869435464,-0.38339791090324415,0.06609798636791908,-0.1891064778606153,-0.48547424750705526,-0.22619979356877762
activation,naturalistic_behavioral,final_token,17,unique_tuple_weighted_continuous,1.2138853342375442,0.39228705515627577,-0.20514760577392974,-0.24387029635380286,-0.018284081582525813,-0.1695502555264694,-0.3756599072244642,-0.21837348818238644
activation,naturalistic_behavioral,final_token,18,row_weighted_continuous,1.2336546822922312,0.3822218446427505,-0.19555227673358733,-0.34272244588434053,0.09566690818576284,-0.21249966185681268,-0.33047108923910384,-0.18773509487344242
activation,naturalistic_behavioral,final_token,18,unique_tuple_weighted_continuous,1.222311471974331,0.3855176624508432,-0.16395125120984172,-0.21849423815601354,0.013201616355542067,-0.1669424341654313,-0.25724060708981167,-0.1902805929934943
activation,naturalistic_behavioral,final_token,19,row_weighted_continuous,1.2417951444567588,0.37686688378998956,-0.33109742748177295,-0.28672882119808807,0.12138186289746988,-0.24587184144436547,-1.011620544607358,-0.23264779305652294
activation,naturalistic_behavioral,final_token,19,unique_tuple_weighted_continuous,1.2258542826637564,0.3844669164356994,-0.2824663064599328,-0.1736669239947366,0.1368963134395691,-0.19153488468812263,-0.9405582375890722,-0.2434677994673018
activation,naturalistic_behavioral,final_token,20,row_weighted_continuous,1.2239873709836506,0.38174499475513846,-0.19617487706068187,-0.33986823430941304,0.06304938747398559,-0.29291880136883774,-0.24194247721780116,-0.16919425988134318
activation,naturalistic_behavioral,final_token,20,unique_tuple_weighted_continuous,1.2093293792014024,0.3888507742920776,-0.1958837132430578,-0.25802330488490366,0.037656523862311,-0.2511939890540593,-0.3317188206988202,-0.17613897543981683
activation,naturalistic_behavioral,final_token,21,row_weighted_continuous,1.220017249194545,0.3880562373605539,-0.16920600604361474,-0.3222274387085202,0.03268737322277426,-0.2711036934556814,-0.06987402247908037,-0.21551224879756603
activation,naturalistic_behavioral,final_token,21,unique_tuple_weighted_continuous,1.2077886108900535,0.3927960439523517,-0.16639311352133052,-0.22788812095959132,-0.034477052554431564,-0.24600377925314643,-0.10494839617537588,-0.21864821866410744
activation,naturalistic_behavioral,final_token,22,row_weighted_continuous,1.2357170621466749,0.377642871999156,-0.18579547802181878,-0.36524175684653826,0.010602570226137198,-0.2538362460637471,-0.06690931274929213,-0.25359264467565357
activation,naturalistic_behavioral,final_token,22,unique_tuple_weighted_continuous,1.2261035093003176,0.37986514703005325,-0.17433370179490684,-0.2560596570531799,-0.040898380679248225,-0.22477319425367392,-0.08432914128043989,-0.26560813570799224
activation,naturalistic_behavioral,final_token,23,row_weighted_continuous,1.223112129177425,0.3878628615440254,-0.16112497814920088,-0.30915060081779866,0.027894850141399585,-0.26053218603424133,-0.032995881447328124,-0.23084107258803588
activation,naturalistic_behavioral,final_token,23,unique_tuple_weighted_continuous,1.2001834593310545,0.3970784006733631,-0.1508150708336756,-0.21443437515017205,-0.020989236470230876,-0.2215377881246987,-0.05649189508065544,-0.24062205934262093
activation,naturalistic_behavioral,final_token,24,row_weighted_continuous,1.2344809300779995,0.3812750294888559,-0.16445590603901888,-0.3156832826362388,0.02434603153240167,-0.2938167527857267,-0.012315228378012799,-0.22481029792751794
activation,naturalistic_behavioral,final_token,24,unique_tuple_weighted_continuous,1.209643567290669,0.39142155302388576,-0.15485360088672057,-0.22273528676048482,-0.029269908384497167,-0.2548035475364985,-0.03406248922307897,-0.23339677252904334
activation,naturalistic_behavioral,final_token,25,row_weighted_continuous,1.2413682941934585,0.3761800069141296,-0.17437211769408018,-0.35385373340469095,0.023799646229216043,-0.2819366362615918,-0.011686477388547223,-0.24818338764478698
activation,naturalistic_behavioral,final_token,25,unique_tuple_weighted_continuous,1.2288383194720074,0.3797875404462134,-0.16308681197923608,-0.24211302595050666,-0.024379511501178897,-0.2529313200680279,-0.0375685983084213,-0.2584416040680457
activation,naturalistic_behavioral,final_token,26,row_weighted_continuous,1.2389188533419249,0.377144281325067,-0.17081448500720403,-0.3422706407152969,0.043787302977650766,-0.28329767273568396,-0.015120873139620628,-0.2571705414230694
activation,naturalistic_behavioral,final_token,26,unique_tuple_weighted_continuous,1.2197339186608664,0.38508843012243243,-0.15939517555606092,-0.22836600536086582,0.0018826678746866055,-0.25339085757592383,-0.05003695357003424,-0.26706472914816737
activation,naturalistic_behavioral,final_token,27,row_weighted_continuous,1.2275761212418212,0.38345065987352533,-0.16940175730458312,-0.2909612725024535,0.04302908271209516,-0.2945142540787944,-0.05227561166659722,-0.2522867309871657
activation,naturalistic_behavioral,final_token,27,unique_tuple_weighted_continuous,1.2343679404538834,0.37705905717992383,-0.16422154490533342,-0.19000261502262394,-0.0011090129621187383,-0.2682428242712436,-0.095651905646156,-0.2661013666245249
activation,naturalistic_behavioral,final_token,28,row_weighted_continuous,1.2360530915841992,0.3790837338073874,-0.18160212511110227,-0.2571321160561666,0.050282286847207036,-0.3382062300345279,-0.08925934414261527,-0.27369522216940867
activation,naturalistic_behavioral,final_token,28,unique_tuple_weighted_continuous,1.2270163907163982,0.3815786144990695,-0.17705348518377892,-0.15128340820490638,0.007925992426040862,-0.3016173333583918,-0.1549168067832003,-0.285375869998437
activation,naturalistic_behavioral,final_token,29,row_weighted_continuous,1.2189989561521544,0.38827578279851477,-0.16628823993473976,-0.26325592334073566,0.0432212507300086,-0.292302283535709,-0.044522527962685965,-0.2745817155645769
activation,naturalistic_behavioral,final_token,29,unique_tuple_weighted_continuous,1.2114827253659148,0.3889110929446514,-0.15738531625428331,-0.13326507550934985,-0.0008183440823017474,-0.25329356960212235,-0.1194955143126768,-0.2800540777649658
activation,naturalistic_behavioral,final_token,30,row_weighted_continuous,1.205638953251687,0.3922546531140777,-0.16474241074993307,-0.4551435840501805,0.061068960860521715,-0.11196090964102412,-0.08055001376261495,-0.23712650715636752
activation,naturalistic_behavioral,final_token,30,unique_tuple_weighted_continuous,1.1900518755162701,0.39708150614715804,-0.14174162298358875,-0.2627567835528519,0.021336113523033662,-0.0620783101123783,-0.17232289880692098,-0.23288623596882618
activation,naturalistic_behavioral,final_token,31,row_weighted_continuous,1.1793705550910532,0.4022493098468135,-0.16953303315170173,-0.16306745014848034,0.04746667879747524,-0.17417031489869395,-0.26787952615480126,-0.2900145533540084
activation,naturalistic_behavioral,final_token,31,unique_tuple_weighted_continuous,1.169646591487976,0.4065604214030184,-0.13977907553688546,-0.11891836394373678,0.06086260963957979,-0.07644692500632733,-0.2893307516102801,-0.275061946763663
activation,naturalistic_behavioral,mean_tokens,0,row_weighted_continuous,1.2638383650678708,0.3576696758831726,-0.29130072957672787,-0.39869532912275285,-0.07927922187024072,0.12571265884273575,-0.12990489602269362,-0.9743368597106878
activation,naturalistic_behavioral,mean_tokens,0,unique_tuple_weighted_continuous,1.2470045804322187,0.3699055578849335,-0.256590280056196,-0.3157352970337062,-0.03476379160969656,0.1126018007523395,-0.026120243754214068,-1.0189338686357026
activation,naturalistic_behavioral,mean_tokens,1,row_weighted_continuous,1.3833573364154153,0.39242534724605516,-0.2150501366816381,-0.2356330369176327,-0.2812671681712007,0.09869495694295882,-0.45395163841698527,-0.20309379684533058
activation,naturalistic_behavioral,mean_tokens,1,unique_tuple_weighted_continuous,1.3774376537202957,0.385876350803099,-0.1796370631541653,-0.18583787026252852,-0.2763396684956987,0.020549166450295253,-0.23132410654784707,-0.22523283691504759
activation,naturalistic_behavioral,mean_tokens,2,row_weighted_continuous,1.360623629476991,0.40097676825303796,-0.2595580468830196,-0.39753777715136174,-0.389845667582718,0.17611176520732796,-0.3428867060953398,-0.34363184879300657
activation,naturalistic_behavioral,mean_tokens,2,unique_tuple_weighted_continuous,1.3442754149305105,0.41128750356419336,-0.20065117042021932,-0.25078712463622255,-0.34896271985338,0.1462903079276383,-0.19309506838852952,-0.3567012471506028
activation,naturalistic_behavioral,mean_tokens,3,row_weighted_continuous,1.317995767866039,0.3986896335616198,-0.4456379077154658,-0.5855633374550577,-0.4340712246508662,-0.3830097534427621,-0.47849000311558587,-0.34705521991305677
activation,naturalistic_behavioral,mean_tokens,3,unique_tuple_weighted_continuous,1.2880863933897133,0.42260982263345204,-0.35500276539255576,-0.3754466475970273,-0.2953221186743502,-0.5070470704694641,-0.2797827330348521,-0.3174152571870852
activation,naturalistic_behavioral,mean_tokens,4,row_weighted_continuous,1.3306989253618307,0.3563631588528374,-0.584298096153306,-1.3361223153892579,-0.3141221901036362,-0.2702995244213877,-0.46340514043545555,-0.5375413104167928
activation,naturalistic_behavioral,mean_tokens,4,unique_tuple_weighted_continuous,1.3246376645877835,0.35971338792592294,-0.47868623416978656,-1.0607576710774023,-0.26180968536610405,-0.2562920936200077,-0.3211880346235849,-0.4933836861618337
activation,naturalistic_behavioral,mean_tokens,5,row_weighted_continuous,1.3304563812113284,0.3430840071273112,-0.4378294194101298,-0.7482463878764682,-0.11768671913803219,-0.09553244496673674,-0.4586393067449832,-0.7690422383244289
activation,naturalistic_behavioral,mean_tokens,5,unique_tuple_weighted_continuous,1.2981089237808923,0.36858749191155726,-0.32686799950089584,-0.5200076822900797,-0.07732365038213129,-0.08574156943816824,-0.3429969292878312,-0.6082701661062688
activation,naturalistic_behavioral,mean_tokens,6,row_weighted_continuous,1.3061872443799127,0.3656180903149502,-0.37875420592236697,-0.6269495213757557,-0.22375667904229513,0.012899666443253244,-0.7218145417167383,-0.3341499539202992
activation,naturalistic_behavioral,mean_tokens,6,unique_tuple_weighted_continuous,1.3006615697260318,0.36655237963304177,-0.2917669574737668,-0.46987695466761137,-0.15653336818945363,0.04782255368981847,-0.5137342556207078,-0.36651276258087995
activation,naturalistic_behavioral,mean_tokens,7,row_weighted_continuous,1.2780533554488767,0.39092457744654074,-0.3448691624820387,-0.5700883263496883,-0.25437277243330225,0.03056557940499094,-0.519379789979669,-0.411070503052525
activation,naturalistic_behavioral,mean_tokens,7,unique_tuple_weighted_continuous,1.2599966246879557,0.3986659808414684,-0.27670891206714854,-0.42171688352203573,-0.20654985882415922,0.01272872201089692,-0.3959715114863742,-0.37203502851407055
activation,naturalistic_behavioral,mean_tokens,8,row_weighted_continuous,1.3075574071210996,0.3678430119444629,-0.27933855015086373,-0.5486332261443094,-0.13663873108015467,0.013248017635236087,-0.43235258005911814,-0.2923162311059728
activation,naturalistic_behavioral,mean_tokens,8,unique_tuple_weighted_continuous,1.2718108932798105,0.3865928025162087,-0.21040466502548552,-0.37850612178275433,-0.1070085456587504,0.007756555579781055,-0.2892556130095565,-0.2850096002561475
activation,naturalistic_behavioral,mean_tokens,9,row_weighted_continuous,1.2720929292264533,0.3822430043513352,-0.24719619599285525,-0.4479624912289455,-0.033390628917779,-0.030895107847260128,-0.37513901237746317,-0.34859373959282847
activation,naturalistic_behavioral,mean_tokens,9,unique_tuple_weighted_continuous,1.2434269600695553,0.39716102986915636,-0.1857440291417261,-0.24544081908232074,-0.03288370714855815,-0.01316536829030035,-0.23261941389708052,-0.40461083729037073
activation,naturalistic_behavioral,mean_tokens,10,row_weighted_continuous,1.2614601223760915,0.3852190662934718,-0.2145330617866799,-0.7389336487811327,-0.13075189224349515,0.05846087031874592,0.07704732701863093,-0.33848796524614855
activation,naturalistic_behavioral,mean_tokens,10,unique_tuple_weighted_continuous,1.2733843202018478,0.37778166899367893,-0.1728236807773847,-0.5795852972917133,-0.16372920559764093,0.046172657447651644,0.1489009671170829,-0.31587752556230386
activation,naturalistic_behavioral,mean_tokens,11,row_weighted_continuous,1.2287356796536606,0.41498340760945596,-0.2060470879461988,-0.47429092713585796,-0.18923233326438638,0.13280149659524687,-0.09115977459511893,-0.4083539013308777
activation,naturalistic_behavioral,mean_tokens,11,unique_tuple_weighted_continuous,1.21449938345254,0.421828939346734,-0.15903888957316098,-0.32411182563427987,-0.21921586623078615,0.17756946085440573,-0.00894816305023638,-0.4204880538049083
activation,naturalistic_behavioral,mean_tokens,12,row_weighted_continuous,1.2035862206965862,0.4280948238361427,-0.20419627956098366,-0.3346010204872354,-0.20334005262631383,0.04444144636150138,-0.06255367391221611,-0.4649280971406542
activation,naturalistic_behavioral,mean_tokens,12,unique_tuple_weighted_continuous,1.2154236303646981,0.4214617002367877,-0.18901603170256992,-0.28922699116903194,-0.2709859058838193,0.10297478854979925,-0.023347437145338157,-0.46449461286445937
activation,naturalistic_behavioral,mean_tokens,13,row_weighted_continuous,1.2094528694570734,0.41587515683856113,-0.2511129454078234,-0.4667993247442135,-0.13490818517371395,0.1004981342975253,-0.1978998977858062,-0.5564554536329087
activation,naturalistic_behavioral,mean_tokens,13,unique_tuple_weighted_continuous,1.2028740325120402,0.4191616599987527,-0.1997267376707304,-0.30459377858171033,-0.16896520038553953,0.14531238885202302,-0.08627765537314147,-0.5841094428652838
activation,naturalistic_behavioral,mean_tokens,14,row_weighted_continuous,1.2377063082466653,0.3903869001855199,-0.26585311129095474,-0.43742245720078543,-0.10628198003794531,0.00792847292229315,-0.34095762064524937,-0.4525319714930869
activation,naturalistic_behavioral,mean_tokens,14,unique_tuple_weighted_continuous,1.226111264497677,0.39708481824844444,-0.21537590443934648,-0.29819933642843366,-0.1059133989013028,-0.011903025643519083,-0.19878635975288095,-0.46207740147059595
activation,naturalistic_behavioral,mean_tokens,15,row_weighted_continuous,1.2319558360303196,0.3944205933364989,-0.2792490905822834,-0.3823479156231142,-0.13788108329344095,-0.02560536332990404,-0.3157546045713644,-0.5346564860935934
activation,naturalistic_behavioral,mean_tokens,15,unique_tuple_weighted_continuous,1.2279607518873092,0.3957596781158538,-0.2432680988449393,-0.25147937863697223,-0.15813870810888986,-0.04162291153173103,-0.17964785958410645,-0.5854516363629969
activation,naturalistic_behavioral,mean_tokens,16,row_weighted_continuous,1.247700839788871,0.38762426464481053,-0.2975919445804637,-0.5144247566480871,-0.06005502393231077,-0.05580454768523757,-0.31766231557263014,-0.5400130790640529
activation,naturalistic_behavioral,mean_tokens,16,unique_tuple_weighted_continuous,1.2505811648898562,0.38688447667256665,-0.25081936745986366,-0.3343485111936211,-0.08630334806621032,-0.08688423981653082,-0.18754074051401548,-0.5590199977089405
activation,naturalistic_behavioral,mean_tokens,17,row_weighted_continuous,1.262972803831417,0.38365552327568825,-0.24259507414257486,-0.3798127201508621,-0.0333865860429956,-0.003232103885893345,-0.35009455576254367,-0.4464494048705796
activation,naturalistic_behavioral,mean_tokens,17,unique_tuple_weighted_continuous,1.270498551042255,0.3800838601954124,-0.20166823590700336,-0.2095521368653095,-0.11709000270120606,0.0038898011609778127,-0.23459452404941006,-0.450994317080069
activation,naturalistic_behavioral,mean_tokens,18,row_weighted_continuous,1.2641493975106395,0.3829761590742101,-0.24793769349058822,-0.3317955480500654,0.006816272579769356,-0.06903596798707867,-0.3517858934523459,-0.49388733054322054
activation,naturalistic_behavioral,mean_tokens,18,unique_tuple_weighted_continuous,1.270260401469839,0.3813723800317076,-0.2016432341948809,-0.17998399012395572,-0.043206189298817366,-0.0306716646619396,-0.24687278868657425,-0.5074815382031175
activation,naturalistic_behavioral,mean_tokens,19,row_weighted_continuous,1.2752963715160994,0.3758876498430389,-0.261426159558912,-0.35023550677885673,0.011462300939989012,-0.16782425054820327,-0.3605641529259871,-0.439969188481502
activation,naturalistic_behavioral,mean_tokens,19,unique_tuple_weighted_continuous,1.281146479101518,0.37463941632930337,-0.2143541310023985,-0.19657571765590198,-0.020665489510517387,-0.12946061987199542,-0.26499004519787106,-0.4600787827757067
activation,naturalistic_behavioral,mean_tokens,20,row_weighted_continuous,1.2850936841993326,0.36966544663903245,-0.25008716061405195,-0.35395100619466113,-0.019295217444327717,-0.207627322607137,-0.3245364897027294,-0.34502576712140454
activation,naturalistic_behavioral,mean_tokens,20,unique_tuple_weighted_continuous,1.2797038506854443,0.3739792389292036,-0.20020045023155458,-0.19364789444507124,-0.03008138478552702,-0.16227743746794543,-0.24588821040261122,-0.36910732405661806
activation,naturalistic_behavioral,mean_tokens,21,row_weighted_continuous,1.2860797475413457,0.37321647231834304,-0.2522294635147265,-0.19840391923784018,-0.04804032175513839,-0.21055084425712844,-0.3472505436306035,-0.45690168869292225
activation,naturalistic_behavioral,mean_tokens,21,unique_tuple_weighted_continuous,1.2749661037799045,0.3791268532487444,-0.20104464223501303,-0.05881138366033056,-0.08666194170392916,-0.1542494573248152,-0.24472748698563973,-0.46077294150035053
activation,naturalistic_behavioral,mean_tokens,22,row_weighted_continuous,1.2983752053039561,0.36649991407216975,-0.26733877744681683,-0.21897616982341606,-0.0892793608183573,-0.2709959150191583,-0.3517335577357277,-0.40570888383742476
activation,naturalistic_behavioral,mean_tokens,22,unique_tuple_weighted_continuous,1.2703443253056985,0.3800168818985088,-0.2160471956432913,-0.08304332292464078,-0.1260095360633977,-0.21826495967215176,-0.24351721481901945,-0.40940094473724686
activation,naturalistic_behavioral,mean_tokens,23,row_weighted_continuous,1.3002639115084575,0.3670777443784391,-0.23988163206693952,-0.17445730656633884,-0.09351654083015637,-0.1951110372398266,-0.26843121648853163,-0.4678920592098441
activation,naturalistic_behavioral,mean_tokens,23,unique_tuple_weighted_continuous,1.282950589056591,0.37480380240586314,-0.19661826683954087,-0.07121257465250208,-0.1432142815418771,-0.13676520877161824,-0.16611528562307853,-0.4657839836086284
activation,naturalistic_behavioral,mean_tokens,24,row_weighted_continuous,1.2903245855273566,0.37430775580669284,-0.23429741306106192,-0.14780608681324425,-0.09330889924544494,-0.18875490769914705,-0.2664200621095256,-0.4751971094379477
activation,naturalistic_behavioral,mean_tokens,24,unique_tuple_weighted_continuous,1.2731616909603582,0.3815568093419754,-0.1964631924789527,-0.05945367053855888,-0.152959264855685,-0.1417874808814381,-0.15143650913606677,-0.4766790369830147
activation,naturalistic_behavioral,mean_tokens,25,row_weighted_continuous,1.2918206092405617,0.3739118802578182,-0.23106243816877878,-0.14343952103688995,-0.08537726602609874,-0.2276458235424319,-0.2470556643760704,-0.4517939158624029
activation,naturalistic_behavioral,mean_tokens,25,unique_tuple_weighted_continuous,1.2740365530077158,0.3819301093509149,-0.19653616733674775,-0.0435880119901626,-0.14551973458864542,-0.19216581866969862,-0.13792096873626725,-0.46348630269896485
activation,naturalistic_behavioral,mean_tokens,26,row_weighted_continuous,1.2834099954503846,0.37731342689191283,-0.22673431107660993,-0.2009962805348786,-0.05253683158488798,-0.22255898198141666,-0.20101251383367358,-0.4565669474481928
activation,naturalistic_behavioral,mean_tokens,26,unique_tuple_weighted_continuous,1.2711816848812114,0.38276321546045605,-0.18575777703937604,-0.07773619089199513,-0.09862700517257417,-0.17990442801387285,-0.10282212292220083,-0.4696991381962372
activation,naturalistic_behavioral,mean_tokens,27,row_weighted_continuous,1.3078207752932982,0.3640660949814945,-0.26483979941115926,-0.16385059314805428,-0.07968421599883158,-0.3195297319191672,-0.26892312824285725,-0.49221132774688603
activation,naturalistic_behavioral,mean_tokens,27,unique_tuple_weighted_continuous,1.2895514432369168,0.37280739077477215,-0.22143337518512726,-0.0500805186556772,-0.10271287900296167,-0.2707553321390721,-0.17615911507522464,-0.5074590310527007
activation,naturalistic_behavioral,mean_tokens,28,row_weighted_continuous,1.3212639551863297,0.35173875178325753,-0.34117570274764747,-0.2280562717784862,-0.1471799377729246,-0.7277574513272698,-0.21139110186737575,-0.391493750992181
activation,naturalistic_behavioral,mean_tokens,28,unique_tuple_weighted_continuous,1.3176981980936826,0.35054693696438605,-0.32320472420237645,-0.1258109346126508,-0.21312317336913922,-0.6968855825193809,-0.1600298660825672,-0.4201740644281442
activation,naturalistic_behavioral,mean_tokens,29,row_weighted_continuous,1.2844951789122057,0.37475642905632617,-0.265342286824792,-0.22635685895307311,-0.09323514096189589,-0.22515702784757563,-0.26314985394411927,-0.5188125524172962
activation,naturalistic_behavioral,mean_tokens,29,unique_tuple_weighted_continuous,1.2683099476383055,0.381639763888724,-0.19878252033527963,-0.12460438391869433,-0.0872378551010149,-0.15418634527867914,-0.1270752890815927,-0.5008087282964171
activation,naturalistic_behavioral,mean_tokens,30,row_weighted_continuous,1.2019026505298356,0.4123741811655455,-0.256811586354288,-0.21185246407595115,-0.15658545063135465,-0.27030105462088394,-0.38697427924435424,-0.25834468319889625
activation,naturalistic_behavioral,mean_tokens,30,unique_tuple_weighted_continuous,1.1936950219689049,0.41424805533678183,-0.20200908662490358,-0.1393432419164684,-0.19702912558695918,-0.16265052139839065,-0.2653604864888821,-0.24566205773381777
activation,naturalistic_behavioral,mean_tokens,31,row_weighted_continuous,1.1578949875534696,0.4189278156643431,-0.22334604266818298,-0.162845611464133,-0.23994662879315687,-0.10317974851931666,-0.36158003422362617,-0.24917819034068223
activation,naturalistic_behavioral,mean_tokens,31,unique_tuple_weighted_continuous,1.158155175143195,0.4169366908406718,-0.13840980543834652,-0.06659513573034959,-0.14555772557509328,-0.04088770059015734,-0.19696197561891626,-0.2420464896772161
activation,neutral_controls,final_token,0,row_weighted_continuous,1.238757858412475,0.37202317586979083,-0.4685177122353707,-0.01401617527308141,0.06106105601070744,-0.5053775467949002,-1.088059626080236,-0.7961962690393436
activation,neutral_controls,final_token,0,unique_tuple_weighted_continuous,1.2289714765306363,0.37964986231183767,-0.48459189309093176,0.05505286988082114,0.06313836230636316,-0.5032507006359634,-1.3917990242910983,-0.6461009727147817
activation,neutral_controls,final_token,1,row_weighted_continuous,1.1602883515499367,0.41059389381978645,-0.17986539148041455,-0.1403430893794686,0.04062358049268888,-0.011749139306180822,-0.6535049507176389,-0.13435335849147334
activation,neutral_controls,final_token,1,unique_tuple_weighted_continuous,1.1553915342807792,0.4143704380738611,-0.16000081889348844,-0.11303049218783401,0.05155403647615597,-0.0413243062291313,-0.651543289040394,-0.045660043486238866
activation,neutral_controls,final_token,2,row_weighted_continuous,1.132948349702695,0.4227960972402481,-0.13070398170940808,-0.16092367827738197,-0.010171486931226603,-0.035762300565808536,0.051377253005423285,-0.49803969577804663
activation,neutral_controls,final_token,2,unique_tuple_weighted_continuous,1.131173820807019,0.42806850979258393,-0.11139282206353529,-0.12550920717161618,0.03031150628072865,-0.07606249045567082,0.06693776572054289,-0.452641684691661
activation,neutral_controls,final_token,3,row_weighted_continuous,1.1524189604858601,0.407150333936931,-0.16716099492054048,-0.5448952327716785,-0.08124085508527124,-0.09759110168227036,-0.016703288985615572,-0.09537449607786685
activation,neutral_controls,final_token,3,unique_tuple_weighted_continuous,1.1459997717161041,0.41398570410283114,-0.14415561443610853,-0.4768381405049944,0.0018751882601248937,-0.14192950607011423,0.012895071890322352,-0.1167806857558813
activation,neutral_controls,final_token,4,row_weighted_continuous,1.1180179911880932,0.4358597594979129,-0.23399292761751952,-0.7185596931050691,-0.08210395105239288,-0.389054191891576,-0.025324822061002283,0.045078020022442655
activation,neutral_controls,final_token,4,unique_tuple_weighted_continuous,1.1148340472168579,0.4402639490841633,-0.2755376152690026,-0.8244905323439737,-0.01523912944713346,-0.5306903621126517,-0.041604943814270934,0.034336891373016876
activation,neutral_controls,final_token,5,row_weighted_continuous,1.109421977259411,0.4435608450578593,-0.5670754037264397,-2.419826034335255,-0.08024623884930637,-0.023252116583502236,-0.07310157789514315,-0.23895105096899227
activation,neutral_controls,final_token,5,unique_tuple_weighted_continuous,1.1000708668746668,0.4500958864802634,-0.6052433014888415,-2.4553012780358907,-0.13250914773503175,-0.08553726727368538,-0.041066018235587975,-0.3118027961640122
activation,neutral_controls,final_token,6,row_weighted_continuous,1.0828114908152786,0.46817764585358673,-0.2540834285924954,-0.36090046000022724,-0.21972353613439033,0.029404545698910267,-0.39687767768060045,-0.3223200148461691
activation,neutral_controls,final_token,6,unique_tuple_weighted_continuous,1.0684846873482545,0.4770370680685335,-0.22453113738607114,-0.30901993911750436,-0.19013954277059741,0.045361897152121244,-0.33438058889157607,-0.33447751330279907
activation,neutral_controls,final_token,7,row_weighted_continuous,1.1211843033081625,0.44563146144599897,-0.21626280433858724,-0.25187191641087936,-0.1547901294207077,-0.2941782045400929,-0.1200828951702293,-0.26039087615102696
activation,neutral_controls,final_token,7,unique_tuple_weighted_continuous,1.1098153985159647,0.4505202331820774,-0.16098673279614495,-0.1894014381318594,-0.05601279390753722,-0.23035199800993067,-0.003431622453682781,-0.3257358114777147
activation,neutral_controls,final_token,8,row_weighted_continuous,1.177477408929394,0.4203593391560284,-0.25302039104685436,-0.41622422581965646,-0.28686049278956527,-0.4562584226016164,0.06095214341803046,-0.16671095744146402
activation,neutral_controls,final_token,8,unique_tuple_weighted_continuous,1.1556827407332435,0.43193539109425955,-0.2129045808277879,-0.3921345067778119,-0.17461744225408116,-0.4142770144354617,0.18294305854751436,-0.26643699921909914
activation,neutral_controls,final_token,9,row_weighted_continuous,1.162430857459432,0.41724794261321935,-0.2566705752852282,-0.42587236770078385,-0.07205258835481643,-0.7020413379524206,0.0697194819314425,-0.1531060643495623
activation,neutral_controls,final_token,9,unique_tuple_weighted_continuous,1.1404172729325122,0.4259406261814247,-0.23569229053113272,-0.34677073196030594,-8.212478832425596e-05,-0.7295340091437983,0.06110067482502224,-0.16317526158825735
activation,neutral_controls,final_token,10,row_weighted_continuous,1.166142338933922,0.422192952963239,-0.15124826840781366,-0.3652046238429578,-0.058074195441960574,-0.1487930379687903,0.025741863181102165,-0.20991134796646183
activation,neutral_controls,final_token,10,unique_tuple_weighted_continuous,1.135239993907986,0.4347410479609109,-0.14401062296068584,-0.2878484029974979,-0.023945993141692767,-0.10978045061115571,0.01251701636209357,-0.31099528441517643
activation,neutral_controls,final_token,11,row_weighted_continuous,1.179804808831093,0.4079003062203858,-0.15285825721477123,-0.3483710846214867,-0.10826044075853303,-0.11572360247141655,0.03361444303108996,-0.22555060125350979
activation,neutral_controls,final_token,11,unique_tuple_weighted_continuous,1.1481878255347961,0.4229166286497194,-0.14999975566438342,-0.278139327973316,-0.06689543894067551,-0.12021399687800205,0.0554552033772977,-0.34020521790722125
activation,neutral_controls,final_token,12,row_weighted_continuous,1.2132878647335206,0.3859300163169953,-0.23239873425476124,-0.38162740269662043,-0.09064103259344614,-0.44958048637351244,0.18825612226317245,-0.4284008718733996
activation,neutral_controls,final_token,12,unique_tuple_weighted_continuous,1.1950471043214232,0.3948048000134837,-0.22572751672272054,-0.3020459304751657,-0.036753309983163396,-0.41143251569414163,0.19634976724059372,-0.5747555947017255
activation,neutral_controls,final_token,13,row_weighted_continuous,1.3123102299719003,0.3294713476467813,-0.3402601559306675,-0.4834784980664837,-0.2221432597903743,-0.4864401408205521,-0.14142430142869689,-0.3678145795472305
activation,neutral_controls,final_token,13,unique_tuple_weighted_continuous,1.2890918687085948,0.3376801030243271,-0.35095766229918834,-0.4815889145209935,-0.29199537546686516,-0.5011940110100797,-0.1332788438413648,-0.3467311666566386
activation,neutral_controls,final_token,14,row_weighted_continuous,1.3028405437119033,0.33431466049678227,-0.34044385167767577,-0.4450234202687182,-0.2179044965526029,-0.4394160823437687,-0.26602412565623323,-0.33385113356705576
activation,neutral_controls,final_token,14,unique_tuple_weighted_continuous,1.2872681740850835,0.33686639873927365,-0.35588731821377106,-0.44984760944784496,-0.2709102489065147,-0.46108446927607893,-0.2634009359237639,-0.3341933275146527
activation,neutral_controls,final_token,15,row_weighted_continuous,1.2717317963052714,0.3537494561022506,-0.3025989395836942,-0.4573619388397028,-0.13684537280305986,-0.32429506017704934,-0.24336382079540853,-0.35112850530325046
activation,neutral_controls,final_token,15,unique_tuple_weighted_continuous,1.270180100111709,0.3498905981350327,-0.308301901143863,-0.4342593994742181,-0.17087655923628975,-0.32604329807698895,-0.24487999995309084,-0.36545024897872747
activation,neutral_controls,final_token,16,row_weighted_continuous,1.2490866233467262,0.36905139659420033,-0.3149030593187611,-0.445966179399482,-0.365593946832689,-0.38223101555995,-0.014196046193543754,-0.3665281086081409
activation,neutral_controls,final_token,16,unique_tuple_weighted_continuous,1.2585783618682593,0.36253445681760776,-0.33603491494181187,-0.41813039151103815,-0.36626843348737936,-0.4388086373833926,-0.03437850838199963,-0.42258860394524955
activation,neutral_controls,final_token,17,row_weighted_continuous,1.2423294269750602,0.37234604485122996,-0.35192628468468484,-0.2969894389207697,-0.463280041320715,-0.36755267774864686,-0.20816743677113703,-0.4236418286621557
activation,neutral_controls,final_token,17,unique_tuple_weighted_continuous,1.2459620929310395,0.36874478014576995,-0.3739083789557379,-0.2720307351980116,-0.47923364981587335,-0.42209699162084324,-0.22891137127018601,-0.4672691468737755
activation,neutral_controls,final_token,18,row_weighted_continuous,1.2871378211001747,0.34886275493017943,-0.3207402900167101,-0.2313520199129484,-0.17228078246863987,-0.5021314676668343,-0.35187094005540676,-0.3460662399797214
activation,neutral_controls,final_token,18,unique_tuple_weighted_continuous,1.2714094931954807,0.35451503680077107,-0.3238116548409137,-0.18690746894256716,-0.18675115710385914,-0.5306213453574185,-0.3294081732667682,-0.38537012953395555
activation,neutral_controls,final_token,19,row_weighted_continuous,1.2715453928769271,0.36293343261047484,-0.35242106130607864,-0.217288736695451,-0.12364059969522367,-0.5010446432903906,-0.47910136949022664,-0.44102995735910144
activation,neutral_controls,final_token,19,unique_tuple_weighted_continuous,1.266180454095597,0.36348465370216687,-0.36432363582716853,-0.17074874537669782,-0.13811883442772,-0.5391076899760137,-0.4946354833031965,-0.4790074260522148
activation,neutral_controls,final_token,20,row_weighted_continuous,1.2593275229056236,0.3702104295962011,-0.278909437996078,-0.19380036817157342,-0.08455070199649217,-0.35455383495446946,-0.3705922692326098,-0.391050015625245
activation,neutral_controls,final_token,20,unique_tuple_weighted_continuous,1.2435992788096888,0.37585879682601175,-0.29831460149324995,-0.15943318761930492,-0.10430181604064859,-0.38061655959085683,-0.36281521961955465,-0.4844062245958849
activation,neutral_controls,final_token,21,row_weighted_continuous,1.2782747838589783,0.3593491533256608,-0.3354665399561156,-0.2720445663079645,-0.09652580827789725,-0.2876535976428549,-0.605467405055756,-0.4156413224961053
activation,neutral_controls,final_token,21,unique_tuple_weighted_continuous,1.2666591289627616,0.3614000125002712,-0.3698656918958241,-0.27074357196060195,-0.11463440362407074,-0.3483976520209995,-0.5772209736987608,-0.5383318581746876
activation,neutral_controls,final_token,22,row_weighted_continuous,1.3018494021491787,0.34618114194052774,-0.45238176868967256,-0.48420120351286156,-0.11076317729130691,-0.5115244129927623,-0.6665218908720654,-0.4888981587793664
activation,neutral_controls,final_token,22,unique_tuple_weighted_continuous,1.30996463169886,0.33811778146923666,-0.49405013378482926,-0.4981562642590527,-0.12175958380523788,-0.5587446356907759,-0.6547148260198918,-0.6368753591491882
activation,neutral_controls,final_token,23,row_weighted_continuous,1.2941224774553801,0.3488400030759514,-0.4429707714369739,-0.34726794381504633,-0.026188983674655608,-0.4879376921875247,-0.8669238687705527,-0.4865353687370899
activation,neutral_controls,final_token,23,unique_tuple_weighted_continuous,1.2953572797661237,0.34557328423747624,-0.47228940716201484,-0.32730670277883367,-0.01812491669874694,-0.5595295050987046,-0.8165813347599544,-0.6399045764738347
activation,neutral_controls,final_token,24,row_weighted_continuous,1.3062446525699043,0.33957706132903576,-0.5392097916523982,-0.36767010287847324,-0.17641076737820782,-0.6099849975162672,-0.9883162948037125,-0.5536667956853303
activation,neutral_controls,final_token,24,unique_tuple_weighted_continuous,1.3060725733323673,0.33825544613006037,-0.5710567478153838,-0.36790009426504877,-0.13972429613557424,-0.7091773934391861,-0.9182282043927876,-0.7202537508443227
activation,neutral_controls,final_token,25,row_weighted_continuous,1.3065554214206454,0.34053992289017343,-0.5404404665092376,-0.3435261872797595,-0.13649652007134283,-0.6360348676865508,-1.028830008898102,-0.5573147486104331
activation,neutral_controls,final_token,25,unique_tuple_weighted_continuous,1.2800557531753125,0.35483810866870585,-0.5623201837403771,-0.3311482719480554,-0.08105241539782226,-0.7493577717169326,-0.9277593643944471,-0.7222830952446282
activation,neutral_controls,final_token,26,row_weighted_continuous,1.2779076777740859,0.35373671201080914,-0.6201886235115419,-0.4369775021940536,-0.12925935073587413,-1.0272956574959826,-0.9708131987535653,-0.5365974083782339
activation,neutral_controls,final_token,26,unique_tuple_weighted_continuous,1.2618315140809249,0.3624840684235099,-0.6390171961803034,-0.44320883091823093,-0.05984229273849451,-1.1601521033902484,-0.8224287148575871,-0.7094540389969564
activation,neutral_controls,final_token,27,row_weighted_continuous,1.274296914867965,0.35423197026307424,-0.6128717583367289,-0.38951867107919624,-0.12632700166655852,-0.864940093313185,-1.1128989870043506,-0.5706740386203539
activation,neutral_controls,final_token,27,unique_tuple_weighted_continuous,1.2478328483983558,0.36853307124810647,-0.6225090097621534,-0.36565591904963446,-0.056971828044092065,-0.9899173831999801,-0.9560620415058958,-0.7439378770111644
activation,neutral_controls,final_token,28,row_weighted_continuous,1.267957287799908,0.3587230251235636,-0.7160207529268431,-0.36123329674891513,-0.1508601951758135,-1.1127834687557856,-1.4061997740795658,-0.5490270298741353
activation,neutral_controls,final_token,28,unique_tuple_weighted_continuous,1.2401163381410134,0.3729675814567813,-0.7256781865835189,-0.34491792899456475,-0.08970116896361291,-1.200212799687335,-1.2783412750831045,-0.7152177601889775
activation,neutral_controls,final_token,29,row_weighted_continuous,1.2744673087630087,0.3531660193815508,-0.6855170744880577,-0.6207435681770783,-0.17716128356318395,-1.3243325843912235,-0.855954812762727,-0.44939312354607575
activation,neutral_controls,final_token,29,unique_tuple_weighted_continuous,1.2545958110468232,0.36323655833119173,-0.6911267854547625,-0.6219877415864097,-0.14953451726100164,-1.2832455162795662,-0.7982058527619884,-0.602660299384846
activation,neutral_controls,final_token,30,row_weighted_continuous,1.097498938331436,0.46090892561037844,-0.1879933221645159,-0.35372160671999264,0.025411639721581336,-0.4320886067705205,0.20745388061035075,-0.3870219176639984
activation,neutral_controls,final_token,30,unique_tuple_weighted_continuous,1.078827947762064,0.4702868442280816,-0.1799653017294155,-0.2752431417783294,0.06341389755744797,-0.38241438461881594,0.18547074152640874,-0.4910536213337888
activation,neutral_controls,final_token,31,row_weighted_continuous,1.1429873506673331,0.42503653627663374,-0.23148503468177992,-0.2958323134658174,-0.17999162839744187,-0.3281013794978729,0.0758665010064189,-0.42936635305418624
activation,neutral_controls,final_token,31,unique_tuple_weighted_continuous,1.108993854279161,0.43844490847807605,-0.1849116624068164,-0.1677715446924899,-0.09882337679242048,-0.21441211160163154,0.032408767656252446,-0.47596004660379254
activation,neutral_controls,mean_tokens,0,row_weighted_continuous,1.2474881043905133,0.3737819047410767,-0.32353698937651476,-0.5817502469482438,-0.14995568774542,-0.13087379286950362,-0.1329312052848306,-0.6221740140345757
activation,neutral_controls,mean_tokens,0,unique_tuple_weighted_continuous,1.2590346767917668,0.37153957448300734,-0.30136438382079767,-0.4209011612997975,-0.15168283508752056,-0.20306019462784164,-0.07160230000552681,-0.6595754280833017
activation,neutral_controls,mean_tokens,1,row_weighted_continuous,1.3922476590659474,0.3904880714055551,-0.16776421317447893,-0.19434266174547576,-0.18965945262411754,0.08592070426864895,-0.36885686554774244,-0.1718827902237079
activation,neutral_controls,mean_tokens,1,unique_tuple_weighted_continuous,1.3853845072787063,0.3825905475735861,-0.14286085237924073,-0.18085427429442635,-0.1810335916747552,-0.0029797282403474235,-0.16537687917326438,-0.18405978851341032
activation,neutral_controls,mean_tokens,2,row_weighted_continuous,1.3898213221619273,0.3844664660674283,-0.1894272807770936,-0.2565748872214779,-0.2859081507181931,0.1460086922111321,-0.3482514620070587,-0.20241059614987034
activation,neutral_controls,mean_tokens,2,unique_tuple_weighted_continuous,1.3768744697389048,0.3893487026612669,-0.14289688149981747,-0.18569350020897257,-0.27702495449071485,0.12636073661463354,-0.17305124375446135,-0.20507544565957225
activation,neutral_controls,mean_tokens,3,row_weighted_continuous,1.3585999690041843,0.3974330779140174,-0.20305510520218878,-0.29571128528853596,-0.40069820494867425,0.1407368072714752,-0.2941653798400252,-0.1654374632051836
activation,neutral_controls,mean_tokens,3,unique_tuple_weighted_continuous,1.3357918489619824,0.416588356330716,-0.12433260811791888,-0.20898375092231358,-0.36454415865859047,0.21146145370354708,-0.1256839500686262,-0.13391263464361125
activation,neutral_controls,mean_tokens,4,row_weighted_continuous,1.346584890400027,0.3835865148264167,-0.4580148418020508,-0.44598345700383923,-0.7506898906449295,0.11427302103885328,-0.9127456405301575,-0.2949282418701815
activation,neutral_controls,mean_tokens,4,unique_tuple_weighted_continuous,1.3254599420958892,0.40421970789930484,-0.3716931262048545,-0.4205650903428999,-0.7339322452295161,0.11996749585948185,-0.5763809670811744,-0.24755482423016462
activation,neutral_controls,mean_tokens,5,row_weighted_continuous,1.3459285438602913,0.3662219487848509,-0.33872422443501937,-0.4482759197988009,-0.3211699032890094,-0.01078572704240699,-0.4661030877559891,-0.4472864842888906
activation,neutral_controls,mean_tokens,5,unique_tuple_weighted_continuous,1.3312978902379515,0.3739201427642756,-0.25620532276514385,-0.37231435175520766,-0.23144401316334373,-0.012462521416825245,-0.31448837874224744,-0.35031734874809506
activation,neutral_controls,mean_tokens,6,row_weighted_continuous,1.319175054780118,0.38905688305846975,-0.4935356233811216,-0.39698549321461063,-0.7401280431092194,0.02477787089722061,-1.1518950154906564,-0.20344743598834203
activation,neutral_controls,mean_tokens,6,unique_tuple_weighted_continuous,1.309340521876242,0.39328825686668734,-0.3618554008735117,-0.32501708742773183,-0.5832518490504406,0.044231739031170836,-0.7591806121577986,-0.18605919476275856
activation,neutral_controls,mean_tokens,7,row_weighted_continuous,1.3105996232089585,0.3855216518244254,-0.3237060167755813,-0.7601545037406903,-0.18479052473984714,0.01881186235470944,-0.32904100948115933,-0.36335590827091924
activation,neutral_controls,mean_tokens,7,unique_tuple_weighted_continuous,1.280984557534381,0.40576283013704567,-0.2627681310348401,-0.6081207663598243,-0.1289214817610267,-0.008537511984762602,-0.2278464701270415,-0.3404144249415455
activation,neutral_controls,mean_tokens,8,row_weighted_continuous,1.3487669562306563,0.3479662016055633,-0.32710016372114564,-0.9372985999037033,-0.16667002022355204,-0.017573307012705097,-0.22907935244577238,-0.2848795390199954
activation,neutral_controls,mean_tokens,8,unique_tuple_weighted_continuous,1.3117617726384794,0.3714603405087053,-0.2594393506240794,-0.7378940677231534,-0.10678689538338237,-0.044617901972900276,-0.148773337705417,-0.25912455033554416
activation,neutral_controls,mean_tokens,9,row_weighted_continuous,1.3231777600542407,0.3644510590554929,-0.2746042133321901,-0.6594940873377195,-0.04424681538469155,-0.12582888285072813,-0.18526224414696113,-0.35818903694085025
activation,neutral_controls,mean_tokens,9,unique_tuple_weighted_continuous,1.2882392959902853,0.3837958752989815,-0.23156434320776148,-0.49987726150585954,-0.013622506464527229,-0.1337956756811578,-0.22182592925470535,-0.28870034313255744
activation,neutral_controls,mean_tokens,10,row_weighted_continuous,1.3170644884129683,0.36142316532049723,-0.3242527653432095,-0.6979933795533657,-0.11401957458547773,-0.29490652565994235,-0.1774416665362606,-0.33690268038100135
activation,neutral_controls,mean_tokens,10,unique_tuple_weighted_continuous,1.2837426524053992,0.38182819131157136,-0.2909579117547039,-0.5475134477449133,-0.08168451561268819,-0.3051636094029502,-0.1948458550722798,-0.3255821309406881
activation,neutral_controls,mean_tokens,11,row_weighted_continuous,1.3173094748533574,0.3586511674001781,-0.42794335754438445,-0.5088224703448032,-0.23639325627960295,-0.456533470311697,-0.6330137028070206,-0.30495388797879897
activation,neutral_controls,mean_tokens,11,unique_tuple_weighted_continuous,1.3103419439125934,0.35839046498690075,-0.42799034379440953,-0.36734640299272914,-0.21152275140938648,-0.5302400581436872,-0.711047888504019,-0.31979461792222574
activation,neutral_controls,mean_tokens,12,row_weighted_continuous,1.2673631191955081,0.3971320712727039,-0.25803171372828926,-0.32535940574655897,-0.16296172008745824,-0.42038082015441924,-0.14921480102051676,-0.23224182163249307
activation,neutral_controls,mean_tokens,12,unique_tuple_weighted_continuous,1.2632227478791196,0.3960275805920267,-0.2664767207879494,-0.2639735311598721,-0.1400579995038922,-0.4040178114356927,-0.2944211178584313,-0.2299131439818587
activation,neutral_controls,mean_tokens,13,row_weighted_continuous,1.295360866565597,0.37127093590350346,-0.3326321749577711,-0.3474007892318798,-0.21952568141686113,-0.445762157821723,-0.3291856178816346,-0.32128662843675704
activation,neutral_controls,mean_tokens,13,unique_tuple_weighted_continuous,1.2956349489037735,0.36546355038525224,-0.3323859123886992,-0.2509244016266927,-0.22945896303314162,-0.4932401902634438,-0.37300451518066446,-0.31530149183955336
activation,neutral_controls,mean_tokens,14,row_weighted_continuous,1.265073248501977,0.3860031675268626,-0.35063176116555667,-0.4313383198097769,-0.22013771337405252,-0.4174761781341223,-0.394517134029285,-0.28968946048054667
activation,neutral_controls,mean_tokens,14,unique_tuple_weighted_continuous,1.2645894041366748,0.38182721821714505,-0.33366052895899767,-0.27563502478354085,-0.212852626983852,-0.4476619367717949,-0.45057650482310896,-0.28157655143269156
activation,neutral_controls,mean_tokens,15,row_weighted_continuous,1.2821069719047506,0.3686319482585835,-0.3931593965642818,-0.5355439409611564,-0.3962809143461947,-0.3848011010617014,-0.153943673840514,-0.4952273526118425
activation,neutral_controls,mean_tokens,15,unique_tuple_weighted_continuous,1.2873128458304828,0.3644824405187153,-0.36845757640673893,-0.4115900238182657,-0.37955792147954326,-0.361906218901199,-0.14079056225383835,-0.5484431555808484
activation,neutral_controls,mean_tokens,16,row_weighted_continuous,1.307511524336368,0.35387600174507117,-0.5353558049016044,-0.4395748054502939,-0.6020039191888269,-0.4576213243642162,-0.546507742240006,-0.6310712332646788
activation,neutral_controls,mean_tokens,16,unique_tuple_weighted_continuous,1.3196276153234745,0.34748511478180355,-0.5129565409301745,-0.3375735324184763,-0.6239734132484069,-0.4345185744576552,-0.5437613711282285,-0.6249558133981057
activation,neutral_controls,mean_tokens,17,row_weighted_continuous,1.3197402513737575,0.3410289542666548,-0.4854360860922881,-0.39970166295154796,-0.7004850852839268,-0.4795592494084846,-0.34948517855259453,-0.49794925426488645
activation,neutral_controls,mean_tokens,17,unique_tuple_weighted_continuous,1.3156368975299861,0.3443754052700819,-0.49266169265965376,-0.3297068431213881,-0.7983109370227057,-0.4433724120187805,-0.4052425966875479,-0.48667567444784643
activation,neutral_controls,mean_tokens,18,row_weighted_continuous,1.3468031482032934,0.32032012122614745,-0.4620792241645086,-0.4457947026884115,-0.5279667017378602,-0.5387659613895246,-0.4537603492195166,-0.34410840578723034
activation,neutral_controls,mean_tokens,18,unique_tuple_weighted_continuous,1.3407672376226336,0.3229861448187463,-0.4281793841715686,-0.3503573643602791,-0.5769955755330067,-0.48264105176044403,-0.39457482524169607,-0.3363281039624173
activation,neutral_controls,mean_tokens,19,row_weighted_continuous,1.3476163744655418,0.31948913389350575,-0.43331138801110985,-0.3267176141300896,-0.35436675873183576,-0.7116458185208909,-0.25187742570178817,-0.5219493229709449
activation,neutral_controls,mean_tokens,19,unique_tuple_weighted_continuous,1.32741602776427,0.33205263902496873,-0.3902921991554832,-0.22293330275804513,-0.38814845698984546,-0.6130744702816215,-0.2325079812333024,-0.4947967845146013
activation,neutral_controls,mean_tokens,20,row_weighted_continuous,1.2580647851663995,0.388150074742591,-0.32114344918428944,-0.5278973858814286,-0.3338956211596926,-0.6552210970196337,0.21819796315381512,-0.3069011050145076
activation,neutral_controls,mean_tokens,20,unique_tuple_weighted_continuous,1.2541580094720621,0.38939872221245564,-0.2910291396397494,-0.34527123866279297,-0.3427236497542716,-0.6109915533699188,0.13474259926363052,-0.29090185567539417
activation,neutral_controls,mean_tokens,21,row_weighted_continuous,1.2543325477623792,0.3863136534656067,-0.2941745426243544,-0.5071830595655924,-0.2625348915398873,-0.6087031702150387,0.25880590558923744,-0.35125749739049095
activation,neutral_controls,mean_tokens,21,unique_tuple_weighted_continuous,1.2532514870816194,0.38650163073717525,-0.2632108466222511,-0.37808878685442915,-0.264210792639733,-0.5331249235039026,0.22846388369819082,-0.3690936138113816
activation,neutral_controls,mean_tokens,22,row_weighted_continuous,1.3353548349308044,0.3389843678906185,-0.48778282826350833,-0.41246128992548203,-0.3310413347371637,-0.6977901418322099,-0.6696022829833721,-0.32801909183931377
activation,neutral_controls,mean_tokens,22,unique_tuple_weighted_continuous,1.3064166311032666,0.3527977120390145,-0.4285510864854869,-0.3286816349940147,-0.2948466384348345,-0.7176617365352769,-0.5133958874424491,-0.2881695350208595
activation,neutral_controls,mean_tokens,23,row_weighted_continuous,1.2699149767070228,0.375460907508833,-0.39417661759987443,-0.6465068119942439,-0.2689185842304409,-0.6107765975814259,-0.046262321732572165,-0.39841877246068935
activation,neutral_controls,mean_tokens,23,unique_tuple_weighted_continuous,1.2433887517445266,0.3877365436406037,-0.3397660506740855,-0.5605438734189883,-0.24613828295947004,-0.5214878103241745,0.022035985922217782,-0.3926962725900123
activation,neutral_controls,mean_tokens,24,row_weighted_continuous,1.2672824038733093,0.3753123707463317,-0.3502936305737784,-0.6097806424252552,-0.26755946741945236,-0.6363750182236485,0.1580346897304028,-0.39578771453093875
activation,neutral_controls,mean_tokens,24,unique_tuple_weighted_continuous,1.2443360900665985,0.385945308774173,-0.304000932887873,-0.5257196626301084,-0.25513332134602096,-0.5137929833883148,0.18408068895357144,-0.40943938602849217
activation,neutral_controls,mean_tokens,25,row_weighted_continuous,1.2682900029755229,0.3753255590491788,-0.33979243372968615,-0.6284880041668983,-0.2586417466460289,-0.7069291295087936,0.28415943130910415,-0.3890627196358143
activation,neutral_controls,mean_tokens,25,unique_tuple_weighted_continuous,1.2463796913883036,0.3852764433931392,-0.2972762511468739,-0.526540663727957,-0.24294034897670858,-0.5831031102690782,0.2820310674195824,-0.41582820018020783
activation,neutral_controls,mean_tokens,26,row_weighted_continuous,1.2637851502988355,0.37716644167743196,-0.3207326736424442,-0.6322351315683872,-0.23342153389905795,-0.7114429105805198,0.3581577543830561,-0.38472154654731194
activation,neutral_controls,mean_tokens,26,unique_tuple_weighted_continuous,1.2459573067897751,0.3849847059735001,-0.2919745122870795,-0.5343234151142529,-0.24289018697905562,-0.5885535387604399,0.3340983867834185,-0.42820380736506736
activation,neutral_controls,mean_tokens,27,row_weighted_continuous,1.26280742240555,0.3782863757246957,-0.3091123407642001,-0.619585779178063,-0.21832420747606118,-0.670713498173207,0.38420554724089173,-0.42114376623456096
activation,neutral_controls,mean_tokens,27,unique_tuple_weighted_continuous,1.2425046982133057,0.38837454223783,-0.27707012238847384,-0.5129717179087838,-0.2174242825652677,-0.539948180325903,0.3636998675404227,-0.47870629868283743
activation,neutral_controls,mean_tokens,28,row_weighted_continuous,1.2439919532780361,0.38978993933119765,-0.31157685312643824,-0.5922321401931383,-0.23923477027118079,-0.7135016468786148,0.40996906054281723,-0.4228847688320745
activation,neutral_controls,mean_tokens,28,unique_tuple_weighted_continuous,1.2249149690695593,0.3984522636685421,-0.28128217269517275,-0.48242398359693794,-0.2466553979869588,-0.5617325268403905,0.3845883810090748,-0.5001873360606512
activation,neutral_controls,mean_tokens,29,row_weighted_continuous,1.2173455095631218,0.4035305712143601,-0.25351495385201017,-0.48860639352182944,-0.2465517469218852,-0.4741489547724189,0.27087146870980516,-0.3291391427537227
activation,neutral_controls,mean_tokens,29,unique_tuple_weighted_continuous,1.1854074162482702,0.4189991463078832,-0.20127277531632934,-0.38242539262855324,-0.22201778417402807,-0.3288212179647272,0.2939818134038902,-0.3670812952182283
activation,neutral_controls,mean_tokens,30,row_weighted_continuous,1.1835531219570268,0.41450502025204355,-0.19013464649257994,-0.32355071415233927,-0.3507674224471533,-0.23097909734798394,0.21856826891641878,-0.26394426743184196
activation,neutral_controls,mean_tokens,30,unique_tuple_weighted_continuous,1.1545849256591614,0.42858623665763834,-0.16435623647230072,-0.24060235359474014,-0.3902617561241506,-0.10998907696675686,0.17856279448233436,-0.25949079015819043
activation,neutral_controls,mean_tokens,31,row_weighted_continuous,1.1101819522776966,0.4326842363827069,-0.1918388030719425,-0.4225172056368134,-0.14779377419399387,0.05977731457491464,-0.1371828001136013,-0.3114775499902187
activation,neutral_controls,mean_tokens,31,unique_tuple_weighted_continuous,1.111153593942085,0.43148205095775943,-0.1539745992325449,-0.31130536918410456,-0.09045232078183862,0.07467732055436982,-0.14996929127289116,-0.2928233354782599
logits,ipip_stems,final_token,32,row_weighted_continuous,1.2553475325697723,0.36995975763618094,-0.3634105713141389,-0.34376085032711434,-0.21636592370125163,-0.317998670613735,-0.1808033140207821,-0.7581240979078114
logits,ipip_stems,final_token,32,unique_tuple_weighted_continuous,1.228741360614896,0.3744820411313035,-0.3284190765232043,-0.2767720724455751,-0.1546749393292608,-0.29246004438730644,-0.15618874653877635,-0.7619995799151027
logits,naturalistic_behavioral,final_token,32,row_weighted_continuous,1.20597849139843,0.39028748465399626,-0.21765427972078305,-0.29078386241133747,0.04202421860783767,-0.24721796016978992,-0.3098779332682873,-0.2824158613623382
logits,naturalistic_behavioral,final_token,32,unique_tuple_weighted_continuous,1.2328966963732233,0.3813935775971257,-0.2276598893535191,-0.274090969484035,0.06636915217486816,-0.3041018530904358,-0.30960028963588715,-0.31687548673210575
logits,neutral_controls,final_token,32,row_weighted_continuous,1.2338499209552078,0.3764282072445304,-0.33318044491962645,-0.47754173144486023,-0.20519311425707842,-0.4255141169699299,-0.17621024677006125,-0.3814430151562025
logits,neutral_controls,final_token,32,unique_tuple_weighted_continuous,1.1882773436355607,0.39348192063950693,-0.3115910735779062,-0.4124819655086407,-0.110885335953258,-0.4599256555720359,-0.16756284653531628,-0.40709956432028016
weights,all,none,0,row_weighted_continuous,1.2938569750728117,0.3511430132505236,-164.77230735093713,-30.073073890326057,-40.77793310905822,-320.23694039468035,-349.58483806380985,-83.18875129681125
weights,all,none,0,unique_tuple_weighted_continuous,1.304039535215219,0.3482201014492116,-160.0527699450678,-48.751470050997014,-59.194346246014696,-278.28508417423836,-347.220682436938,-66.81226681715115
weights,all,none,1,row_weighted_continuous,1.2996725130156528,0.34761928239365625,-107.95625061293734,-25.316814094875184,-18.155106683203364,-224.79422743694818,-231.66268733905596,-39.85241751060408
weights,all,none,1,unique_tuple_weighted_continuous,1.3097860742906335,0.3446363911237357,-105.29792486849026,-38.67064842939354,-28.62956924095789,-197.19879194538498,-230.88077521220094,-31.10983951451393
weights,all,none,2,row_weighted_continuous,1.3144753313267912,0.33907591480552773,-106.64178709254686,-21.461522104007283,-14.624217592359791,-220.10597031355127,-239.20691311592654,-37.810312336889396
weights,all,none,2,unique_tuple_weighted_continuous,1.324931498621699,0.3355888212062498,-105.3553556077035,-33.85649580635324,-23.90357569723685,-196.66025212866305,-242.0368223868494,-30.31963201941496
weights,all,none,3,row_weighted_continuous,1.3068858390047229,0.34353105730189215,-118.53148965925645,-23.609113173321774,-25.14753943655586,-212.9814539143427,-278.34221265096033,-52.57712912110158
weights,all,none,3,unique_tuple_weighted_continuous,1.3171636071771555,0.34032195194084397,-115.60040646952098,-38.16607138697761,-37.849726355008144,-186.80891895985295,-271.59434633867835,-43.582969307087865
weights,all,none,4,row_weighted_continuous,1.3080101106271387,0.3428649244529048,-119.76091846507691,-22.911868630839685,-26.92113858356366,-219.10572932298146,-276.78650156497673,-53.079354223022996
weights,all,none,4,unique_tuple_weighted_continuous,1.3187444082458186,0.3394286265497293,-119.06552655659041,-37.255276947062534,-40.75507812068795,-195.7293519303766,-277.3467792457642,-44.24114653906089
weights,all,none,5,row_weighted_continuous,1.299329265612133,0.34811356109429314,-134.1899187480555,-25.130195631161875,-35.51025584353864,-238.66250780275038,-314.9616347607161,-56.68499970211069
weights,all,none,5,unique_tuple_weighted_continuous,1.3094331270249682,0.3452300070985238,-130.07950521947578,-39.766042895954456,-50.14484394064382,-206.48688325742526,-307.32106078022446,-46.67869522313095
weights,all,none,6,row_weighted_continuous,1.3067308205153325,0.3439195884397207,-139.24131709793352,-26.811930597895707,-33.27629247626194,-230.7905429361083,-358.281542435386,-47.046277044015625
weights,all,none,6,unique_tuple_weighted_continuous,1.3171337493400275,0.34076370235480963,-136.1682682890019,-41.97084050814171,-46.5408281438973,-200.847928383956,-352.8283352387361,-38.65340917027843
weights,all,none,7,row_weighted_continuous,1.302898314242972,0.3462497666674949,-146.37552150202498,-13.805277174128449,-35.981063856707195,-277.29091922533024,-354.34731316283046,-50.45303409112851
weights,all,none,7,unique_tuple_weighted_continuous,1.3132001400419189,0.3433249182373442,-142.29144570667597,-24.510926246205837,-50.0158702642314,-241.7376676931446,-354.39128739964445,-40.80147693015365
weights,all,none,8,row_weighted_continuous,1.3479167861713828,0.3189982311993941,-122.89764094003496,-37.217679936796806,-7.5652859886974735,-241.20862158300483,-316.021403620883,-12.47521357079283
weights,all,none,8,unique_tuple_weighted_continuous,1.3702228605338416,0.30851435103074565,-122.45431660921864,-51.98569516721721,-13.861177734464787,-222.28045214727499,-313.9255784443595,-10.218679552776733
weights,all,none,9,row_weighted_continuous,1.3518318165334682,0.31683420784152533,-135.90580947495295,-35.37133162229969,-11.70465094651565,-271.5499467921158,-342.5648098418213,-18.338308172012354
weights,all,none,9,unique_tuple_weighted_continuous,1.3663639498060367,0.3107914077860855,-134.9234102393588,-50.62511546493363,-20.472248131376016,-249.23470183940833,-339.37900018200486,-14.90598557907114
weights,all,none,10,row_weighted_continuous,1.3166041261783414,0.33829460000176315,-147.10482238051182,-20.991766935898596,-26.242137898907163,-263.9830020814722,-382.47155295565284,-41.83565203062839
weights,all,none,10,unique_tuple_weighted_continuous,1.3273190271854778,0.33497857843287,-143.49165505776676,-34.4947274799865,-37.99635395690378,-232.30875161981936,-378.3235348778819,-34.33490735424239
weights,all,none,11,row_weighted_continuous,1.3030815431214648,0.3466242600626904,-155.0509057221688,-10.497906058508311,-49.99198761067033,-293.8314225433339,-377.95851106470764,-42.974701333623834
weights,all,none,11,unique_tuple_weighted_continuous,1.3133851283152087,0.34395569139812665,-149.64795018740318,-19.880879437225055,-65.24563216480847,-254.63001532513664,-373.64782036851705,-34.83540364132881
weights,all,none,12,row_weighted_continuous,1.3122134187336085,0.34107966198258277,-153.97417759333933,-16.30717131643147,-34.74989157688941,-282.99978914369393,-395.2141896748685,-40.599846254813386
weights,all,none,12,unique_tuple_weighted_continuous,1.323101443400207,0.3378685855435602,-150.30090044846298,-28.603477699036812,-48.36228354914298,-247.3289673727201,-394.68911529140365,-32.52065833001138
weights,all,none,13,row_weighted_continuous,1.3223862754730602,0.3352973199920708,-152.6001904825045,-15.180242349335888,-27.137743822039408,-292.4173567344814,-398.8529084888569,-29.41270101780892
weights,all,none,13,unique_tuple_weighted_continuous,1.3333270421258265,0.33185463235570506,-148.62677157508386,-26.048163335682872,-38.30679915690743,-257.9870062869555,-397.5237112757765,-23.268177820097137
weights,all,none,14,row_weighted_continuous,1.3281567588878764,0.33150289708463365,-152.53408933295475,-19.05340510996025,-23.039650164741506,-294.054316419888,-399.04135954517494,-27.481715425009046
weights,all,none,14,unique_tuple_weighted_continuous,1.3391753715031227,0.3279757342942106,-149.3583758579364,-31.392742460951986,-34.069322095016375,-260.29171732857213,-399.2508508952717,-21.787246509869828
weights,all,none,15,row_weighted_continuous,1.3405328274037611,0.3228495941126334,-137.24523071381674,-27.687524514542392,-17.816531940536567,-274.35209466523287,-358.8939374297965,-7.476065018975255
weights,all,none,15,unique_tuple_weighted_continuous,1.3656301972461533,0.31085331322821863,-135.96309597891937,-39.525510605921845,-28.174004488031812,-253.1744515475548,-352.7252327575884,-6.216280495500118
weights,all,none,16,row_weighted_continuous,1.3502565654323808,0.3179215816569306,-135.66088907969592,-21.704249430906337,-19.1194090108885,-269.7065809653883,-353.94468667238556,-13.829519318911032
weights,all,none,16,unique_tuple_weighted_continuous,1.3656249016548307,0.3114832572446612,-133.34317532099118,-32.78409305277113,-28.38140671628441,-243.6216559834449,-350.8562024020339,-11.072518450421667
weights,all,none,17,row_weighted_continuous,1.3507806943786203,0.3175058621226323,-141.5698459411979,-30.538435112889516,-15.822323985780383,-266.71394054044003,-379.1804678703733,-15.5940621965062
weights,all,none,17,unique_tuple_weighted_continuous,1.3650879562311045,0.31169153302600366,-140.46939990746083,-44.92246738247579,-26.68739801324682,-242.78478530767376,-375.05696222122197,-12.895386612685787
weights,all,none,18,row_weighted_continuous,1.3391198992230358,0.32483246700809454,-144.91959536871477,-25.910883701250633,-17.953461181900412,-271.473918538761,-383.5659526975695,-25.693760724092296
weights,all,none,18,unique_tuple_weighted_continuous,1.3501433137549694,0.32099879724736635,-143.2881246326194,-40.604059542060746,-29.277461000912876,-242.91058621848484,-381.73150513195554,-21.917011269683005
weights,all,none,19,row_weighted_continuous,1.3280555637503824,0.3313069619734845,-147.8005877307096,-24.290077538963512,-27.176705789275537,-284.86583760103053,-373.3000292347455,-29.370288489532832
weights,all,none,19,unique_tuple_weighted_continuous,1.3390139141765363,0.3277595441188074,-144.77228001552388,-38.60960044214637,-40.32840155191385,-254.31168435054911,-365.92660949886493,-24.685104234145097
weights,all,none,20,row_weighted_continuous,1.3508588719851806,0.3170088135458803,-147.6685009626221,-20.348587240141,-15.068704594759843,-293.1299812856493,-397.40152560353596,-12.393706089024354
weights,all,none,20,unique_tuple_weighted_continuous,1.362514220010532,0.31284761465767097,-143.99510257305988,-31.80152709420443,-23.584440691681856,-262.78136186117484,-391.8240313232838,-9.98415189495447
weights,all,none,21,row_weighted_continuous,1.342163410621591,0.32261727330510453,-145.41972581208998,-29.993038238989154,-16.275719266968537,-279.1106264317108,-379.12317417629527,-22.596070946486144
weights,all,none,21,unique_tuple_weighted_continuous,1.3530811543702108,0.3187329369513789,-143.58823582013875,-44.96692879336062,-26.793104602471676,-251.14423622544547,-375.80455431449235,-19.232355164923664
weights,all,none,22,row_weighted_continuous,1.338807145662369,0.32364223166627953,-138.95143144465186,-38.458328628044214,-10.272637660323218,-271.5724196155097,-368.12620187596633,-6.327569443415848
weights,all,none,22,unique_tuple_weighted_continuous,1.3639863802664203,0.31149194005772596,-137.02390047941714,-52.936984038752016,-18.298146957791335,-248.76273467339178,-359.4905830666987,-5.631053660452084
weights,all,none,23,row_weighted_continuous,1.3459152057663073,0.3204164582690029,-138.9690593541199,-32.409484900610224,-17.297256559274725,-271.32795715837227,-359.50803576829543,-14.30256238404679
weights,all,none,23,unique_tuple_weighted_continuous,1.356565327475427,0.31666622859571214,-136.60766848884367,-48.08431940542757,-28.419946286305603,-243.43613388199876,-350.90804951187306,-12.18989335861349
weights,all,none,24,row_weighted_continuous,1.309289028668947,0.3417865895350679,-160.10205194401394,-31.387862294490375,-28.20430674059371,-306.91132314444604,-431.3228202587288,-2.6839472818107932
weights,all,none,24,unique_tuple_weighted_continuous,1.3278869697745257,0.33452865464764403,-155.21712991044683,-42.15923418470032,-41.28499415956881,-281.0219564661827,-408.8194258469159,-2.800038894866513
weights,all,none,25,row_weighted_continuous,1.3479750689881143,0.3187742029617639,-142.37363585375948,-41.65480934177407,-11.909176866234017,-266.5684840087549,-378.4213047592471,-13.314404292787346
weights,all,none,25,unique_tuple_weighted_continuous,1.363783293630381,0.3119480367875759,-140.1945601492236,-58.598736027705286,-20.804635474112615,-242.38271342208316,-368.09332579408414,-11.093390028132934
weights,all,none,26,row_weighted_continuous,1.3137232748930847,0.3389743584408822,-152.2659822383864,-38.79329370812623,-16.585841305198358,-282.33297449741696,-422.54225502409764,-1.0755466570928562
weights,all,none,26,unique_tuple_weighted_continuous,1.3333637470538835,0.330758330430726,-148.74158183756612,-50.901300929741076,-27.728772740852214,-259.901379733498,-404.03441722066975,-1.142038563069557
weights,all,none,27,row_weighted_continuous,1.3271087639124448,0.33062818038142244,-144.67496442816247,-41.948463968815446,-10.066932539879412,-288.4503987954639,-381.2108605992953,-1.6981662373581843
weights,all,none,27,unique_tuple_weighted_continuous,1.3497092623571956,0.32021284688538554,-142.01861198583626,-55.703357908898944,-18.529693391689946,-266.6163005490421,-367.6365463118084,-1.6071617677419665
weights,all,none,28,row_weighted_continuous,1.3491090980253748,0.3185087654109284,-135.74853222663933,-35.682006971506866,-11.438743116409865,-270.85274338523834,-352.94567564983447,-7.823492010206985
weights,all,none,28,unique_tuple_weighted_continuous,1.3602753328141806,0.3144577437595289,-133.26185318727897,-50.099104520091984,-19.09659655140147,-244.72439314526818,-346.54066943590067,-5.848502283732645
weights,all,none,29,row_weighted_continuous,1.3191843011187627,0.33653884357868497,-127.67975932097988,-24.071921643211756,-19.568210315917554,-241.31637380823213,-326.80279862659336,-26.63949221094461
weights,all,none,29,unique_tuple_weighted_continuous,1.3298025086345762,0.3331167887493157,-124.76460233505854,-37.25177160053469,-28.690810184951218,-212.0868288704728,-325.4012249169793,-20.392376102354753
weights,all,none,30,row_weighted_continuous,1.3157083801443386,0.3386748568784142,-159.21818520160625,-22.168308549583905,-17.328651595631936,-307.1805961771161,-403.23456944651247,-46.1788002391869
weights,all,none,30,unique_tuple_weighted_continuous,1.3261831863253515,0.3352727944867477,-155.75261131568013,-35.720861107214795,-25.503247610583717,-270.1024993354733,-409.80190443011566,-37.63454409501333
weights,all,none,31,row_weighted_continuous,1.2618151563064401,0.3691644553722188,-757.9189557981035,-78.75090749916716,-796.8032098338449,-410.1349440823528,-1016.5601716701535,-1487.3455459049994
weights,all,none,31,unique_tuple_weighted_continuous,1.272265374094138,0.36639477586290325,-799.7714281137771,-123.89505226006088,-886.1938137770667,-323.1541235923862,-1166.360603513028,-1499.2535474263443
