prompt_group,pooling_rule,layer,ptype,profile,centroid_norm
ipip_stems,final_token,0,0,Openness low; Conscientiousness low; Extraversion low; Agreeableness low; Neuroticism low,0.16901387
ipip_stems,final_token,0,1,Openness low; Conscientiousness low; Extraversion low; Agreeableness low; Neuroticism high,0.18125115
ipip_stems,final_token,0,2,Openness low; Conscientiousness low; Extraversion low; Agreeableness high; Neuroticism low,0.16582534
ipip_stems,final_token,0,3,Openness low; Conscientiousness low; Extraversion low; Agreeableness high; Neuroticism high,0.15117429
ipip_stems,final_token,0,4,Openness low; Conscientiousness low; Extraversion high; Agreeableness low; Neuroticism low,0.17722547
ipip_stems,final_token,0,5,Openness low; Conscientiousness low; Extraversion high; Agreeableness low; Neuroticism high,0.17873241
ipip_stems,final_token,0,6,Openness low; Conscientiousness low; Extraversion high; Agreeableness high; Neuroticism low,0.1898253
ipip_stems,final_token,0,7,Openness low; Conscientiousness low; Extraversion high; Agreeableness high; Neuroticism high,0.0471841
ipip_stems,final_token,0,8,Openness low; Conscientiousness high; Extraversion low; Agreeableness low; Neuroticism low,0.2030655
ipip_stems,final_token,0,9,Openness low; Conscientiousness high; Extraversion low; Agreeableness low; Neuroticism high,0.20029886
ipip_stems,final_token,0,10,Openness low; Conscientiousness high; Extraversion low; Agreeableness high; Neuroticism low,0.20499343
ipip_stems,final_token,0,11,Openness low; Conscientiousness high; Extraversion low; Agreeableness high; Neuroticism high,0.21586931
ipip_stems,final_token,0,12,Openness low; Conscientiousness high; Extraversion high; Agreeableness low; Neuroticism low,0.16690888
ipip_stems,final_token,0,13,Openness low; Conscientiousness high; Extraversion high; Agreeableness low; Neuroticism high,0.15543722
ipip_stems,final_token,0,14,Openness low; Conscientiousness high; Extraversion high; Agreeableness high; Neuroticism low,0.15934107
ipip_stems,final_token,0,15,Openness low; Conscientiousness high; Extraversion high; Agreeableness high; Neuroticism high,0.13040923
ipip_stems,final_token,0,16,Openness high; Conscientiousness low; Extraversion low; Agreeableness low; Neuroticism low,0.1744389
ipip_stems,final_token,0,17,Openness high; Conscientiousness low; Extraversion low; Agreeableness low; Neuroticism high,0.22648796
ipip_stems,final_token,0,18,Openness high; Conscientiousness low; Extraversion low; Agreeableness high; Neuroticism low,0.12156013
ipip_stems,final_token,0,19,Openness high; Conscientiousness low; Extraversion low; Agreeableness high; Neuroticism high,0.11049159
ipip_stems,final_token,0,20,Openness high; Conscientiousness low; Extraversion high; Agreeableness low; Neuroticism low,0.16442184
ipip_stems,final_token,0,21,Openness high; Conscientiousness low; Extraversion high; Agreeableness low; Neuroticism high,0.19404903
ipip_stems,final_token,0,22,Openness high; Conscientiousness low; Extraversion high; Agreeableness high; Neuroticism low,0.1530637
ipip_stems,final_token,0,23,Openness high; Conscientiousness low; Extraversion high; Agreeableness high; Neuroticism high,0.05004388
ipip_stems,final_token,0,24,Openness high; Conscientiousness high; Extraversion low; Agreeableness low; Neuroticism low,0.17277008
ipip_stems,final_token,0,25,Openness high; Conscientiousness high; Extraversion low; Agreeableness low; Neuroticism high,0.1972331
ipip_stems,final_token,0,26,Openness high; Conscientiousness high; Extraversion low; Agreeableness high; Neuroticism low,0.19570777
ipip_stems,final_token,0,27,Openness high; Conscientiousness high; Extraversion low; Agreeableness high; Neuroticism high,0.18058933
ipip_stems,final_token,0,28,Openness high; Conscientiousness high; Extraversion high; Agreeableness low; Neuroticism low,0.19472982
ipip_stems,final_token,0,29,Openness high; Conscientiousness high; Extraversion high; Agreeableness low; Neuroticism high,0.17527968
ipip_stems,final_token,0,30,Openness high; Conscientiousness high; Extraversion high; Agreeableness high; Neuroticism low,0.2035665
ipip_stems,final_token,0,31,Openness high; Conscientiousness high; Extraversion high; Agreeableness high; Neuroticism high,0.1593468
ipip_stems,final_token,1,0,Openness low; Conscientiousness low; Extraversion low; Agreeableness low; Neuroticism low,0.31197232
ipip_stems,final_token,1,1,Openness low; Conscientiousness low; Extraversion low; Agreeableness low; Neuroticism high,0.36915892
ipip_stems,final_token,1,2,Openness low; Conscientiousness low; Extraversion low; Agreeableness high; Neuroticism low,0.34169108
ipip_stems,final_token,1,3,Openness low; Conscientiousness low; Extraversion low; Agreeableness high; Neuroticism high,0.28458157
ipip_stems,final_token,1,4,Openness low; Conscientiousness low; Extraversion high; Agreeableness low; Neuroticism low,0.38195923
ipip_stems,final_token,1,5,Openness low; Conscientiousness low; Extraversion high; Agreeableness low; Neuroticism high,0.3198832
ipip_stems,final_token,1,6,Openness low; Conscientiousness low; Extraversion high; Agreeableness high; Neuroticism low,0.3621933
ipip_stems,final_token,1,7,Openness low; Conscientiousness low; Extraversion high; Agreeableness high; Neuroticism high,0.083894975
ipip_stems,final_token,1,8,Openness low; Conscientiousness high; Extraversion low; Agreeableness low; Neuroticism low,0.35172534
ipip_stems,final_token,1,9,Openness low; Conscientiousness high; Extraversion low; Agreeableness low; Neuroticism high,0.3634991
ipip_stems,final_token,1,10,Openness low; Conscientiousness high; Extraversion low; Agreeableness high; Neuroticism low,0.37830523
ipip_stems,final_token,1,11,Openness low; Conscientiousness high; Extraversion low; Agreeableness high; Neuroticism high,0.3715159
ipip_stems,final_token,1,12,Openness low; Conscientiousness high; Extraversion high; Agreeableness low; Neuroticism low,0.333979
ipip_stems,final_token,1,13,Openness low; Conscientiousness high; Extraversion high; Agreeableness low; Neuroticism high,0.3181045
ipip_stems,final_token,1,14,Openness low; Conscientiousness high; Extraversion high; Agreeableness high; Neuroticism low,0.3334159
ipip_stems,final_token,1,15,Openness low; Conscientiousness high; Extraversion high; Agreeableness high; Neuroticism high,0.27533042
ipip_stems,final_token,1,16,Openness high; Conscientiousness low; Extraversion low; Agreeableness low; Neuroticism low,0.35203215
ipip_stems,final_token,1,17,Openness high; Conscientiousness low; Extraversion low; Agreeableness low; Neuroticism high,0.39782098
ipip_stems,final_token,1,18,Openness high; Conscientiousness low; Extraversion low; Agreeableness high; Neuroticism low,0.24989626
ipip_stems,final_token,1,19,Openness high; Conscientiousness low; Extraversion low; Agreeableness high; Neuroticism high,0.24428797
ipip_stems,final_token,1,20,Openness high; Conscientiousness low; Extraversion high; Agreeableness low; Neuroticism low,0.3313442
ipip_stems,final_token,1,21,Openness high; Conscientiousness low; Extraversion high; Agreeableness low; Neuroticism high,0.36973327
ipip_stems,final_token,1,22,Openness high; Conscientiousness low; Extraversion high; Agreeableness high; Neuroticism low,0.27495998
ipip_stems,final_token,1,23,Openness high; Conscientiousness low; Extraversion high; Agreeableness high; Neuroticism high,0.08498354
ipip_stems,final_token,1,24,Openness high; Conscientiousness high; Extraversion low; Agreeableness low; Neuroticism low,0.33055142
ipip_stems,final_token,1,25,Openness high; Conscientiousness high; Extraversion low; Agreeableness low; Neuroticism high,0.3879024
ipip_stems,final_token,1,26,Openness high; Conscientiousness high; Extraversion low; Agreeableness high; Neuroticism low,0.37613583
ipip_stems,final_token,1,27,Openness high; Conscientiousness high; Extraversion low; Agreeableness high; Neuroticism high,0.33744508
ipip_stems,final_token,1,28,Openness high; Conscientiousness high; Extraversion high; Agreeableness low; Neuroticism low,0.34509963
ipip_stems,final_token,1,29,Openness high; Conscientiousness high; Extraversion high; Agreeableness low; Neuroticism high,0.33587834
ipip_stems,final_token,1,30,Openness high; Conscientiousness high; Extraversion high; Agreeableness high; Neuroticism low,0.41731545
ipip_stems,final_token,1,31,Openness high; Conscientiousness high; Extraversion high; Agreeableness high; Neuroticism high,0.30473787
ipip_stems,final_token,2,0,Openness low; Conscientiousness low; Extraversion low; Agreeableness low; Neuroticism low,0.6272333
ipip_stems,final_token,2,1,Openness low; Conscientiousness low; Extraversion low; Agreeableness low; Neuroticism high,0.61468595
ipip_stems,final_token,2,2,Openness low; Conscientiousness low; Extraversion low; Agreeableness high; Neuroticism low,0.57545507
ipip_stems,final_token,2,3,Openness low; Conscientiousness low; Extraversion low; Agreeableness high; Neuroticism high,0.52553
ipip_stems,final_token,2,4,Openness low; Conscientiousness low; Extraversion high; Agreeableness low; Neuroticism low,0.6931286
ipip_stems,final_token,2,5,Openness low; Conscientiousness low; Extraversion high; Agreeableness low; Neuroticism high,0.67767394
ipip_stems,final_token,2,6,Openness low; Conscientiousness low; Extraversion high; Agreeableness high; Neuroticism low,0.61939156
ipip_stems,final_token,2,7,Openness low; Conscientiousness low; Extraversion high; Agreeableness high; Neuroticism high,0.18495715
ipip_stems,final_token,2,8,Openness low; Conscientiousness high; Extraversion low; Agreeableness low; Neuroticism low,0.6297255
ipip_stems,final_token,2,9,Openness low; Conscientiousness high; Extraversion low; Agreeableness low; Neuroticism high,0.63582283
ipip_stems,final_token,2,10,Openness low; Conscientiousness high; Extraversion low; Agreeableness high; Neuroticism low,0.6334239
ipip_stems,final_token,2,11,Openness low; Conscientiousness high; Extraversion low; Agreeableness high; Neuroticism high,0.65430546
ipip_stems,final_token,2,12,Openness low; Conscientiousness high; Extraversion high; Agreeableness low; Neuroticism low,0.5943813
ipip_stems,final_token,2,13,Openness low; Conscientiousness high; Extraversion high; Agreeableness low; Neuroticism high,0.57721984
ipip_stems,final_token,2,14,Openness low; Conscientiousness high; Extraversion high; Agreeableness high; Neuroticism low,0.5966205
ipip_stems,final_token,2,15,Openness low; Conscientiousness high; Extraversion high; Agreeableness high; Neuroticism high,0.48333186
ipip_stems,final_token,2,16,Openness high; Conscientiousness low; Extraversion low; Agreeableness low; Neuroticism low,0.62770957
ipip_stems,final_token,2,17,Openness high; Conscientiousness low; Extraversion low; Agreeableness low; Neuroticism high,0.6758547
ipip_stems,final_token,2,18,Openness high; Conscientiousness low; Extraversion low; Agreeableness high; Neuroticism low,0.48057824
ipip_stems,final_token,2,19,Openness high; Conscientiousness low; Extraversion low; Agreeableness high; Neuroticism high,0.5306614
ipip_stems,final_token,2,20,Openness high; Conscientiousness low; Extraversion high; Agreeableness low; Neuroticism low,0.6473203
ipip_stems,final_token,2,21,Openness high; Conscientiousness low; Extraversion high; Agreeableness low; Neuroticism high,0.7804709
ipip_stems,final_token,2,22,Openness high; Conscientiousness low; Extraversion high; Agreeableness high; Neuroticism low,0.54195803
ipip_stems,final_token,2,23,Openness high; Conscientiousness low; Extraversion high; Agreeableness high; Neuroticism high,0.17727779
ipip_stems,final_token,2,24,Openness high; Conscientiousness high; Extraversion low; Agreeableness low; Neuroticism low,0.57839584
ipip_stems,final_token,2,25,Openness high; Conscientiousness high; Extraversion low; Agreeableness low; Neuroticism high,0.68813777
ipip_stems,final_token,2,26,Openness high; Conscientiousness high; Extraversion low; Agreeableness high; Neuroticism low,0.60735863
ipip_stems,final_token,2,27,Openness high; Conscientiousness high; Extraversion low; Agreeableness high; Neuroticism high,0.5365389
ipip_stems,final_token,2,28,Openness high; Conscientiousness high; Extraversion high; Agreeableness low; Neuroticism low,0.65027195
ipip_stems,final_token,2,29,Openness high; Conscientiousness high; Extraversion high; Agreeableness low; Neuroticism high,0.65179515
ipip_stems,final_token,2,30,Openness high; Conscientiousness high; Extraversion high; Agreeableness high; Neuroticism low,0.7034775
ipip_stems,final_token,2,31,Openness high; Conscientiousness high; Extraversion high; Agreeableness high; Neuroticism high,0.5970598
ipip_stems,final_token,3,0,Openness low; Conscientiousness low; Extraversion low; Agreeableness low; Neuroticism low,1.1192931
ipip_stems,final_token,3,1,Openness low; Conscientiousness low; Extraversion low; Agreeableness low; Neuroticism high,1.0321443
ipip_stems,final_token,3,2,Openness low; Conscientiousness low; Extraversion low; Agreeableness high; Neuroticism low,0.99075997
ipip_stems,final_token,3,3,Openness low; Conscientiousness low; Extraversion low; Agreeableness high; Neuroticism high,0.9494182
ipip_stems,final_token,3,4,Openness low; Conscientiousness low; Extraversion high; Agreeableness low; Neuroticism low,1.0709413
ipip_stems,final_token,3,5,Openness low; Conscientiousness low; Extraversion high; Agreeableness low; Neuroticism high,1.0931357
ipip_stems,final_token,3,6,Openness low; Conscientiousness low; Extraversion high; Agreeableness high; Neuroticism low,1.102611
ipip_stems,final_token,3,7,Openness low; Conscientiousness low; Extraversion high; Agreeableness high; Neuroticism high,0.34052622
ipip_stems,final_token,3,8,Openness low; Conscientiousness high; Extraversion low; Agreeableness low; Neuroticism low,1.0331818
ipip_stems,final_token,3,9,Openness low; Conscientiousness high; Extraversion low; Agreeableness low; Neuroticism high,1.0518727
ipip_stems,final_token,3,10,Openness low; Conscientiousness high; Extraversion low; Agreeableness high; Neuroticism low,1.0752482
ipip_stems,final_token,3,11,Openness low; Conscientiousness high; Extraversion low; Agreeableness high; Neuroticism high,1.0368861
ipip_stems,final_token,3,12,Openness low; Conscientiousness high; Extraversion high; Agreeableness low; Neuroticism low,1.0464295
ipip_stems,final_token,3,13,Openness low; Conscientiousness high; Extraversion high; Agreeableness low; Neuroticism high,0.98331755
ipip_stems,final_token,3,14,Openness low; Conscientiousness high; Extraversion high; Agreeableness high; Neuroticism low,0.9834743
ipip_stems,final_token,3,15,Openness low; Conscientiousness high; Extraversion high; Agreeableness high; Neuroticism high,0.89057726
ipip_stems,final_token,3,16,Openness high; Conscientiousness low; Extraversion low; Agreeableness low; Neuroticism low,1.049891
ipip_stems,final_token,3,17,Openness high; Conscientiousness low; Extraversion low; Agreeableness low; Neuroticism high,1.1139917
ipip_stems,final_token,3,18,Openness high; Conscientiousness low; Extraversion low; Agreeableness high; Neuroticism low,0.88004893
ipip_stems,final_token,3,19,Openness high; Conscientiousness low; Extraversion low; Agreeableness high; Neuroticism high,0.92932504
ipip_stems,final_token,3,20,Openness high; Conscientiousness low; Extraversion high; Agreeableness low; Neuroticism low,1.1264776
ipip_stems,final_token,3,21,Openness high; Conscientiousness low; Extraversion high; Agreeableness low; Neuroticism high,1.2131943
ipip_stems,final_token,3,22,Openness high; Conscientiousness low; Extraversion high; Agreeableness high; Neuroticism low,0.9734453
ipip_stems,final_token,3,23,Openness high; Conscientiousness low; Extraversion high; Agreeableness high; Neuroticism high,0.3584615
ipip_stems,final_token,3,24,Openness high; Conscientiousness high; Extraversion low; Agreeableness low; Neuroticism low,0.9622855
ipip_stems,final_token,3,25,Openness high; Conscientiousness high; Extraversion low; Agreeableness low; Neuroticism high,1.2040114
ipip_stems,final_token,3,26,Openness high; Conscientiousness high; Extraversion low; Agreeableness high; Neuroticism low,1.0127559
ipip_stems,final_token,3,27,Openness high; Conscientiousness high; Extraversion low; Agreeableness high; Neuroticism high,0.9596483
ipip_stems,final_token,3,28,Openness high; Conscientiousness high; Extraversion high; Agreeableness low; Neuroticism low,1.0363435
ipip_stems,final_token,3,29,Openness high; Conscientiousness high; Extraversion high; Agreeableness low; Neuroticism high,0.91663486
ipip_stems,final_token,3,30,Openness high; Conscientiousness high; Extraversion high; Agreeableness high; Neuroticism low,1.1274129
ipip_stems,final_token,3,31,Openness high; Conscientiousness high; Extraversion high; Agreeableness high; Neuroticism high,1.0646052
ipip_stems,final_token,4,0,Openness low; Conscientiousness low; Extraversion low; Agreeableness low; Neuroticism low,1.4055595
ipip_stems,final_token,4,1,Openness low; Conscientiousness low; Extraversion low; Agreeableness low; Neuroticism high,1.3981743
ipip_stems,final_token,4,2,Openness low; Conscientiousness low; Extraversion low; Agreeableness high; Neuroticism low,1.3667456
ipip_stems,final_token,4,3,Openness low; Conscientiousness low; Extraversion low; Agreeableness high; Neuroticism high,1.328337
ipip_stems,final_token,4,4,Openness low; Conscientiousness low; Extraversion high; Agreeableness low; Neuroticism low,1.3882846
ipip_stems,final_token,4,5,Openness low; Conscientiousness low; Extraversion high; Agreeableness low; Neuroticism high,1.4313608
ipip_stems,final_token,4,6,Openness low; Conscientiousness low; Extraversion high; Agreeableness high; Neuroticism low,1.4069239
ipip_stems,final_token,4,7,Openness low; Conscientiousness low; Extraversion high; Agreeableness high; Neuroticism high,0.48626295
ipip_stems,final_token,4,8,Openness low; Conscientiousness high; Extraversion low; Agreeableness low; Neuroticism low,1.3381824
ipip_stems,final_token,4,9,Openness low; Conscientiousness high; Extraversion low; Agreeableness low; Neuroticism high,1.3761469
ipip_stems,final_token,4,10,Openness low; Conscientiousness high; Extraversion low; Agreeableness high; Neuroticism low,1.3707004
ipip_stems,final_token,4,11,Openness low; Conscientiousness high; Extraversion low; Agreeableness high; Neuroticism high,1.4129709
ipip_stems,final_token,4,12,Openness low; Conscientiousness high; Extraversion high; Agreeableness low; Neuroticism low,1.3610215
ipip_stems,final_token,4,13,Openness low; Conscientiousness high; Extraversion high; Agreeableness low; Neuroticism high,1.3495144
ipip_stems,final_token,4,14,Openness low; Conscientiousness high; Extraversion high; Agreeableness high; Neuroticism low,1.2997959
ipip_stems,final_token,4,15,Openness low; Conscientiousness high; Extraversion high; Agreeableness high; Neuroticism high,1.2193092
ipip_stems,final_token,4,16,Openness high; Conscientiousness low; Extraversion low; Agreeableness low; Neuroticism low,1.3656492
ipip_stems,final_token,4,17,Openness high; Conscientiousness low; Extraversion low; Agreeableness low; Neuroticism high,1.4364821
ipip_stems,final_token,4,18,Openness high; Conscientiousness low; Extraversion low; Agreeableness high; Neuroticism low,1.1862508
ipip_stems,final_token,4,19,Openness high; Conscientiousness low; Extraversion low; Agreeableness high; Neuroticism high,1.2507725
ipip_stems,final_token,4,20,Openness high; Conscientiousness low; Extraversion high; Agreeableness low; Neuroticism low,1.4558946
ipip_stems,final_token,4,21,Openness high; Conscientiousness low; Extraversion high; Agreeableness low; Neuroticism high,1.4769187
ipip_stems,final_token,4,22,Openness high; Conscientiousness low; Extraversion high; Agreeableness high; Neuroticism low,1.292986
ipip_stems,final_token,4,23,Openness high; Conscientiousness low; Extraversion high; Agreeableness high; Neuroticism high,0.51138115
ipip_stems,final_token,4,24,Openness high; Conscientiousness high; Extraversion low; Agreeableness low; Neuroticism low,1.3815635
ipip_stems,final_token,4,25,Openness high; Conscientiousness high; Extraversion low; Agreeableness low; Neuroticism high,1.5181954
ipip_stems,final_token,4,26,Openness high; Conscientiousness high; Extraversion low; Agreeableness high; Neuroticism low,1.3302402
ipip_stems,final_token,4,27,Openness high; Conscientiousness high; Extraversion low; Agreeableness high; Neuroticism high,1.1827631
ipip_stems,final_token,4,28,Openness high; Conscientiousness high; Extraversion high; Agreeableness low; Neuroticism low,1.338101
ipip_stems,final_token,4,29,Openness high; Conscientiousness high; Extraversion high; Agreeableness low; Neuroticism high,1.2318292
ipip_stems,final_token,4,30,Openness high; Conscientiousness high; Extraversion high; Agreeableness high; Neuroticism low,1.4377086
ipip_stems,final_token,4,31,Openness high; Conscientiousness high; Extraversion high; Agreeableness high; Neuroticism high,1.3978939
ipip_stems,final_token,5,0,Openness low; Conscientiousness low; Extraversion low; Agreeableness low; Neuroticism low,1.729094
ipip_stems,final_token,5,1,Openness low; Conscientiousness low; Extraversion low; Agreeableness low; Neuroticism high,1.7534076
ipip_stems,final_token,5,2,Openness low; Conscientiousness low; Extraversion low; Agreeableness high; Neuroticism low,1.6333054
ipip_stems,final_token,5,3,Openness low; Conscientiousness low; Extraversion low; Agreeableness high; Neuroticism high,1.6479764
ipip_stems,final_token,5,4,Openness low; Conscientiousness low; Extraversion high; Agreeableness low; Neuroticism low,1.6859523
ipip_stems,final_token,5,5,Openness low; Conscientiousness low; Extraversion high; Agreeableness low; Neuroticism high,1.838782
ipip_stems,final_token,5,6,Openness low; Conscientiousness low; Extraversion high; Agreeableness high; Neuroticism low,1.6012645
ipip_stems,final_token,5,7,Openness low; Conscientiousness low; Extraversion high; Agreeableness high; Neuroticism high,0.5758903
ipip_stems,final_token,5,8,Openness low; Conscientiousness high; Extraversion low; Agreeableness low; Neuroticism low,1.6947159
ipip_stems,final_token,5,9,Openness low; Conscientiousness high; Extraversion low; Agreeableness low; Neuroticism high,1.6409667
ipip_stems,final_token,5,10,Openness low; Conscientiousness high; Extraversion low; Agreeableness high; Neuroticism low,1.7261755
ipip_stems,final_token,5,11,Openness low; Conscientiousness high; Extraversion low; Agreeableness high; Neuroticism high,1.6587386
ipip_stems,final_token,5,12,Openness low; Conscientiousness high; Extraversion high; Agreeableness low; Neuroticism low,1.6694367
ipip_stems,final_token,5,13,Openness low; Conscientiousness high; Extraversion high; Agreeableness low; Neuroticism high,1.621826
ipip_stems,final_token,5,14,Openness low; Conscientiousness high; Extraversion high; Agreeableness high; Neuroticism low,1.6108462
ipip_stems,final_token,5,15,Openness low; Conscientiousness high; Extraversion high; Agreeableness high; Neuroticism high,1.5451235
ipip_stems,final_token,5,16,Openness high; Conscientiousness low; Extraversion low; Agreeableness low; Neuroticism low,1.5883853
ipip_stems,final_token,5,17,Openness high; Conscientiousness low; Extraversion low; Agreeableness low; Neuroticism high,1.7060046
ipip_stems,final_token,5,18,Openness high; Conscientiousness low; Extraversion low; Agreeableness high; Neuroticism low,1.4644487
ipip_stems,final_token,5,19,Openness high; Conscientiousness low; Extraversion low; Agreeableness high; Neuroticism high,1.5530254
ipip_stems,final_token,5,20,Openness high; Conscientiousness low; Extraversion high; Agreeableness low; Neuroticism low,1.7392493
ipip_stems,final_token,5,21,Openness high; Conscientiousness low; Extraversion high; Agreeableness low; Neuroticism high,1.7812252
ipip_stems,final_token,5,22,Openness high; Conscientiousness low; Extraversion high; Agreeableness high; Neuroticism low,1.6090363
ipip_stems,final_token,5,23,Openness high; Conscientiousness low; Extraversion high; Agreeableness high; Neuroticism high,0.63000554
ipip_stems,final_token,5,24,Openness high; Conscientiousness high; Extraversion low; Agreeableness low; Neuroticism low,1.5956037
ipip_stems,final_token,5,25,Openness high; Conscientiousness high; Extraversion low; Agreeableness low; Neuroticism high,1.8765476
ipip_stems,final_token,5,26,Openness high; Conscientiousness high; Extraversion low; Agreeableness high; Neuroticism low,1.5541371
ipip_stems,final_token,5,27,Openness high; Conscientiousness high; Extraversion low; Agreeableness high; Neuroticism high,1.4732333
ipip_stems,final_token,5,28,Openness high; Conscientiousness high; Extraversion high; Agreeableness low; Neuroticism low,1.6263543
ipip_stems,final_token,5,29,Openness high; Conscientiousness high; Extraversion high; Agreeableness low; Neuroticism high,1.564438
ipip_stems,final_token,5,30,Openness high; Conscientiousness high; Extraversion high; Agreeableness high; Neuroticism low,1.7004768
ipip_stems,final_token,5,31,Openness high; Conscientiousness high; Extraversion high; Agreeableness high; Neuroticism high,1.6353375
ipip_stems,final_token,6,0,Openness low; Conscientiousness low; Extraversion low; Agreeableness low; Neuroticism low,1.9283339
ipip_stems,final_token,6,1,Openness low; Conscientiousness low; Extraversion low; Agreeableness low; Neuroticism high,1.9286349
ipip_stems,final_token,6,2,Openness low; Conscientiousness low; Extraversion low; Agreeableness high; Neuroticism low,1.9091139
ipip_stems,final_token,6,3,Openness low; Conscientiousness low; Extraversion low; Agreeableness high; Neuroticism high,1.9091768
ipip_stems,final_token,6,4,Openness low; Conscientiousness low; Extraversion high; Agreeableness low; Neuroticism low,1.9815822
ipip_stems,final_token,6,5,Openness low; Conscientiousness low; Extraversion high; Agreeableness low; Neuroticism high,2.1043994
ipip_stems,final_token,6,6,Openness low; Conscientiousness low; Extraversion high; Agreeableness high; Neuroticism low,1.8174288
ipip_stems,final_token,6,7,Openness low; Conscientiousness low; Extraversion high; Agreeableness high; Neuroticism high,0.6588561
ipip_stems,final_token,6,8,Openness low; Conscientiousness high; Extraversion low; Agreeableness low; Neuroticism low,1.9840608
ipip_stems,final_token,6,9,Openness low; Conscientiousness high; Extraversion low; Agreeableness low; Neuroticism high,1.9581695
ipip_stems,final_token,6,10,Openness low; Conscientiousness high; Extraversion low; Agreeableness high; Neuroticism low,1.9205959
ipip_stems,final_token,6,11,Openness low; Conscientiousness high; Extraversion low; Agreeableness high; Neuroticism high,1.8700932
ipip_stems,final_token,6,12,Openness low; Conscientiousness high; Extraversion high; Agreeableness low; Neuroticism low,1.914295
ipip_stems,final_token,6,13,Openness low; Conscientiousness high; Extraversion high; Agreeableness low; Neuroticism high,1.8773736
ipip_stems,final_token,6,14,Openness low; Conscientiousness high; Extraversion high; Agreeableness high; Neuroticism low,1.875539
ipip_stems,final_token,6,15,Openness low; Conscientiousness high; Extraversion high; Agreeableness high; Neuroticism high,1.7691246
ipip_stems,final_token,6,16,Openness high; Conscientiousness low; Extraversion low; Agreeableness low; Neuroticism low,1.8099577
ipip_stems,final_token,6,17,Openness high; Conscientiousness low; Extraversion low; Agreeableness low; Neuroticism high,1.9873042
ipip_stems,final_token,6,18,Openness high; Conscientiousness low; Extraversion low; Agreeableness high; Neuroticism low,1.651162
ipip_stems,final_token,6,19,Openness high; Conscientiousness low; Extraversion low; Agreeableness high; Neuroticism high,1.818597
ipip_stems,final_token,6,20,Openness high; Conscientiousness low; Extraversion high; Agreeableness low; Neuroticism low,1.8920568
ipip_stems,final_token,6,21,Openness high; Conscientiousness low; Extraversion high; Agreeableness low; Neuroticism high,2.049633
ipip_stems,final_token,6,22,Openness high; Conscientiousness low; Extraversion high; Agreeableness high; Neuroticism low,1.8061035
ipip_stems,final_token,6,23,Openness high; Conscientiousness low; Extraversion high; Agreeableness high; Neuroticism high,0.7309277
ipip_stems,final_token,6,24,Openness high; Conscientiousness high; Extraversion low; Agreeableness low; Neuroticism low,1.9163399
ipip_stems,final_token,6,25,Openness high; Conscientiousness high; Extraversion low; Agreeableness low; Neuroticism high,2.0685282
ipip_stems,final_token,6,26,Openness high; Conscientiousness high; Extraversion low; Agreeableness high; Neuroticism low,1.7627676
ipip_stems,final_token,6,27,Openness high; Conscientiousness high; Extraversion low; Agreeableness high; Neuroticism high,1.7420373
ipip_stems,final_token,6,28,Openness high; Conscientiousness high; Extraversion high; Agreeableness low; Neuroticism low,1.8744256
ipip_stems,final_token,6,29,Openness high; Conscientiousness high; Extraversion high; Agreeableness low; Neuroticism high,1.91762
ipip_stems,final_token,6,30,Openness high; Conscientiousness high; Extraversion high; Agreeableness high; Neuroticism low,1.9704661
ipip_stems,final_token,6,31,Openness high; Conscientiousness high; Extraversion high; Agreeableness high; Neuroticism high,1.9049677
ipip_stems,final_token,7,0,Openness low; Conscientiousness low; Extraversion low; Agreeableness low; Neuroticism low,2.2863212
ipip_stems,final_token,7,1,Openness low; Conscientiousness low; Extraversion low; Agreeableness low; Neuroticism high,2.2998385
ipip_stems,final_token,7,2,Openness low; Conscientiousness low; Extraversion low; Agreeableness high; Neuroticism low,2.1702597
ipip_stems,final_token,7,3,Openness low; Conscientiousness low; Extraversion low; Agreeableness high; Neuroticism high,2.1815183
ipip_stems,final_token,7,4,Openness low; Conscientiousness low; Extraversion high; Agreeableness low; Neuroticism low,2.1915374
ipip_stems,final_token,7,5,Openness low; Conscientiousness low; Extraversion high; Agreeableness low; Neuroticism high,2.3832965
ipip_stems,final_token,7,6,Openness low; Conscientiousness low; Extraversion high; Agreeableness high; Neuroticism low,2.081065
ipip_stems,final_token,7,7,Openness low; Conscientiousness low; Extraversion high; Agreeableness high; Neuroticism high,0.83713853
ipip_stems,final_token,7,8,Openness low; Conscientiousness high; Extraversion low; Agreeableness low; Neuroticism low,2.2146676
ipip_stems,final_token,7,9,Openness low; Conscientiousness high; Extraversion low; Agreeableness low; Neuroticism high,2.3682346
ipip_stems,final_token,7,10,Openness low; Conscientiousness high; Extraversion low; Agreeableness high; Neuroticism low,2.1261125
ipip_stems,final_token,7,11,Openness low; Conscientiousness high; Extraversion low; Agreeableness high; Neuroticism high,2.2112978
ipip_stems,final_token,7,12,Openness low; Conscientiousness high; Extraversion high; Agreeableness low; Neuroticism low,2.1906073
ipip_stems,final_token,7,13,Openness low; Conscientiousness high; Extraversion high; Agreeableness low; Neuroticism high,2.1761386
ipip_stems,final_token,7,14,Openness low; Conscientiousness high; Extraversion high; Agreeableness high; Neuroticism low,2.1010354
ipip_stems,final_token,7,15,Openness low; Conscientiousness high; Extraversion high; Agreeableness high; Neuroticism high,2.1282012
ipip_stems,final_token,7,16,Openness high; Conscientiousness low; Extraversion low; Agreeableness low; Neuroticism low,2.0765615
ipip_stems,final_token,7,17,Openness high; Conscientiousness low; Extraversion low; Agreeableness low; Neuroticism high,2.200688
ipip_stems,final_token,7,18,Openness high; Conscientiousness low; Extraversion low; Agreeableness high; Neuroticism low,1.8800845
ipip_stems,final_token,7,19,Openness high; Conscientiousness low; Extraversion low; Agreeableness high; Neuroticism high,2.03998
ipip_stems,final_token,7,20,Openness high; Conscientiousness low; Extraversion high; Agreeableness low; Neuroticism low,2.1997752
ipip_stems,final_token,7,21,Openness high; Conscientiousness low; Extraversion high; Agreeableness low; Neuroticism high,2.3215628
ipip_stems,final_token,7,22,Openness high; Conscientiousness low; Extraversion high; Agreeableness high; Neuroticism low,2.1346126
ipip_stems,final_token,7,23,Openness high; Conscientiousness low; Extraversion high; Agreeableness high; Neuroticism high,0.9096263
ipip_stems,final_token,7,24,Openness high; Conscientiousness high; Extraversion low; Agreeableness low; Neuroticism low,2.2616272
ipip_stems,final_token,7,25,Openness high; Conscientiousness high; Extraversion low; Agreeableness low; Neuroticism high,2.4017549
ipip_stems,final_token,7,26,Openness high; Conscientiousness high; Extraversion low; Agreeableness high; Neuroticism low,2.0639682
ipip_stems,final_token,7,27,Openness high; Conscientiousness high; Extraversion low; Agreeableness high; Neuroticism high,2.0215886
ipip_stems,final_token,7,28,Openness high; Conscientiousness high; Extraversion high; Agreeableness low; Neuroticism low,2.231606
ipip_stems,final_token,7,29,Openness high; Conscientiousness high; Extraversion high; Agreeableness low; Neuroticism high,2.1994305
ipip_stems,final_token,7,30,Openness high; Conscientiousness high; Extraversion high; Agreeableness high; Neuroticism low,2.2001424
ipip_stems,final_token,7,31,Openness high; Conscientiousness high; Extraversion high; Agreeableness high; Neuroticism high,2.2917945
ipip_stems,final_token,8,0,Openness low; Conscientiousness low; Extraversion low; Agreeableness low; Neuroticism low,2.7673173
ipip_stems,final_token,8,1,Openness low; Conscientiousness low; Extraversion low; Agreeableness low; Neuroticism high,2.666787
ipip_stems,final_token,8,2,Openness low; Conscientiousness low; Extraversion low; Agreeableness high; Neuroticism low,2.5153205
ipip_stems,final_token,8,3,Openness low; Conscientiousness low; Extraversion low; Agreeableness high; Neuroticism high,2.4904075
ipip_stems,final_token,8,4,Openness low; Conscientiousness low; Extraversion high; Agreeableness low; Neuroticism low,2.599069
ipip_stems,final_token,8,5,Openness low; Conscientiousness low; Extraversion high; Agreeableness low; Neuroticism high,2.8247383
ipip_stems,final_token,8,6,Openness low; Conscientiousness low; Extraversion high; Agreeableness high; Neuroticism low,2.4565127
ipip_stems,final_token,8,7,Openness low; Conscientiousness low; Extraversion high; Agreeableness high; Neuroticism high,1.047141
ipip_stems,final_token,8,8,Openness low; Conscientiousness high; Extraversion low; Agreeableness low; Neuroticism low,2.6175804
ipip_stems,final_token,8,9,Openness low; Conscientiousness high; Extraversion low; Agreeableness low; Neuroticism high,2.7896554
ipip_stems,final_token,8,10,Openness low; Conscientiousness high; Extraversion low; Agreeableness high; Neuroticism low,2.4740627
ipip_stems,final_token,8,11,Openness low; Conscientiousness high; Extraversion low; Agreeableness high; Neuroticism high,2.6064694
ipip_stems,final_token,8,12,Openness low; Conscientiousness high; Extraversion high; Agreeableness low; Neuroticism low,2.5787187
ipip_stems,final_token,8,13,Openness low; Conscientiousness high; Extraversion high; Agreeableness low; Neuroticism high,2.6076307
ipip_stems,final_token,8,14,Openness low; Conscientiousness high; Extraversion high; Agreeableness high; Neuroticism low,2.6252956
ipip_stems,final_token,8,15,Openness low; Conscientiousness high; Extraversion high; Agreeableness high; Neuroticism high,2.555571
ipip_stems,final_token,8,16,Openness high; Conscientiousness low; Extraversion low; Agreeableness low; Neuroticism low,2.5414014
ipip_stems,final_token,8,17,Openness high; Conscientiousness low; Extraversion low; Agreeableness low; Neuroticism high,2.5054736
ipip_stems,final_token,8,18,Openness high; Conscientiousness low; Extraversion low; Agreeableness high; Neuroticism low,2.3284385
ipip_stems,final_token,8,19,Openness high; Conscientiousness low; Extraversion low; Agreeableness high; Neuroticism high,2.5131373
ipip_stems,final_token,8,20,Openness high; Conscientiousness low; Extraversion high; Agreeableness low; Neuroticism low,2.642349
ipip_stems,final_token,8,21,Openness high; Conscientiousness low; Extraversion high; Agreeableness low; Neuroticism high,2.6378982
ipip_stems,final_token,8,22,Openness high; Conscientiousness low; Extraversion high; Agreeableness high; Neuroticism low,2.5153325
ipip_stems,final_token,8,23,Openness high; Conscientiousness low; Extraversion high; Agreeableness high; Neuroticism high,1.1517054
ipip_stems,final_token,8,24,Openness high; Conscientiousness high; Extraversion low; Agreeableness low; Neuroticism low,2.6143289
ipip_stems,final_token,8,25,Openness high; Conscientiousness high; Extraversion low; Agreeableness low; Neuroticism high,2.6990383
ipip_stems,final_token,8,26,Openness high; Conscientiousness high; Extraversion low; Agreeableness high; Neuroticism low,2.4799397
ipip_stems,final_token,8,27,Openness high; Conscientiousness high; Extraversion low; Agreeableness high; Neuroticism high,2.5041063
ipip_stems,final_token,8,28,Openness high; Conscientiousness high; Extraversion high; Agreeableness low; Neuroticism low,2.560413
ipip_stems,final_token,8,29,Openness high; Conscientiousness high; Extraversion high; Agreeableness low; Neuroticism high,2.601352
ipip_stems,final_token,8,30,Openness high; Conscientiousness high; Extraversion high; Agreeableness high; Neuroticism low,2.6104398
ipip_stems,final_token,8,31,Openness high; Conscientiousness high; Extraversion high; Agreeableness high; Neuroticism high,2.6026971
ipip_stems,final_token,9,0,Openness low; Conscientiousness low; Extraversion low; Agreeableness low; Neuroticism low,3.0576732
ipip_stems,final_token,9,1,Openness low; Conscientiousness low; Extraversion low; Agreeableness low; Neuroticism high,2.8934698
ipip_stems,final_token,9,2,Openness low; Conscientiousness low; Extraversion low; Agreeableness high; Neuroticism low,2.6993449
ipip_stems,final_token,9,3,Openness low; Conscientiousness low; Extraversion low; Agreeableness high; Neuroticism high,2.6733832
ipip_stems,final_token,9,4,Openness low; Conscientiousness low; Extraversion high; Agreeableness low; Neuroticism low,2.8627195
ipip_stems,final_token,9,5,Openness low; Conscientiousness low; Extraversion high; Agreeableness low; Neuroticism high,3.0096989
ipip_stems,final_token,9,6,Openness low; Conscientiousness low; Extraversion high; Agreeableness high; Neuroticism low,2.586079
ipip_stems,final_token,9,7,Openness low; Conscientiousness low; Extraversion high; Agreeableness high; Neuroticism high,1.1963087
ipip_stems,final_token,9,8,Openness low; Conscientiousness high; Extraversion low; Agreeableness low; Neuroticism low,2.7795672
ipip_stems,final_token,9,9,Openness low; Conscientiousness high; Extraversion low; Agreeableness low; Neuroticism high,3.0688276
ipip_stems,final_token,9,10,Openness low; Conscientiousness high; Extraversion low; Agreeableness high; Neuroticism low,2.647979
ipip_stems,final_token,9,11,Openness low; Conscientiousness high; Extraversion low; Agreeableness high; Neuroticism high,2.8151278
ipip_stems,final_token,9,12,Openness low; Conscientiousness high; Extraversion high; Agreeableness low; Neuroticism low,2.7901065
ipip_stems,final_token,9,13,Openness low; Conscientiousness high; Extraversion high; Agreeableness low; Neuroticism high,2.6351304
ipip_stems,final_token,9,14,Openness low; Conscientiousness high; Extraversion high; Agreeableness high; Neuroticism low,2.7469513
ipip_stems,final_token,9,15,Openness low; Conscientiousness high; Extraversion high; Agreeableness high; Neuroticism high,2.6664033
ipip_stems,final_token,9,16,Openness high; Conscientiousness low; Extraversion low; Agreeableness low; Neuroticism low,2.8320236
ipip_stems,final_token,9,17,Openness high; Conscientiousness low; Extraversion low; Agreeableness low; Neuroticism high,2.8145337
ipip_stems,final_token,9,18,Openness high; Conscientiousness low; Extraversion low; Agreeableness high; Neuroticism low,2.6358974
ipip_stems,final_token,9,19,Openness high; Conscientiousness low; Extraversion low; Agreeableness high; Neuroticism high,2.7157722
ipip_stems,final_token,9,20,Openness high; Conscientiousness low; Extraversion high; Agreeableness low; Neuroticism low,2.7756357
ipip_stems,final_token,9,21,Openness high; Conscientiousness low; Extraversion high; Agreeableness low; Neuroticism high,2.854462
ipip_stems,final_token,9,22,Openness high; Conscientiousness low; Extraversion high; Agreeableness high; Neuroticism low,2.6996891
ipip_stems,final_token,9,23,Openness high; Conscientiousness low; Extraversion high; Agreeableness high; Neuroticism high,1.3808267
ipip_stems,final_token,9,24,Openness high; Conscientiousness high; Extraversion low; Agreeableness low; Neuroticism low,2.8635488
ipip_stems,final_token,9,25,Openness high; Conscientiousness high; Extraversion low; Agreeableness low; Neuroticism high,2.9732862
ipip_stems,final_token,9,26,Openness high; Conscientiousness high; Extraversion low; Agreeableness high; Neuroticism low,2.7021344
ipip_stems,final_token,9,27,Openness high; Conscientiousness high; Extraversion low; Agreeableness high; Neuroticism high,2.6489654
ipip_stems,final_token,9,28,Openness high; Conscientiousness high; Extraversion high; Agreeableness low; Neuroticism low,2.8496485
ipip_stems,final_token,9,29,Openness high; Conscientiousness high; Extraversion high; Agreeableness low; Neuroticism high,2.8486133
ipip_stems,final_token,9,30,Openness high; Conscientiousness high; Extraversion high; Agreeableness high; Neuroticism low,2.8108518
ipip_stems,final_token,9,31,Openness high; Conscientiousness high; Extraversion high; Agreeableness high; Neuroticism high,2.7730982
ipip_stems,final_token,10,0,Openness low; Conscientiousness low; Extraversion low; Agreeableness low; Neuroticism low,3.1900215
ipip_stems,final_token,10,1,Openness low; Conscientiousness low; Extraversion low; Agreeableness low; Neuroticism high,3.0706868
ipip_stems,final_token,10,2,Openness low; Conscientiousness low; Extraversion low; Agreeableness high; Neuroticism low,2.835891
ipip_stems,final_token,10,3,Openness low; Conscientiousness low; Extraversion low; Agreeableness high; Neuroticism high,2.6921318
ipip_stems,final_token,10,4,Openness low; Conscientiousness low; Extraversion high; Agreeableness low; Neuroticism low,3.1382685
ipip_stems,final_token,10,5,Openness low; Conscientiousness low; Extraversion high; Agreeableness low; Neuroticism high,3.2108831
ipip_stems,final_token,10,6,Openness low; Conscientiousness low; Extraversion high; Agreeableness high; Neuroticism low,2.786033
ipip_stems,final_token,10,7,Openness low; Conscientiousness low; Extraversion high; Agreeableness high; Neuroticism high,1.3578787
ipip_stems,final_token,10,8,Openness low; Conscientiousness high; Extraversion low; Agreeableness low; Neuroticism low,2.8834958
ipip_stems,final_token,10,9,Openness low; Conscientiousness high; Extraversion low; Agreeableness low; Neuroticism high,3.2682025
ipip_stems,final_token,10,10,Openness low; Conscientiousness high; Extraversion low; Agreeableness high; Neuroticism low,2.8210182
ipip_stems,final_token,10,11,Openness low; Conscientiousness high; Extraversion low; Agreeableness high; Neuroticism high,2.9258392
ipip_stems,final_token,10,12,Openness low; Conscientiousness high; Extraversion high; Agreeableness low; Neuroticism low,2.904538
ipip_stems,final_token,10,13,Openness low; Conscientiousness high; Extraversion high; Agreeableness low; Neuroticism high,2.8095872
ipip_stems,final_token,10,14,Openness low; Conscientiousness high; Extraversion high; Agreeableness high; Neuroticism low,2.9205444
ipip_stems,final_token,10,15,Openness low; Conscientiousness high; Extraversion high; Agreeableness high; Neuroticism high,2.886236
ipip_stems,final_token,10,16,Openness high; Conscientiousness low; Extraversion low; Agreeableness low; Neuroticism low,2.9430263
ipip_stems,final_token,10,17,Openness high; Conscientiousness low; Extraversion low; Agreeableness low; Neuroticism high,3.0484874
ipip_stems,final_token,10,18,Openness high; Conscientiousness low; Extraversion low; Agreeableness high; Neuroticism low,2.7943926
ipip_stems,final_token,10,19,Openness high; Conscientiousness low; Extraversion low; Agreeableness high; Neuroticism high,2.879512
ipip_stems,final_token,10,20,Openness high; Conscientiousness low; Extraversion high; Agreeableness low; Neuroticism low,2.9730854
ipip_stems,final_token,10,21,Openness high; Conscientiousness low; Extraversion high; Agreeableness low; Neuroticism high,3.0384145
ipip_stems,final_token,10,22,Openness high; Conscientiousness low; Extraversion high; Agreeableness high; Neuroticism low,2.7630408
ipip_stems,final_token,10,23,Openness high; Conscientiousness low; Extraversion high; Agreeableness high; Neuroticism high,1.5603596
ipip_stems,final_token,10,24,Openness high; Conscientiousness high; Extraversion low; Agreeableness low; Neuroticism low,3.0038269
ipip_stems,final_token,10,25,Openness high; Conscientiousness high; Extraversion low; Agreeableness low; Neuroticism high,3.0710135
ipip_stems,final_token,10,26,Openness high; Conscientiousness high; Extraversion low; Agreeableness high; Neuroticism low,2.8512428
ipip_stems,final_token,10,27,Openness high; Conscientiousness high; Extraversion low; Agreeableness high; Neuroticism high,2.8007102
ipip_stems,final_token,10,28,Openness high; Conscientiousness high; Extraversion high; Agreeableness low; Neuroticism low,3.0403886
ipip_stems,final_token,10,29,Openness high; Conscientiousness high; Extraversion high; Agreeableness low; Neuroticism high,3.0518522
ipip_stems,final_token,10,30,Openness high; Conscientiousness high; Extraversion high; Agreeableness high; Neuroticism low,2.9289474
ipip_stems,final_token,10,31,Openness high; Conscientiousness high; Extraversion high; Agreeableness high; Neuroticism high,2.890411
ipip_stems,final_token,11,0,Openness low; Conscientiousness low; Extraversion low; Agreeableness low; Neuroticism low,3.2800372
ipip_stems,final_token,11,1,Openness low; Conscientiousness low; Extraversion low; Agreeableness low; Neuroticism high,3.250758
ipip_stems,final_token,11,2,Openness low; Conscientiousness low; Extraversion low; Agreeableness high; Neuroticism low,3.0777833
ipip_stems,final_token,11,3,Openness low; Conscientiousness low; Extraversion low; Agreeableness high; Neuroticism high,2.930741
ipip_stems,final_token,11,4,Openness low; Conscientiousness low; Extraversion high; Agreeableness low; Neuroticism low,3.3647943
ipip_stems,final_token,11,5,Openness low; Conscientiousness low; Extraversion high; Agreeableness low; Neuroticism high,3.4610467
ipip_stems,final_token,11,6,Openness low; Conscientiousness low; Extraversion high; Agreeableness high; Neuroticism low,2.9578173
ipip_stems,final_token,11,7,Openness low; Conscientiousness low; Extraversion high; Agreeableness high; Neuroticism high,1.5514474
ipip_stems,final_token,11,8,Openness low; Conscientiousness high; Extraversion low; Agreeableness low; Neuroticism low,3.0260859
ipip_stems,final_token,11,9,Openness low; Conscientiousness high; Extraversion low; Agreeableness low; Neuroticism high,3.5988755
ipip_stems,final_token,11,10,Openness low; Conscientiousness high; Extraversion low; Agreeableness high; Neuroticism low,3.0482652
ipip_stems,final_token,11,11,Openness low; Conscientiousness high; Extraversion low; Agreeableness high; Neuroticism high,3.0918424
ipip_stems,final_token,11,12,Openness low; Conscientiousness high; Extraversion high; Agreeableness low; Neuroticism low,3.043147
ipip_stems,final_token,11,13,Openness low; Conscientiousness high; Extraversion high; Agreeableness low; Neuroticism high,2.950602
ipip_stems,final_token,11,14,Openness low; Conscientiousness high; Extraversion high; Agreeableness high; Neuroticism low,3.0677397
ipip_stems,final_token,11,15,Openness low; Conscientiousness high; Extraversion high; Agreeableness high; Neuroticism high,3.128172
ipip_stems,final_token,11,16,Openness high; Conscientiousness low; Extraversion low; Agreeableness low; Neuroticism low,3.2321475
ipip_stems,final_token,11,17,Openness high; Conscientiousness low; Extraversion low; Agreeableness low; Neuroticism high,3.2288594
ipip_stems,final_token,11,18,Openness high; Conscientiousness low; Extraversion low; Agreeableness high; Neuroticism low,3.0616245
ipip_stems,final_token,11,19,Openness high; Conscientiousness low; Extraversion low; Agreeableness high; Neuroticism high,3.0594823
ipip_stems,final_token,11,20,Openness high; Conscientiousness low; Extraversion high; Agreeableness low; Neuroticism low,3.0170572
ipip_stems,final_token,11,21,Openness high; Conscientiousness low; Extraversion high; Agreeableness low; Neuroticism high,3.1734874
ipip_stems,final_token,11,22,Openness high; Conscientiousness low; Extraversion high; Agreeableness high; Neuroticism low,3.0143762
ipip_stems,final_token,11,23,Openness high; Conscientiousness low; Extraversion high; Agreeableness high; Neuroticism high,1.8299468
ipip_stems,final_token,11,24,Openness high; Conscientiousness high; Extraversion low; Agreeableness low; Neuroticism low,3.2305534
ipip_stems,final_token,11,25,Openness high; Conscientiousness high; Extraversion low; Agreeableness low; Neuroticism high,3.3096304
ipip_stems,final_token,11,26,Openness high; Conscientiousness high; Extraversion low; Agreeableness high; Neuroticism low,3.0216546
ipip_stems,final_token,11,27,Openness high; Conscientiousness high; Extraversion low; Agreeableness high; Neuroticism high,2.9491782
ipip_stems,final_token,11,28,Openness high; Conscientiousness high; Extraversion high; Agreeableness low; Neuroticism low,3.2168868
ipip_stems,final_token,11,29,Openness high; Conscientiousness high; Extraversion high; Agreeableness low; Neuroticism high,3.17768
ipip_stems,final_token,11,30,Openness high; Conscientiousness high; Extraversion high; Agreeableness high; Neuroticism low,3.1456163
ipip_stems,final_token,11,31,Openness high; Conscientiousness high; Extraversion high; Agreeableness high; Neuroticism high,3.1268253
ipip_stems,final_token,12,0,Openness low; Conscientiousness low; Extraversion low; Agreeableness low; Neuroticism low,3.698231
ipip_stems,final_token,12,1,Openness low; Conscientiousness low; Extraversion low; Agreeableness low; Neuroticism high,3.795933
ipip_stems,final_token,12,2,Openness low; Conscientiousness low; Extraversion low; Agreeableness high; Neuroticism low,3.6296113
ipip_stems,final_token,12,3,Openness low; Conscientiousness low; Extraversion low; Agreeableness high; Neuroticism high,3.3142629
ipip_stems,final_token,12,4,Openness low; Conscientiousness low; Extraversion high; Agreeableness low; Neuroticism low,3.9404316
ipip_stems,final_token,12,5,Openness low; Conscientiousness low; Extraversion high; Agreeableness low; Neuroticism high,3.9526772
ipip_stems,final_token,12,6,Openness low; Conscientiousness low; Extraversion high; Agreeableness high; Neuroticism low,3.4849548
ipip_stems,final_token,12,7,Openness low; Conscientiousness low; Extraversion high; Agreeableness high; Neuroticism high,1.9373167
ipip_stems,final_token,12,8,Openness low; Conscientiousness high; Extraversion low; Agreeableness low; Neuroticism low,3.5787039
ipip_stems,final_token,12,9,Openness low; Conscientiousness high; Extraversion low; Agreeableness low; Neuroticism high,4.120371
ipip_stems,final_token,12,10,Openness low; Conscientiousness high; Extraversion low; Agreeableness high; Neuroticism low,3.4274893
ipip_stems,final_token,12,11,Openness low; Conscientiousness high; Extraversion low; Agreeableness high; Neuroticism high,3.4867368
ipip_stems,final_token,12,12,Openness low; Conscientiousness high; Extraversion high; Agreeableness low; Neuroticism low,3.4427938
ipip_stems,final_token,12,13,Openness low; Conscientiousness high; Extraversion high; Agreeableness low; Neuroticism high,3.4751256
ipip_stems,final_token,12,14,Openness low; Conscientiousness high; Extraversion high; Agreeableness high; Neuroticism low,3.5621722
ipip_stems,final_token,12,15,Openness low; Conscientiousness high; Extraversion high; Agreeableness high; Neuroticism high,3.519944
ipip_stems,final_token,12,16,Openness high; Conscientiousness low; Extraversion low; Agreeableness low; Neuroticism low,3.7380874
ipip_stems,final_token,12,17,Openness high; Conscientiousness low; Extraversion low; Agreeableness low; Neuroticism high,3.7682076
ipip_stems,final_token,12,18,Openness high; Conscientiousness low; Extraversion low; Agreeableness high; Neuroticism low,3.4407015
ipip_stems,final_token,12,19,Openness high; Conscientiousness low; Extraversion low; Agreeableness high; Neuroticism high,3.4254785
ipip_stems,final_token,12,20,Openness high; Conscientiousness low; Extraversion high; Agreeableness low; Neuroticism low,3.4270053
ipip_stems,final_token,12,21,Openness high; Conscientiousness low; Extraversion high; Agreeableness low; Neuroticism high,3.559707
ipip_stems,final_token,12,22,Openness high; Conscientiousness low; Extraversion high; Agreeableness high; Neuroticism low,3.281258
ipip_stems,final_token,12,23,Openness high; Conscientiousness low; Extraversion high; Agreeableness high; Neuroticism high,2.2226043
ipip_stems,final_token,12,24,Openness high; Conscientiousness high; Extraversion low; Agreeableness low; Neuroticism low,3.7547765
ipip_stems,final_token,12,25,Openness high; Conscientiousness high; Extraversion low; Agreeableness low; Neuroticism high,3.7747238
ipip_stems,final_token,12,26,Openness high; Conscientiousness high; Extraversion low; Agreeableness high; Neuroticism low,3.384898
ipip_stems,final_token,12,27,Openness high; Conscientiousness high; Extraversion low; Agreeableness high; Neuroticism high,3.4831212
ipip_stems,final_token,12,28,Openness high; Conscientiousness high; Extraversion high; Agreeableness low; Neuroticism low,3.727561
ipip_stems,final_token,12,29,Openness high; Conscientiousness high; Extraversion high; Agreeableness low; Neuroticism high,3.628663
ipip_stems,final_token,12,30,Openness high; Conscientiousness high; Extraversion high; Agreeableness high; Neuroticism low,3.6456075
ipip_stems,final_token,12,31,Openness high; Conscientiousness high; Extraversion high; Agreeableness high; Neuroticism high,3.654943
ipip_stems,final_token,13,0,Openness low; Conscientiousness low; Extraversion low; Agreeableness low; Neuroticism low,3.993314
ipip_stems,final_token,13,1,Openness low; Conscientiousness low; Extraversion low; Agreeableness low; Neuroticism high,4.1001854
ipip_stems,final_token,13,2,Openness low; Conscientiousness low; Extraversion low; Agreeableness high; Neuroticism low,3.9937973
ipip_stems,final_token,13,3,Openness low; Conscientiousness low; Extraversion low; Agreeableness high; Neuroticism high,3.720576
ipip_stems,final_token,13,4,Openness low; Conscientiousness low; Extraversion high; Agreeableness low; Neuroticism low,4.099917
ipip_stems,final_token,13,5,Openness low; Conscientiousness low; Extraversion high; Agreeableness low; Neuroticism high,4.1686606
ipip_stems,final_token,13,6,Openness low; Conscientiousness low; Extraversion high; Agreeableness high; Neuroticism low,3.8969305
ipip_stems,final_token,13,7,Openness low; Conscientiousness low; Extraversion high; Agreeableness high; Neuroticism high,2.155066
ipip_stems,final_token,13,8,Openness low; Conscientiousness high; Extraversion low; Agreeableness low; Neuroticism low,3.8879495
ipip_stems,final_token,13,9,Openness low; Conscientiousness high; Extraversion low; Agreeableness low; Neuroticism high,4.4185762
ipip_stems,final_token,13,10,Openness low; Conscientiousness high; Extraversion low; Agreeableness high; Neuroticism low,3.6353753
ipip_stems,final_token,13,11,Openness low; Conscientiousness high; Extraversion low; Agreeableness high; Neuroticism high,3.941372
ipip_stems,final_token,13,12,Openness low; Conscientiousness high; Extraversion high; Agreeableness low; Neuroticism low,3.8547149
ipip_stems,final_token,13,13,Openness low; Conscientiousness high; Extraversion high; Agreeableness low; Neuroticism high,3.8199067
ipip_stems,final_token,13,14,Openness low; Conscientiousness high; Extraversion high; Agreeableness high; Neuroticism low,3.9497275
ipip_stems,final_token,13,15,Openness low; Conscientiousness high; Extraversion high; Agreeableness high; Neuroticism high,3.8277078
ipip_stems,final_token,13,16,Openness high; Conscientiousness low; Extraversion low; Agreeableness low; Neuroticism low,3.963853
ipip_stems,final_token,13,17,Openness high; Conscientiousness low; Extraversion low; Agreeableness low; Neuroticism high,4.182844
ipip_stems,final_token,13,18,Openness high; Conscientiousness low; Extraversion low; Agreeableness high; Neuroticism low,3.7285373
ipip_stems,final_token,13,19,Openness high; Conscientiousness low; Extraversion low; Agreeableness high; Neuroticism high,3.9436407
ipip_stems,final_token,13,20,Openness high; Conscientiousness low; Extraversion high; Agreeableness low; Neuroticism low,3.758661
ipip_stems,final_token,13,21,Openness high; Conscientiousness low; Extraversion high; Agreeableness low; Neuroticism high,3.9512722
ipip_stems,final_token,13,22,Openness high; Conscientiousness low; Extraversion high; Agreeableness high; Neuroticism low,3.508835
ipip_stems,final_token,13,23,Openness high; Conscientiousness low; Extraversion high; Agreeableness high; Neuroticism high,2.4162793
ipip_stems,final_token,13,24,Openness high; Conscientiousness high; Extraversion low; Agreeableness low; Neuroticism low,4.273616
ipip_stems,final_token,13,25,Openness high; Conscientiousness high; Extraversion low; Agreeableness low; Neuroticism high,4.2061605
ipip_stems,final_token,13,26,Openness high; Conscientiousness high; Extraversion low; Agreeableness high; Neuroticism low,3.7231143
ipip_stems,final_token,13,27,Openness high; Conscientiousness high; Extraversion low; Agreeableness high; Neuroticism high,3.8806188
ipip_stems,final_token,13,28,Openness high; Conscientiousness high; Extraversion high; Agreeableness low; Neuroticism low,4.030141
ipip_stems,final_token,13,29,Openness high; Conscientiousness high; Extraversion high; Agreeableness low; Neuroticism high,3.9917305
ipip_stems,final_token,13,30,Openness high; Conscientiousness high; Extraversion high; Agreeableness high; Neuroticism low,3.9576344
ipip_stems,final_token,13,31,Openness high; Conscientiousness high; Extraversion high; Agreeableness high; Neuroticism high,3.9768348
ipip_stems,final_token,14,0,Openness low; Conscientiousness low; Extraversion low; Agreeableness low; Neuroticism low,4.373646
ipip_stems,final_token,14,1,Openness low; Conscientiousness low; Extraversion low; Agreeableness low; Neuroticism high,4.3399496
ipip_stems,final_token,14,2,Openness low; Conscientiousness low; Extraversion low; Agreeableness high; Neuroticism low,4.2253304
ipip_stems,final_token,14,3,Openness low; Conscientiousness low; Extraversion low; Agreeableness high; Neuroticism high,3.9016376
ipip_stems,final_token,14,4,Openness low; Conscientiousness low; Extraversion high; Agreeableness low; Neuroticism low,4.2985
ipip_stems,final_token,14,5,Openness low; Conscientiousness low; Extraversion high; Agreeableness low; Neuroticism high,4.5572395
ipip_stems,final_token,14,6,Openness low; Conscientiousness low; Extraversion high; Agreeableness high; Neuroticism low,4.1117883
ipip_stems,final_token,14,7,Openness low; Conscientiousness low; Extraversion high; Agreeableness high; Neuroticism high,2.501697
ipip_stems,final_token,14,8,Openness low; Conscientiousness high; Extraversion low; Agreeableness low; Neuroticism low,4.134423
ipip_stems,final_token,14,9,Openness low; Conscientiousness high; Extraversion low; Agreeableness low; Neuroticism high,4.5274644
ipip_stems,final_token,14,10,Openness low; Conscientiousness high; Extraversion low; Agreeableness high; Neuroticism low,3.9713156
ipip_stems,final_token,14,11,Openness low; Conscientiousness high; Extraversion low; Agreeableness high; Neuroticism high,4.0931187
ipip_stems,final_token,14,12,Openness low; Conscientiousness high; Extraversion high; Agreeableness low; Neuroticism low,4.079399
ipip_stems,final_token,14,13,Openness low; Conscientiousness high; Extraversion high; Agreeableness low; Neuroticism high,3.94434
ipip_stems,final_token,14,14,Openness low; Conscientiousness high; Extraversion high; Agreeableness high; Neuroticism low,4.1479745
ipip_stems,final_token,14,15,Openness low; Conscientiousness high; Extraversion high; Agreeableness high; Neuroticism high,4.0000043
ipip_stems,final_token,14,16,Openness high; Conscientiousness low; Extraversion low; Agreeableness low; Neuroticism low,4.1592093
ipip_stems,final_token,14,17,Openness high; Conscientiousness low; Extraversion low; Agreeableness low; Neuroticism high,4.379854
ipip_stems,final_token,14,18,Openness high; Conscientiousness low; Extraversion low; Agreeableness high; Neuroticism low,3.9165816
ipip_stems,final_token,14,19,Openness high; Conscientiousness low; Extraversion low; Agreeableness high; Neuroticism high,4.2592297
ipip_stems,final_token,14,20,Openness high; Conscientiousness low; Extraversion high; Agreeableness low; Neuroticism low,4.078492
ipip_stems,final_token,14,21,Openness high; Conscientiousness low; Extraversion high; Agreeableness low; Neuroticism high,4.158901
ipip_stems,final_token,14,22,Openness high; Conscientiousness low; Extraversion high; Agreeableness high; Neuroticism low,3.7270594
ipip_stems,final_token,14,23,Openness high; Conscientiousness low; Extraversion high; Agreeableness high; Neuroticism high,2.8354306
ipip_stems,final_token,14,24,Openness high; Conscientiousness high; Extraversion low; Agreeableness low; Neuroticism low,4.4470506
ipip_stems,final_token,14,25,Openness high; Conscientiousness high; Extraversion low; Agreeableness low; Neuroticism high,4.4777117
ipip_stems,final_token,14,26,Openness high; Conscientiousness high; Extraversion low; Agreeableness high; Neuroticism low,3.898536
ipip_stems,final_token,14,27,Openness high; Conscientiousness high; Extraversion low; Agreeableness high; Neuroticism high,4.1232553
ipip_stems,final_token,14,28,Openness high; Conscientiousness high; Extraversion high; Agreeableness low; Neuroticism low,4.312721
ipip_stems,final_token,14,29,Openness high; Conscientiousness high; Extraversion high; Agreeableness low; Neuroticism high,4.207842
ipip_stems,final_token,14,30,Openness high; Conscientiousness high; Extraversion high; Agreeableness high; Neuroticism low,4.313585
ipip_stems,final_token,14,31,Openness high; Conscientiousness high; Extraversion high; Agreeableness high; Neuroticism high,4.3787417
ipip_stems,final_token,15,0,Openness low; Conscientiousness low; Extraversion low; Agreeableness low; Neuroticism low,4.735963
ipip_stems,final_token,15,1,Openness low; Conscientiousness low; Extraversion low; Agreeableness low; Neuroticism high,4.5886188
ipip_stems,final_token,15,2,Openness low; Conscientiousness low; Extraversion low; Agreeableness high; Neuroticism low,4.619526
ipip_stems,final_token,15,3,Openness low; Conscientiousness low; Extraversion low; Agreeableness high; Neuroticism high,4.078386
ipip_stems,final_token,15,4,Openness low; Conscientiousness low; Extraversion high; Agreeableness low; Neuroticism low,4.6269975
ipip_stems,final_token,15,5,Openness low; Conscientiousness low; Extraversion high; Agreeableness low; Neuroticism high,4.8394775
ipip_stems,final_token,15,6,Openness low; Conscientiousness low; Extraversion high; Agreeableness high; Neuroticism low,4.611428
ipip_stems,final_token,15,7,Openness low; Conscientiousness low; Extraversion high; Agreeableness high; Neuroticism high,2.7873518
ipip_stems,final_token,15,8,Openness low; Conscientiousness high; Extraversion low; Agreeableness low; Neuroticism low,4.4567094
ipip_stems,final_token,15,9,Openness low; Conscientiousness high; Extraversion low; Agreeableness low; Neuroticism high,4.8448176
ipip_stems,final_token,15,10,Openness low; Conscientiousness high; Extraversion low; Agreeableness high; Neuroticism low,4.2859507
ipip_stems,final_token,15,11,Openness low; Conscientiousness high; Extraversion low; Agreeableness high; Neuroticism high,4.2870154
ipip_stems,final_token,15,12,Openness low; Conscientiousness high; Extraversion high; Agreeableness low; Neuroticism low,4.3372493
ipip_stems,final_token,15,13,Openness low; Conscientiousness high; Extraversion high; Agreeableness low; Neuroticism high,4.1925673
ipip_stems,final_token,15,14,Openness low; Conscientiousness high; Extraversion high; Agreeableness high; Neuroticism low,4.4443154
ipip_stems,final_token,15,15,Openness low; Conscientiousness high; Extraversion high; Agreeableness high; Neuroticism high,4.471191
ipip_stems,final_token,15,16,Openness high; Conscientiousness low; Extraversion low; Agreeableness low; Neuroticism low,4.4022064
ipip_stems,final_token,15,17,Openness high; Conscientiousness low; Extraversion low; Agreeableness low; Neuroticism high,4.6901817
ipip_stems,final_token,15,18,Openness high; Conscientiousness low; Extraversion low; Agreeableness high; Neuroticism low,4.2094355
ipip_stems,final_token,15,19,Openness high; Conscientiousness low; Extraversion low; Agreeableness high; Neuroticism high,4.5650015
ipip_stems,final_token,15,20,Openness high; Conscientiousness low; Extraversion high; Agreeableness low; Neuroticism low,4.30927
ipip_stems,final_token,15,21,Openness high; Conscientiousness low; Extraversion high; Agreeableness low; Neuroticism high,4.313212
ipip_stems,final_token,15,22,Openness high; Conscientiousness low; Extraversion high; Agreeableness high; Neuroticism low,4.013013
ipip_stems,final_token,15,23,Openness high; Conscientiousness low; Extraversion high; Agreeableness high; Neuroticism high,3.1687427
ipip_stems,final_token,15,24,Openness high; Conscientiousness high; Extraversion low; Agreeableness low; Neuroticism low,4.8373866
ipip_stems,final_token,15,25,Openness high; Conscientiousness high; Extraversion low; Agreeableness low; Neuroticism high,4.8042655
ipip_stems,final_token,15,26,Openness high; Conscientiousness high; Extraversion low; Agreeableness high; Neuroticism low,4.127683
ipip_stems,final_token,15,27,Openness high; Conscientiousness high; Extraversion low; Agreeableness high; Neuroticism high,4.42012
ipip_stems,final_token,15,28,Openness high; Conscientiousness high; Extraversion high; Agreeableness low; Neuroticism low,4.6743045
ipip_stems,final_token,15,29,Openness high; Conscientiousness high; Extraversion high; Agreeableness low; Neuroticism high,4.442943
ipip_stems,final_token,15,30,Openness high; Conscientiousness high; Extraversion high; Agreeableness high; Neuroticism low,4.6688485
ipip_stems,final_token,15,31,Openness high; Conscientiousness high; Extraversion high; Agreeableness high; Neuroticism high,4.875796
ipip_stems,final_token,16,0,Openness low; Conscientiousness low; Extraversion low; Agreeableness low; Neuroticism low,5.8018107
ipip_stems,final_token,16,1,Openness low; Conscientiousness low; Extraversion low; Agreeableness low; Neuroticism high,5.559528
ipip_stems,final_token,16,2,Openness low; Conscientiousness low; Extraversion low; Agreeableness high; Neuroticism low,5.797876
ipip_stems,final_token,16,3,Openness low; Conscientiousness low; Extraversion low; Agreeableness high; Neuroticism high,5.0171547
ipip_stems,final_token,16,4,Openness low; Conscientiousness low; Extraversion high; Agreeableness low; Neuroticism low,5.574401
ipip_stems,final_token,16,5,Openness low; Conscientiousness low; Extraversion high; Agreeableness low; Neuroticism high,5.98934
ipip_stems,final_token,16,6,Openness low; Conscientiousness low; Extraversion high; Agreeableness high; Neuroticism low,5.5624127
ipip_stems,final_token,16,7,Openness low; Conscientiousness low; Extraversion high; Agreeableness high; Neuroticism high,3.4093738
ipip_stems,final_token,16,8,Openness low; Conscientiousness high; Extraversion low; Agreeableness low; Neuroticism low,5.483939
ipip_stems,final_token,16,9,Openness low; Conscientiousness high; Extraversion low; Agreeableness low; Neuroticism high,5.827994
ipip_stems,final_token,16,10,Openness low; Conscientiousness high; Extraversion low; Agreeableness high; Neuroticism low,5.2931046
ipip_stems,final_token,16,11,Openness low; Conscientiousness high; Extraversion low; Agreeableness high; Neuroticism high,5.3250194
ipip_stems,final_token,16,12,Openness low; Conscientiousness high; Extraversion high; Agreeableness low; Neuroticism low,5.4355054
ipip_stems,final_token,16,13,Openness low; Conscientiousness high; Extraversion high; Agreeableness low; Neuroticism high,5.2406936
ipip_stems,final_token,16,14,Openness low; Conscientiousness high; Extraversion high; Agreeableness high; Neuroticism low,5.4558816
ipip_stems,final_token,16,15,Openness low; Conscientiousness high; Extraversion high; Agreeableness high; Neuroticism high,5.6230865
ipip_stems,final_token,16,16,Openness high; Conscientiousness low; Extraversion low; Agreeableness low; Neuroticism low,5.476947
ipip_stems,final_token,16,17,Openness high; Conscientiousness low; Extraversion low; Agreeableness low; Neuroticism high,5.632754
ipip_stems,final_token,16,18,Openness high; Conscientiousness low; Extraversion low; Agreeableness high; Neuroticism low,5.263317
ipip_stems,final_token,16,19,Openness high; Conscientiousness low; Extraversion low; Agreeableness high; Neuroticism high,5.4842095
ipip_stems,final_token,16,20,Openness high; Conscientiousness low; Extraversion high; Agreeableness low; Neuroticism low,5.2993903
ipip_stems,final_token,16,21,Openness high; Conscientiousness low; Extraversion high; Agreeableness low; Neuroticism high,5.2159195
ipip_stems,final_token,16,22,Openness high; Conscientiousness low; Extraversion high; Agreeableness high; Neuroticism low,4.9193153
ipip_stems,final_token,16,23,Openness high; Conscientiousness low; Extraversion high; Agreeableness high; Neuroticism high,3.8851874
ipip_stems,final_token,16,24,Openness high; Conscientiousness high; Extraversion low; Agreeableness low; Neuroticism low,5.848723
ipip_stems,final_token,16,25,Openness high; Conscientiousness high; Extraversion low; Agreeableness low; Neuroticism high,5.8149486
ipip_stems,final_token,16,26,Openness high; Conscientiousness high; Extraversion low; Agreeableness high; Neuroticism low,5.1681733
ipip_stems,final_token,16,27,Openness high; Conscientiousness high; Extraversion low; Agreeableness high; Neuroticism high,5.542668
ipip_stems,final_token,16,28,Openness high; Conscientiousness high; Extraversion high; Agreeableness low; Neuroticism low,5.768327
ipip_stems,final_token,16,29,Openness high; Conscientiousness high; Extraversion high; Agreeableness low; Neuroticism high,5.4871774
ipip_stems,final_token,16,30,Openness high; Conscientiousness high; Extraversion high; Agreeableness high; Neuroticism low,5.7436514
ipip_stems,final_token,16,31,Openness high; Conscientiousness high; Extraversion high; Agreeableness high; Neuroticism high,5.7548366
ipip_stems,final_token,17,0,Openness low; Conscientiousness low; Extraversion low; Agreeableness low; Neuroticism low,6.4482274
ipip_stems,final_token,17,1,Openness low; Conscientiousness low; Extraversion low; Agreeableness low; Neuroticism high,6.2958913
ipip_stems,final_token,17,2,Openness low; Conscientiousness low; Extraversion low; Agreeableness high; Neuroticism low,6.55949
ipip_stems,final_token,17,3,Openness low; Conscientiousness low; Extraversion low; Agreeableness high; Neuroticism high,5.820524
ipip_stems,final_token,17,4,Openness low; Conscientiousness low; Extraversion high; Agreeableness low; Neuroticism low,6.445734
ipip_stems,final_token,17,5,Openness low; Conscientiousness low; Extraversion high; Agreeableness low; Neuroticism high,6.890922
ipip_stems,final_token,17,6,Openness low; Conscientiousness low; Extraversion high; Agreeableness high; Neuroticism low,6.3790708
ipip_stems,final_token,17,7,Openness low; Conscientiousness low; Extraversion high; Agreeableness high; Neuroticism high,3.8864043
ipip_stems,final_token,17,8,Openness low; Conscientiousness high; Extraversion low; Agreeableness low; Neuroticism low,6.3537874
ipip_stems,final_token,17,9,Openness low; Conscientiousness high; Extraversion low; Agreeableness low; Neuroticism high,6.598084
ipip_stems,final_token,17,10,Openness low; Conscientiousness high; Extraversion low; Agreeableness high; Neuroticism low,6.076441
ipip_stems,final_token,17,11,Openness low; Conscientiousness high; Extraversion low; Agreeableness high; Neuroticism high,6.1828194
ipip_stems,final_token,17,12,Openness low; Conscientiousness high; Extraversion high; Agreeableness low; Neuroticism low,6.083093
ipip_stems,final_token,17,13,Openness low; Conscientiousness high; Extraversion high; Agreeableness low; Neuroticism high,5.8342376
ipip_stems,final_token,17,14,Openness low; Conscientiousness high; Extraversion high; Agreeableness high; Neuroticism low,6.2121468
ipip_stems,final_token,17,15,Openness low; Conscientiousness high; Extraversion high; Agreeableness high; Neuroticism high,6.514151
ipip_stems,final_token,17,16,Openness high; Conscientiousness low; Extraversion low; Agreeableness low; Neuroticism low,6.2944546
ipip_stems,final_token,17,17,Openness high; Conscientiousness low; Extraversion low; Agreeableness low; Neuroticism high,6.5779138
ipip_stems,final_token,17,18,Openness high; Conscientiousness low; Extraversion low; Agreeableness high; Neuroticism low,6.2600536
ipip_stems,final_token,17,19,Openness high; Conscientiousness low; Extraversion low; Agreeableness high; Neuroticism high,6.3365526
ipip_stems,final_token,17,20,Openness high; Conscientiousness low; Extraversion high; Agreeableness low; Neuroticism low,6.0169554
ipip_stems,final_token,17,21,Openness high; Conscientiousness low; Extraversion high; Agreeableness low; Neuroticism high,5.9202256
ipip_stems,final_token,17,22,Openness high; Conscientiousness low; Extraversion high; Agreeableness high; Neuroticism low,5.678752
ipip_stems,final_token,17,23,Openness high; Conscientiousness low; Extraversion high; Agreeableness high; Neuroticism high,4.4674487
ipip_stems,final_token,17,24,Openness high; Conscientiousness high; Extraversion low; Agreeableness low; Neuroticism low,6.632166
ipip_stems,final_token,17,25,Openness high; Conscientiousness high; Extraversion low; Agreeableness low; Neuroticism high,6.586764
ipip_stems,final_token,17,26,Openness high; Conscientiousness high; Extraversion low; Agreeableness high; Neuroticism low,5.900433
ipip_stems,final_token,17,27,Openness high; Conscientiousness high; Extraversion low; Agreeableness high; Neuroticism high,6.396532
ipip_stems,final_token,17,28,Openness high; Conscientiousness high; Extraversion high; Agreeableness low; Neuroticism low,6.6994157
ipip_stems,final_token,17,29,Openness high; Conscientiousness high; Extraversion high; Agreeableness low; Neuroticism high,6.3310375
ipip_stems,final_token,17,30,Openness high; Conscientiousness high; Extraversion high; Agreeableness high; Neuroticism low,6.617303
ipip_stems,final_token,17,31,Openness high; Conscientiousness high; Extraversion high; Agreeableness high; Neuroticism high,6.6199675
ipip_stems,final_token,18,0,Openness low; Conscientiousness low; Extraversion low; Agreeableness low; Neuroticism low,7.11343
ipip_stems,final_token,18,1,Openness low; Conscientiousness low; Extraversion low; Agreeableness low; Neuroticism high,6.9969473
ipip_stems,final_token,18,2,Openness low; Conscientiousness low; Extraversion low; Agreeableness high; Neuroticism low,7.245939
ipip_stems,final_token,18,3,Openness low; Conscientiousness low; Extraversion low; Agreeableness high; Neuroticism high,6.4969025
ipip_stems,final_token,18,4,Openness low; Conscientiousness low; Extraversion high; Agreeableness low; Neuroticism low,7.1482906
ipip_stems,final_token,18,5,Openness low; Conscientiousness low; Extraversion high; Agreeableness low; Neuroticism high,7.5325003
ipip_stems,final_token,18,6,Openness low; Conscientiousness low; Extraversion high; Agreeableness high; Neuroticism low,7.1322494
ipip_stems,final_token,18,7,Openness low; Conscientiousness low; Extraversion high; Agreeableness high; Neuroticism high,4.3605576
ipip_stems,final_token,18,8,Openness low; Conscientiousness high; Extraversion low; Agreeableness low; Neuroticism low,6.987781
ipip_stems,final_token,18,9,Openness low; Conscientiousness high; Extraversion low; Agreeableness low; Neuroticism high,7.230493
ipip_stems,final_token,18,10,Openness low; Conscientiousness high; Extraversion low; Agreeableness high; Neuroticism low,6.791892
ipip_stems,final_token,18,11,Openness low; Conscientiousness high; Extraversion low; Agreeableness high; Neuroticism high,6.892832
ipip_stems,final_token,18,12,Openness low; Conscientiousness high; Extraversion high; Agreeableness low; Neuroticism low,6.771366
ipip_stems,final_token,18,13,Openness low; Conscientiousness high; Extraversion high; Agreeableness low; Neuroticism high,6.443461
ipip_stems,final_token,18,14,Openness low; Conscientiousness high; Extraversion high; Agreeableness high; Neuroticism low,6.952657
ipip_stems,final_token,18,15,Openness low; Conscientiousness high; Extraversion high; Agreeableness high; Neuroticism high,7.312362
ipip_stems,final_token,18,16,Openness high; Conscientiousness low; Extraversion low; Agreeableness low; Neuroticism low,7.029146
ipip_stems,final_token,18,17,Openness high; Conscientiousness low; Extraversion low; Agreeableness low; Neuroticism high,7.2254815
ipip_stems,final_token,18,18,Openness high; Conscientiousness low; Extraversion low; Agreeableness high; Neuroticism low,7.031169
ipip_stems,final_token,18,19,Openness high; Conscientiousness low; Extraversion low; Agreeableness high; Neuroticism high,7.053957
ipip_stems,final_token,18,20,Openness high; Conscientiousness low; Extraversion high; Agreeableness low; Neuroticism low,6.6974077
ipip_stems,final_token,18,21,Openness high; Conscientiousness low; Extraversion high; Agreeableness low; Neuroticism high,6.541398
ipip_stems,final_token,18,22,Openness high; Conscientiousness low; Extraversion high; Agreeableness high; Neuroticism low,6.286161
ipip_stems,final_token,18,23,Openness high; Conscientiousness low; Extraversion high; Agreeableness high; Neuroticism high,4.9946375
ipip_stems,final_token,18,24,Openness high; Conscientiousness high; Extraversion low; Agreeableness low; Neuroticism low,7.324361
ipip_stems,final_token,18,25,Openness high; Conscientiousness high; Extraversion low; Agreeableness low; Neuroticism high,7.287563
ipip_stems,final_token,18,26,Openness high; Conscientiousness high; Extraversion low; Agreeableness high; Neuroticism low,6.633628
ipip_stems,final_token,18,27,Openness high; Conscientiousness high; Extraversion low; Agreeableness high; Neuroticism high,7.101886
ipip_stems,final_token,18,28,Openness high; Conscientiousness high; Extraversion high; Agreeableness low; Neuroticism low,7.351437
ipip_stems,final_token,18,29,Openness high; Conscientiousness high; Extraversion high; Agreeableness low; Neuroticism high,7.0349975
ipip_stems,final_token,18,30,Openness high; Conscientiousness high; Extraversion high; Agreeableness high; Neuroticism low,7.4456964
ipip_stems,final_token,18,31,Openness high; Conscientiousness high; Extraversion high; Agreeableness high; Neuroticism high,7.5224605
ipip_stems,final_token,19,0,Openness low; Conscientiousness low; Extraversion low; Agreeableness low; Neuroticism low,7.667401
ipip_stems,final_token,19,1,Openness low; Conscientiousness low; Extraversion low; Agreeableness low; Neuroticism high,7.4639626
ipip_stems,final_token,19,2,Openness low; Conscientiousness low; Extraversion low; Agreeableness high; Neuroticism low,7.808443
ipip_stems,final_token,19,3,Openness low; Conscientiousness low; Extraversion low; Agreeableness high; Neuroticism high,6.9658504
ipip_stems,final_token,19,4,Openness low; Conscientiousness low; Extraversion high; Agreeableness low; Neuroticism low,7.629612
ipip_stems,final_token,19,5,Openness low; Conscientiousness low; Extraversion high; Agreeableness low; Neuroticism high,8.163863
ipip_stems,final_token,19,6,Openness low; Conscientiousness low; Extraversion high; Agreeableness high; Neuroticism low,7.6029677
ipip_stems,final_token,19,7,Openness low; Conscientiousness low; Extraversion high; Agreeableness high; Neuroticism high,4.6862187
ipip_stems,final_token,19,8,Openness low; Conscientiousness high; Extraversion low; Agreeableness low; Neuroticism low,7.5202036
ipip_stems,final_token,19,9,Openness low; Conscientiousness high; Extraversion low; Agreeableness low; Neuroticism high,7.7305636
ipip_stems,final_token,19,10,Openness low; Conscientiousness high; Extraversion low; Agreeableness high; Neuroticism low,7.31218
ipip_stems,final_token,19,11,Openness low; Conscientiousness high; Extraversion low; Agreeableness high; Neuroticism high,7.3947663
ipip_stems,final_token,19,12,Openness low; Conscientiousness high; Extraversion high; Agreeableness low; Neuroticism low,7.265231
ipip_stems,final_token,19,13,Openness low; Conscientiousness high; Extraversion high; Agreeableness low; Neuroticism high,6.866578
ipip_stems,final_token,19,14,Openness low; Conscientiousness high; Extraversion high; Agreeableness high; Neuroticism low,7.428518
ipip_stems,final_token,19,15,Openness low; Conscientiousness high; Extraversion high; Agreeableness high; Neuroticism high,7.9514775
ipip_stems,final_token,19,16,Openness high; Conscientiousness low; Extraversion low; Agreeableness low; Neuroticism low,7.5011425
ipip_stems,final_token,19,17,Openness high; Conscientiousness low; Extraversion low; Agreeableness low; Neuroticism high,7.7027946
ipip_stems,final_token,19,18,Openness high; Conscientiousness low; Extraversion low; Agreeableness high; Neuroticism low,7.6058583
ipip_stems,final_token,19,19,Openness high; Conscientiousness low; Extraversion low; Agreeableness high; Neuroticism high,7.669024
ipip_stems,final_token,19,20,Openness high; Conscientiousness low; Extraversion high; Agreeableness low; Neuroticism low,7.195246
ipip_stems,final_token,19,21,Openness high; Conscientiousness low; Extraversion high; Agreeableness low; Neuroticism high,6.9674706
ipip_stems,final_token,19,22,Openness high; Conscientiousness low; Extraversion high; Agreeableness high; Neuroticism low,6.7907195
ipip_stems,final_token,19,23,Openness high; Conscientiousness low; Extraversion high; Agreeableness high; Neuroticism high,5.433252
ipip_stems,final_token,19,24,Openness high; Conscientiousness high; Extraversion low; Agreeableness low; Neuroticism low,7.905743
ipip_stems,final_token,19,25,Openness high; Conscientiousness high; Extraversion low; Agreeableness low; Neuroticism high,7.9161677
ipip_stems,final_token,19,26,Openness high; Conscientiousness high; Extraversion low; Agreeableness high; Neuroticism low,7.108142
ipip_stems,final_token,19,27,Openness high; Conscientiousness high; Extraversion low; Agreeableness high; Neuroticism high,7.6628175
ipip_stems,final_token,19,28,Openness high; Conscientiousness high; Extraversion high; Agreeableness low; Neuroticism low,7.8757567
ipip_stems,final_token,19,29,Openness high; Conscientiousness high; Extraversion high; Agreeableness low; Neuroticism high,7.557143
ipip_stems,final_token,19,30,Openness high; Conscientiousness high; Extraversion high; Agreeableness high; Neuroticism low,8.0059395
ipip_stems,final_token,19,31,Openness high; Conscientiousness high; Extraversion high; Agreeableness high; Neuroticism high,8.083742
ipip_stems,final_token,20,0,Openness low; Conscientiousness low; Extraversion low; Agreeableness low; Neuroticism low,8.537307
ipip_stems,final_token,20,1,Openness low; Conscientiousness low; Extraversion low; Agreeableness low; Neuroticism high,8.225353
ipip_stems,final_token,20,2,Openness low; Conscientiousness low; Extraversion low; Agreeableness high; Neuroticism low,8.687305
ipip_stems,final_token,20,3,Openness low; Conscientiousness low; Extraversion low; Agreeableness high; Neuroticism high,7.6791234
ipip_stems,final_token,20,4,Openness low; Conscientiousness low; Extraversion high; Agreeableness low; Neuroticism low,8.501293
ipip_stems,final_token,20,5,Openness low; Conscientiousness low; Extraversion high; Agreeableness low; Neuroticism high,8.968007
ipip_stems,final_token,20,6,Openness low; Conscientiousness low; Extraversion high; Agreeableness high; Neuroticism low,8.32537
ipip_stems,final_token,20,7,Openness low; Conscientiousness low; Extraversion high; Agreeableness high; Neuroticism high,5.082747
ipip_stems,final_token,20,8,Openness low; Conscientiousness high; Extraversion low; Agreeableness low; Neuroticism low,8.232168
ipip_stems,final_token,20,9,Openness low; Conscientiousness high; Extraversion low; Agreeableness low; Neuroticism high,8.514322
ipip_stems,final_token,20,10,Openness low; Conscientiousness high; Extraversion low; Agreeableness high; Neuroticism low,8.079939
ipip_stems,final_token,20,11,Openness low; Conscientiousness high; Extraversion low; Agreeableness high; Neuroticism high,8.222659
ipip_stems,final_token,20,12,Openness low; Conscientiousness high; Extraversion high; Agreeableness low; Neuroticism low,8.095359
ipip_stems,final_token,20,13,Openness low; Conscientiousness high; Extraversion high; Agreeableness low; Neuroticism high,7.514329
ipip_stems,final_token,20,14,Openness low; Conscientiousness high; Extraversion high; Agreeableness high; Neuroticism low,8.253848
ipip_stems,final_token,20,15,Openness low; Conscientiousness high; Extraversion high; Agreeableness high; Neuroticism high,8.852167
ipip_stems,final_token,20,16,Openness high; Conscientiousness low; Extraversion low; Agreeableness low; Neuroticism low,8.297539
ipip_stems,final_token,20,17,Openness high; Conscientiousness low; Extraversion low; Agreeableness low; Neuroticism high,8.356497
ipip_stems,final_token,20,18,Openness high; Conscientiousness low; Extraversion low; Agreeableness high; Neuroticism low,8.3309145
ipip_stems,final_token,20,19,Openness high; Conscientiousness low; Extraversion low; Agreeableness high; Neuroticism high,8.835027
ipip_stems,final_token,20,20,Openness high; Conscientiousness low; Extraversion high; Agreeableness low; Neuroticism low,7.8470473
ipip_stems,final_token,20,21,Openness high; Conscientiousness low; Extraversion high; Agreeableness low; Neuroticism high,7.648777
ipip_stems,final_token,20,22,Openness high; Conscientiousness low; Extraversion high; Agreeableness high; Neuroticism low,7.3908043
ipip_stems,final_token,20,23,Openness high; Conscientiousness low; Extraversion high; Agreeableness high; Neuroticism high,5.875264
ipip_stems,final_token,20,24,Openness high; Conscientiousness high; Extraversion low; Agreeableness low; Neuroticism low,8.693351
ipip_stems,final_token,20,25,Openness high; Conscientiousness high; Extraversion low; Agreeableness low; Neuroticism high,8.697708
ipip_stems,final_token,20,26,Openness high; Conscientiousness high; Extraversion low; Agreeableness high; Neuroticism low,7.7954655
ipip_stems,final_token,20,27,Openness high; Conscientiousness high; Extraversion low; Agreeableness high; Neuroticism high,8.45862
ipip_stems,final_token,20,28,Openness high; Conscientiousness high; Extraversion high; Agreeableness low; Neuroticism low,8.640598
ipip_stems,final_token,20,29,Openness high; Conscientiousness high; Extraversion high; Agreeableness low; Neuroticism high,8.329178
ipip_stems,final_token,20,30,Openness high; Conscientiousness high; Extraversion high; Agreeableness high; Neuroticism low,8.782925
ipip_stems,final_token,20,31,Openness high; Conscientiousness high; Extraversion high; Agreeableness high; Neuroticism high,8.861903
ipip_stems,final_token,21,0,Openness low; Conscientiousness low; Extraversion low; Agreeableness low; Neuroticism low,9.821713
ipip_stems,final_token,21,1,Openness low; Conscientiousness low; Extraversion low; Agreeableness low; Neuroticism high,9.324932
ipip_stems,final_token,21,2,Openness low; Conscientiousness low; Extraversion low; Agreeableness high; Neuroticism low,10.060063
ipip_stems,final_token,21,3,Openness low; Conscientiousness low; Extraversion low; Agreeableness high; Neuroticism high,9.024188
ipip_stems,final_token,21,4,Openness low; Conscientiousness low; Extraversion high; Agreeableness low; Neuroticism low,9.766835
ipip_stems,final_token,21,5,Openness low; Conscientiousness low; Extraversion high; Agreeableness low; Neuroticism high,10.351702
ipip_stems,final_token,21,6,Openness low; Conscientiousness low; Extraversion high; Agreeableness high; Neuroticism low,9.500487
ipip_stems,final_token,21,7,Openness low; Conscientiousness low; Extraversion high; Agreeableness high; Neuroticism high,5.927433
ipip_stems,final_token,21,8,Openness low; Conscientiousness high; Extraversion low; Agreeableness low; Neuroticism low,9.473282
ipip_stems,final_token,21,9,Openness low; Conscientiousness high; Extraversion low; Agreeableness low; Neuroticism high,9.811983
ipip_stems,final_token,21,10,Openness low; Conscientiousness high; Extraversion low; Agreeableness high; Neuroticism low,9.430932
ipip_stems,final_token,21,11,Openness low; Conscientiousness high; Extraversion low; Agreeableness high; Neuroticism high,9.581156
ipip_stems,final_token,21,12,Openness low; Conscientiousness high; Extraversion high; Agreeableness low; Neuroticism low,9.336132
ipip_stems,final_token,21,13,Openness low; Conscientiousness high; Extraversion high; Agreeableness low; Neuroticism high,8.479454
ipip_stems,final_token,21,14,Openness low; Conscientiousness high; Extraversion high; Agreeableness high; Neuroticism low,9.466272
ipip_stems,final_token,21,15,Openness low; Conscientiousness high; Extraversion high; Agreeableness high; Neuroticism high,10.48264
ipip_stems,final_token,21,16,Openness high; Conscientiousness low; Extraversion low; Agreeableness low; Neuroticism low,9.555343
ipip_stems,final_token,21,17,Openness high; Conscientiousness low; Extraversion low; Agreeableness low; Neuroticism high,9.433827
ipip_stems,final_token,21,18,Openness high; Conscientiousness low; Extraversion low; Agreeableness high; Neuroticism low,9.52002
ipip_stems,final_token,21,19,Openness high; Conscientiousness low; Extraversion low; Agreeableness high; Neuroticism high,10.372971
ipip_stems,final_token,21,20,Openness high; Conscientiousness low; Extraversion high; Agreeableness low; Neuroticism low,9.069665
ipip_stems,final_token,21,21,Openness high; Conscientiousness low; Extraversion high; Agreeableness low; Neuroticism high,8.843642
ipip_stems,final_token,21,22,Openness high; Conscientiousness low; Extraversion high; Agreeableness high; Neuroticism low,8.581186
ipip_stems,final_token,21,23,Openness high; Conscientiousness low; Extraversion high; Agreeableness high; Neuroticism high,6.843798
ipip_stems,final_token,21,24,Openness high; Conscientiousness high; Extraversion low; Agreeableness low; Neuroticism low,9.878086
ipip_stems,final_token,21,25,Openness high; Conscientiousness high; Extraversion low; Agreeableness low; Neuroticism high,10.012686
ipip_stems,final_token,21,26,Openness high; Conscientiousness high; Extraversion low; Agreeableness high; Neuroticism low,8.993737
ipip_stems,final_token,21,27,Openness high; Conscientiousness high; Extraversion low; Agreeableness high; Neuroticism high,9.798587
ipip_stems,final_token,21,28,Openness high; Conscientiousness high; Extraversion high; Agreeableness low; Neuroticism low,10.028017
ipip_stems,final_token,21,29,Openness high; Conscientiousness high; Extraversion high; Agreeableness low; Neuroticism high,9.585606
ipip_stems,final_token,21,30,Openness high; Conscientiousness high; Extraversion high; Agreeableness high; Neuroticism low,9.998642
ipip_stems,final_token,21,31,Openness high; Conscientiousness high; Extraversion high; Agreeableness high; Neuroticism high,10.130156
ipip_stems,final_token,22,0,Openness low; Conscientiousness low; Extraversion low; Agreeableness low; Neuroticism low,10.676628
ipip_stems,final_token,22,1,Openness low; Conscientiousness low; Extraversion low; Agreeableness low; Neuroticism high,10.179237
ipip_stems,final_token,22,2,Openness low; Conscientiousness low; Extraversion low; Agreeableness high; Neuroticism low,11.059912
ipip_stems,final_token,22,3,Openness low; Conscientiousness low; Extraversion low; Agreeableness high; Neuroticism high,9.815135
ipip_stems,final_token,22,4,Openness low; Conscientiousness low; Extraversion high; Agreeableness low; Neuroticism low,10.7376
ipip_stems,final_token,22,5,Openness low; Conscientiousness low; Extraversion high; Agreeableness low; Neuroticism high,11.325925
ipip_stems,final_token,22,6,Openness low; Conscientiousness low; Extraversion high; Agreeableness high; Neuroticism low,10.447431
ipip_stems,final_token,22,7,Openness low; Conscientiousness low; Extraversion high; Agreeableness high; Neuroticism high,6.4359307
ipip_stems,final_token,22,8,Openness low; Conscientiousness high; Extraversion low; Agreeableness low; Neuroticism low,10.385705
ipip_stems,final_token,22,9,Openness low; Conscientiousness high; Extraversion low; Agreeableness low; Neuroticism high,10.651972
ipip_stems,final_token,22,10,Openness low; Conscientiousness high; Extraversion low; Agreeableness high; Neuroticism low,10.410838
ipip_stems,final_token,22,11,Openness low; Conscientiousness high; Extraversion low; Agreeableness high; Neuroticism high,10.540445
ipip_stems,final_token,22,12,Openness low; Conscientiousness high; Extraversion high; Agreeableness low; Neuroticism low,10.26334
ipip_stems,final_token,22,13,Openness low; Conscientiousness high; Extraversion high; Agreeableness low; Neuroticism high,9.235233
ipip_stems,final_token,22,14,Openness low; Conscientiousness high; Extraversion high; Agreeableness high; Neuroticism low,10.395598
ipip_stems,final_token,22,15,Openness low; Conscientiousness high; Extraversion high; Agreeableness high; Neuroticism high,11.6350765
ipip_stems,final_token,22,16,Openness high; Conscientiousness low; Extraversion low; Agreeableness low; Neuroticism low,10.459948
ipip_stems,final_token,22,17,Openness high; Conscientiousness low; Extraversion low; Agreeableness low; Neuroticism high,10.440695
ipip_stems,final_token,22,18,Openness high; Conscientiousness low; Extraversion low; Agreeableness high; Neuroticism low,10.291774
ipip_stems,final_token,22,19,Openness high; Conscientiousness low; Extraversion low; Agreeableness high; Neuroticism high,11.71501
ipip_stems,final_token,22,20,Openness high; Conscientiousness low; Extraversion high; Agreeableness low; Neuroticism low,9.846742
ipip_stems,final_token,22,21,Openness high; Conscientiousness low; Extraversion high; Agreeableness low; Neuroticism high,9.948497
ipip_stems,final_token,22,22,Openness high; Conscientiousness low; Extraversion high; Agreeableness high; Neuroticism low,9.359653
ipip_stems,final_token,22,23,Openness high; Conscientiousness low; Extraversion high; Agreeableness high; Neuroticism high,7.4112496
ipip_stems,final_token,22,24,Openness high; Conscientiousness high; Extraversion low; Agreeableness low; Neuroticism low,10.888463
ipip_stems,final_token,22,25,Openness high; Conscientiousness high; Extraversion low; Agreeableness low; Neuroticism high,10.988057
ipip_stems,final_token,22,26,Openness high; Conscientiousness high; Extraversion low; Agreeableness high; Neuroticism low,9.776702
ipip_stems,final_token,22,27,Openness high; Conscientiousness high; Extraversion low; Agreeableness high; Neuroticism high,10.770781
ipip_stems,final_token,22,28,Openness high; Conscientiousness high; Extraversion high; Agreeableness low; Neuroticism low,10.989314
ipip_stems,final_token,22,29,Openness high; Conscientiousness high; Extraversion high; Agreeableness low; Neuroticism high,10.69058
ipip_stems,final_token,22,30,Openness high; Conscientiousness high; Extraversion high; Agreeableness high; Neuroticism low,10.907718
ipip_stems,final_token,22,31,Openness high; Conscientiousness high; Extraversion high; Agreeableness high; Neuroticism high,11.262055
ipip_stems,final_token,23,0,Openness low; Conscientiousness low; Extraversion low; Agreeableness low; Neuroticism low,11.816726
ipip_stems,final_token,23,1,Openness low; Conscientiousness low; Extraversion low; Agreeableness low; Neuroticism high,11.426615
ipip_stems,final_token,23,2,Openness low; Conscientiousness low; Extraversion low; Agreeableness high; Neuroticism low,12.313898
ipip_stems,final_token,23,3,Openness low; Conscientiousness low; Extraversion low; Agreeableness high; Neuroticism high,10.98285
ipip_stems,final_token,23,4,Openness low; Conscientiousness low; Extraversion high; Agreeableness low; Neuroticism low,11.814063
ipip_stems,final_token,23,5,Openness low; Conscientiousness low; Extraversion high; Agreeableness low; Neuroticism high,12.620043
ipip_stems,final_token,23,6,Openness low; Conscientiousness low; Extraversion high; Agreeableness high; Neuroticism low,11.579026
ipip_stems,final_token,23,7,Openness low; Conscientiousness low; Extraversion high; Agreeableness high; Neuroticism high,7.3054137
ipip_stems,final_token,23,8,Openness low; Conscientiousness high; Extraversion low; Agreeableness low; Neuroticism low,11.723438
ipip_stems,final_token,23,9,Openness low; Conscientiousness high; Extraversion low; Agreeableness low; Neuroticism high,11.828219
ipip_stems,final_token,23,10,Openness low; Conscientiousness high; Extraversion low; Agreeableness high; Neuroticism low,11.560568
ipip_stems,final_token,23,11,Openness low; Conscientiousness high; Extraversion low; Agreeableness high; Neuroticism high,11.928177
ipip_stems,final_token,23,12,Openness low; Conscientiousness high; Extraversion high; Agreeableness low; Neuroticism low,11.514791
ipip_stems,final_token,23,13,Openness low; Conscientiousness high; Extraversion high; Agreeableness low; Neuroticism high,10.269101
ipip_stems,final_token,23,14,Openness low; Conscientiousness high; Extraversion high; Agreeableness high; Neuroticism low,11.797383
ipip_stems,final_token,23,15,Openness low; Conscientiousness high; Extraversion high; Agreeableness high; Neuroticism high,13.412206
ipip_stems,final_token,23,16,Openness high; Conscientiousness low; Extraversion low; Agreeableness low; Neuroticism low,11.870832
ipip_stems,final_token,23,17,Openness high; Conscientiousness low; Extraversion low; Agreeableness low; Neuroticism high,11.514728
ipip_stems,final_token,23,18,Openness high; Conscientiousness low; Extraversion low; Agreeableness high; Neuroticism low,11.718552
ipip_stems,final_token,23,19,Openness high; Conscientiousness low; Extraversion low; Agreeableness high; Neuroticism high,12.7309
ipip_stems,final_token,23,20,Openness high; Conscientiousness low; Extraversion high; Agreeableness low; Neuroticism low,11.032647
ipip_stems,final_token,23,21,Openness high; Conscientiousness low; Extraversion high; Agreeableness low; Neuroticism high,11.253585
ipip_stems,final_token,23,22,Openness high; Conscientiousness low; Extraversion high; Agreeableness high; Neuroticism low,10.490696
ipip_stems,final_token,23,23,Openness high; Conscientiousness low; Extraversion high; Agreeableness high; Neuroticism high,8.388451
ipip_stems,final_token,23,24,Openness high; Conscientiousness high; Extraversion low; Agreeableness low; Neuroticism low,12.215569
ipip_stems,final_token,23,25,Openness high; Conscientiousness high; Extraversion low; Agreeableness low; Neuroticism high,12.330235
ipip_stems,final_token,23,26,Openness high; Conscientiousness high; Extraversion low; Agreeableness high; Neuroticism low,10.939394
ipip_stems,final_token,23,27,Openness high; Conscientiousness high; Extraversion low; Agreeableness high; Neuroticism high,12.036403
ipip_stems,final_token,23,28,Openness high; Conscientiousness high; Extraversion high; Agreeableness low; Neuroticism low,12.111223
ipip_stems,final_token,23,29,Openness high; Conscientiousness high; Extraversion high; Agreeableness low; Neuroticism high,11.797464
ipip_stems,final_token,23,30,Openness high; Conscientiousness high; Extraversion high; Agreeableness high; Neuroticism low,12.135375
ipip_stems,final_token,23,31,Openness high; Conscientiousness high; Extraversion high; Agreeableness high; Neuroticism high,12.623848
ipip_stems,final_token,24,0,Openness low; Conscientiousness low; Extraversion low; Agreeableness low; Neuroticism low,12.721927
ipip_stems,final_token,24,1,Openness low; Conscientiousness low; Extraversion low; Agreeableness low; Neuroticism high,12.714647
ipip_stems,final_token,24,2,Openness low; Conscientiousness low; Extraversion low; Agreeableness high; Neuroticism low,13.446925
ipip_stems,final_token,24,3,Openness low; Conscientiousness low; Extraversion low; Agreeableness high; Neuroticism high,12.264891
ipip_stems,final_token,24,4,Openness low; Conscientiousness low; Extraversion high; Agreeableness low; Neuroticism low,12.900705
ipip_stems,final_token,24,5,Openness low; Conscientiousness low; Extraversion high; Agreeableness low; Neuroticism high,13.862166
ipip_stems,final_token,24,6,Openness low; Conscientiousness low; Extraversion high; Agreeableness high; Neuroticism low,12.688941
ipip_stems,final_token,24,7,Openness low; Conscientiousness low; Extraversion high; Agreeableness high; Neuroticism high,8.165276
ipip_stems,final_token,24,8,Openness low; Conscientiousness high; Extraversion low; Agreeableness low; Neuroticism low,12.849754
ipip_stems,final_token,24,9,Openness low; Conscientiousness high; Extraversion low; Agreeableness low; Neuroticism high,13.039752
ipip_stems,final_token,24,10,Openness low; Conscientiousness high; Extraversion low; Agreeableness high; Neuroticism low,12.735974
ipip_stems,final_token,24,11,Openness low; Conscientiousness high; Extraversion low; Agreeableness high; Neuroticism high,13.083491
ipip_stems,final_token,24,12,Openness low; Conscientiousness high; Extraversion high; Agreeableness low; Neuroticism low,12.836554
ipip_stems,final_token,24,13,Openness low; Conscientiousness high; Extraversion high; Agreeableness low; Neuroticism high,11.314287
ipip_stems,final_token,24,14,Openness low; Conscientiousness high; Extraversion high; Agreeableness high; Neuroticism low,13.1260395
ipip_stems,final_token,24,15,Openness low; Conscientiousness high; Extraversion high; Agreeableness high; Neuroticism high,14.821098
ipip_stems,final_token,24,16,Openness high; Conscientiousness low; Extraversion low; Agreeableness low; Neuroticism low,13.288194
ipip_stems,final_token,24,17,Openness high; Conscientiousness low; Extraversion low; Agreeableness low; Neuroticism high,12.562626
ipip_stems,final_token,24,18,Openness high; Conscientiousness low; Extraversion low; Agreeableness high; Neuroticism low,13.046697
ipip_stems,final_token,24,19,Openness high; Conscientiousness low; Extraversion low; Agreeableness high; Neuroticism high,13.678979
ipip_stems,final_token,24,20,Openness high; Conscientiousness low; Extraversion high; Agreeableness low; Neuroticism low,12.2638645
ipip_stems,final_token,24,21,Openness high; Conscientiousness low; Extraversion high; Agreeableness low; Neuroticism high,12.577356
ipip_stems,final_token,24,22,Openness high; Conscientiousness low; Extraversion high; Agreeableness high; Neuroticism low,11.536435
ipip_stems,final_token,24,23,Openness high; Conscientiousness low; Extraversion high; Agreeableness high; Neuroticism high,9.202441
ipip_stems,final_token,24,24,Openness high; Conscientiousness high; Extraversion low; Agreeableness low; Neuroticism low,13.2753725
ipip_stems,final_token,24,25,Openness high; Conscientiousness high; Extraversion low; Agreeableness low; Neuroticism high,13.497011
ipip_stems,final_token,24,26,Openness high; Conscientiousness high; Extraversion low; Agreeableness high; Neuroticism low,11.923169
ipip_stems,final_token,24,27,Openness high; Conscientiousness high; Extraversion low; Agreeableness high; Neuroticism high,13.120833
ipip_stems,final_token,24,28,Openness high; Conscientiousness high; Extraversion high; Agreeableness low; Neuroticism low,13.355968
ipip_stems,final_token,24,29,Openness high; Conscientiousness high; Extraversion high; Agreeableness low; Neuroticism high,12.985892
ipip_stems,final_token,24,30,Openness high; Conscientiousness high; Extraversion high; Agreeableness high; Neuroticism low,13.272437
ipip_stems,final_token,24,31,Openness high; Conscientiousness high; Extraversion high; Agreeableness high; Neuroticism high,13.770883
ipip_stems,final_token,25,0,Openness low; Conscientiousness low; Extraversion low; Agreeableness low; Neuroticism low,13.712406
ipip_stems,final_token,25,1,Openness low; Conscientiousness low; Extraversion low; Agreeableness low; Neuroticism high,13.76059
ipip_stems,final_token,25,2,Openness low; Conscientiousness low; Extraversion low; Agreeableness high; Neuroticism low,14.398393
ipip_stems,final_token,25,3,Openness low; Conscientiousness low; Extraversion low; Agreeableness high; Neuroticism high,13.215705
ipip_stems,final_token,25,4,Openness low; Conscientiousness low; Extraversion high; Agreeableness low; Neuroticism low,13.923346
ipip_stems,final_token,25,5,Openness low; Conscientiousness low; Extraversion high; Agreeableness low; Neuroticism high,15.138346
ipip_stems,final_token,25,6,Openness low; Conscientiousness low; Extraversion high; Agreeableness high; Neuroticism low,13.729301
ipip_stems,final_token,25,7,Openness low; Conscientiousness low; Extraversion high; Agreeableness high; Neuroticism high,8.84631
ipip_stems,final_token,25,8,Openness low; Conscientiousness high; Extraversion low; Agreeableness low; Neuroticism low,14.058063
ipip_stems,final_token,25,9,Openness low; Conscientiousness high; Extraversion low; Agreeableness low; Neuroticism high,14.0941
ipip_stems,final_token,25,10,Openness low; Conscientiousness high; Extraversion low; Agreeableness high; Neuroticism low,13.831166
ipip_stems,final_token,25,11,Openness low; Conscientiousness high; Extraversion low; Agreeableness high; Neuroticism high,14.367907
ipip_stems,final_token,25,12,Openness low; Conscientiousness high; Extraversion high; Agreeableness low; Neuroticism low,13.908089
ipip_stems,final_token,25,13,Openness low; Conscientiousness high; Extraversion high; Agreeableness low; Neuroticism high,12.349958
ipip_stems,final_token,25,14,Openness low; Conscientiousness high; Extraversion high; Agreeableness high; Neuroticism low,14.27251
ipip_stems,final_token,25,15,Openness low; Conscientiousness high; Extraversion high; Agreeableness high; Neuroticism high,15.974252
ipip_stems,final_token,25,16,Openness high; Conscientiousness low; Extraversion low; Agreeableness low; Neuroticism low,14.351325
ipip_stems,final_token,25,17,Openness high; Conscientiousness low; Extraversion low; Agreeableness low; Neuroticism high,13.6594515
ipip_stems,final_token,25,18,Openness high; Conscientiousness low; Extraversion low; Agreeableness high; Neuroticism low,14.178875
ipip_stems,final_token,25,19,Openness high; Conscientiousness low; Extraversion low; Agreeableness high; Neuroticism high,14.752752
ipip_stems,final_token,25,20,Openness high; Conscientiousness low; Extraversion high; Agreeableness low; Neuroticism low,13.394032
ipip_stems,final_token,25,21,Openness high; Conscientiousness low; Extraversion high; Agreeableness low; Neuroticism high,13.726442
ipip_stems,final_token,25,22,Openness high; Conscientiousness low; Extraversion high; Agreeableness high; Neuroticism low,12.546867
ipip_stems,final_token,25,23,Openness high; Conscientiousness low; Extraversion high; Agreeableness high; Neuroticism high,9.948816
ipip_stems,final_token,25,24,Openness high; Conscientiousness high; Extraversion low; Agreeableness low; Neuroticism low,14.441369
ipip_stems,final_token,25,25,Openness high; Conscientiousness high; Extraversion low; Agreeableness low; Neuroticism high,14.710202
ipip_stems,final_token,25,26,Openness high; Conscientiousness high; Extraversion low; Agreeableness high; Neuroticism low,12.926925
ipip_stems,final_token,25,27,Openness high; Conscientiousness high; Extraversion low; Agreeableness high; Neuroticism high,14.2253275
ipip_stems,final_token,25,28,Openness high; Conscientiousness high; Extraversion high; Agreeableness low; Neuroticism low,14.555768
ipip_stems,final_token,25,29,Openness high; Conscientiousness high; Extraversion high; Agreeableness low; Neuroticism high,14.132201
ipip_stems,final_token,25,30,Openness high; Conscientiousness high; Extraversion high; Agreeableness high; Neuroticism low,14.429611
ipip_stems,final_token,25,31,Openness high; Conscientiousness high; Extraversion high; Agreeableness high; Neuroticism high,15.06304
ipip_stems,final_token,26,0,Openness low; Conscientiousness low; Extraversion low; Agreeableness low; Neuroticism low,14.894648
ipip_stems,final_token,26,1,Openness low; Conscientiousness low; Extraversion low; Agreeableness low; Neuroticism high,15.203963
ipip_stems,final_token,26,2,Openness low; Conscientiousness low; Extraversion low; Agreeableness high; Neuroticism low,15.709234
ipip_stems,final_token,26,3,Openness low; Conscientiousness low; Extraversion low; Agreeableness high; Neuroticism high,14.312171
ipip_stems,final_token,26,4,Openness low; Conscientiousness low; Extraversion high; Agreeableness low; Neuroticism low,15.293063
ipip_stems,final_token,26,5,Openness low; Conscientiousness low; Extraversion high; Agreeableness low; Neuroticism high,16.791721
ipip_stems,final_token,26,6,Openness low; Conscientiousness low; Extraversion high; Agreeableness high; Neuroticism low,15.193475
ipip_stems,final_token,26,7,Openness low; Conscientiousness low; Extraversion high; Agreeableness high; Neuroticism high,9.910518
ipip_stems,final_token,26,8,Openness low; Conscientiousness high; Extraversion low; Agreeableness low; Neuroticism low,15.444931
ipip_stems,final_token,26,9,Openness low; Conscientiousness high; Extraversion low; Agreeableness low; Neuroticism high,15.578228
ipip_stems,final_token,26,10,Openness low; Conscientiousness high; Extraversion low; Agreeableness high; Neuroticism low,15.208138
ipip_stems,final_token,26,11,Openness low; Conscientiousness high; Extraversion low; Agreeableness high; Neuroticism high,15.931742
ipip_stems,final_token,26,12,Openness low; Conscientiousness high; Extraversion high; Agreeableness low; Neuroticism low,15.602231
ipip_stems,final_token,26,13,Openness low; Conscientiousness high; Extraversion high; Agreeableness low; Neuroticism high,13.803106
ipip_stems,final_token,26,14,Openness low; Conscientiousness high; Extraversion high; Agreeableness high; Neuroticism low,15.734976
ipip_stems,final_token,26,15,Openness low; Conscientiousness high; Extraversion high; Agreeableness high; Neuroticism high,17.726976
ipip_stems,final_token,26,16,Openness high; Conscientiousness low; Extraversion low; Agreeableness low; Neuroticism low,15.990477
ipip_stems,final_token,26,17,Openness high; Conscientiousness low; Extraversion low; Agreeableness low; Neuroticism high,15.129462
ipip_stems,final_token,26,18,Openness high; Conscientiousness low; Extraversion low; Agreeableness high; Neuroticism low,15.729145
ipip_stems,final_token,26,19,Openness high; Conscientiousness low; Extraversion low; Agreeableness high; Neuroticism high,15.952248
ipip_stems,final_token,26,20,Openness high; Conscientiousness low; Extraversion high; Agreeableness low; Neuroticism low,14.673831
ipip_stems,final_token,26,21,Openness high; Conscientiousness low; Extraversion high; Agreeableness low; Neuroticism high,15.296548
ipip_stems,final_token,26,22,Openness high; Conscientiousness low; Extraversion high; Agreeableness high; Neuroticism low,13.803745
ipip_stems,final_token,26,23,Openness high; Conscientiousness low; Extraversion high; Agreeableness high; Neuroticism high,10.829002
ipip_stems,final_token,26,24,Openness high; Conscientiousness high; Extraversion low; Agreeableness low; Neuroticism low,16.034355
ipip_stems,final_token,26,25,Openness high; Conscientiousness high; Extraversion low; Agreeableness low; Neuroticism high,16.282082
ipip_stems,final_token,26,26,Openness high; Conscientiousness high; Extraversion low; Agreeableness high; Neuroticism low,14.3004465
ipip_stems,final_token,26,27,Openness high; Conscientiousness high; Extraversion low; Agreeableness high; Neuroticism high,15.5803385
ipip_stems,final_token,26,28,Openness high; Conscientiousness high; Extraversion high; Agreeableness low; Neuroticism low,16.046988
ipip_stems,final_token,26,29,Openness high; Conscientiousness high; Extraversion high; Agreeableness low; Neuroticism high,15.684439
ipip_stems,final_token,26,30,Openness high; Conscientiousness high; Extraversion high; Agreeableness high; Neuroticism low,16.11836
ipip_stems,final_token,26,31,Openness high; Conscientiousness high; Extraversion high; Agreeableness high; Neuroticism high,16.495806
ipip_stems,final_token,27,0,Openness low; Conscientiousness low; Extraversion low; Agreeableness low; Neuroticism low,16.18529
ipip_stems,final_token,27,1,Openness low; Conscientiousness low; Extraversion low; Agreeableness low; Neuroticism high,16.621792
ipip_stems,final_token,27,2,Openness low; Conscientiousness low; Extraversion low; Agreeableness high; Neuroticism low,17.35395
ipip_stems,final_token,27,3,Openness low; Conscientiousness low; Extraversion low; Agreeableness high; Neuroticism high,15.473885
ipip_stems,final_token,27,4,Openness low; Conscientiousness low; Extraversion high; Agreeableness low; Neuroticism low,16.790972
ipip_stems,final_token,27,5,Openness low; Conscientiousness low; Extraversion high; Agreeableness low; Neuroticism high,18.466526
ipip_stems,final_token,27,6,Openness low; Conscientiousness low; Extraversion high; Agreeableness high; Neuroticism low,16.772635
ipip_stems,final_token,27,7,Openness low; Conscientiousness low; Extraversion high; Agreeableness high; Neuroticism high,10.841193
ipip_stems,final_token,27,8,Openness low; Conscientiousness high; Extraversion low; Agreeableness low; Neuroticism low,17.091146
ipip_stems,final_token,27,9,Openness low; Conscientiousness high; Extraversion low; Agreeableness low; Neuroticism high,17.339819
ipip_stems,final_token,27,10,Openness low; Conscientiousness high; Extraversion low; Agreeableness high; Neuroticism low,17.050665
ipip_stems,final_token,27,11,Openness low; Conscientiousness high; Extraversion low; Agreeableness high; Neuroticism high,17.810816
ipip_stems,final_token,27,12,Openness low; Conscientiousness high; Extraversion high; Agreeableness low; Neuroticism low,16.974813
ipip_stems,final_token,27,13,Openness low; Conscientiousness high; Extraversion high; Agreeableness low; Neuroticism high,15.117988
ipip_stems,final_token,27,14,Openness low; Conscientiousness high; Extraversion high; Agreeableness high; Neuroticism low,17.311327
ipip_stems,final_token,27,15,Openness low; Conscientiousness high; Extraversion high; Agreeableness high; Neuroticism high,19.49699
ipip_stems,final_token,27,16,Openness high; Conscientiousness low; Extraversion low; Agreeableness low; Neuroticism low,17.653635
ipip_stems,final_token,27,17,Openness high; Conscientiousness low; Extraversion low; Agreeableness low; Neuroticism high,16.681488
ipip_stems,final_token,27,18,Openness high; Conscientiousness low; Extraversion low; Agreeableness high; Neuroticism low,17.369576
ipip_stems,final_token,27,19,Openness high; Conscientiousness low; Extraversion low; Agreeableness high; Neuroticism high,17.91653
ipip_stems,final_token,27,20,Openness high; Conscientiousness low; Extraversion high; Agreeableness low; Neuroticism low,16.208054
ipip_stems,final_token,27,21,Openness high; Conscientiousness low; Extraversion high; Agreeableness low; Neuroticism high,17.440374
ipip_stems,final_token,27,22,Openness high; Conscientiousness low; Extraversion high; Agreeableness high; Neuroticism low,15.410392
ipip_stems,final_token,27,23,Openness high; Conscientiousness low; Extraversion high; Agreeableness high; Neuroticism high,12.0822935
ipip_stems,final_token,27,24,Openness high; Conscientiousness high; Extraversion low; Agreeableness low; Neuroticism low,17.67544
ipip_stems,final_token,27,25,Openness high; Conscientiousness high; Extraversion low; Agreeableness low; Neuroticism high,17.913477
ipip_stems,final_token,27,26,Openness high; Conscientiousness high; Extraversion low; Agreeableness high; Neuroticism low,15.781422
ipip_stems,final_token,27,27,Openness high; Conscientiousness high; Extraversion low; Agreeableness high; Neuroticism high,17.071268
ipip_stems,final_token,27,28,Openness high; Conscientiousness high; Extraversion high; Agreeableness low; Neuroticism low,17.808441
ipip_stems,final_token,27,29,Openness high; Conscientiousness high; Extraversion high; Agreeableness low; Neuroticism high,17.81238
ipip_stems,final_token,27,30,Openness high; Conscientiousness high; Extraversion high; Agreeableness high; Neuroticism low,18.140835
ipip_stems,final_token,27,31,Openness high; Conscientiousness high; Extraversion high; Agreeableness high; Neuroticism high,18.250847
ipip_stems,final_token,28,0,Openness low; Conscientiousness low; Extraversion low; Agreeableness low; Neuroticism low,17.837126
ipip_stems,final_token,28,1,Openness low; Conscientiousness low; Extraversion low; Agreeableness low; Neuroticism high,18.0393
ipip_stems,final_token,28,2,Openness low; Conscientiousness low; Extraversion low; Agreeableness high; Neuroticism low,19.361095
ipip_stems,final_token,28,3,Openness low; Conscientiousness low; Extraversion low; Agreeableness high; Neuroticism high,16.76694
ipip_stems,final_token,28,4,Openness low; Conscientiousness low; Extraversion high; Agreeableness low; Neuroticism low,18.386253
ipip_stems,final_token,28,5,Openness low; Conscientiousness low; Extraversion high; Agreeableness low; Neuroticism high,20.690144
ipip_stems,final_token,28,6,Openness low; Conscientiousness low; Extraversion high; Agreeableness high; Neuroticism low,18.61221
ipip_stems,final_token,28,7,Openness low; Conscientiousness low; Extraversion high; Agreeableness high; Neuroticism high,11.693019
ipip_stems,final_token,28,8,Openness low; Conscientiousness high; Extraversion low; Agreeableness low; Neuroticism low,18.755934
ipip_stems,final_token,28,9,Openness low; Conscientiousness high; Extraversion low; Agreeableness low; Neuroticism high,19.24898
ipip_stems,final_token,28,10,Openness low; Conscientiousness high; Extraversion low; Agreeableness high; Neuroticism low,18.79833
ipip_stems,final_token,28,11,Openness low; Conscientiousness high; Extraversion low; Agreeableness high; Neuroticism high,19.607328
ipip_stems,final_token,28,12,Openness low; Conscientiousness high; Extraversion high; Agreeableness low; Neuroticism low,18.803247
ipip_stems,final_token,28,13,Openness low; Conscientiousness high; Extraversion high; Agreeableness low; Neuroticism high,16.725697
ipip_stems,final_token,28,14,Openness low; Conscientiousness high; Extraversion high; Agreeableness high; Neuroticism low,18.831968
ipip_stems,final_token,28,15,Openness low; Conscientiousness high; Extraversion high; Agreeableness high; Neuroticism high,21.382854
ipip_stems,final_token,28,16,Openness high; Conscientiousness low; Extraversion low; Agreeableness low; Neuroticism low,19.333885
ipip_stems,final_token,28,17,Openness high; Conscientiousness low; Extraversion low; Agreeableness low; Neuroticism high,18.837658
ipip_stems,final_token,28,18,Openness high; Conscientiousness low; Extraversion low; Agreeableness high; Neuroticism low,18.787565
ipip_stems,final_token,28,19,Openness high; Conscientiousness low; Extraversion low; Agreeableness high; Neuroticism high,19.86077
ipip_stems,final_token,28,20,Openness high; Conscientiousness low; Extraversion high; Agreeableness low; Neuroticism low,17.630116
ipip_stems,final_token,28,21,Openness high; Conscientiousness low; Extraversion high; Agreeableness low; Neuroticism high,19.09792
ipip_stems,final_token,28,22,Openness high; Conscientiousness low; Extraversion high; Agreeableness high; Neuroticism low,16.72551
ipip_stems,final_token,28,23,Openness high; Conscientiousness low; Extraversion high; Agreeableness high; Neuroticism high,13.17244
ipip_stems,final_token,28,24,Openness high; Conscientiousness high; Extraversion low; Agreeableness low; Neuroticism low,19.788237
ipip_stems,final_token,28,25,Openness high; Conscientiousness high; Extraversion low; Agreeableness low; Neuroticism high,19.612465
ipip_stems,final_token,28,26,Openness high; Conscientiousness high; Extraversion low; Agreeableness high; Neuroticism low,17.34227
ipip_stems,final_token,28,27,Openness high; Conscientiousness high; Extraversion low; Agreeableness high; Neuroticism high,18.916222
ipip_stems,final_token,28,28,Openness high; Conscientiousness high; Extraversion high; Agreeableness low; Neuroticism low,19.62722
ipip_stems,final_token,28,29,Openness high; Conscientiousness high; Extraversion high; Agreeableness low; Neuroticism high,19.657904
ipip_stems,final_token,28,30,Openness high; Conscientiousness high; Extraversion high; Agreeableness high; Neuroticism low,20.037836
ipip_stems,final_token,28,31,Openness high; Conscientiousness high; Extraversion high; Agreeableness high; Neuroticism high,20.154486
ipip_stems,final_token,29,0,Openness low; Conscientiousness low; Extraversion low; Agreeableness low; Neuroticism low,20.744953
ipip_stems,final_token,29,1,Openness low; Conscientiousness low; Extraversion low; Agreeableness low; Neuroticism high,20.699049
ipip_stems,final_token,29,2,Openness low; Conscientiousness low; Extraversion low; Agreeableness high; Neuroticism low,22.734058
ipip_stems,final_token,29,3,Openness low; Conscientiousness low; Extraversion low; Agreeableness high; Neuroticism high,19.451485
ipip_stems,final_token,29,4,Openness low; Conscientiousness low; Extraversion high; Agreeableness low; Neuroticism low,21.167755
ipip_stems,final_token,29,5,Openness low; Conscientiousness low; Extraversion high; Agreeableness low; Neuroticism high,24.286003
ipip_stems,final_token,29,6,Openness low; Conscientiousness low; Extraversion high; Agreeableness high; Neuroticism low,21.561611
ipip_stems,final_token,29,7,Openness low; Conscientiousness low; Extraversion high; Agreeableness high; Neuroticism high,13.482064
ipip_stems,final_token,29,8,Openness low; Conscientiousness high; Extraversion low; Agreeableness low; Neuroticism low,22.067566
ipip_stems,final_token,29,9,Openness low; Conscientiousness high; Extraversion low; Agreeableness low; Neuroticism high,22.55057
ipip_stems,final_token,29,10,Openness low; Conscientiousness high; Extraversion low; Agreeableness high; Neuroticism low,22.087362
ipip_stems,final_token,29,11,Openness low; Conscientiousness high; Extraversion low; Agreeableness high; Neuroticism high,22.82513
ipip_stems,final_token,29,12,Openness low; Conscientiousness high; Extraversion high; Agreeableness low; Neuroticism low,21.632702
ipip_stems,final_token,29,13,Openness low; Conscientiousness high; Extraversion high; Agreeableness low; Neuroticism high,19.48019
ipip_stems,final_token,29,14,Openness low; Conscientiousness high; Extraversion high; Agreeableness high; Neuroticism low,21.945951
ipip_stems,final_token,29,15,Openness low; Conscientiousness high; Extraversion high; Agreeableness high; Neuroticism high,24.646763
ipip_stems,final_token,29,16,Openness high; Conscientiousness low; Extraversion low; Agreeableness low; Neuroticism low,22.441492
ipip_stems,final_token,29,17,Openness high; Conscientiousness low; Extraversion low; Agreeableness low; Neuroticism high,22.110104
ipip_stems,final_token,29,18,Openness high; Conscientiousness low; Extraversion low; Agreeableness high; Neuroticism low,21.632208
ipip_stems,final_token,29,19,Openness high; Conscientiousness low; Extraversion low; Agreeableness high; Neuroticism high,22.623947
ipip_stems,final_token,29,20,Openness high; Conscientiousness low; Extraversion high; Agreeableness low; Neuroticism low,20.219654
ipip_stems,final_token,29,21,Openness high; Conscientiousness low; Extraversion high; Agreeableness low; Neuroticism high,21.878416
ipip_stems,final_token,29,22,Openness high; Conscientiousness low; Extraversion high; Agreeableness high; Neuroticism low,19.58519
ipip_stems,final_token,29,23,Openness high; Conscientiousness low; Extraversion high; Agreeableness high; Neuroticism high,15.273658
ipip_stems,final_token,29,24,Openness high; Conscientiousness high; Extraversion low; Agreeableness low; Neuroticism low,23.04737
ipip_stems,final_token,29,25,Openness high; Conscientiousness high; Extraversion low; Agreeableness low; Neuroticism high,22.928442
ipip_stems,final_token,29,26,Openness high; Conscientiousness high; Extraversion low; Agreeableness high; Neuroticism low,20.189558
ipip_stems,final_token,29,27,Openness high; Conscientiousness high; Extraversion low; Agreeableness high; Neuroticism high,21.623251
ipip_stems,final_token,29,28,Openness high; Conscientiousness high; Extraversion high; Agreeableness low; Neuroticism low,22.963718
ipip_stems,final_token,29,29,Openness high; Conscientiousness high; Extraversion high; Agreeableness low; Neuroticism high,22.93509
ipip_stems,final_token,29,30,Openness high; Conscientiousness high; Extraversion high; Agreeableness high; Neuroticism low,23.453976
ipip_stems,final_token,29,31,Openness high; Conscientiousness high; Extraversion high; Agreeableness high; Neuroticism high,23.33678
ipip_stems,final_token,30,0,Openness low; Conscientiousness low; Extraversion low; Agreeableness low; Neuroticism low,25.841568
ipip_stems,final_token,30,1,Openness low; Conscientiousness low; Extraversion low; Agreeableness low; Neuroticism high,25.90557
ipip_stems,final_token,30,2,Openness low; Conscientiousness low; Extraversion low; Agreeableness high; Neuroticism low,27.866924
ipip_stems,final_token,30,3,Openness low; Conscientiousness low; Extraversion low; Agreeableness high; Neuroticism high,24.271873
ipip_stems,final_token,30,4,Openness low; Conscientiousness low; Extraversion high; Agreeableness low; Neuroticism low,26.061
ipip_stems,final_token,30,5,Openness low; Conscientiousness low; Extraversion high; Agreeableness low; Neuroticism high,30.351795
ipip_stems,final_token,30,6,Openness low; Conscientiousness low; Extraversion high; Agreeableness high; Neuroticism low,27.660273
ipip_stems,final_token,30,7,Openness low; Conscientiousness low; Extraversion high; Agreeableness high; Neuroticism high,18.042751
ipip_stems,final_token,30,8,Openness low; Conscientiousness high; Extraversion low; Agreeableness low; Neuroticism low,28.158487
ipip_stems,final_token,30,9,Openness low; Conscientiousness high; Extraversion low; Agreeableness low; Neuroticism high,28.628544
ipip_stems,final_token,30,10,Openness low; Conscientiousness high; Extraversion low; Agreeableness high; Neuroticism low,28.346985
ipip_stems,final_token,30,11,Openness low; Conscientiousness high; Extraversion low; Agreeableness high; Neuroticism high,29.314135
ipip_stems,final_token,30,12,Openness low; Conscientiousness high; Extraversion high; Agreeableness low; Neuroticism low,27.06259
ipip_stems,final_token,30,13,Openness low; Conscientiousness high; Extraversion high; Agreeableness low; Neuroticism high,24.690678
ipip_stems,final_token,30,14,Openness low; Conscientiousness high; Extraversion high; Agreeableness high; Neuroticism low,27.842638
ipip_stems,final_token,30,15,Openness low; Conscientiousness high; Extraversion high; Agreeableness high; Neuroticism high,30.021637
ipip_stems,final_token,30,16,Openness high; Conscientiousness low; Extraversion low; Agreeableness low; Neuroticism low,28.46856
ipip_stems,final_token,30,17,Openness high; Conscientiousness low; Extraversion low; Agreeableness low; Neuroticism high,27.84219
ipip_stems,final_token,30,18,Openness high; Conscientiousness low; Extraversion low; Agreeableness high; Neuroticism low,28.003998
ipip_stems,final_token,30,19,Openness high; Conscientiousness low; Extraversion low; Agreeableness high; Neuroticism high,28.526232
ipip_stems,final_token,30,20,Openness high; Conscientiousness low; Extraversion high; Agreeableness low; Neuroticism low,25.481834
ipip_stems,final_token,30,21,Openness high; Conscientiousness low; Extraversion high; Agreeableness low; Neuroticism high,27.956259
ipip_stems,final_token,30,22,Openness high; Conscientiousness low; Extraversion high; Agreeableness high; Neuroticism low,24.542086
ipip_stems,final_token,30,23,Openness high; Conscientiousness low; Extraversion high; Agreeableness high; Neuroticism high,19.932272
ipip_stems,final_token,30,24,Openness high; Conscientiousness high; Extraversion low; Agreeableness low; Neuroticism low,28.87327
ipip_stems,final_token,30,25,Openness high; Conscientiousness high; Extraversion low; Agreeableness low; Neuroticism high,29.226412
ipip_stems,final_token,30,26,Openness high; Conscientiousness high; Extraversion low; Agreeableness high; Neuroticism low,26.006857
ipip_stems,final_token,30,27,Openness high; Conscientiousness high; Extraversion low; Agreeableness high; Neuroticism high,26.368107
ipip_stems,final_token,30,28,Openness high; Conscientiousness high; Extraversion high; Agreeableness low; Neuroticism low,28.840155
ipip_stems,final_token,30,29,Openness high; Conscientiousness high; Extraversion high; Agreeableness low; Neuroticism high,29.456287
ipip_stems,final_token,30,30,Openness high; Conscientiousness high; Extraversion high; Agreeableness high; Neuroticism low,29.426178
ipip_stems,final_token,30,31,Openness high; Conscientiousness high; Extraversion high; Agreeableness high; Neuroticism high,28.83457
ipip_stems,final_token,31,0,Openness low; Conscientiousness low; Extraversion low; Agreeableness low; Neuroticism low,44.561153
ipip_stems,final_token,31,1,Openness low; Conscientiousness low; Extraversion low; Agreeableness low; Neuroticism high,45.51304
ipip_stems,final_token,31,2,Openness low; Conscientiousness low; Extraversion low; Agreeableness high; Neuroticism low,47.212425
ipip_stems,final_token,31,3,Openness low; Conscientiousness low; Extraversion low; Agreeableness high; Neuroticism high,42.20971
ipip_stems,final_token,31,4,Openness low; Conscientiousness low; Extraversion high; Agreeableness low; Neuroticism low,44.913963
ipip_stems,final_token,31,5,Openness low; Conscientiousness low; Extraversion high; Agreeableness low; Neuroticism high,49.68876
ipip_stems,final_token,31,6,Openness low; Conscientiousness low; Extraversion high; Agreeableness high; Neuroticism low,47.76744
ipip_stems,final_token,31,7,Openness low; Conscientiousness low; Extraversion high; Agreeableness high; Neuroticism high,37.696938
ipip_stems,final_token,31,8,Openness low; Conscientiousness high; Extraversion low; Agreeableness low; Neuroticism low,49.030567
ipip_stems,final_token,31,9,Openness low; Conscientiousness high; Extraversion low; Agreeableness low; Neuroticism high,48.57328
ipip_stems,final_token,31,10,Openness low; Conscientiousness high; Extraversion low; Agreeableness high; Neuroticism low,47.437775
ipip_stems,final_token,31,11,Openness low; Conscientiousness high; Extraversion low; Agreeableness high; Neuroticism high,51.43578
ipip_stems,final_token,31,12,Openness low; Conscientiousness high; Extraversion high; Agreeableness low; Neuroticism low,48.43165
ipip_stems,final_token,31,13,Openness low; Conscientiousness high; Extraversion high; Agreeableness low; Neuroticism high,42.795185
ipip_stems,final_token,31,14,Openness low; Conscientiousness high; Extraversion high; Agreeableness high; Neuroticism low,48.730213
ipip_stems,final_token,31,15,Openness low; Conscientiousness high; Extraversion high; Agreeableness high; Neuroticism high,51.56
ipip_stems,final_token,31,16,Openness high; Conscientiousness low; Extraversion low; Agreeableness low; Neuroticism low,52.402073
ipip_stems,final_token,31,17,Openness high; Conscientiousness low; Extraversion low; Agreeableness low; Neuroticism high,52.089314
ipip_stems,final_token,31,18,Openness high; Conscientiousness low; Extraversion low; Agreeableness high; Neuroticism low,49.277435
ipip_stems,final_token,31,19,Openness high; Conscientiousness low; Extraversion low; Agreeableness high; Neuroticism high,49.861366
ipip_stems,final_token,31,20,Openness high; Conscientiousness low; Extraversion high; Agreeableness low; Neuroticism low,43.541943
ipip_stems,final_token,31,21,Openness high; Conscientiousness low; Extraversion high; Agreeableness low; Neuroticism high,49.10387
ipip_stems,final_token,31,22,Openness high; Conscientiousness low; Extraversion high; Agreeableness high; Neuroticism low,37.911037
ipip_stems,final_token,31,23,Openness high; Conscientiousness low; Extraversion high; Agreeableness high; Neuroticism high,47.85868
ipip_stems,final_token,31,24,Openness high; Conscientiousness high; Extraversion low; Agreeableness low; Neuroticism low,47.855904
ipip_stems,final_token,31,25,Openness high; Conscientiousness high; Extraversion low; Agreeableness low; Neuroticism high,49.485683
ipip_stems,final_token,31,26,Openness high; Conscientiousness high; Extraversion low; Agreeableness high; Neuroticism low,44.23461
ipip_stems,final_token,31,27,Openness high; Conscientiousness high; Extraversion low; Agreeableness high; Neuroticism high,41.687943
ipip_stems,final_token,31,28,Openness high; Conscientiousness high; Extraversion high; Agreeableness low; Neuroticism low,48.93004
ipip_stems,final_token,31,29,Openness high; Conscientiousness high; Extraversion high; Agreeableness low; Neuroticism high,50.40422
ipip_stems,final_token,31,30,Openness high; Conscientiousness high; Extraversion high; Agreeableness high; Neuroticism low,48.0598
ipip_stems,final_token,31,31,Openness high; Conscientiousness high; Extraversion high; Agreeableness high; Neuroticism high,46.285244
ipip_stems,mean_tokens,0,0,Openness low; Conscientiousness low; Extraversion low; Agreeableness low; Neuroticism low,0.12818357
ipip_stems,mean_tokens,0,1,Openness low; Conscientiousness low; Extraversion low; Agreeableness low; Neuroticism high,0.14573076
ipip_stems,mean_tokens,0,2,Openness low; Conscientiousness low; Extraversion low; Agreeableness high; Neuroticism low,0.13722485
ipip_stems,mean_tokens,0,3,Openness low; Conscientiousness low; Extraversion low; Agreeableness high; Neuroticism high,0.1006049
ipip_stems,mean_tokens,0,4,Openness low; Conscientiousness low; Extraversion high; Agreeableness low; Neuroticism low,0.12070632
ipip_stems,mean_tokens,0,5,Openness low; Conscientiousness low; Extraversion high; Agreeableness low; Neuroticism high,0.1391277
ipip_stems,mean_tokens,0,6,Openness low; Conscientiousness low; Extraversion high; Agreeableness high; Neuroticism low,0.13527605
ipip_stems,mean_tokens,0,7,Openness low; Conscientiousness low; Extraversion high; Agreeableness high; Neuroticism high,0.07021553
ipip_stems,mean_tokens,0,8,Openness low; Conscientiousness high; Extraversion low; Agreeableness low; Neuroticism low,0.14015402
ipip_stems,mean_tokens,0,9,Openness low; Conscientiousness high; Extraversion low; Agreeableness low; Neuroticism high,0.13180254
ipip_stems,mean_tokens,0,10,Openness low; Conscientiousness high; Extraversion low; Agreeableness high; Neuroticism low,0.13662045
ipip_stems,mean_tokens,0,11,Openness low; Conscientiousness high; Extraversion low; Agreeableness high; Neuroticism high,0.12265855
ipip_stems,mean_tokens,0,12,Openness low; Conscientiousness high; Extraversion high; Agreeableness low; Neuroticism low,0.115169324
ipip_stems,mean_tokens,0,13,Openness low; Conscientiousness high; Extraversion high; Agreeableness low; Neuroticism high,0.11707471
ipip_stems,mean_tokens,0,14,Openness low; Conscientiousness high; Extraversion high; Agreeableness high; Neuroticism low,0.14338095
ipip_stems,mean_tokens,0,15,Openness low; Conscientiousness high; Extraversion high; Agreeableness high; Neuroticism high,0.12783474
ipip_stems,mean_tokens,0,16,Openness high; Conscientiousness low; Extraversion low; Agreeableness low; Neuroticism low,0.11335527
ipip_stems,mean_tokens,0,17,Openness high; Conscientiousness low; Extraversion low; Agreeableness low; Neuroticism high,0.14703488
ipip_stems,mean_tokens,0,18,Openness high; Conscientiousness low; Extraversion low; Agreeableness high; Neuroticism low,0.099095486
ipip_stems,mean_tokens,0,19,Openness high; Conscientiousness low; Extraversion low; Agreeableness high; Neuroticism high,0.11829195
ipip_stems,mean_tokens,0,20,Openness high; Conscientiousness low; Extraversion high; Agreeableness low; Neuroticism low,0.1344184
ipip_stems,mean_tokens,0,21,Openness high; Conscientiousness low; Extraversion high; Agreeableness low; Neuroticism high,0.11684642
ipip_stems,mean_tokens,0,22,Openness high; Conscientiousness low; Extraversion high; Agreeableness high; Neuroticism low,0.14318416
ipip_stems,mean_tokens,0,23,Openness high; Conscientiousness low; Extraversion high; Agreeableness high; Neuroticism high,0.04179658
ipip_stems,mean_tokens,0,24,Openness high; Conscientiousness high; Extraversion low; Agreeableness low; Neuroticism low,0.13552625
ipip_stems,mean_tokens,0,25,Openness high; Conscientiousness high; Extraversion low; Agreeableness low; Neuroticism high,0.1345538
ipip_stems,mean_tokens,0,26,Openness high; Conscientiousness high; Extraversion low; Agreeableness high; Neuroticism low,0.12313494
ipip_stems,mean_tokens,0,27,Openness high; Conscientiousness high; Extraversion low; Agreeableness high; Neuroticism high,0.15560643
ipip_stems,mean_tokens,0,28,Openness high; Conscientiousness high; Extraversion high; Agreeableness low; Neuroticism low,0.1517433
ipip_stems,mean_tokens,0,29,Openness high; Conscientiousness high; Extraversion high; Agreeableness low; Neuroticism high,0.13285345
ipip_stems,mean_tokens,0,30,Openness high; Conscientiousness high; Extraversion high; Agreeableness high; Neuroticism low,0.13902956
ipip_stems,mean_tokens,0,31,Openness high; Conscientiousness high; Extraversion high; Agreeableness high; Neuroticism high,0.13993934
ipip_stems,mean_tokens,1,0,Openness low; Conscientiousness low; Extraversion low; Agreeableness low; Neuroticism low,2.9145477
ipip_stems,mean_tokens,1,1,Openness low; Conscientiousness low; Extraversion low; Agreeableness low; Neuroticism high,2.8038156
ipip_stems,mean_tokens,1,2,Openness low; Conscientiousness low; Extraversion low; Agreeableness high; Neuroticism low,1.8524253
ipip_stems,mean_tokens,1,3,Openness low; Conscientiousness low; Extraversion low; Agreeableness high; Neuroticism high,2.436526
ipip_stems,mean_tokens,1,4,Openness low; Conscientiousness low; Extraversion high; Agreeableness low; Neuroticism low,3.610604
ipip_stems,mean_tokens,1,5,Openness low; Conscientiousness low; Extraversion high; Agreeableness low; Neuroticism high,2.833154
ipip_stems,mean_tokens,1,6,Openness low; Conscientiousness low; Extraversion high; Agreeableness high; Neuroticism low,2.9071014
ipip_stems,mean_tokens,1,7,Openness low; Conscientiousness low; Extraversion high; Agreeableness high; Neuroticism high,1.0939091
ipip_stems,mean_tokens,1,8,Openness low; Conscientiousness high; Extraversion low; Agreeableness low; Neuroticism low,2.949484
ipip_stems,mean_tokens,1,9,Openness low; Conscientiousness high; Extraversion low; Agreeableness low; Neuroticism high,2.4658167
ipip_stems,mean_tokens,1,10,Openness low; Conscientiousness high; Extraversion low; Agreeableness high; Neuroticism low,3.405419
ipip_stems,mean_tokens,1,11,Openness low; Conscientiousness high; Extraversion low; Agreeableness high; Neuroticism high,2.4343853
ipip_stems,mean_tokens,1,12,Openness low; Conscientiousness high; Extraversion high; Agreeableness low; Neuroticism low,2.9078894
ipip_stems,mean_tokens,1,13,Openness low; Conscientiousness high; Extraversion high; Agreeableness low; Neuroticism high,1.4170008
ipip_stems,mean_tokens,1,14,Openness low; Conscientiousness high; Extraversion high; Agreeableness high; Neuroticism low,2.3597445
ipip_stems,mean_tokens,1,15,Openness low; Conscientiousness high; Extraversion high; Agreeableness high; Neuroticism high,3.236762
ipip_stems,mean_tokens,1,16,Openness high; Conscientiousness low; Extraversion low; Agreeableness low; Neuroticism low,3.0569892
ipip_stems,mean_tokens,1,17,Openness high; Conscientiousness low; Extraversion low; Agreeableness low; Neuroticism high,2.891587
ipip_stems,mean_tokens,1,18,Openness high; Conscientiousness low; Extraversion low; Agreeableness high; Neuroticism low,1.9275489
ipip_stems,mean_tokens,1,19,Openness high; Conscientiousness low; Extraversion low; Agreeableness high; Neuroticism high,3.0727177
ipip_stems,mean_tokens,1,20,Openness high; Conscientiousness low; Extraversion high; Agreeableness low; Neuroticism low,2.4023314
ipip_stems,mean_tokens,1,21,Openness high; Conscientiousness low; Extraversion high; Agreeableness low; Neuroticism high,3.4079435
ipip_stems,mean_tokens,1,22,Openness high; Conscientiousness low; Extraversion high; Agreeableness high; Neuroticism low,2.8911824
ipip_stems,mean_tokens,1,23,Openness high; Conscientiousness low; Extraversion high; Agreeableness high; Neuroticism high,0.8198762
ipip_stems,mean_tokens,1,24,Openness high; Conscientiousness high; Extraversion low; Agreeableness low; Neuroticism low,3.6179545
ipip_stems,mean_tokens,1,25,Openness high; Conscientiousness high; Extraversion low; Agreeableness low; Neuroticism high,1.5435141
ipip_stems,mean_tokens,1,26,Openness high; Conscientiousness high; Extraversion low; Agreeableness high; Neuroticism low,3.447641
ipip_stems,mean_tokens,1,27,Openness high; Conscientiousness high; Extraversion low; Agreeableness high; Neuroticism high,3.1351793
ipip_stems,mean_tokens,1,28,Openness high; Conscientiousness high; Extraversion high; Agreeableness low; Neuroticism low,3.394595
ipip_stems,mean_tokens,1,29,Openness high; Conscientiousness high; Extraversion high; Agreeableness low; Neuroticism high,2.8998375
ipip_stems,mean_tokens,1,30,Openness high; Conscientiousness high; Extraversion high; Agreeableness high; Neuroticism low,2.889289
ipip_stems,mean_tokens,1,31,Openness high; Conscientiousness high; Extraversion high; Agreeableness high; Neuroticism high,2.9205086
ipip_stems,mean_tokens,2,0,Openness low; Conscientiousness low; Extraversion low; Agreeableness low; Neuroticism low,2.9431074
ipip_stems,mean_tokens,2,1,Openness low; Conscientiousness low; Extraversion low; Agreeableness low; Neuroticism high,2.8304214
ipip_stems,mean_tokens,2,2,Openness low; Conscientiousness low; Extraversion low; Agreeableness high; Neuroticism low,1.876329
ipip_stems,mean_tokens,2,3,Openness low; Conscientiousness low; Extraversion low; Agreeableness high; Neuroticism high,2.4597988
ipip_stems,mean_tokens,2,4,Openness low; Conscientiousness low; Extraversion high; Agreeableness low; Neuroticism low,3.633942
ipip_stems,mean_tokens,2,5,Openness low; Conscientiousness low; Extraversion high; Agreeableness low; Neuroticism high,2.8569498
ipip_stems,mean_tokens,2,6,Openness low; Conscientiousness low; Extraversion high; Agreeableness high; Neuroticism low,2.930069
ipip_stems,mean_tokens,2,7,Openness low; Conscientiousness low; Extraversion high; Agreeableness high; Neuroticism high,1.1042744
ipip_stems,mean_tokens,2,8,Openness low; Conscientiousness high; Extraversion low; Agreeableness low; Neuroticism low,2.9713628
ipip_stems,mean_tokens,2,9,Openness low; Conscientiousness high; Extraversion low; Agreeableness low; Neuroticism high,2.4919271
ipip_stems,mean_tokens,2,10,Openness low; Conscientiousness high; Extraversion low; Agreeableness high; Neuroticism low,3.430589
ipip_stems,mean_tokens,2,11,Openness low; Conscientiousness high; Extraversion low; Agreeableness high; Neuroticism high,2.4573522
ipip_stems,mean_tokens,2,12,Openness low; Conscientiousness high; Extraversion high; Agreeableness low; Neuroticism low,2.927901
ipip_stems,mean_tokens,2,13,Openness low; Conscientiousness high; Extraversion high; Agreeableness low; Neuroticism high,1.453827
ipip_stems,mean_tokens,2,14,Openness low; Conscientiousness high; Extraversion high; Agreeableness high; Neuroticism low,2.3807633
ipip_stems,mean_tokens,2,15,Openness low; Conscientiousness high; Extraversion high; Agreeableness high; Neuroticism high,3.2519772
ipip_stems,mean_tokens,2,16,Openness high; Conscientiousness low; Extraversion low; Agreeableness low; Neuroticism low,3.0786943
ipip_stems,mean_tokens,2,17,Openness high; Conscientiousness low; Extraversion low; Agreeableness low; Neuroticism high,2.9224038
ipip_stems,mean_tokens,2,18,Openness high; Conscientiousness low; Extraversion low; Agreeableness high; Neuroticism low,1.9553509
ipip_stems,mean_tokens,2,19,Openness high; Conscientiousness low; Extraversion low; Agreeableness high; Neuroticism high,3.0955293
ipip_stems,mean_tokens,2,20,Openness high; Conscientiousness low; Extraversion high; Agreeableness low; Neuroticism low,2.431841
ipip_stems,mean_tokens,2,21,Openness high; Conscientiousness low; Extraversion high; Agreeableness low; Neuroticism high,3.4287763
ipip_stems,mean_tokens,2,22,Openness high; Conscientiousness low; Extraversion high; Agreeableness high; Neuroticism low,2.9165378
ipip_stems,mean_tokens,2,23,Openness high; Conscientiousness low; Extraversion high; Agreeableness high; Neuroticism high,0.8339162
ipip_stems,mean_tokens,2,24,Openness high; Conscientiousness high; Extraversion low; Agreeableness low; Neuroticism low,3.6338143
ipip_stems,mean_tokens,2,25,Openness high; Conscientiousness high; Extraversion low; Agreeableness low; Neuroticism high,1.5877672
ipip_stems,mean_tokens,2,26,Openness high; Conscientiousness high; Extraversion low; Agreeableness high; Neuroticism low,3.4582477
ipip_stems,mean_tokens,2,27,Openness high; Conscientiousness high; Extraversion low; Agreeableness high; Neuroticism high,3.1565425
ipip_stems,mean_tokens,2,28,Openness high; Conscientiousness high; Extraversion high; Agreeableness low; Neuroticism low,3.4141817
ipip_stems,mean_tokens,2,29,Openness high; Conscientiousness high; Extraversion high; Agreeableness low; Neuroticism high,2.923421
ipip_stems,mean_tokens,2,30,Openness high; Conscientiousness high; Extraversion high; Agreeableness high; Neuroticism low,2.9079611
ipip_stems,mean_tokens,2,31,Openness high; Conscientiousness high; Extraversion high; Agreeableness high; Neuroticism high,2.946511
ipip_stems,mean_tokens,3,0,Openness low; Conscientiousness low; Extraversion low; Agreeableness low; Neuroticism low,3.0125506
ipip_stems,mean_tokens,3,1,Openness low; Conscientiousness low; Extraversion low; Agreeableness low; Neuroticism high,2.8963027
ipip_stems,mean_tokens,3,2,Openness low; Conscientiousness low; Extraversion low; Agreeableness high; Neuroticism low,1.9555018
ipip_stems,mean_tokens,3,3,Openness low; Conscientiousness low; Extraversion low; Agreeableness high; Neuroticism high,2.5173142
ipip_stems,mean_tokens,3,4,Openness low; Conscientiousness low; Extraversion high; Agreeableness low; Neuroticism low,3.6860785
ipip_stems,mean_tokens,3,5,Openness low; Conscientiousness low; Extraversion high; Agreeableness low; Neuroticism high,2.906379
ipip_stems,mean_tokens,3,6,Openness low; Conscientiousness low; Extraversion high; Agreeableness high; Neuroticism low,2.9914393
ipip_stems,mean_tokens,3,7,Openness low; Conscientiousness low; Extraversion high; Agreeableness high; Neuroticism high,1.1268886
ipip_stems,mean_tokens,3,8,Openness low; Conscientiousness high; Extraversion low; Agreeableness low; Neuroticism low,3.0243173
ipip_stems,mean_tokens,3,9,Openness low; Conscientiousness high; Extraversion low; Agreeableness low; Neuroticism high,2.5698097
ipip_stems,mean_tokens,3,10,Openness low; Conscientiousness high; Extraversion low; Agreeableness high; Neuroticism low,3.487932
ipip_stems,mean_tokens,3,11,Openness low; Conscientiousness high; Extraversion low; Agreeableness high; Neuroticism high,2.5291986
ipip_stems,mean_tokens,3,12,Openness low; Conscientiousness high; Extraversion high; Agreeableness low; Neuroticism low,2.9921541
ipip_stems,mean_tokens,3,13,Openness low; Conscientiousness high; Extraversion high; Agreeableness low; Neuroticism high,1.5381646
ipip_stems,mean_tokens,3,14,Openness low; Conscientiousness high; Extraversion high; Agreeableness high; Neuroticism low,2.4523623
ipip_stems,mean_tokens,3,15,Openness low; Conscientiousness high; Extraversion high; Agreeableness high; Neuroticism high,3.3029883
ipip_stems,mean_tokens,3,16,Openness high; Conscientiousness low; Extraversion low; Agreeableness low; Neuroticism low,3.1308
ipip_stems,mean_tokens,3,17,Openness high; Conscientiousness low; Extraversion low; Agreeableness low; Neuroticism high,2.9825366
ipip_stems,mean_tokens,3,18,Openness high; Conscientiousness low; Extraversion low; Agreeableness high; Neuroticism low,2.0407374
ipip_stems,mean_tokens,3,19,Openness high; Conscientiousness low; Extraversion low; Agreeableness high; Neuroticism high,3.1479938
ipip_stems,mean_tokens,3,20,Openness high; Conscientiousness low; Extraversion high; Agreeableness low; Neuroticism low,2.5047264
ipip_stems,mean_tokens,3,21,Openness high; Conscientiousness low; Extraversion high; Agreeableness low; Neuroticism high,3.4757185
ipip_stems,mean_tokens,3,22,Openness high; Conscientiousness low; Extraversion high; Agreeableness high; Neuroticism low,2.9660494
ipip_stems,mean_tokens,3,23,Openness high; Conscientiousness low; Extraversion high; Agreeableness high; Neuroticism high,0.869492
ipip_stems,mean_tokens,3,24,Openness high; Conscientiousness high; Extraversion low; Agreeableness low; Neuroticism low,3.682397
ipip_stems,mean_tokens,3,25,Openness high; Conscientiousness high; Extraversion low; Agreeableness low; Neuroticism high,1.7335092
ipip_stems,mean_tokens,3,26,Openness high; Conscientiousness high; Extraversion low; Agreeableness high; Neuroticism low,3.5089743
ipip_stems,mean_tokens,3,27,Openness high; Conscientiousness high; Extraversion low; Agreeableness high; Neuroticism high,3.2136624
ipip_stems,mean_tokens,3,28,Openness high; Conscientiousness high; Extraversion high; Agreeableness low; Neuroticism low,3.4560912
ipip_stems,mean_tokens,3,29,Openness high; Conscientiousness high; Extraversion high; Agreeableness low; Neuroticism high,2.9787228
ipip_stems,mean_tokens,3,30,Openness high; Conscientiousness high; Extraversion high; Agreeableness high; Neuroticism low,2.9710815
ipip_stems,mean_tokens,3,31,Openness high; Conscientiousness high; Extraversion high; Agreeableness high; Neuroticism high,3.0058107
ipip_stems,mean_tokens,4,0,Openness low; Conscientiousness low; Extraversion low; Agreeableness low; Neuroticism low,3.0767467
ipip_stems,mean_tokens,4,1,Openness low; Conscientiousness low; Extraversion low; Agreeableness low; Neuroticism high,2.982581
ipip_stems,mean_tokens,4,2,Openness low; Conscientiousness low; Extraversion low; Agreeableness high; Neuroticism low,2.062441
ipip_stems,mean_tokens,4,3,Openness low; Conscientiousness low; Extraversion low; Agreeableness high; Neuroticism high,2.6236448
ipip_stems,mean_tokens,4,4,Openness low; Conscientiousness low; Extraversion high; Agreeableness low; Neuroticism low,3.7430875
ipip_stems,mean_tokens,4,5,Openness low; Conscientiousness low; Extraversion high; Agreeableness low; Neuroticism high,2.9730706
ipip_stems,mean_tokens,4,6,Openness low; Conscientiousness low; Extraversion high; Agreeableness high; Neuroticism low,3.0630121
ipip_stems,mean_tokens,4,7,Openness low; Conscientiousness low; Extraversion high; Agreeableness high; Neuroticism high,1.1422788
ipip_stems,mean_tokens,4,8,Openness low; Conscientiousness high; Extraversion low; Agreeableness low; Neuroticism low,3.0900776
ipip_stems,mean_tokens,4,9,Openness low; Conscientiousness high; Extraversion low; Agreeableness low; Neuroticism high,2.6466475
ipip_stems,mean_tokens,4,10,Openness low; Conscientiousness high; Extraversion low; Agreeableness high; Neuroticism low,3.5442262
ipip_stems,mean_tokens,4,11,Openness low; Conscientiousness high; Extraversion low; Agreeableness high; Neuroticism high,2.6104808
ipip_stems,mean_tokens,4,12,Openness low; Conscientiousness high; Extraversion high; Agreeableness low; Neuroticism low,3.0622985
ipip_stems,mean_tokens,4,13,Openness low; Conscientiousness high; Extraversion high; Agreeableness low; Neuroticism high,1.6320313
ipip_stems,mean_tokens,4,14,Openness low; Conscientiousness high; Extraversion high; Agreeableness high; Neuroticism low,2.5456924
ipip_stems,mean_tokens,4,15,Openness low; Conscientiousness high; Extraversion high; Agreeableness high; Neuroticism high,3.3626928
ipip_stems,mean_tokens,4,16,Openness high; Conscientiousness low; Extraversion low; Agreeableness low; Neuroticism low,3.205367
ipip_stems,mean_tokens,4,17,Openness high; Conscientiousness low; Extraversion low; Agreeableness low; Neuroticism high,3.0572011
ipip_stems,mean_tokens,4,18,Openness high; Conscientiousness low; Extraversion low; Agreeableness high; Neuroticism low,2.1277287
ipip_stems,mean_tokens,4,19,Openness high; Conscientiousness low; Extraversion low; Agreeableness high; Neuroticism high,3.2205896
ipip_stems,mean_tokens,4,20,Openness high; Conscientiousness low; Extraversion high; Agreeableness low; Neuroticism low,2.600011
ipip_stems,mean_tokens,4,21,Openness high; Conscientiousness low; Extraversion high; Agreeableness low; Neuroticism high,3.5406964
ipip_stems,mean_tokens,4,22,Openness high; Conscientiousness low; Extraversion high; Agreeableness high; Neuroticism low,3.04264
ipip_stems,mean_tokens,4,23,Openness high; Conscientiousness low; Extraversion high; Agreeableness high; Neuroticism high,0.90483165
ipip_stems,mean_tokens,4,24,Openness high; Conscientiousness high; Extraversion low; Agreeableness low; Neuroticism low,3.747907
ipip_stems,mean_tokens,4,25,Openness high; Conscientiousness high; Extraversion low; Agreeableness low; Neuroticism high,1.8339398
ipip_stems,mean_tokens,4,26,Openness high; Conscientiousness high; Extraversion low; Agreeableness high; Neuroticism low,3.590865
ipip_stems,mean_tokens,4,27,Openness high; Conscientiousness high; Extraversion low; Agreeableness high; Neuroticism high,3.2909024
ipip_stems,mean_tokens,4,28,Openness high; Conscientiousness high; Extraversion high; Agreeableness low; Neuroticism low,3.520436
ipip_stems,mean_tokens,4,29,Openness high; Conscientiousness high; Extraversion high; Agreeableness low; Neuroticism high,3.0561185
ipip_stems,mean_tokens,4,30,Openness high; Conscientiousness high; Extraversion high; Agreeableness high; Neuroticism low,3.0370424
ipip_stems,mean_tokens,4,31,Openness high; Conscientiousness high; Extraversion high; Agreeableness high; Neuroticism high,3.0828931
ipip_stems,mean_tokens,5,0,Openness low; Conscientiousness low; Extraversion low; Agreeableness low; Neuroticism low,3.152603
ipip_stems,mean_tokens,5,1,Openness low; Conscientiousness low; Extraversion low; Agreeableness low; Neuroticism high,3.0656137
ipip_stems,mean_tokens,5,2,Openness low; Conscientiousness low; Extraversion low; Agreeableness high; Neuroticism low,2.1567187
ipip_stems,mean_tokens,5,3,Openness low; Conscientiousness low; Extraversion low; Agreeableness high; Neuroticism high,2.7145462
ipip_stems,mean_tokens,5,4,Openness low; Conscientiousness low; Extraversion high; Agreeableness low; Neuroticism low,3.8139343
ipip_stems,mean_tokens,5,5,Openness low; Conscientiousness low; Extraversion high; Agreeableness low; Neuroticism high,3.0675411
ipip_stems,mean_tokens,5,6,Openness low; Conscientiousness low; Extraversion high; Agreeableness high; Neuroticism low,3.1245487
ipip_stems,mean_tokens,5,7,Openness low; Conscientiousness low; Extraversion high; Agreeableness high; Neuroticism high,1.164232
ipip_stems,mean_tokens,5,8,Openness low; Conscientiousness high; Extraversion low; Agreeableness low; Neuroticism low,3.1829197
ipip_stems,mean_tokens,5,9,Openness low; Conscientiousness high; Extraversion low; Agreeableness low; Neuroticism high,2.7320683
ipip_stems,mean_tokens,5,10,Openness low; Conscientiousness high; Extraversion low; Agreeableness high; Neuroticism low,3.6002736
ipip_stems,mean_tokens,5,11,Openness low; Conscientiousness high; Extraversion low; Agreeableness high; Neuroticism high,2.6798735
ipip_stems,mean_tokens,5,12,Openness low; Conscientiousness high; Extraversion high; Agreeableness low; Neuroticism low,3.1363862
ipip_stems,mean_tokens,5,13,Openness low; Conscientiousness high; Extraversion high; Agreeableness low; Neuroticism high,1.7697436
ipip_stems,mean_tokens,5,14,Openness low; Conscientiousness high; Extraversion high; Agreeableness high; Neuroticism low,2.6321127
ipip_stems,mean_tokens,5,15,Openness low; Conscientiousness high; Extraversion high; Agreeableness high; Neuroticism high,3.4230576
ipip_stems,mean_tokens,5,16,Openness high; Conscientiousness low; Extraversion low; Agreeableness low; Neuroticism low,3.2742448
ipip_stems,mean_tokens,5,17,Openness high; Conscientiousness low; Extraversion low; Agreeableness low; Neuroticism high,3.1031935
ipip_stems,mean_tokens,5,18,Openness high; Conscientiousness low; Extraversion low; Agreeableness high; Neuroticism low,2.238611
ipip_stems,mean_tokens,5,19,Openness high; Conscientiousness low; Extraversion low; Agreeableness high; Neuroticism high,3.2901225
ipip_stems,mean_tokens,5,20,Openness high; Conscientiousness low; Extraversion high; Agreeableness low; Neuroticism low,2.7021577
ipip_stems,mean_tokens,5,21,Openness high; Conscientiousness low; Extraversion high; Agreeableness low; Neuroticism high,3.612511
ipip_stems,mean_tokens,5,22,Openness high; Conscientiousness low; Extraversion high; Agreeableness high; Neuroticism low,3.1274226
ipip_stems,mean_tokens,5,23,Openness high; Conscientiousness low; Extraversion high; Agreeableness high; Neuroticism high,0.9487279
ipip_stems,mean_tokens,5,24,Openness high; Conscientiousness high; Extraversion low; Agreeableness low; Neuroticism low,3.7983687
ipip_stems,mean_tokens,5,25,Openness high; Conscientiousness high; Extraversion low; Agreeableness low; Neuroticism high,1.9911652
ipip_stems,mean_tokens,5,26,Openness high; Conscientiousness high; Extraversion low; Agreeableness high; Neuroticism low,3.6369858
ipip_stems,mean_tokens,5,27,Openness high; Conscientiousness high; Extraversion low; Agreeableness high; Neuroticism high,3.370575
ipip_stems,mean_tokens,5,28,Openness high; Conscientiousness high; Extraversion high; Agreeableness low; Neuroticism low,3.5871365
ipip_stems,mean_tokens,5,29,Openness high; Conscientiousness high; Extraversion high; Agreeableness low; Neuroticism high,3.1418138
ipip_stems,mean_tokens,5,30,Openness high; Conscientiousness high; Extraversion high; Agreeableness high; Neuroticism low,3.1090477
ipip_stems,mean_tokens,5,31,Openness high; Conscientiousness high; Extraversion high; Agreeableness high; Neuroticism high,3.1527927
ipip_stems,mean_tokens,6,0,Openness low; Conscientiousness low; Extraversion low; Agreeableness low; Neuroticism low,3.2391727
ipip_stems,mean_tokens,6,1,Openness low; Conscientiousness low; Extraversion low; Agreeableness low; Neuroticism high,3.163253
ipip_stems,mean_tokens,6,2,Openness low; Conscientiousness low; Extraversion low; Agreeableness high; Neuroticism low,2.3109426
ipip_stems,mean_tokens,6,3,Openness low; Conscientiousness low; Extraversion low; Agreeableness high; Neuroticism high,2.8502321
ipip_stems,mean_tokens,6,4,Openness low; Conscientiousness low; Extraversion high; Agreeableness low; Neuroticism low,3.8971224
ipip_stems,mean_tokens,6,5,Openness low; Conscientiousness low; Extraversion high; Agreeableness low; Neuroticism high,3.2025032
ipip_stems,mean_tokens,6,6,Openness low; Conscientiousness low; Extraversion high; Agreeableness high; Neuroticism low,3.235403
ipip_stems,mean_tokens,6,7,Openness low; Conscientiousness low; Extraversion high; Agreeableness high; Neuroticism high,1.2058479
ipip_stems,mean_tokens,6,8,Openness low; Conscientiousness high; Extraversion low; Agreeableness low; Neuroticism low,3.3138916
ipip_stems,mean_tokens,6,9,Openness low; Conscientiousness high; Extraversion low; Agreeableness low; Neuroticism high,2.855755
ipip_stems,mean_tokens,6,10,Openness low; Conscientiousness high; Extraversion low; Agreeableness high; Neuroticism low,3.67881
ipip_stems,mean_tokens,6,11,Openness low; Conscientiousness high; Extraversion low; Agreeableness high; Neuroticism high,2.7991347
ipip_stems,mean_tokens,6,12,Openness low; Conscientiousness high; Extraversion high; Agreeableness low; Neuroticism low,3.2261257
ipip_stems,mean_tokens,6,13,Openness low; Conscientiousness high; Extraversion high; Agreeableness low; Neuroticism high,1.9588053
ipip_stems,mean_tokens,6,14,Openness low; Conscientiousness high; Extraversion high; Agreeableness high; Neuroticism low,2.7657037
ipip_stems,mean_tokens,6,15,Openness low; Conscientiousness high; Extraversion high; Agreeableness high; Neuroticism high,3.5491683
ipip_stems,mean_tokens,6,16,Openness high; Conscientiousness low; Extraversion low; Agreeableness low; Neuroticism low,3.3863535
ipip_stems,mean_tokens,6,17,Openness high; Conscientiousness low; Extraversion low; Agreeableness low; Neuroticism high,3.220249
ipip_stems,mean_tokens,6,18,Openness high; Conscientiousness low; Extraversion low; Agreeableness high; Neuroticism low,2.3861425
ipip_stems,mean_tokens,6,19,Openness high; Conscientiousness low; Extraversion low; Agreeableness high; Neuroticism high,3.4203138
ipip_stems,mean_tokens,6,20,Openness high; Conscientiousness low; Extraversion high; Agreeableness low; Neuroticism low,2.8057246
ipip_stems,mean_tokens,6,21,Openness high; Conscientiousness low; Extraversion high; Agreeableness low; Neuroticism high,3.7309968
ipip_stems,mean_tokens,6,22,Openness high; Conscientiousness low; Extraversion high; Agreeableness high; Neuroticism low,3.2491848
ipip_stems,mean_tokens,6,23,Openness high; Conscientiousness low; Extraversion high; Agreeableness high; Neuroticism high,1.0206598
ipip_stems,mean_tokens,6,24,Openness high; Conscientiousness high; Extraversion low; Agreeableness low; Neuroticism low,3.888132
ipip_stems,mean_tokens,6,25,Openness high; Conscientiousness high; Extraversion low; Agreeableness low; Neuroticism high,2.1275637
ipip_stems,mean_tokens,6,26,Openness high; Conscientiousness high; Extraversion low; Agreeableness high; Neuroticism low,3.7335303
ipip_stems,mean_tokens,6,27,Openness high; Conscientiousness high; Extraversion low; Agreeableness high; Neuroticism high,3.5010636
ipip_stems,mean_tokens,6,28,Openness high; Conscientiousness high; Extraversion high; Agreeableness low; Neuroticism low,3.6947958
ipip_stems,mean_tokens,6,29,Openness high; Conscientiousness high; Extraversion high; Agreeableness low; Neuroticism high,3.2643824
ipip_stems,mean_tokens,6,30,Openness high; Conscientiousness high; Extraversion high; Agreeableness high; Neuroticism low,3.2542262
ipip_stems,mean_tokens,6,31,Openness high; Conscientiousness high; Extraversion high; Agreeableness high; Neuroticism high,3.2685974
ipip_stems,mean_tokens,7,0,Openness low; Conscientiousness low; Extraversion low; Agreeableness low; Neuroticism low,3.4556785
ipip_stems,mean_tokens,7,1,Openness low; Conscientiousness low; Extraversion low; Agreeableness low; Neuroticism high,3.3922231
ipip_stems,mean_tokens,7,2,Openness low; Conscientiousness low; Extraversion low; Agreeableness high; Neuroticism low,2.5319412
ipip_stems,mean_tokens,7,3,Openness low; Conscientiousness low; Extraversion low; Agreeableness high; Neuroticism high,3.055214
ipip_stems,mean_tokens,7,4,Openness low; Conscientiousness low; Extraversion high; Agreeableness low; Neuroticism low,4.0518613
ipip_stems,mean_tokens,7,5,Openness low; Conscientiousness low; Extraversion high; Agreeableness low; Neuroticism high,3.411396
ipip_stems,mean_tokens,7,6,Openness low; Conscientiousness low; Extraversion high; Agreeableness high; Neuroticism low,3.4095564
ipip_stems,mean_tokens,7,7,Openness low; Conscientiousness low; Extraversion high; Agreeableness high; Neuroticism high,1.2737547
ipip_stems,mean_tokens,7,8,Openness low; Conscientiousness high; Extraversion low; Agreeableness low; Neuroticism low,3.471116
ipip_stems,mean_tokens,7,9,Openness low; Conscientiousness high; Extraversion low; Agreeableness low; Neuroticism high,3.116086
ipip_stems,mean_tokens,7,10,Openness low; Conscientiousness high; Extraversion low; Agreeableness high; Neuroticism low,3.8148007
ipip_stems,mean_tokens,7,11,Openness low; Conscientiousness high; Extraversion low; Agreeableness high; Neuroticism high,3.030172
ipip_stems,mean_tokens,7,12,Openness low; Conscientiousness high; Extraversion high; Agreeableness low; Neuroticism low,3.4122655
ipip_stems,mean_tokens,7,13,Openness low; Conscientiousness high; Extraversion high; Agreeableness low; Neuroticism high,2.2208652
ipip_stems,mean_tokens,7,14,Openness low; Conscientiousness high; Extraversion high; Agreeableness high; Neuroticism low,2.9590204
ipip_stems,mean_tokens,7,15,Openness low; Conscientiousness high; Extraversion high; Agreeableness high; Neuroticism high,3.7492664
ipip_stems,mean_tokens,7,16,Openness high; Conscientiousness low; Extraversion low; Agreeableness low; Neuroticism low,3.578148
ipip_stems,mean_tokens,7,17,Openness high; Conscientiousness low; Extraversion low; Agreeableness low; Neuroticism high,3.3924637
ipip_stems,mean_tokens,7,18,Openness high; Conscientiousness low; Extraversion low; Agreeableness high; Neuroticism low,2.6519566
ipip_stems,mean_tokens,7,19,Openness high; Conscientiousness low; Extraversion low; Agreeableness high; Neuroticism high,3.5840468
ipip_stems,mean_tokens,7,20,Openness high; Conscientiousness low; Extraversion high; Agreeableness low; Neuroticism low,3.0509276
ipip_stems,mean_tokens,7,21,Openness high; Conscientiousness low; Extraversion high; Agreeableness low; Neuroticism high,3.9007304
ipip_stems,mean_tokens,7,22,Openness high; Conscientiousness low; Extraversion high; Agreeableness high; Neuroticism low,3.4960053
ipip_stems,mean_tokens,7,23,Openness high; Conscientiousness low; Extraversion high; Agreeableness high; Neuroticism high,1.1182597
ipip_stems,mean_tokens,7,24,Openness high; Conscientiousness high; Extraversion low; Agreeableness low; Neuroticism low,4.0479083
ipip_stems,mean_tokens,7,25,Openness high; Conscientiousness high; Extraversion low; Agreeableness low; Neuroticism high,2.4001245
ipip_stems,mean_tokens,7,26,Openness high; Conscientiousness high; Extraversion low; Agreeableness high; Neuroticism low,3.9065578
ipip_stems,mean_tokens,7,27,Openness high; Conscientiousness high; Extraversion low; Agreeableness high; Neuroticism high,3.6863253
ipip_stems,mean_tokens,7,28,Openness high; Conscientiousness high; Extraversion high; Agreeableness low; Neuroticism low,3.8856218
ipip_stems,mean_tokens,7,29,Openness high; Conscientiousness high; Extraversion high; Agreeableness low; Neuroticism high,3.4635043
ipip_stems,mean_tokens,7,30,Openness high; Conscientiousness high; Extraversion high; Agreeableness high; Neuroticism low,3.438675
ipip_stems,mean_tokens,7,31,Openness high; Conscientiousness high; Extraversion high; Agreeableness high; Neuroticism high,3.4508293
ipip_stems,mean_tokens,8,0,Openness low; Conscientiousness low; Extraversion low; Agreeableness low; Neuroticism low,3.6485395
ipip_stems,mean_tokens,8,1,Openness low; Conscientiousness low; Extraversion low; Agreeableness low; Neuroticism high,3.5748842
ipip_stems,mean_tokens,8,2,Openness low; Conscientiousness low; Extraversion low; Agreeableness high; Neuroticism low,2.7826867
ipip_stems,mean_tokens,8,3,Openness low; Conscientiousness low; Extraversion low; Agreeableness high; Neuroticism high,3.2549534
ipip_stems,mean_tokens,8,4,Openness low; Conscientiousness low; Extraversion high; Agreeableness low; Neuroticism low,4.2340927
ipip_stems,mean_tokens,8,5,Openness low; Conscientiousness low; Extraversion high; Agreeableness low; Neuroticism high,3.6139605
ipip_stems,mean_tokens,8,6,Openness low; Conscientiousness low; Extraversion high; Agreeableness high; Neuroticism low,3.6288114
ipip_stems,mean_tokens,8,7,Openness low; Conscientiousness low; Extraversion high; Agreeableness high; Neuroticism high,1.3697436
ipip_stems,mean_tokens,8,8,Openness low; Conscientiousness high; Extraversion low; Agreeableness low; Neuroticism low,3.6824718
ipip_stems,mean_tokens,8,9,Openness low; Conscientiousness high; Extraversion low; Agreeableness low; Neuroticism high,3.3401337
ipip_stems,mean_tokens,8,10,Openness low; Conscientiousness high; Extraversion low; Agreeableness high; Neuroticism low,3.9866264
ipip_stems,mean_tokens,8,11,Openness low; Conscientiousness high; Extraversion low; Agreeableness high; Neuroticism high,3.2673519
ipip_stems,mean_tokens,8,12,Openness low; Conscientiousness high; Extraversion high; Agreeableness low; Neuroticism low,3.585562
ipip_stems,mean_tokens,8,13,Openness low; Conscientiousness high; Extraversion high; Agreeableness low; Neuroticism high,2.5445158
ipip_stems,mean_tokens,8,14,Openness low; Conscientiousness high; Extraversion high; Agreeableness high; Neuroticism low,3.206814
ipip_stems,mean_tokens,8,15,Openness low; Conscientiousness high; Extraversion high; Agreeableness high; Neuroticism high,3.9843214
ipip_stems,mean_tokens,8,16,Openness high; Conscientiousness low; Extraversion low; Agreeableness low; Neuroticism low,3.790845
ipip_stems,mean_tokens,8,17,Openness high; Conscientiousness low; Extraversion low; Agreeableness low; Neuroticism high,3.5943432
ipip_stems,mean_tokens,8,18,Openness high; Conscientiousness low; Extraversion low; Agreeableness high; Neuroticism low,2.9293063
ipip_stems,mean_tokens,8,19,Openness high; Conscientiousness low; Extraversion low; Agreeableness high; Neuroticism high,3.8263166
ipip_stems,mean_tokens,8,20,Openness high; Conscientiousness low; Extraversion high; Agreeableness low; Neuroticism low,3.2686234
ipip_stems,mean_tokens,8,21,Openness high; Conscientiousness low; Extraversion high; Agreeableness low; Neuroticism high,4.0311856
ipip_stems,mean_tokens,8,22,Openness high; Conscientiousness low; Extraversion high; Agreeableness high; Neuroticism low,3.6885886
ipip_stems,mean_tokens,8,23,Openness high; Conscientiousness low; Extraversion high; Agreeableness high; Neuroticism high,1.2905596
ipip_stems,mean_tokens,8,24,Openness high; Conscientiousness high; Extraversion low; Agreeableness low; Neuroticism low,4.1938295
ipip_stems,mean_tokens,8,25,Openness high; Conscientiousness high; Extraversion low; Agreeableness low; Neuroticism high,2.6823516
ipip_stems,mean_tokens,8,26,Openness high; Conscientiousness high; Extraversion low; Agreeableness high; Neuroticism low,4.075939
ipip_stems,mean_tokens,8,27,Openness high; Conscientiousness high; Extraversion low; Agreeableness high; Neuroticism high,3.8887215
ipip_stems,mean_tokens,8,28,Openness high; Conscientiousness high; Extraversion high; Agreeableness low; Neuroticism low,4.0543222
ipip_stems,mean_tokens,8,29,Openness high; Conscientiousness high; Extraversion high; Agreeableness low; Neuroticism high,3.6509197
ipip_stems,mean_tokens,8,30,Openness high; Conscientiousness high; Extraversion high; Agreeableness high; Neuroticism low,3.654878
ipip_stems,mean_tokens,8,31,Openness high; Conscientiousness high; Extraversion high; Agreeableness high; Neuroticism high,3.6193666
ipip_stems,mean_tokens,9,0,Openness low; Conscientiousness low; Extraversion low; Agreeableness low; Neuroticism low,3.7415192
ipip_stems,mean_tokens,9,1,Openness low; Conscientiousness low; Extraversion low; Agreeableness low; Neuroticism high,3.6788347
ipip_stems,mean_tokens,9,2,Openness low; Conscientiousness low; Extraversion low; Agreeableness high; Neuroticism low,2.9395688
ipip_stems,mean_tokens,9,3,Openness low; Conscientiousness low; Extraversion low; Agreeableness high; Neuroticism high,3.3615935
ipip_stems,mean_tokens,9,4,Openness low; Conscientiousness low; Extraversion high; Agreeableness low; Neuroticism low,4.2971363
ipip_stems,mean_tokens,9,5,Openness low; Conscientiousness low; Extraversion high; Agreeableness low; Neuroticism high,3.714877
ipip_stems,mean_tokens,9,6,Openness low; Conscientiousness low; Extraversion high; Agreeableness high; Neuroticism low,3.6984527
ipip_stems,mean_tokens,9,7,Openness low; Conscientiousness low; Extraversion high; Agreeableness high; Neuroticism high,1.443562
ipip_stems,mean_tokens,9,8,Openness low; Conscientiousness high; Extraversion low; Agreeableness low; Neuroticism low,3.7372885
ipip_stems,mean_tokens,9,9,Openness low; Conscientiousness high; Extraversion low; Agreeableness low; Neuroticism high,3.4058568
ipip_stems,mean_tokens,9,10,Openness low; Conscientiousness high; Extraversion low; Agreeableness high; Neuroticism low,4.0436134
ipip_stems,mean_tokens,9,11,Openness low; Conscientiousness high; Extraversion low; Agreeableness high; Neuroticism high,3.3406084
ipip_stems,mean_tokens,9,12,Openness low; Conscientiousness high; Extraversion high; Agreeableness low; Neuroticism low,3.655139
ipip_stems,mean_tokens,9,13,Openness low; Conscientiousness high; Extraversion high; Agreeableness low; Neuroticism high,2.616571
ipip_stems,mean_tokens,9,14,Openness low; Conscientiousness high; Extraversion high; Agreeableness high; Neuroticism low,3.3074305
ipip_stems,mean_tokens,9,15,Openness low; Conscientiousness high; Extraversion high; Agreeableness high; Neuroticism high,4.083029
ipip_stems,mean_tokens,9,16,Openness high; Conscientiousness low; Extraversion low; Agreeableness low; Neuroticism low,3.8741798
ipip_stems,mean_tokens,9,17,Openness high; Conscientiousness low; Extraversion low; Agreeableness low; Neuroticism high,3.7069077
ipip_stems,mean_tokens,9,18,Openness high; Conscientiousness low; Extraversion low; Agreeableness high; Neuroticism low,3.118365
ipip_stems,mean_tokens,9,19,Openness high; Conscientiousness low; Extraversion low; Agreeableness high; Neuroticism high,3.940504
ipip_stems,mean_tokens,9,20,Openness high; Conscientiousness low; Extraversion high; Agreeableness low; Neuroticism low,3.3496082
ipip_stems,mean_tokens,9,21,Openness high; Conscientiousness low; Extraversion high; Agreeableness low; Neuroticism high,4.2007165
ipip_stems,mean_tokens,9,22,Openness high; Conscientiousness low; Extraversion high; Agreeableness high; Neuroticism low,3.8154955
ipip_stems,mean_tokens,9,23,Openness high; Conscientiousness low; Extraversion high; Agreeableness high; Neuroticism high,1.4549092
ipip_stems,mean_tokens,9,24,Openness high; Conscientiousness high; Extraversion low; Agreeableness low; Neuroticism low,4.2520895
ipip_stems,mean_tokens,9,25,Openness high; Conscientiousness high; Extraversion low; Agreeableness low; Neuroticism high,2.7668338
ipip_stems,mean_tokens,9,26,Openness high; Conscientiousness high; Extraversion low; Agreeableness high; Neuroticism low,4.161618
ipip_stems,mean_tokens,9,27,Openness high; Conscientiousness high; Extraversion low; Agreeableness high; Neuroticism high,3.936749
ipip_stems,mean_tokens,9,28,Openness high; Conscientiousness high; Extraversion high; Agreeableness low; Neuroticism low,4.142021
ipip_stems,mean_tokens,9,29,Openness high; Conscientiousness high; Extraversion high; Agreeableness low; Neuroticism high,3.7401862
ipip_stems,mean_tokens,9,30,Openness high; Conscientiousness high; Extraversion high; Agreeableness high; Neuroticism low,3.7426193
ipip_stems,mean_tokens,9,31,Openness high; Conscientiousness high; Extraversion high; Agreeableness high; Neuroticism high,3.6999521
ipip_stems,mean_tokens,10,0,Openness low; Conscientiousness low; Extraversion low; Agreeableness low; Neuroticism low,3.8131168
ipip_stems,mean_tokens,10,1,Openness low; Conscientiousness low; Extraversion low; Agreeableness low; Neuroticism high,3.7570572
ipip_stems,mean_tokens,10,2,Openness low; Conscientiousness low; Extraversion low; Agreeableness high; Neuroticism low,3.0345132
ipip_stems,mean_tokens,10,3,Openness low; Conscientiousness low; Extraversion low; Agreeableness high; Neuroticism high,3.4408507
ipip_stems,mean_tokens,10,4,Openness low; Conscientiousness low; Extraversion high; Agreeableness low; Neuroticism low,4.3880363
ipip_stems,mean_tokens,10,5,Openness low; Conscientiousness low; Extraversion high; Agreeableness low; Neuroticism high,3.796562
ipip_stems,mean_tokens,10,6,Openness low; Conscientiousness low; Extraversion high; Agreeableness high; Neuroticism low,3.775065
ipip_stems,mean_tokens,10,7,Openness low; Conscientiousness low; Extraversion high; Agreeableness high; Neuroticism high,1.5467649
ipip_stems,mean_tokens,10,8,Openness low; Conscientiousness high; Extraversion low; Agreeableness low; Neuroticism low,3.8128555
ipip_stems,mean_tokens,10,9,Openness low; Conscientiousness high; Extraversion low; Agreeableness low; Neuroticism high,3.4720232
ipip_stems,mean_tokens,10,10,Openness low; Conscientiousness high; Extraversion low; Agreeableness high; Neuroticism low,4.112354
ipip_stems,mean_tokens,10,11,Openness low; Conscientiousness high; Extraversion low; Agreeableness high; Neuroticism high,3.4150085
ipip_stems,mean_tokens,10,12,Openness low; Conscientiousness high; Extraversion high; Agreeableness low; Neuroticism low,3.7115493
ipip_stems,mean_tokens,10,13,Openness low; Conscientiousness high; Extraversion high; Agreeableness low; Neuroticism high,2.7146857
ipip_stems,mean_tokens,10,14,Openness low; Conscientiousness high; Extraversion high; Agreeableness high; Neuroticism low,3.3915694
ipip_stems,mean_tokens,10,15,Openness low; Conscientiousness high; Extraversion high; Agreeableness high; Neuroticism high,4.171997
ipip_stems,mean_tokens,10,16,Openness high; Conscientiousness low; Extraversion low; Agreeableness low; Neuroticism low,3.9405303
ipip_stems,mean_tokens,10,17,Openness high; Conscientiousness low; Extraversion low; Agreeableness low; Neuroticism high,3.771342
ipip_stems,mean_tokens,10,18,Openness high; Conscientiousness low; Extraversion low; Agreeableness high; Neuroticism low,3.2605813
ipip_stems,mean_tokens,10,19,Openness high; Conscientiousness low; Extraversion low; Agreeableness high; Neuroticism high,4.0299377
ipip_stems,mean_tokens,10,20,Openness high; Conscientiousness low; Extraversion high; Agreeableness low; Neuroticism low,3.42072
ipip_stems,mean_tokens,10,21,Openness high; Conscientiousness low; Extraversion high; Agreeableness low; Neuroticism high,4.2410517
ipip_stems,mean_tokens,10,22,Openness high; Conscientiousness low; Extraversion high; Agreeableness high; Neuroticism low,3.8752527
ipip_stems,mean_tokens,10,23,Openness high; Conscientiousness low; Extraversion high; Agreeableness high; Neuroticism high,1.5924224
ipip_stems,mean_tokens,10,24,Openness high; Conscientiousness high; Extraversion low; Agreeableness low; Neuroticism low,4.290025
ipip_stems,mean_tokens,10,25,Openness high; Conscientiousness high; Extraversion low; Agreeableness low; Neuroticism high,2.8602903
ipip_stems,mean_tokens,10,26,Openness high; Conscientiousness high; Extraversion low; Agreeableness high; Neuroticism low,4.206481
ipip_stems,mean_tokens,10,27,Openness high; Conscientiousness high; Extraversion low; Agreeableness high; Neuroticism high,3.999366
ipip_stems,mean_tokens,10,28,Openness high; Conscientiousness high; Extraversion high; Agreeableness low; Neuroticism low,4.205499
ipip_stems,mean_tokens,10,29,Openness high; Conscientiousness high; Extraversion high; Agreeableness low; Neuroticism high,3.8201015
ipip_stems,mean_tokens,10,30,Openness high; Conscientiousness high; Extraversion high; Agreeableness high; Neuroticism low,3.7727463
ipip_stems,mean_tokens,10,31,Openness high; Conscientiousness high; Extraversion high; Agreeableness high; Neuroticism high,3.767525
ipip_stems,mean_tokens,11,0,Openness low; Conscientiousness low; Extraversion low; Agreeableness low; Neuroticism low,3.8371375
ipip_stems,mean_tokens,11,1,Openness low; Conscientiousness low; Extraversion low; Agreeableness low; Neuroticism high,3.7885294
ipip_stems,mean_tokens,11,2,Openness low; Conscientiousness low; Extraversion low; Agreeableness high; Neuroticism low,3.1362457
ipip_stems,mean_tokens,11,3,Openness low; Conscientiousness low; Extraversion low; Agreeableness high; Neuroticism high,3.5628197
ipip_stems,mean_tokens,11,4,Openness low; Conscientiousness low; Extraversion high; Agreeableness low; Neuroticism low,4.4483666
ipip_stems,mean_tokens,11,5,Openness low; Conscientiousness low; Extraversion high; Agreeableness low; Neuroticism high,3.9186747
ipip_stems,mean_tokens,11,6,Openness low; Conscientiousness low; Extraversion high; Agreeableness high; Neuroticism low,3.8309371
ipip_stems,mean_tokens,11,7,Openness low; Conscientiousness low; Extraversion high; Agreeableness high; Neuroticism high,1.6605474
ipip_stems,mean_tokens,11,8,Openness low; Conscientiousness high; Extraversion low; Agreeableness low; Neuroticism low,3.8474553
ipip_stems,mean_tokens,11,9,Openness low; Conscientiousness high; Extraversion low; Agreeableness low; Neuroticism high,3.5254612
ipip_stems,mean_tokens,11,10,Openness low; Conscientiousness high; Extraversion low; Agreeableness high; Neuroticism low,4.1571255
ipip_stems,mean_tokens,11,11,Openness low; Conscientiousness high; Extraversion low; Agreeableness high; Neuroticism high,3.4968402
ipip_stems,mean_tokens,11,12,Openness low; Conscientiousness high; Extraversion high; Agreeableness low; Neuroticism low,3.7804003
ipip_stems,mean_tokens,11,13,Openness low; Conscientiousness high; Extraversion high; Agreeableness low; Neuroticism high,2.7805626
ipip_stems,mean_tokens,11,14,Openness low; Conscientiousness high; Extraversion high; Agreeableness high; Neuroticism low,3.4142544
ipip_stems,mean_tokens,11,15,Openness low; Conscientiousness high; Extraversion high; Agreeableness high; Neuroticism high,4.272634
ipip_stems,mean_tokens,11,16,Openness high; Conscientiousness low; Extraversion low; Agreeableness low; Neuroticism low,4.048267
ipip_stems,mean_tokens,11,17,Openness high; Conscientiousness low; Extraversion low; Agreeableness low; Neuroticism high,3.8326743
ipip_stems,mean_tokens,11,18,Openness high; Conscientiousness low; Extraversion low; Agreeableness high; Neuroticism low,3.4108813
ipip_stems,mean_tokens,11,19,Openness high; Conscientiousness low; Extraversion low; Agreeableness high; Neuroticism high,4.1181846
ipip_stems,mean_tokens,11,20,Openness high; Conscientiousness low; Extraversion high; Agreeableness low; Neuroticism low,3.4662948
ipip_stems,mean_tokens,11,21,Openness high; Conscientiousness low; Extraversion high; Agreeableness low; Neuroticism high,4.289445
ipip_stems,mean_tokens,11,22,Openness high; Conscientiousness low; Extraversion high; Agreeableness high; Neuroticism low,4.054111
ipip_stems,mean_tokens,11,23,Openness high; Conscientiousness low; Extraversion high; Agreeableness high; Neuroticism high,1.7452177
ipip_stems,mean_tokens,11,24,Openness high; Conscientiousness high; Extraversion low; Agreeableness low; Neuroticism low,4.3342667
ipip_stems,mean_tokens,11,25,Openness high; Conscientiousness high; Extraversion low; Agreeableness low; Neuroticism high,2.9385128
ipip_stems,mean_tokens,11,26,Openness high; Conscientiousness high; Extraversion low; Agreeableness high; Neuroticism low,4.2320876
ipip_stems,mean_tokens,11,27,Openness high; Conscientiousness high; Extraversion low; Agreeableness high; Neuroticism high,4.0298743
ipip_stems,mean_tokens,11,28,Openness high; Conscientiousness high; Extraversion high; Agreeableness low; Neuroticism low,4.247547
ipip_stems,mean_tokens,11,29,Openness high; Conscientiousness high; Extraversion high; Agreeableness low; Neuroticism high,3.8568707
ipip_stems,mean_tokens,11,30,Openness high; Conscientiousness high; Extraversion high; Agreeableness high; Neuroticism low,3.839759
ipip_stems,mean_tokens,11,31,Openness high; Conscientiousness high; Extraversion high; Agreeableness high; Neuroticism high,3.8516734
ipip_stems,mean_tokens,12,0,Openness low; Conscientiousness low; Extraversion low; Agreeableness low; Neuroticism low,4.0003285
ipip_stems,mean_tokens,12,1,Openness low; Conscientiousness low; Extraversion low; Agreeableness low; Neuroticism high,3.9718096
ipip_stems,mean_tokens,12,2,Openness low; Conscientiousness low; Extraversion low; Agreeableness high; Neuroticism low,3.3732705
ipip_stems,mean_tokens,12,3,Openness low; Conscientiousness low; Extraversion low; Agreeableness high; Neuroticism high,3.690598
ipip_stems,mean_tokens,12,4,Openness low; Conscientiousness low; Extraversion high; Agreeableness low; Neuroticism low,4.598928
ipip_stems,mean_tokens,12,5,Openness low; Conscientiousness low; Extraversion high; Agreeableness low; Neuroticism high,4.0799947
ipip_stems,mean_tokens,12,6,Openness low; Conscientiousness low; Extraversion high; Agreeableness high; Neuroticism low,4.0267067
ipip_stems,mean_tokens,12,7,Openness low; Conscientiousness low; Extraversion high; Agreeableness high; Neuroticism high,1.8335762
ipip_stems,mean_tokens,12,8,Openness low; Conscientiousness high; Extraversion low; Agreeableness low; Neuroticism low,4.0726204
ipip_stems,mean_tokens,12,9,Openness low; Conscientiousness high; Extraversion low; Agreeableness low; Neuroticism high,3.7525985
ipip_stems,mean_tokens,12,10,Openness low; Conscientiousness high; Extraversion low; Agreeableness high; Neuroticism low,4.328506
ipip_stems,mean_tokens,12,11,Openness low; Conscientiousness high; Extraversion low; Agreeableness high; Neuroticism high,3.701985
ipip_stems,mean_tokens,12,12,Openness low; Conscientiousness high; Extraversion high; Agreeableness low; Neuroticism low,3.9114695
ipip_stems,mean_tokens,12,13,Openness low; Conscientiousness high; Extraversion high; Agreeableness low; Neuroticism high,3.048365
ipip_stems,mean_tokens,12,14,Openness low; Conscientiousness high; Extraversion high; Agreeableness high; Neuroticism low,3.6587167
ipip_stems,mean_tokens,12,15,Openness low; Conscientiousness high; Extraversion high; Agreeableness high; Neuroticism high,4.4137945
ipip_stems,mean_tokens,12,16,Openness high; Conscientiousness low; Extraversion low; Agreeableness low; Neuroticism low,4.2249017
ipip_stems,mean_tokens,12,17,Openness high; Conscientiousness low; Extraversion low; Agreeableness low; Neuroticism high,3.9616404
ipip_stems,mean_tokens,12,18,Openness high; Conscientiousness low; Extraversion low; Agreeableness high; Neuroticism low,3.5613163
ipip_stems,mean_tokens,12,19,Openness high; Conscientiousness low; Extraversion low; Agreeableness high; Neuroticism high,4.247877
ipip_stems,mean_tokens,12,20,Openness high; Conscientiousness low; Extraversion high; Agreeableness low; Neuroticism low,3.6461058
ipip_stems,mean_tokens,12,21,Openness high; Conscientiousness low; Extraversion high; Agreeableness low; Neuroticism high,4.4031806
ipip_stems,mean_tokens,12,22,Openness high; Conscientiousness low; Extraversion high; Agreeableness high; Neuroticism low,4.197258
ipip_stems,mean_tokens,12,23,Openness high; Conscientiousness low; Extraversion high; Agreeableness high; Neuroticism high,1.9796923
ipip_stems,mean_tokens,12,24,Openness high; Conscientiousness high; Extraversion low; Agreeableness low; Neuroticism low,4.476442
ipip_stems,mean_tokens,12,25,Openness high; Conscientiousness high; Extraversion low; Agreeableness low; Neuroticism high,3.2318137
ipip_stems,mean_tokens,12,26,Openness high; Conscientiousness high; Extraversion low; Agreeableness high; Neuroticism low,4.3476543
ipip_stems,mean_tokens,12,27,Openness high; Conscientiousness high; Extraversion low; Agreeableness high; Neuroticism high,4.2195168
ipip_stems,mean_tokens,12,28,Openness high; Conscientiousness high; Extraversion high; Agreeableness low; Neuroticism low,4.36903
ipip_stems,mean_tokens,12,29,Openness high; Conscientiousness high; Extraversion high; Agreeableness low; Neuroticism high,4.041729
ipip_stems,mean_tokens,12,30,Openness high; Conscientiousness high; Extraversion high; Agreeableness high; Neuroticism low,4.072318
ipip_stems,mean_tokens,12,31,Openness high; Conscientiousness high; Extraversion high; Agreeableness high; Neuroticism high,4.0243387
ipip_stems,mean_tokens,13,0,Openness low; Conscientiousness low; Extraversion low; Agreeableness low; Neuroticism low,4.091388
ipip_stems,mean_tokens,13,1,Openness low; Conscientiousness low; Extraversion low; Agreeableness low; Neuroticism high,4.02994
ipip_stems,mean_tokens,13,2,Openness low; Conscientiousness low; Extraversion low; Agreeableness high; Neuroticism low,3.4747286
ipip_stems,mean_tokens,13,3,Openness low; Conscientiousness low; Extraversion low; Agreeableness high; Neuroticism high,3.8341937
ipip_stems,mean_tokens,13,4,Openness low; Conscientiousness low; Extraversion high; Agreeableness low; Neuroticism low,4.624312
ipip_stems,mean_tokens,13,5,Openness low; Conscientiousness low; Extraversion high; Agreeableness low; Neuroticism high,4.0981154
ipip_stems,mean_tokens,13,6,Openness low; Conscientiousness low; Extraversion high; Agreeableness high; Neuroticism low,4.1091385
ipip_stems,mean_tokens,13,7,Openness low; Conscientiousness low; Extraversion high; Agreeableness high; Neuroticism high,1.898059
ipip_stems,mean_tokens,13,8,Openness low; Conscientiousness high; Extraversion low; Agreeableness low; Neuroticism low,4.127152
ipip_stems,mean_tokens,13,9,Openness low; Conscientiousness high; Extraversion low; Agreeableness low; Neuroticism high,3.8386707
ipip_stems,mean_tokens,13,10,Openness low; Conscientiousness high; Extraversion low; Agreeableness high; Neuroticism low,4.3656077
ipip_stems,mean_tokens,13,11,Openness low; Conscientiousness high; Extraversion low; Agreeableness high; Neuroticism high,3.8372426
ipip_stems,mean_tokens,13,12,Openness low; Conscientiousness high; Extraversion high; Agreeableness low; Neuroticism low,4.018947
ipip_stems,mean_tokens,13,13,Openness low; Conscientiousness high; Extraversion high; Agreeableness low; Neuroticism high,3.1327791
ipip_stems,mean_tokens,13,14,Openness low; Conscientiousness high; Extraversion high; Agreeableness high; Neuroticism low,3.754058
ipip_stems,mean_tokens,13,15,Openness low; Conscientiousness high; Extraversion high; Agreeableness high; Neuroticism high,4.4733124
ipip_stems,mean_tokens,13,16,Openness high; Conscientiousness low; Extraversion low; Agreeableness low; Neuroticism low,4.2808847
ipip_stems,mean_tokens,13,17,Openness high; Conscientiousness low; Extraversion low; Agreeableness low; Neuroticism high,4.05525
ipip_stems,mean_tokens,13,18,Openness high; Conscientiousness low; Extraversion low; Agreeableness high; Neuroticism low,3.6312711
ipip_stems,mean_tokens,13,19,Openness high; Conscientiousness low; Extraversion low; Agreeableness high; Neuroticism high,4.3580127
ipip_stems,mean_tokens,13,20,Openness high; Conscientiousness low; Extraversion high; Agreeableness low; Neuroticism low,3.7245133
ipip_stems,mean_tokens,13,21,Openness high; Conscientiousness low; Extraversion high; Agreeableness low; Neuroticism high,4.51975
ipip_stems,mean_tokens,13,22,Openness high; Conscientiousness low; Extraversion high; Agreeableness high; Neuroticism low,4.2716837
ipip_stems,mean_tokens,13,23,Openness high; Conscientiousness low; Extraversion high; Agreeableness high; Neuroticism high,2.0653446
ipip_stems,mean_tokens,13,24,Openness high; Conscientiousness high; Extraversion low; Agreeableness low; Neuroticism low,4.5747557
ipip_stems,mean_tokens,13,25,Openness high; Conscientiousness high; Extraversion low; Agreeableness low; Neuroticism high,3.35598
ipip_stems,mean_tokens,13,26,Openness high; Conscientiousness high; Extraversion low; Agreeableness high; Neuroticism low,4.408706
ipip_stems,mean_tokens,13,27,Openness high; Conscientiousness high; Extraversion low; Agreeableness high; Neuroticism high,4.291266
ipip_stems,mean_tokens,13,28,Openness high; Conscientiousness high; Extraversion high; Agreeableness low; Neuroticism low,4.4291673
ipip_stems,mean_tokens,13,29,Openness high; Conscientiousness high; Extraversion high; Agreeableness low; Neuroticism high,4.140786
ipip_stems,mean_tokens,13,30,Openness high; Conscientiousness high; Extraversion high; Agreeableness high; Neuroticism low,4.105292
ipip_stems,mean_tokens,13,31,Openness high; Conscientiousness high; Extraversion high; Agreeableness high; Neuroticism high,4.0856113
ipip_stems,mean_tokens,14,0,Openness low; Conscientiousness low; Extraversion low; Agreeableness low; Neuroticism low,4.217414
ipip_stems,mean_tokens,14,1,Openness low; Conscientiousness low; Extraversion low; Agreeableness low; Neuroticism high,4.1334987
ipip_stems,mean_tokens,14,2,Openness low; Conscientiousness low; Extraversion low; Agreeableness high; Neuroticism low,3.5863378
ipip_stems,mean_tokens,14,3,Openness low; Conscientiousness low; Extraversion low; Agreeableness high; Neuroticism high,3.900748
ipip_stems,mean_tokens,14,4,Openness low; Conscientiousness low; Extraversion high; Agreeableness low; Neuroticism low,4.7096453
ipip_stems,mean_tokens,14,5,Openness low; Conscientiousness low; Extraversion high; Agreeableness low; Neuroticism high,4.230078
ipip_stems,mean_tokens,14,6,Openness low; Conscientiousness low; Extraversion high; Agreeableness high; Neuroticism low,4.191198
ipip_stems,mean_tokens,14,7,Openness low; Conscientiousness low; Extraversion high; Agreeableness high; Neuroticism high,2.055363
ipip_stems,mean_tokens,14,8,Openness low; Conscientiousness high; Extraversion low; Agreeableness low; Neuroticism low,4.23722
ipip_stems,mean_tokens,14,9,Openness low; Conscientiousness high; Extraversion low; Agreeableness low; Neuroticism high,3.91881
ipip_stems,mean_tokens,14,10,Openness low; Conscientiousness high; Extraversion low; Agreeableness high; Neuroticism low,4.490388
ipip_stems,mean_tokens,14,11,Openness low; Conscientiousness high; Extraversion low; Agreeableness high; Neuroticism high,3.9260812
ipip_stems,mean_tokens,14,12,Openness low; Conscientiousness high; Extraversion high; Agreeableness low; Neuroticism low,4.107998
ipip_stems,mean_tokens,14,13,Openness low; Conscientiousness high; Extraversion high; Agreeableness low; Neuroticism high,3.2133873
ipip_stems,mean_tokens,14,14,Openness low; Conscientiousness high; Extraversion high; Agreeableness high; Neuroticism low,3.8466702
ipip_stems,mean_tokens,14,15,Openness low; Conscientiousness high; Extraversion high; Agreeableness high; Neuroticism high,4.545677
ipip_stems,mean_tokens,14,16,Openness high; Conscientiousness low; Extraversion low; Agreeableness low; Neuroticism low,4.367247
ipip_stems,mean_tokens,14,17,Openness high; Conscientiousness low; Extraversion low; Agreeableness low; Neuroticism high,4.143433
ipip_stems,mean_tokens,14,18,Openness high; Conscientiousness low; Extraversion low; Agreeableness high; Neuroticism low,3.7178442
ipip_stems,mean_tokens,14,19,Openness high; Conscientiousness low; Extraversion low; Agreeableness high; Neuroticism high,4.439044
ipip_stems,mean_tokens,14,20,Openness high; Conscientiousness low; Extraversion high; Agreeableness low; Neuroticism low,3.8844118
ipip_stems,mean_tokens,14,21,Openness high; Conscientiousness low; Extraversion high; Agreeableness low; Neuroticism high,4.563641
ipip_stems,mean_tokens,14,22,Openness high; Conscientiousness low; Extraversion high; Agreeableness high; Neuroticism low,4.360034
ipip_stems,mean_tokens,14,23,Openness high; Conscientiousness low; Extraversion high; Agreeableness high; Neuroticism high,2.2796695
ipip_stems,mean_tokens,14,24,Openness high; Conscientiousness high; Extraversion low; Agreeableness low; Neuroticism low,4.6738706
ipip_stems,mean_tokens,14,25,Openness high; Conscientiousness high; Extraversion low; Agreeableness low; Neuroticism high,3.5131667
ipip_stems,mean_tokens,14,26,Openness high; Conscientiousness high; Extraversion low; Agreeableness high; Neuroticism low,4.481789
ipip_stems,mean_tokens,14,27,Openness high; Conscientiousness high; Extraversion low; Agreeableness high; Neuroticism high,4.3860626
ipip_stems,mean_tokens,14,28,Openness high; Conscientiousness high; Extraversion high; Agreeableness low; Neuroticism low,4.5338125
ipip_stems,mean_tokens,14,29,Openness high; Conscientiousness high; Extraversion high; Agreeableness low; Neuroticism high,4.2522616
ipip_stems,mean_tokens,14,30,Openness high; Conscientiousness high; Extraversion high; Agreeableness high; Neuroticism low,4.221554
ipip_stems,mean_tokens,14,31,Openness high; Conscientiousness high; Extraversion high; Agreeableness high; Neuroticism high,4.259909
ipip_stems,mean_tokens,15,0,Openness low; Conscientiousness low; Extraversion low; Agreeableness low; Neuroticism low,4.3170853
ipip_stems,mean_tokens,15,1,Openness low; Conscientiousness low; Extraversion low; Agreeableness low; Neuroticism high,4.284934
ipip_stems,mean_tokens,15,2,Openness low; Conscientiousness low; Extraversion low; Agreeableness high; Neuroticism low,3.7626448
ipip_stems,mean_tokens,15,3,Openness low; Conscientiousness low; Extraversion low; Agreeableness high; Neuroticism high,4.0378294
ipip_stems,mean_tokens,15,4,Openness low; Conscientiousness low; Extraversion high; Agreeableness low; Neuroticism low,4.820725
ipip_stems,mean_tokens,15,5,Openness low; Conscientiousness low; Extraversion high; Agreeableness low; Neuroticism high,4.3008156
ipip_stems,mean_tokens,15,6,Openness low; Conscientiousness low; Extraversion high; Agreeableness high; Neuroticism low,4.356432
ipip_stems,mean_tokens,15,7,Openness low; Conscientiousness low; Extraversion high; Agreeableness high; Neuroticism high,2.1585188
ipip_stems,mean_tokens,15,8,Openness low; Conscientiousness high; Extraversion low; Agreeableness low; Neuroticism low,4.3814535
ipip_stems,mean_tokens,15,9,Openness low; Conscientiousness high; Extraversion low; Agreeableness low; Neuroticism high,4.0395384
ipip_stems,mean_tokens,15,10,Openness low; Conscientiousness high; Extraversion low; Agreeableness high; Neuroticism low,4.593241
ipip_stems,mean_tokens,15,11,Openness low; Conscientiousness high; Extraversion low; Agreeableness high; Neuroticism high,4.046013
ipip_stems,mean_tokens,15,12,Openness low; Conscientiousness high; Extraversion high; Agreeableness low; Neuroticism low,4.2145405
ipip_stems,mean_tokens,15,13,Openness low; Conscientiousness high; Extraversion high; Agreeableness low; Neuroticism high,3.2940629
ipip_stems,mean_tokens,15,14,Openness low; Conscientiousness high; Extraversion high; Agreeableness high; Neuroticism low,3.9847329
ipip_stems,mean_tokens,15,15,Openness low; Conscientiousness high; Extraversion high; Agreeableness high; Neuroticism high,4.7819757
ipip_stems,mean_tokens,15,16,Openness high; Conscientiousness low; Extraversion low; Agreeableness low; Neuroticism low,4.4596863
ipip_stems,mean_tokens,15,17,Openness high; Conscientiousness low; Extraversion low; Agreeableness low; Neuroticism high,4.300112
ipip_stems,mean_tokens,15,18,Openness high; Conscientiousness low; Extraversion low; Agreeableness high; Neuroticism low,3.888695
ipip_stems,mean_tokens,15,19,Openness high; Conscientiousness low; Extraversion low; Agreeableness high; Neuroticism high,4.5441318
ipip_stems,mean_tokens,15,20,Openness high; Conscientiousness low; Extraversion high; Agreeableness low; Neuroticism low,3.9894595
ipip_stems,mean_tokens,15,21,Openness high; Conscientiousness low; Extraversion high; Agreeableness low; Neuroticism high,4.631916
ipip_stems,mean_tokens,15,22,Openness high; Conscientiousness low; Extraversion high; Agreeableness high; Neuroticism low,4.501917
ipip_stems,mean_tokens,15,23,Openness high; Conscientiousness low; Extraversion high; Agreeableness high; Neuroticism high,2.4228888
ipip_stems,mean_tokens,15,24,Openness high; Conscientiousness high; Extraversion low; Agreeableness low; Neuroticism low,4.7932477
ipip_stems,mean_tokens,15,25,Openness high; Conscientiousness high; Extraversion low; Agreeableness low; Neuroticism high,3.6730676
ipip_stems,mean_tokens,15,26,Openness high; Conscientiousness high; Extraversion low; Agreeableness high; Neuroticism low,4.6208205
ipip_stems,mean_tokens,15,27,Openness high; Conscientiousness high; Extraversion low; Agreeableness high; Neuroticism high,4.495493
ipip_stems,mean_tokens,15,28,Openness high; Conscientiousness high; Extraversion high; Agreeableness low; Neuroticism low,4.6601334
ipip_stems,mean_tokens,15,29,Openness high; Conscientiousness high; Extraversion high; Agreeableness low; Neuroticism high,4.3736553
ipip_stems,mean_tokens,15,30,Openness high; Conscientiousness high; Extraversion high; Agreeableness high; Neuroticism low,4.334197
ipip_stems,mean_tokens,15,31,Openness high; Conscientiousness high; Extraversion high; Agreeableness high; Neuroticism high,4.43753
ipip_stems,mean_tokens,16,0,Openness low; Conscientiousness low; Extraversion low; Agreeableness low; Neuroticism low,4.7107587
ipip_stems,mean_tokens,16,1,Openness low; Conscientiousness low; Extraversion low; Agreeableness low; Neuroticism high,4.65836
ipip_stems,mean_tokens,16,2,Openness low; Conscientiousness low; Extraversion low; Agreeableness high; Neuroticism low,4.3240147
ipip_stems,mean_tokens,16,3,Openness low; Conscientiousness low; Extraversion low; Agreeableness high; Neuroticism high,4.451833
ipip_stems,mean_tokens,16,4,Openness low; Conscientiousness low; Extraversion high; Agreeableness low; Neuroticism low,5.148958
ipip_stems,mean_tokens,16,5,Openness low; Conscientiousness low; Extraversion high; Agreeableness low; Neuroticism high,4.704894
ipip_stems,mean_tokens,16,6,Openness low; Conscientiousness low; Extraversion high; Agreeableness high; Neuroticism low,4.756766
ipip_stems,mean_tokens,16,7,Openness low; Conscientiousness low; Extraversion high; Agreeableness high; Neuroticism high,2.3925734
ipip_stems,mean_tokens,16,8,Openness low; Conscientiousness high; Extraversion low; Agreeableness low; Neuroticism low,4.799259
ipip_stems,mean_tokens,16,9,Openness low; Conscientiousness high; Extraversion low; Agreeableness low; Neuroticism high,4.4627314
ipip_stems,mean_tokens,16,10,Openness low; Conscientiousness high; Extraversion low; Agreeableness high; Neuroticism low,4.951969
ipip_stems,mean_tokens,16,11,Openness low; Conscientiousness high; Extraversion low; Agreeableness high; Neuroticism high,4.5101824
ipip_stems,mean_tokens,16,12,Openness low; Conscientiousness high; Extraversion high; Agreeableness low; Neuroticism low,4.6511073
ipip_stems,mean_tokens,16,13,Openness low; Conscientiousness high; Extraversion high; Agreeableness low; Neuroticism high,3.8083909
ipip_stems,mean_tokens,16,14,Openness low; Conscientiousness high; Extraversion high; Agreeableness high; Neuroticism low,4.3873916
ipip_stems,mean_tokens,16,15,Openness low; Conscientiousness high; Extraversion high; Agreeableness high; Neuroticism high,5.176787
ipip_stems,mean_tokens,16,16,Openness high; Conscientiousness low; Extraversion low; Agreeableness low; Neuroticism low,4.8855906
ipip_stems,mean_tokens,16,17,Openness high; Conscientiousness low; Extraversion low; Agreeableness low; Neuroticism high,4.64902
ipip_stems,mean_tokens,16,18,Openness high; Conscientiousness low; Extraversion low; Agreeableness high; Neuroticism low,4.4194846
ipip_stems,mean_tokens,16,19,Openness high; Conscientiousness low; Extraversion low; Agreeableness high; Neuroticism high,4.8974113
ipip_stems,mean_tokens,16,20,Openness high; Conscientiousness low; Extraversion high; Agreeableness low; Neuroticism low,4.4004893
ipip_stems,mean_tokens,16,21,Openness high; Conscientiousness low; Extraversion high; Agreeableness low; Neuroticism high,4.9568796
ipip_stems,mean_tokens,16,22,Openness high; Conscientiousness low; Extraversion high; Agreeableness high; Neuroticism low,4.872097
ipip_stems,mean_tokens,16,23,Openness high; Conscientiousness low; Extraversion high; Agreeableness high; Neuroticism high,2.7359693
ipip_stems,mean_tokens,16,24,Openness high; Conscientiousness high; Extraversion low; Agreeableness low; Neuroticism low,5.1496286
ipip_stems,mean_tokens,16,25,Openness high; Conscientiousness high; Extraversion low; Agreeableness low; Neuroticism high,4.209541
ipip_stems,mean_tokens,16,26,Openness high; Conscientiousness high; Extraversion low; Agreeableness high; Neuroticism low,4.9851313
ipip_stems,mean_tokens,16,27,Openness high; Conscientiousness high; Extraversion low; Agreeableness high; Neuroticism high,4.9089212
ipip_stems,mean_tokens,16,28,Openness high; Conscientiousness high; Extraversion high; Agreeableness low; Neuroticism low,5.0156107
ipip_stems,mean_tokens,16,29,Openness high; Conscientiousness high; Extraversion high; Agreeableness low; Neuroticism high,4.819236
ipip_stems,mean_tokens,16,30,Openness high; Conscientiousness high; Extraversion high; Agreeableness high; Neuroticism low,4.745054
ipip_stems,mean_tokens,16,31,Openness high; Conscientiousness high; Extraversion high; Agreeableness high; Neuroticism high,4.7945204
ipip_stems,mean_tokens,17,0,Openness low; Conscientiousness low; Extraversion low; Agreeableness low; Neuroticism low,4.9586444
ipip_stems,mean_tokens,17,1,Openness low; Conscientiousness low; Extraversion low; Agreeableness low; Neuroticism high,4.946306
ipip_stems,mean_tokens,17,2,Openness low; Conscientiousness low; Extraversion low; Agreeableness high; Neuroticism low,4.63005
ipip_stems,mean_tokens,17,3,Openness low; Conscientiousness low; Extraversion low; Agreeableness high; Neuroticism high,4.8119617
ipip_stems,mean_tokens,17,4,Openness low; Conscientiousness low; Extraversion high; Agreeableness low; Neuroticism low,5.4329767
ipip_stems,mean_tokens,17,5,Openness low; Conscientiousness low; Extraversion high; Agreeableness low; Neuroticism high,4.979847
ipip_stems,mean_tokens,17,6,Openness low; Conscientiousness low; Extraversion high; Agreeableness high; Neuroticism low,5.0695796
ipip_stems,mean_tokens,17,7,Openness low; Conscientiousness low; Extraversion high; Agreeableness high; Neuroticism high,2.6187587
ipip_stems,mean_tokens,17,8,Openness low; Conscientiousness high; Extraversion low; Agreeableness low; Neuroticism low,5.131676
ipip_stems,mean_tokens,17,9,Openness low; Conscientiousness high; Extraversion low; Agreeableness low; Neuroticism high,4.734868
ipip_stems,mean_tokens,17,10,Openness low; Conscientiousness high; Extraversion low; Agreeableness high; Neuroticism low,5.245012
ipip_stems,mean_tokens,17,11,Openness low; Conscientiousness high; Extraversion low; Agreeableness high; Neuroticism high,4.8489904
ipip_stems,mean_tokens,17,12,Openness low; Conscientiousness high; Extraversion high; Agreeableness low; Neuroticism low,4.8940554
ipip_stems,mean_tokens,17,13,Openness low; Conscientiousness high; Extraversion high; Agreeableness low; Neuroticism high,4.078786
ipip_stems,mean_tokens,17,14,Openness low; Conscientiousness high; Extraversion high; Agreeableness high; Neuroticism low,4.7232375
ipip_stems,mean_tokens,17,15,Openness low; Conscientiousness high; Extraversion high; Agreeableness high; Neuroticism high,5.5313063
ipip_stems,mean_tokens,17,16,Openness high; Conscientiousness low; Extraversion low; Agreeableness low; Neuroticism low,5.203907
ipip_stems,mean_tokens,17,17,Openness high; Conscientiousness low; Extraversion low; Agreeableness low; Neuroticism high,4.944668
ipip_stems,mean_tokens,17,18,Openness high; Conscientiousness low; Extraversion low; Agreeableness high; Neuroticism low,4.866874
ipip_stems,mean_tokens,17,19,Openness high; Conscientiousness low; Extraversion low; Agreeableness high; Neuroticism high,5.2403626
ipip_stems,mean_tokens,17,20,Openness high; Conscientiousness low; Extraversion high; Agreeableness low; Neuroticism low,4.693759
ipip_stems,mean_tokens,17,21,Openness high; Conscientiousness low; Extraversion high; Agreeableness low; Neuroticism high,5.2272315
ipip_stems,mean_tokens,17,22,Openness high; Conscientiousness low; Extraversion high; Agreeableness high; Neuroticism low,5.1620383
ipip_stems,mean_tokens,17,23,Openness high; Conscientiousness low; Extraversion high; Agreeableness high; Neuroticism high,3.001568
ipip_stems,mean_tokens,17,24,Openness high; Conscientiousness high; Extraversion low; Agreeableness low; Neuroticism low,5.391886
ipip_stems,mean_tokens,17,25,Openness high; Conscientiousness high; Extraversion low; Agreeableness low; Neuroticism high,4.5056233
ipip_stems,mean_tokens,17,26,Openness high; Conscientiousness high; Extraversion low; Agreeableness high; Neuroticism low,5.2922263
ipip_stems,mean_tokens,17,27,Openness high; Conscientiousness high; Extraversion low; Agreeableness high; Neuroticism high,5.2071195
ipip_stems,mean_tokens,17,28,Openness high; Conscientiousness high; Extraversion high; Agreeableness low; Neuroticism low,5.2898264
ipip_stems,mean_tokens,17,29,Openness high; Conscientiousness high; Extraversion high; Agreeableness low; Neuroticism high,5.17537
ipip_stems,mean_tokens,17,30,Openness high; Conscientiousness high; Extraversion high; Agreeableness high; Neuroticism low,5.057728
ipip_stems,mean_tokens,17,31,Openness high; Conscientiousness high; Extraversion high; Agreeableness high; Neuroticism high,5.092156
ipip_stems,mean_tokens,18,0,Openness low; Conscientiousness low; Extraversion low; Agreeableness low; Neuroticism low,5.307511
ipip_stems,mean_tokens,18,1,Openness low; Conscientiousness low; Extraversion low; Agreeableness low; Neuroticism high,5.2948523
ipip_stems,mean_tokens,18,2,Openness low; Conscientiousness low; Extraversion low; Agreeableness high; Neuroticism low,4.995711
ipip_stems,mean_tokens,18,3,Openness low; Conscientiousness low; Extraversion low; Agreeableness high; Neuroticism high,5.224217
ipip_stems,mean_tokens,18,4,Openness low; Conscientiousness low; Extraversion high; Agreeableness low; Neuroticism low,5.7333746
ipip_stems,mean_tokens,18,5,Openness low; Conscientiousness low; Extraversion high; Agreeableness low; Neuroticism high,5.299393
ipip_stems,mean_tokens,18,6,Openness low; Conscientiousness low; Extraversion high; Agreeableness high; Neuroticism low,5.418474
ipip_stems,mean_tokens,18,7,Openness low; Conscientiousness low; Extraversion high; Agreeableness high; Neuroticism high,2.8185847
ipip_stems,mean_tokens,18,8,Openness low; Conscientiousness high; Extraversion low; Agreeableness low; Neuroticism low,5.4899206
ipip_stems,mean_tokens,18,9,Openness low; Conscientiousness high; Extraversion low; Agreeableness low; Neuroticism high,5.0976562
ipip_stems,mean_tokens,18,10,Openness low; Conscientiousness high; Extraversion low; Agreeableness high; Neuroticism low,5.5585856
ipip_stems,mean_tokens,18,11,Openness low; Conscientiousness high; Extraversion low; Agreeableness high; Neuroticism high,5.2306323
ipip_stems,mean_tokens,18,12,Openness low; Conscientiousness high; Extraversion high; Agreeableness low; Neuroticism low,5.231634
ipip_stems,mean_tokens,18,13,Openness low; Conscientiousness high; Extraversion high; Agreeableness low; Neuroticism high,4.467768
ipip_stems,mean_tokens,18,14,Openness low; Conscientiousness high; Extraversion high; Agreeableness high; Neuroticism low,5.156936
ipip_stems,mean_tokens,18,15,Openness low; Conscientiousness high; Extraversion high; Agreeableness high; Neuroticism high,5.926602
ipip_stems,mean_tokens,18,16,Openness high; Conscientiousness low; Extraversion low; Agreeableness low; Neuroticism low,5.6121144
ipip_stems,mean_tokens,18,17,Openness high; Conscientiousness low; Extraversion low; Agreeableness low; Neuroticism high,5.2740703
ipip_stems,mean_tokens,18,18,Openness high; Conscientiousness low; Extraversion low; Agreeableness high; Neuroticism low,5.3703985
ipip_stems,mean_tokens,18,19,Openness high; Conscientiousness low; Extraversion low; Agreeableness high; Neuroticism high,5.6308584
ipip_stems,mean_tokens,18,20,Openness high; Conscientiousness low; Extraversion high; Agreeableness low; Neuroticism low,5.0804086
ipip_stems,mean_tokens,18,21,Openness high; Conscientiousness low; Extraversion high; Agreeableness low; Neuroticism high,5.540241
ipip_stems,mean_tokens,18,22,Openness high; Conscientiousness low; Extraversion high; Agreeableness high; Neuroticism low,5.5363874
ipip_stems,mean_tokens,18,23,Openness high; Conscientiousness low; Extraversion high; Agreeableness high; Neuroticism high,3.274411
ipip_stems,mean_tokens,18,24,Openness high; Conscientiousness high; Extraversion low; Agreeableness low; Neuroticism low,5.71587
ipip_stems,mean_tokens,18,25,Openness high; Conscientiousness high; Extraversion low; Agreeableness low; Neuroticism high,4.912109
ipip_stems,mean_tokens,18,26,Openness high; Conscientiousness high; Extraversion low; Agreeableness high; Neuroticism low,5.6462317
ipip_stems,mean_tokens,18,27,Openness high; Conscientiousness high; Extraversion low; Agreeableness high; Neuroticism high,5.565197
ipip_stems,mean_tokens,18,28,Openness high; Conscientiousness high; Extraversion high; Agreeableness low; Neuroticism low,5.650568
ipip_stems,mean_tokens,18,29,Openness high; Conscientiousness high; Extraversion high; Agreeableness low; Neuroticism high,5.5294876
ipip_stems,mean_tokens,18,30,Openness high; Conscientiousness high; Extraversion high; Agreeableness high; Neuroticism low,5.432388
ipip_stems,mean_tokens,18,31,Openness high; Conscientiousness high; Extraversion high; Agreeableness high; Neuroticism high,5.4630446
ipip_stems,mean_tokens,19,0,Openness low; Conscientiousness low; Extraversion low; Agreeableness low; Neuroticism low,5.520641
ipip_stems,mean_tokens,19,1,Openness low; Conscientiousness low; Extraversion low; Agreeableness low; Neuroticism high,5.4931407
ipip_stems,mean_tokens,19,2,Openness low; Conscientiousness low; Extraversion low; Agreeableness high; Neuroticism low,5.2145834
ipip_stems,mean_tokens,19,3,Openness low; Conscientiousness low; Extraversion low; Agreeableness high; Neuroticism high,5.445206
ipip_stems,mean_tokens,19,4,Openness low; Conscientiousness low; Extraversion high; Agreeableness low; Neuroticism low,5.9042907
ipip_stems,mean_tokens,19,5,Openness low; Conscientiousness low; Extraversion high; Agreeableness low; Neuroticism high,5.5188866
ipip_stems,mean_tokens,19,6,Openness low; Conscientiousness low; Extraversion high; Agreeableness high; Neuroticism low,5.611886
ipip_stems,mean_tokens,19,7,Openness low; Conscientiousness low; Extraversion high; Agreeableness high; Neuroticism high,2.9710546
ipip_stems,mean_tokens,19,8,Openness low; Conscientiousness high; Extraversion low; Agreeableness low; Neuroticism low,5.70592
ipip_stems,mean_tokens,19,9,Openness low; Conscientiousness high; Extraversion low; Agreeableness low; Neuroticism high,5.2943845
ipip_stems,mean_tokens,19,10,Openness low; Conscientiousness high; Extraversion low; Agreeableness high; Neuroticism low,5.7604685
ipip_stems,mean_tokens,19,11,Openness low; Conscientiousness high; Extraversion low; Agreeableness high; Neuroticism high,5.4680142
ipip_stems,mean_tokens,19,12,Openness low; Conscientiousness high; Extraversion high; Agreeableness low; Neuroticism low,5.408821
ipip_stems,mean_tokens,19,13,Openness low; Conscientiousness high; Extraversion high; Agreeableness low; Neuroticism high,4.6470613
ipip_stems,mean_tokens,19,14,Openness low; Conscientiousness high; Extraversion high; Agreeableness high; Neuroticism low,5.374225
ipip_stems,mean_tokens,19,15,Openness low; Conscientiousness high; Extraversion high; Agreeableness high; Neuroticism high,6.151794
ipip_stems,mean_tokens,19,16,Openness high; Conscientiousness low; Extraversion low; Agreeableness low; Neuroticism low,5.84259
ipip_stems,mean_tokens,19,17,Openness high; Conscientiousness low; Extraversion low; Agreeableness low; Neuroticism high,5.4826193
ipip_stems,mean_tokens,19,18,Openness high; Conscientiousness low; Extraversion low; Agreeableness high; Neuroticism low,5.6455426
ipip_stems,mean_tokens,19,19,Openness high; Conscientiousness low; Extraversion low; Agreeableness high; Neuroticism high,5.8845963
ipip_stems,mean_tokens,19,20,Openness high; Conscientiousness low; Extraversion high; Agreeableness low; Neuroticism low,5.3156343
ipip_stems,mean_tokens,19,21,Openness high; Conscientiousness low; Extraversion high; Agreeableness low; Neuroticism high,5.713485
ipip_stems,mean_tokens,19,22,Openness high; Conscientiousness low; Extraversion high; Agreeableness high; Neuroticism low,5.8014283
ipip_stems,mean_tokens,19,23,Openness high; Conscientiousness low; Extraversion high; Agreeableness high; Neuroticism high,3.4954298
ipip_stems,mean_tokens,19,24,Openness high; Conscientiousness high; Extraversion low; Agreeableness low; Neuroticism low,5.8863626
ipip_stems,mean_tokens,19,25,Openness high; Conscientiousness high; Extraversion low; Agreeableness low; Neuroticism high,5.194789
ipip_stems,mean_tokens,19,26,Openness high; Conscientiousness high; Extraversion low; Agreeableness high; Neuroticism low,5.831285
ipip_stems,mean_tokens,19,27,Openness high; Conscientiousness high; Extraversion low; Agreeableness high; Neuroticism high,5.775982
ipip_stems,mean_tokens,19,28,Openness high; Conscientiousness high; Extraversion high; Agreeableness low; Neuroticism low,5.8400097
ipip_stems,mean_tokens,19,29,Openness high; Conscientiousness high; Extraversion high; Agreeableness low; Neuroticism high,5.7397294
ipip_stems,mean_tokens,19,30,Openness high; Conscientiousness high; Extraversion high; Agreeableness high; Neuroticism low,5.6492867
ipip_stems,mean_tokens,19,31,Openness high; Conscientiousness high; Extraversion high; Agreeableness high; Neuroticism high,5.6605725
ipip_stems,mean_tokens,20,0,Openness low; Conscientiousness low; Extraversion low; Agreeableness low; Neuroticism low,5.724806
ipip_stems,mean_tokens,20,1,Openness low; Conscientiousness low; Extraversion low; Agreeableness low; Neuroticism high,5.692274
ipip_stems,mean_tokens,20,2,Openness low; Conscientiousness low; Extraversion low; Agreeableness high; Neuroticism low,5.463727
ipip_stems,mean_tokens,20,3,Openness low; Conscientiousness low; Extraversion low; Agreeableness high; Neuroticism high,5.631598
ipip_stems,mean_tokens,20,4,Openness low; Conscientiousness low; Extraversion high; Agreeableness low; Neuroticism low,6.0996428
ipip_stems,mean_tokens,20,5,Openness low; Conscientiousness low; Extraversion high; Agreeableness low; Neuroticism high,5.7163296
ipip_stems,mean_tokens,20,6,Openness low; Conscientiousness low; Extraversion high; Agreeableness high; Neuroticism low,5.8161798
ipip_stems,mean_tokens,20,7,Openness low; Conscientiousness low; Extraversion high; Agreeableness high; Neuroticism high,3.130361
ipip_stems,mean_tokens,20,8,Openness low; Conscientiousness high; Extraversion low; Agreeableness low; Neuroticism low,5.900088
ipip_stems,mean_tokens,20,9,Openness low; Conscientiousness high; Extraversion low; Agreeableness low; Neuroticism high,5.5289793
ipip_stems,mean_tokens,20,10,Openness low; Conscientiousness high; Extraversion low; Agreeableness high; Neuroticism low,5.9607797
ipip_stems,mean_tokens,20,11,Openness low; Conscientiousness high; Extraversion low; Agreeableness high; Neuroticism high,5.6900945
ipip_stems,mean_tokens,20,12,Openness low; Conscientiousness high; Extraversion high; Agreeableness low; Neuroticism low,5.607791
ipip_stems,mean_tokens,20,13,Openness low; Conscientiousness high; Extraversion high; Agreeableness low; Neuroticism high,4.8481917
ipip_stems,mean_tokens,20,14,Openness low; Conscientiousness high; Extraversion high; Agreeableness high; Neuroticism low,5.5895367
ipip_stems,mean_tokens,20,15,Openness low; Conscientiousness high; Extraversion high; Agreeableness high; Neuroticism high,6.381448
ipip_stems,mean_tokens,20,16,Openness high; Conscientiousness low; Extraversion low; Agreeableness low; Neuroticism low,6.080026
ipip_stems,mean_tokens,20,17,Openness high; Conscientiousness low; Extraversion low; Agreeableness low; Neuroticism high,5.709175
ipip_stems,mean_tokens,20,18,Openness high; Conscientiousness low; Extraversion low; Agreeableness high; Neuroticism low,5.9021416
ipip_stems,mean_tokens,20,19,Openness high; Conscientiousness low; Extraversion low; Agreeableness high; Neuroticism high,6.2803445
ipip_stems,mean_tokens,20,20,Openness high; Conscientiousness low; Extraversion high; Agreeableness low; Neuroticism low,5.5146194
ipip_stems,mean_tokens,20,21,Openness high; Conscientiousness low; Extraversion high; Agreeableness low; Neuroticism high,5.9159493
ipip_stems,mean_tokens,20,22,Openness high; Conscientiousness low; Extraversion high; Agreeableness high; Neuroticism low,6.014381
ipip_stems,mean_tokens,20,23,Openness high; Conscientiousness low; Extraversion high; Agreeableness high; Neuroticism high,3.6891468
ipip_stems,mean_tokens,20,24,Openness high; Conscientiousness high; Extraversion low; Agreeableness low; Neuroticism low,6.053611
ipip_stems,mean_tokens,20,25,Openness high; Conscientiousness high; Extraversion low; Agreeableness low; Neuroticism high,5.426334
ipip_stems,mean_tokens,20,26,Openness high; Conscientiousness high; Extraversion low; Agreeableness high; Neuroticism low,5.9918747
ipip_stems,mean_tokens,20,27,Openness high; Conscientiousness high; Extraversion low; Agreeableness high; Neuroticism high,5.9761143
ipip_stems,mean_tokens,20,28,Openness high; Conscientiousness high; Extraversion high; Agreeableness low; Neuroticism low,6.0150704
ipip_stems,mean_tokens,20,29,Openness high; Conscientiousness high; Extraversion high; Agreeableness low; Neuroticism high,5.96552
ipip_stems,mean_tokens,20,30,Openness high; Conscientiousness high; Extraversion high; Agreeableness high; Neuroticism low,5.851906
ipip_stems,mean_tokens,20,31,Openness high; Conscientiousness high; Extraversion high; Agreeableness high; Neuroticism high,5.8660464
ipip_stems,mean_tokens,21,0,Openness low; Conscientiousness low; Extraversion low; Agreeableness low; Neuroticism low,6.4233885
ipip_stems,mean_tokens,21,1,Openness low; Conscientiousness low; Extraversion low; Agreeableness low; Neuroticism high,6.3732185
ipip_stems,mean_tokens,21,2,Openness low; Conscientiousness low; Extraversion low; Agreeableness high; Neuroticism low,6.224133
ipip_stems,mean_tokens,21,3,Openness low; Conscientiousness low; Extraversion low; Agreeableness high; Neuroticism high,6.3552485
ipip_stems,mean_tokens,21,4,Openness low; Conscientiousness low; Extraversion high; Agreeableness low; Neuroticism low,6.7064137
ipip_stems,mean_tokens,21,5,Openness low; Conscientiousness low; Extraversion high; Agreeableness low; Neuroticism high,6.3791537
ipip_stems,mean_tokens,21,6,Openness low; Conscientiousness low; Extraversion high; Agreeableness high; Neuroticism low,6.4534335
ipip_stems,mean_tokens,21,7,Openness low; Conscientiousness low; Extraversion high; Agreeableness high; Neuroticism high,3.568359
ipip_stems,mean_tokens,21,8,Openness low; Conscientiousness high; Extraversion low; Agreeableness low; Neuroticism low,6.556043
ipip_stems,mean_tokens,21,9,Openness low; Conscientiousness high; Extraversion low; Agreeableness low; Neuroticism high,6.2844796
ipip_stems,mean_tokens,21,10,Openness low; Conscientiousness high; Extraversion low; Agreeableness high; Neuroticism low,6.630026
ipip_stems,mean_tokens,21,11,Openness low; Conscientiousness high; Extraversion low; Agreeableness high; Neuroticism high,6.448093
ipip_stems,mean_tokens,21,12,Openness low; Conscientiousness high; Extraversion high; Agreeableness low; Neuroticism low,6.2480683
ipip_stems,mean_tokens,21,13,Openness low; Conscientiousness high; Extraversion high; Agreeableness low; Neuroticism high,5.480062
ipip_stems,mean_tokens,21,14,Openness low; Conscientiousness high; Extraversion high; Agreeableness high; Neuroticism low,6.309032
ipip_stems,mean_tokens,21,15,Openness low; Conscientiousness high; Extraversion high; Agreeableness high; Neuroticism high,7.1691046
ipip_stems,mean_tokens,21,16,Openness high; Conscientiousness low; Extraversion low; Agreeableness low; Neuroticism low,6.8346195
ipip_stems,mean_tokens,21,17,Openness high; Conscientiousness low; Extraversion low; Agreeableness low; Neuroticism high,6.3677554
ipip_stems,mean_tokens,21,18,Openness high; Conscientiousness low; Extraversion low; Agreeableness high; Neuroticism low,6.699887
ipip_stems,mean_tokens,21,19,Openness high; Conscientiousness low; Extraversion low; Agreeableness high; Neuroticism high,6.965188
ipip_stems,mean_tokens,21,20,Openness high; Conscientiousness low; Extraversion high; Agreeableness low; Neuroticism low,6.2404485
ipip_stems,mean_tokens,21,21,Openness high; Conscientiousness low; Extraversion high; Agreeableness low; Neuroticism high,6.521649
ipip_stems,mean_tokens,21,22,Openness high; Conscientiousness low; Extraversion high; Agreeableness high; Neuroticism low,6.750382
ipip_stems,mean_tokens,21,23,Openness high; Conscientiousness low; Extraversion high; Agreeableness high; Neuroticism high,4.205927
ipip_stems,mean_tokens,21,24,Openness high; Conscientiousness high; Extraversion low; Agreeableness low; Neuroticism low,6.6386313
ipip_stems,mean_tokens,21,25,Openness high; Conscientiousness high; Extraversion low; Agreeableness low; Neuroticism high,6.2567677
ipip_stems,mean_tokens,21,26,Openness high; Conscientiousness high; Extraversion low; Agreeableness high; Neuroticism low,6.613522
ipip_stems,mean_tokens,21,27,Openness high; Conscientiousness high; Extraversion low; Agreeableness high; Neuroticism high,6.6294594
ipip_stems,mean_tokens,21,28,Openness high; Conscientiousness high; Extraversion high; Agreeableness low; Neuroticism low,6.6410794
ipip_stems,mean_tokens,21,29,Openness high; Conscientiousness high; Extraversion high; Agreeableness low; Neuroticism high,6.6820655
ipip_stems,mean_tokens,21,30,Openness high; Conscientiousness high; Extraversion high; Agreeableness high; Neuroticism low,6.5354085
ipip_stems,mean_tokens,21,31,Openness high; Conscientiousness high; Extraversion high; Agreeableness high; Neuroticism high,6.567399
ipip_stems,mean_tokens,22,0,Openness low; Conscientiousness low; Extraversion low; Agreeableness low; Neuroticism low,6.857219
ipip_stems,mean_tokens,22,1,Openness low; Conscientiousness low; Extraversion low; Agreeableness low; Neuroticism high,6.773028
ipip_stems,mean_tokens,22,2,Openness low; Conscientiousness low; Extraversion low; Agreeableness high; Neuroticism low,6.6890283
ipip_stems,mean_tokens,22,3,Openness low; Conscientiousness low; Extraversion low; Agreeableness high; Neuroticism high,6.766534
ipip_stems,mean_tokens,22,4,Openness low; Conscientiousness low; Extraversion high; Agreeableness low; Neuroticism low,7.1308227
ipip_stems,mean_tokens,22,5,Openness low; Conscientiousness low; Extraversion high; Agreeableness low; Neuroticism high,6.839808
ipip_stems,mean_tokens,22,6,Openness low; Conscientiousness low; Extraversion high; Agreeableness high; Neuroticism low,6.870288
ipip_stems,mean_tokens,22,7,Openness low; Conscientiousness low; Extraversion high; Agreeableness high; Neuroticism high,3.8282626
ipip_stems,mean_tokens,22,8,Openness low; Conscientiousness high; Extraversion low; Agreeableness low; Neuroticism low,6.985633
ipip_stems,mean_tokens,22,9,Openness low; Conscientiousness high; Extraversion low; Agreeableness low; Neuroticism high,6.7071557
ipip_stems,mean_tokens,22,10,Openness low; Conscientiousness high; Extraversion low; Agreeableness high; Neuroticism low,7.0424404
ipip_stems,mean_tokens,22,11,Openness low; Conscientiousness high; Extraversion low; Agreeableness high; Neuroticism high,6.897882
ipip_stems,mean_tokens,22,12,Openness low; Conscientiousness high; Extraversion high; Agreeableness low; Neuroticism low,6.669723
ipip_stems,mean_tokens,22,13,Openness low; Conscientiousness high; Extraversion high; Agreeableness low; Neuroticism high,5.8686614
ipip_stems,mean_tokens,22,14,Openness low; Conscientiousness high; Extraversion high; Agreeableness high; Neuroticism low,6.757654
ipip_stems,mean_tokens,22,15,Openness low; Conscientiousness high; Extraversion high; Agreeableness high; Neuroticism high,7.686523
ipip_stems,mean_tokens,22,16,Openness high; Conscientiousness low; Extraversion low; Agreeableness low; Neuroticism low,7.3471103
ipip_stems,mean_tokens,22,17,Openness high; Conscientiousness low; Extraversion low; Agreeableness low; Neuroticism high,6.8095636
ipip_stems,mean_tokens,22,18,Openness high; Conscientiousness low; Extraversion low; Agreeableness high; Neuroticism low,7.172802
ipip_stems,mean_tokens,22,19,Openness high; Conscientiousness low; Extraversion low; Agreeableness high; Neuroticism high,7.479536
ipip_stems,mean_tokens,22,20,Openness high; Conscientiousness low; Extraversion high; Agreeableness low; Neuroticism low,6.646289
ipip_stems,mean_tokens,22,21,Openness high; Conscientiousness low; Extraversion high; Agreeableness low; Neuroticism high,6.9479
ipip_stems,mean_tokens,22,22,Openness high; Conscientiousness low; Extraversion high; Agreeableness high; Neuroticism low,7.221219
ipip_stems,mean_tokens,22,23,Openness high; Conscientiousness low; Extraversion high; Agreeableness high; Neuroticism high,4.5588474
ipip_stems,mean_tokens,22,24,Openness high; Conscientiousness high; Extraversion low; Agreeableness low; Neuroticism low,7.0322533
ipip_stems,mean_tokens,22,25,Openness high; Conscientiousness high; Extraversion low; Agreeableness low; Neuroticism high,6.737605
ipip_stems,mean_tokens,22,26,Openness high; Conscientiousness high; Extraversion low; Agreeableness high; Neuroticism low,6.964707
ipip_stems,mean_tokens,22,27,Openness high; Conscientiousness high; Extraversion low; Agreeableness high; Neuroticism high,7.0355253
ipip_stems,mean_tokens,22,28,Openness high; Conscientiousness high; Extraversion high; Agreeableness low; Neuroticism low,7.0277486
ipip_stems,mean_tokens,22,29,Openness high; Conscientiousness high; Extraversion high; Agreeableness low; Neuroticism high,7.1299114
ipip_stems,mean_tokens,22,30,Openness high; Conscientiousness high; Extraversion high; Agreeableness high; Neuroticism low,6.964457
ipip_stems,mean_tokens,22,31,Openness high; Conscientiousness high; Extraversion high; Agreeableness high; Neuroticism high,7.019913
ipip_stems,mean_tokens,23,0,Openness low; Conscientiousness low; Extraversion low; Agreeableness low; Neuroticism low,7.4472904
ipip_stems,mean_tokens,23,1,Openness low; Conscientiousness low; Extraversion low; Agreeableness low; Neuroticism high,7.409769
ipip_stems,mean_tokens,23,2,Openness low; Conscientiousness low; Extraversion low; Agreeableness high; Neuroticism low,7.34702
ipip_stems,mean_tokens,23,3,Openness low; Conscientiousness low; Extraversion low; Agreeableness high; Neuroticism high,7.441611
ipip_stems,mean_tokens,23,4,Openness low; Conscientiousness low; Extraversion high; Agreeableness low; Neuroticism low,7.6933193
ipip_stems,mean_tokens,23,5,Openness low; Conscientiousness low; Extraversion high; Agreeableness low; Neuroticism high,7.463147
ipip_stems,mean_tokens,23,6,Openness low; Conscientiousness low; Extraversion high; Agreeableness high; Neuroticism low,7.4535027
ipip_stems,mean_tokens,23,7,Openness low; Conscientiousness low; Extraversion high; Agreeableness high; Neuroticism high,4.191926
ipip_stems,mean_tokens,23,8,Openness low; Conscientiousness high; Extraversion low; Agreeableness low; Neuroticism low,7.6373553
ipip_stems,mean_tokens,23,9,Openness low; Conscientiousness high; Extraversion low; Agreeableness low; Neuroticism high,7.3321476
ipip_stems,mean_tokens,23,10,Openness low; Conscientiousness high; Extraversion low; Agreeableness high; Neuroticism low,7.6413364
ipip_stems,mean_tokens,23,11,Openness low; Conscientiousness high; Extraversion low; Agreeableness high; Neuroticism high,7.570827
ipip_stems,mean_tokens,23,12,Openness low; Conscientiousness high; Extraversion high; Agreeableness low; Neuroticism low,7.239254
ipip_stems,mean_tokens,23,13,Openness low; Conscientiousness high; Extraversion high; Agreeableness low; Neuroticism high,6.433244
ipip_stems,mean_tokens,23,14,Openness low; Conscientiousness high; Extraversion high; Agreeableness high; Neuroticism low,7.4754796
ipip_stems,mean_tokens,23,15,Openness low; Conscientiousness high; Extraversion high; Agreeableness high; Neuroticism high,8.474794
ipip_stems,mean_tokens,23,16,Openness high; Conscientiousness low; Extraversion low; Agreeableness low; Neuroticism low,8.052901
ipip_stems,mean_tokens,23,17,Openness high; Conscientiousness low; Extraversion low; Agreeableness low; Neuroticism high,7.386304
ipip_stems,mean_tokens,23,18,Openness high; Conscientiousness low; Extraversion low; Agreeableness high; Neuroticism low,8.008925
ipip_stems,mean_tokens,23,19,Openness high; Conscientiousness low; Extraversion low; Agreeableness high; Neuroticism high,8.076279
ipip_stems,mean_tokens,23,20,Openness high; Conscientiousness low; Extraversion high; Agreeableness low; Neuroticism low,7.299333
ipip_stems,mean_tokens,23,21,Openness high; Conscientiousness low; Extraversion high; Agreeableness low; Neuroticism high,7.5631056
ipip_stems,mean_tokens,23,22,Openness high; Conscientiousness low; Extraversion high; Agreeableness high; Neuroticism low,7.916007
ipip_stems,mean_tokens,23,23,Openness high; Conscientiousness low; Extraversion high; Agreeableness high; Neuroticism high,5.0829673
ipip_stems,mean_tokens,23,24,Openness high; Conscientiousness high; Extraversion low; Agreeableness low; Neuroticism low,7.6115584
ipip_stems,mean_tokens,23,25,Openness high; Conscientiousness high; Extraversion low; Agreeableness low; Neuroticism high,7.439009
ipip_stems,mean_tokens,23,26,Openness high; Conscientiousness high; Extraversion low; Agreeableness high; Neuroticism low,7.535119
ipip_stems,mean_tokens,23,27,Openness high; Conscientiousness high; Extraversion low; Agreeableness high; Neuroticism high,7.728731
ipip_stems,mean_tokens,23,28,Openness high; Conscientiousness high; Extraversion high; Agreeableness low; Neuroticism low,7.558122
ipip_stems,mean_tokens,23,29,Openness high; Conscientiousness high; Extraversion high; Agreeableness low; Neuroticism high,7.7395997
ipip_stems,mean_tokens,23,30,Openness high; Conscientiousness high; Extraversion high; Agreeableness high; Neuroticism low,7.603344
ipip_stems,mean_tokens,23,31,Openness high; Conscientiousness high; Extraversion high; Agreeableness high; Neuroticism high,7.670903
ipip_stems,mean_tokens,24,0,Openness low; Conscientiousness low; Extraversion low; Agreeableness low; Neuroticism low,7.980424
ipip_stems,mean_tokens,24,1,Openness low; Conscientiousness low; Extraversion low; Agreeableness low; Neuroticism high,8.059596
ipip_stems,mean_tokens,24,2,Openness low; Conscientiousness low; Extraversion low; Agreeableness high; Neuroticism low,7.933933
ipip_stems,mean_tokens,24,3,Openness low; Conscientiousness low; Extraversion low; Agreeableness high; Neuroticism high,8.118456
ipip_stems,mean_tokens,24,4,Openness low; Conscientiousness low; Extraversion high; Agreeableness low; Neuroticism low,8.2169
ipip_stems,mean_tokens,24,5,Openness low; Conscientiousness low; Extraversion high; Agreeableness low; Neuroticism high,8.012487
ipip_stems,mean_tokens,24,6,Openness low; Conscientiousness low; Extraversion high; Agreeableness high; Neuroticism low,7.9829607
ipip_stems,mean_tokens,24,7,Openness low; Conscientiousness low; Extraversion high; Agreeableness high; Neuroticism high,4.5276885
ipip_stems,mean_tokens,24,8,Openness low; Conscientiousness high; Extraversion low; Agreeableness low; Neuroticism low,8.239272
ipip_stems,mean_tokens,24,9,Openness low; Conscientiousness high; Extraversion low; Agreeableness low; Neuroticism high,7.8903213
ipip_stems,mean_tokens,24,10,Openness low; Conscientiousness high; Extraversion low; Agreeableness high; Neuroticism low,8.175103
ipip_stems,mean_tokens,24,11,Openness low; Conscientiousness high; Extraversion low; Agreeableness high; Neuroticism high,8.190821
ipip_stems,mean_tokens,24,12,Openness low; Conscientiousness high; Extraversion high; Agreeableness low; Neuroticism low,7.8539715
ipip_stems,mean_tokens,24,13,Openness low; Conscientiousness high; Extraversion high; Agreeableness low; Neuroticism high,6.9087996
ipip_stems,mean_tokens,24,14,Openness low; Conscientiousness high; Extraversion high; Agreeableness high; Neuroticism low,8.146593
ipip_stems,mean_tokens,24,15,Openness low; Conscientiousness high; Extraversion high; Agreeableness high; Neuroticism high,9.168555
ipip_stems,mean_tokens,24,16,Openness high; Conscientiousness low; Extraversion low; Agreeableness low; Neuroticism low,8.699208
ipip_stems,mean_tokens,24,17,Openness high; Conscientiousness low; Extraversion low; Agreeableness low; Neuroticism high,7.9724674
ipip_stems,mean_tokens,24,18,Openness high; Conscientiousness low; Extraversion low; Agreeableness high; Neuroticism low,8.700295
ipip_stems,mean_tokens,24,19,Openness high; Conscientiousness low; Extraversion low; Agreeableness high; Neuroticism high,8.755521
ipip_stems,mean_tokens,24,20,Openness high; Conscientiousness low; Extraversion high; Agreeableness low; Neuroticism low,7.903148
ipip_stems,mean_tokens,24,21,Openness high; Conscientiousness low; Extraversion high; Agreeableness low; Neuroticism high,8.172638
ipip_stems,mean_tokens,24,22,Openness high; Conscientiousness low; Extraversion high; Agreeableness high; Neuroticism low,8.462976
ipip_stems,mean_tokens,24,23,Openness high; Conscientiousness low; Extraversion high; Agreeableness high; Neuroticism high,5.495014
ipip_stems,mean_tokens,24,24,Openness high; Conscientiousness high; Extraversion low; Agreeableness low; Neuroticism low,8.09907
ipip_stems,mean_tokens,24,25,Openness high; Conscientiousness high; Extraversion low; Agreeableness low; Neuroticism high,8.02201
ipip_stems,mean_tokens,24,26,Openness high; Conscientiousness high; Extraversion low; Agreeableness high; Neuroticism low,8.034147
ipip_stems,mean_tokens,24,27,Openness high; Conscientiousness high; Extraversion low; Agreeableness high; Neuroticism high,8.306314
ipip_stems,mean_tokens,24,28,Openness high; Conscientiousness high; Extraversion high; Agreeableness low; Neuroticism low,8.139084
ipip_stems,mean_tokens,24,29,Openness high; Conscientiousness high; Extraversion high; Agreeableness low; Neuroticism high,8.31344
ipip_stems,mean_tokens,24,30,Openness high; Conscientiousness high; Extraversion high; Agreeableness high; Neuroticism low,8.132651
ipip_stems,mean_tokens,24,31,Openness high; Conscientiousness high; Extraversion high; Agreeableness high; Neuroticism high,8.19464
ipip_stems,mean_tokens,25,0,Openness low; Conscientiousness low; Extraversion low; Agreeableness low; Neuroticism low,8.665371
ipip_stems,mean_tokens,25,1,Openness low; Conscientiousness low; Extraversion low; Agreeableness low; Neuroticism high,8.759622
ipip_stems,mean_tokens,25,2,Openness low; Conscientiousness low; Extraversion low; Agreeableness high; Neuroticism low,8.655583
ipip_stems,mean_tokens,25,3,Openness low; Conscientiousness low; Extraversion low; Agreeableness high; Neuroticism high,8.817653
ipip_stems,mean_tokens,25,4,Openness low; Conscientiousness low; Extraversion high; Agreeableness low; Neuroticism low,8.827478
ipip_stems,mean_tokens,25,5,Openness low; Conscientiousness low; Extraversion high; Agreeableness low; Neuroticism high,8.7478285
ipip_stems,mean_tokens,25,6,Openness low; Conscientiousness low; Extraversion high; Agreeableness high; Neuroticism low,8.709148
ipip_stems,mean_tokens,25,7,Openness low; Conscientiousness low; Extraversion high; Agreeableness high; Neuroticism high,4.8829045
ipip_stems,mean_tokens,25,8,Openness low; Conscientiousness high; Extraversion low; Agreeableness low; Neuroticism low,8.966781
ipip_stems,mean_tokens,25,9,Openness low; Conscientiousness high; Extraversion low; Agreeableness low; Neuroticism high,8.594003
ipip_stems,mean_tokens,25,10,Openness low; Conscientiousness high; Extraversion low; Agreeableness high; Neuroticism low,8.894236
ipip_stems,mean_tokens,25,11,Openness low; Conscientiousness high; Extraversion low; Agreeableness high; Neuroticism high,8.965688
ipip_stems,mean_tokens,25,12,Openness low; Conscientiousness high; Extraversion high; Agreeableness low; Neuroticism low,8.518596
ipip_stems,mean_tokens,25,13,Openness low; Conscientiousness high; Extraversion high; Agreeableness low; Neuroticism high,7.5849113
ipip_stems,mean_tokens,25,14,Openness low; Conscientiousness high; Extraversion high; Agreeableness high; Neuroticism low,8.90319
ipip_stems,mean_tokens,25,15,Openness low; Conscientiousness high; Extraversion high; Agreeableness high; Neuroticism high,9.911795
ipip_stems,mean_tokens,25,16,Openness high; Conscientiousness low; Extraversion low; Agreeableness low; Neuroticism low,9.436198
ipip_stems,mean_tokens,25,17,Openness high; Conscientiousness low; Extraversion low; Agreeableness low; Neuroticism high,8.723068
ipip_stems,mean_tokens,25,18,Openness high; Conscientiousness low; Extraversion low; Agreeableness high; Neuroticism low,9.537916
ipip_stems,mean_tokens,25,19,Openness high; Conscientiousness low; Extraversion low; Agreeableness high; Neuroticism high,9.448494
ipip_stems,mean_tokens,25,20,Openness high; Conscientiousness low; Extraversion high; Agreeableness low; Neuroticism low,8.584149
ipip_stems,mean_tokens,25,21,Openness high; Conscientiousness low; Extraversion high; Agreeableness low; Neuroticism high,8.836001
ipip_stems,mean_tokens,25,22,Openness high; Conscientiousness low; Extraversion high; Agreeableness high; Neuroticism low,9.150774
ipip_stems,mean_tokens,25,23,Openness high; Conscientiousness low; Extraversion high; Agreeableness high; Neuroticism high,6.008698
ipip_stems,mean_tokens,25,24,Openness high; Conscientiousness high; Extraversion low; Agreeableness low; Neuroticism low,8.772563
ipip_stems,mean_tokens,25,25,Openness high; Conscientiousness high; Extraversion low; Agreeableness low; Neuroticism high,8.84181
ipip_stems,mean_tokens,25,26,Openness high; Conscientiousness high; Extraversion low; Agreeableness high; Neuroticism low,8.714483
ipip_stems,mean_tokens,25,27,Openness high; Conscientiousness high; Extraversion low; Agreeableness high; Neuroticism high,9.024052
ipip_stems,mean_tokens,25,28,Openness high; Conscientiousness high; Extraversion high; Agreeableness low; Neuroticism low,8.840861
ipip_stems,mean_tokens,25,29,Openness high; Conscientiousness high; Extraversion high; Agreeableness low; Neuroticism high,9.034456
ipip_stems,mean_tokens,25,30,Openness high; Conscientiousness high; Extraversion high; Agreeableness high; Neuroticism low,8.894485
ipip_stems,mean_tokens,25,31,Openness high; Conscientiousness high; Extraversion high; Agreeableness high; Neuroticism high,8.9675455
ipip_stems,mean_tokens,26,0,Openness low; Conscientiousness low; Extraversion low; Agreeableness low; Neuroticism low,9.280926
ipip_stems,mean_tokens,26,1,Openness low; Conscientiousness low; Extraversion low; Agreeableness low; Neuroticism high,9.456456
ipip_stems,mean_tokens,26,2,Openness low; Conscientiousness low; Extraversion low; Agreeableness high; Neuroticism low,9.294422
ipip_stems,mean_tokens,26,3,Openness low; Conscientiousness low; Extraversion low; Agreeableness high; Neuroticism high,9.478278
ipip_stems,mean_tokens,26,4,Openness low; Conscientiousness low; Extraversion high; Agreeableness low; Neuroticism low,9.439677
ipip_stems,mean_tokens,26,5,Openness low; Conscientiousness low; Extraversion high; Agreeableness low; Neuroticism high,9.433607
ipip_stems,mean_tokens,26,6,Openness low; Conscientiousness low; Extraversion high; Agreeableness high; Neuroticism low,9.411711
ipip_stems,mean_tokens,26,7,Openness low; Conscientiousness low; Extraversion high; Agreeableness high; Neuroticism high,5.397177
ipip_stems,mean_tokens,26,8,Openness low; Conscientiousness high; Extraversion low; Agreeableness low; Neuroticism low,9.675244
ipip_stems,mean_tokens,26,9,Openness low; Conscientiousness high; Extraversion low; Agreeableness low; Neuroticism high,9.327744
ipip_stems,mean_tokens,26,10,Openness low; Conscientiousness high; Extraversion low; Agreeableness high; Neuroticism low,9.6463175
ipip_stems,mean_tokens,26,11,Openness low; Conscientiousness high; Extraversion low; Agreeableness high; Neuroticism high,9.71007
ipip_stems,mean_tokens,26,12,Openness low; Conscientiousness high; Extraversion high; Agreeableness low; Neuroticism low,9.218448
ipip_stems,mean_tokens,26,13,Openness low; Conscientiousness high; Extraversion high; Agreeableness low; Neuroticism high,8.21677
ipip_stems,mean_tokens,26,14,Openness low; Conscientiousness high; Extraversion high; Agreeableness high; Neuroticism low,9.562949
ipip_stems,mean_tokens,26,15,Openness low; Conscientiousness high; Extraversion high; Agreeableness high; Neuroticism high,10.725285
ipip_stems,mean_tokens,26,16,Openness high; Conscientiousness low; Extraversion low; Agreeableness low; Neuroticism low,10.186829
ipip_stems,mean_tokens,26,17,Openness high; Conscientiousness low; Extraversion low; Agreeableness low; Neuroticism high,9.4021845
ipip_stems,mean_tokens,26,18,Openness high; Conscientiousness low; Extraversion low; Agreeableness high; Neuroticism low,10.357705
ipip_stems,mean_tokens,26,19,Openness high; Conscientiousness low; Extraversion low; Agreeableness high; Neuroticism high,10.174191
ipip_stems,mean_tokens,26,20,Openness high; Conscientiousness low; Extraversion high; Agreeableness low; Neuroticism low,9.241957
ipip_stems,mean_tokens,26,21,Openness high; Conscientiousness low; Extraversion high; Agreeableness low; Neuroticism high,9.584751
ipip_stems,mean_tokens,26,22,Openness high; Conscientiousness low; Extraversion high; Agreeableness high; Neuroticism low,9.8243685
ipip_stems,mean_tokens,26,23,Openness high; Conscientiousness low; Extraversion high; Agreeableness high; Neuroticism high,6.4509373
ipip_stems,mean_tokens,26,24,Openness high; Conscientiousness high; Extraversion low; Agreeableness low; Neuroticism low,9.367061
ipip_stems,mean_tokens,26,25,Openness high; Conscientiousness high; Extraversion low; Agreeableness low; Neuroticism high,9.613524
ipip_stems,mean_tokens,26,26,Openness high; Conscientiousness high; Extraversion low; Agreeableness high; Neuroticism low,9.404318
ipip_stems,mean_tokens,26,27,Openness high; Conscientiousness high; Extraversion low; Agreeableness high; Neuroticism high,9.658164
ipip_stems,mean_tokens,26,28,Openness high; Conscientiousness high; Extraversion high; Agreeableness low; Neuroticism low,9.503847
ipip_stems,mean_tokens,26,29,Openness high; Conscientiousness high; Extraversion high; Agreeableness low; Neuroticism high,9.711799
ipip_stems,mean_tokens,26,30,Openness high; Conscientiousness high; Extraversion high; Agreeableness high; Neuroticism low,9.5885315
ipip_stems,mean_tokens,26,31,Openness high; Conscientiousness high; Extraversion high; Agreeableness high; Neuroticism high,9.616732
ipip_stems,mean_tokens,27,0,Openness low; Conscientiousness low; Extraversion low; Agreeableness low; Neuroticism low,9.910784
ipip_stems,mean_tokens,27,1,Openness low; Conscientiousness low; Extraversion low; Agreeableness low; Neuroticism high,10.1274395
ipip_stems,mean_tokens,27,2,Openness low; Conscientiousness low; Extraversion low; Agreeableness high; Neuroticism low,10.064651
ipip_stems,mean_tokens,27,3,Openness low; Conscientiousness low; Extraversion low; Agreeableness high; Neuroticism high,10.209114
ipip_stems,mean_tokens,27,4,Openness low; Conscientiousness low; Extraversion high; Agreeableness low; Neuroticism low,10.109537
ipip_stems,mean_tokens,27,5,Openness low; Conscientiousness low; Extraversion high; Agreeableness low; Neuroticism high,10.159898
ipip_stems,mean_tokens,27,6,Openness low; Conscientiousness low; Extraversion high; Agreeableness high; Neuroticism low,10.186029
ipip_stems,mean_tokens,27,7,Openness low; Conscientiousness low; Extraversion high; Agreeableness high; Neuroticism high,5.8085594
ipip_stems,mean_tokens,27,8,Openness low; Conscientiousness high; Extraversion low; Agreeableness low; Neuroticism low,10.436671
ipip_stems,mean_tokens,27,9,Openness low; Conscientiousness high; Extraversion low; Agreeableness low; Neuroticism high,10.085074
ipip_stems,mean_tokens,27,10,Openness low; Conscientiousness high; Extraversion low; Agreeableness high; Neuroticism low,10.438504
ipip_stems,mean_tokens,27,11,Openness low; Conscientiousness high; Extraversion low; Agreeableness high; Neuroticism high,10.542707
ipip_stems,mean_tokens,27,12,Openness low; Conscientiousness high; Extraversion high; Agreeableness low; Neuroticism low,9.867469
ipip_stems,mean_tokens,27,13,Openness low; Conscientiousness high; Extraversion high; Agreeableness low; Neuroticism high,8.888794
ipip_stems,mean_tokens,27,14,Openness low; Conscientiousness high; Extraversion high; Agreeableness high; Neuroticism low,10.39823
ipip_stems,mean_tokens,27,15,Openness low; Conscientiousness high; Extraversion high; Agreeableness high; Neuroticism high,11.576244
ipip_stems,mean_tokens,27,16,Openness high; Conscientiousness low; Extraversion low; Agreeableness low; Neuroticism low,10.940251
ipip_stems,mean_tokens,27,17,Openness high; Conscientiousness low; Extraversion low; Agreeableness low; Neuroticism high,10.117567
ipip_stems,mean_tokens,27,18,Openness high; Conscientiousness low; Extraversion low; Agreeableness high; Neuroticism low,11.186607
ipip_stems,mean_tokens,27,19,Openness high; Conscientiousness low; Extraversion low; Agreeableness high; Neuroticism high,11.045025
ipip_stems,mean_tokens,27,20,Openness high; Conscientiousness low; Extraversion high; Agreeableness low; Neuroticism low,9.955903
ipip_stems,mean_tokens,27,21,Openness high; Conscientiousness low; Extraversion high; Agreeableness low; Neuroticism high,10.40538
ipip_stems,mean_tokens,27,22,Openness high; Conscientiousness low; Extraversion high; Agreeableness high; Neuroticism low,10.615404
ipip_stems,mean_tokens,27,23,Openness high; Conscientiousness low; Extraversion high; Agreeableness high; Neuroticism high,7.029119
ipip_stems,mean_tokens,27,24,Openness high; Conscientiousness high; Extraversion low; Agreeableness low; Neuroticism low,10.086085
ipip_stems,mean_tokens,27,25,Openness high; Conscientiousness high; Extraversion low; Agreeableness low; Neuroticism high,10.429438
ipip_stems,mean_tokens,27,26,Openness high; Conscientiousness high; Extraversion low; Agreeableness high; Neuroticism low,10.136472
ipip_stems,mean_tokens,27,27,Openness high; Conscientiousness high; Extraversion low; Agreeableness high; Neuroticism high,10.342137
ipip_stems,mean_tokens,27,28,Openness high; Conscientiousness high; Extraversion high; Agreeableness low; Neuroticism low,10.245727
ipip_stems,mean_tokens,27,29,Openness high; Conscientiousness high; Extraversion high; Agreeableness low; Neuroticism high,10.515405
ipip_stems,mean_tokens,27,30,Openness high; Conscientiousness high; Extraversion high; Agreeableness high; Neuroticism low,10.436185
ipip_stems,mean_tokens,27,31,Openness high; Conscientiousness high; Extraversion high; Agreeableness high; Neuroticism high,10.361923
ipip_stems,mean_tokens,28,0,Openness low; Conscientiousness low; Extraversion low; Agreeableness low; Neuroticism low,10.608804
ipip_stems,mean_tokens,28,1,Openness low; Conscientiousness low; Extraversion low; Agreeableness low; Neuroticism high,10.687521
ipip_stems,mean_tokens,28,2,Openness low; Conscientiousness low; Extraversion low; Agreeableness high; Neuroticism low,10.929609
ipip_stems,mean_tokens,28,3,Openness low; Conscientiousness low; Extraversion low; Agreeableness high; Neuroticism high,10.872507
ipip_stems,mean_tokens,28,4,Openness low; Conscientiousness low; Extraversion high; Agreeableness low; Neuroticism low,10.707105
ipip_stems,mean_tokens,28,5,Openness low; Conscientiousness low; Extraversion high; Agreeableness low; Neuroticism high,10.889471
ipip_stems,mean_tokens,28,6,Openness low; Conscientiousness low; Extraversion high; Agreeableness high; Neuroticism low,10.93318
ipip_stems,mean_tokens,28,7,Openness low; Conscientiousness low; Extraversion high; Agreeableness high; Neuroticism high,6.15973
ipip_stems,mean_tokens,28,8,Openness low; Conscientiousness high; Extraversion low; Agreeableness low; Neuroticism low,11.0875435
ipip_stems,mean_tokens,28,9,Openness low; Conscientiousness high; Extraversion low; Agreeableness low; Neuroticism high,10.806381
ipip_stems,mean_tokens,28,10,Openness low; Conscientiousness high; Extraversion low; Agreeableness high; Neuroticism low,11.269754
ipip_stems,mean_tokens,28,11,Openness low; Conscientiousness high; Extraversion low; Agreeableness high; Neuroticism high,11.231525
ipip_stems,mean_tokens,28,12,Openness low; Conscientiousness high; Extraversion high; Agreeableness low; Neuroticism low,10.533255
ipip_stems,mean_tokens,28,13,Openness low; Conscientiousness high; Extraversion high; Agreeableness low; Neuroticism high,9.544198
ipip_stems,mean_tokens,28,14,Openness low; Conscientiousness high; Extraversion high; Agreeableness high; Neuroticism low,11.007556
ipip_stems,mean_tokens,28,15,Openness low; Conscientiousness high; Extraversion high; Agreeableness high; Neuroticism high,12.445123
ipip_stems,mean_tokens,28,16,Openness high; Conscientiousness low; Extraversion low; Agreeableness low; Neuroticism low,11.588736
ipip_stems,mean_tokens,28,17,Openness high; Conscientiousness low; Extraversion low; Agreeableness low; Neuroticism high,10.889329
ipip_stems,mean_tokens,28,18,Openness high; Conscientiousness low; Extraversion low; Agreeableness high; Neuroticism low,11.83582
ipip_stems,mean_tokens,28,19,Openness high; Conscientiousness low; Extraversion low; Agreeableness high; Neuroticism high,11.878337
ipip_stems,mean_tokens,28,20,Openness high; Conscientiousness low; Extraversion high; Agreeableness low; Neuroticism low,10.628039
ipip_stems,mean_tokens,28,21,Openness high; Conscientiousness low; Extraversion high; Agreeableness low; Neuroticism high,11.092847
ipip_stems,mean_tokens,28,22,Openness high; Conscientiousness low; Extraversion high; Agreeableness high; Neuroticism low,11.172014
ipip_stems,mean_tokens,28,23,Openness high; Conscientiousness low; Extraversion high; Agreeableness high; Neuroticism high,7.479521
ipip_stems,mean_tokens,28,24,Openness high; Conscientiousness high; Extraversion low; Agreeableness low; Neuroticism low,10.78716
ipip_stems,mean_tokens,28,25,Openness high; Conscientiousness high; Extraversion low; Agreeableness low; Neuroticism high,11.190924
ipip_stems,mean_tokens,28,26,Openness high; Conscientiousness high; Extraversion low; Agreeableness high; Neuroticism low,10.805513
ipip_stems,mean_tokens,28,27,Openness high; Conscientiousness high; Extraversion low; Agreeableness high; Neuroticism high,10.974574
ipip_stems,mean_tokens,28,28,Openness high; Conscientiousness high; Extraversion high; Agreeableness low; Neuroticism low,10.96564
ipip_stems,mean_tokens,28,29,Openness high; Conscientiousness high; Extraversion high; Agreeableness low; Neuroticism high,11.31518
ipip_stems,mean_tokens,28,30,Openness high; Conscientiousness high; Extraversion high; Agreeableness high; Neuroticism low,11.133268
ipip_stems,mean_tokens,28,31,Openness high; Conscientiousness high; Extraversion high; Agreeableness high; Neuroticism high,11.076686
ipip_stems,mean_tokens,29,0,Openness low; Conscientiousness low; Extraversion low; Agreeableness low; Neuroticism low,12.361696
ipip_stems,mean_tokens,29,1,Openness low; Conscientiousness low; Extraversion low; Agreeableness low; Neuroticism high,12.4500065
ipip_stems,mean_tokens,29,2,Openness low; Conscientiousness low; Extraversion low; Agreeableness high; Neuroticism low,12.89497
ipip_stems,mean_tokens,29,3,Openness low; Conscientiousness low; Extraversion low; Agreeableness high; Neuroticism high,12.724079
ipip_stems,mean_tokens,29,4,Openness low; Conscientiousness low; Extraversion high; Agreeableness low; Neuroticism low,12.476256
ipip_stems,mean_tokens,29,5,Openness low; Conscientiousness low; Extraversion high; Agreeableness low; Neuroticism high,12.59539
ipip_stems,mean_tokens,29,6,Openness low; Conscientiousness low; Extraversion high; Agreeableness high; Neuroticism low,12.760295
ipip_stems,mean_tokens,29,7,Openness low; Conscientiousness low; Extraversion high; Agreeableness high; Neuroticism high,7.0819383
ipip_stems,mean_tokens,29,8,Openness low; Conscientiousness high; Extraversion low; Agreeableness low; Neuroticism low,13.1234045
ipip_stems,mean_tokens,29,9,Openness low; Conscientiousness high; Extraversion low; Agreeableness low; Neuroticism high,12.776156
ipip_stems,mean_tokens,29,10,Openness low; Conscientiousness high; Extraversion low; Agreeableness high; Neuroticism low,13.319661
ipip_stems,mean_tokens,29,11,Openness low; Conscientiousness high; Extraversion low; Agreeableness high; Neuroticism high,13.083576
ipip_stems,mean_tokens,29,12,Openness low; Conscientiousness high; Extraversion high; Agreeableness low; Neuroticism low,12.209938
ipip_stems,mean_tokens,29,13,Openness low; Conscientiousness high; Extraversion high; Agreeableness low; Neuroticism high,11.100002
ipip_stems,mean_tokens,29,14,Openness low; Conscientiousness high; Extraversion high; Agreeableness high; Neuroticism low,12.885672
ipip_stems,mean_tokens,29,15,Openness low; Conscientiousness high; Extraversion high; Agreeableness high; Neuroticism high,14.496995
ipip_stems,mean_tokens,29,16,Openness high; Conscientiousness low; Extraversion low; Agreeableness low; Neuroticism low,13.413991
ipip_stems,mean_tokens,29,17,Openness high; Conscientiousness low; Extraversion low; Agreeableness low; Neuroticism high,12.876882
ipip_stems,mean_tokens,29,18,Openness high; Conscientiousness low; Extraversion low; Agreeableness high; Neuroticism low,13.6440735
ipip_stems,mean_tokens,29,19,Openness high; Conscientiousness low; Extraversion low; Agreeableness high; Neuroticism high,13.726718
ipip_stems,mean_tokens,29,20,Openness high; Conscientiousness low; Extraversion high; Agreeableness low; Neuroticism low,12.287633
ipip_stems,mean_tokens,29,21,Openness high; Conscientiousness low; Extraversion high; Agreeableness low; Neuroticism high,12.8732395
ipip_stems,mean_tokens,29,22,Openness high; Conscientiousness low; Extraversion high; Agreeableness high; Neuroticism low,13.059545
ipip_stems,mean_tokens,29,23,Openness high; Conscientiousness low; Extraversion high; Agreeableness high; Neuroticism high,8.543359
ipip_stems,mean_tokens,29,24,Openness high; Conscientiousness high; Extraversion low; Agreeableness low; Neuroticism low,12.70609
ipip_stems,mean_tokens,29,25,Openness high; Conscientiousness high; Extraversion low; Agreeableness low; Neuroticism high,13.179908
ipip_stems,mean_tokens,29,26,Openness high; Conscientiousness high; Extraversion low; Agreeableness high; Neuroticism low,12.600121
ipip_stems,mean_tokens,29,27,Openness high; Conscientiousness high; Extraversion low; Agreeableness high; Neuroticism high,12.615993
ipip_stems,mean_tokens,29,28,Openness high; Conscientiousness high; Extraversion high; Agreeableness low; Neuroticism low,12.868345
ipip_stems,mean_tokens,29,29,Openness high; Conscientiousness high; Extraversion high; Agreeableness low; Neuroticism high,13.119317
ipip_stems,mean_tokens,29,30,Openness high; Conscientiousness high; Extraversion high; Agreeableness high; Neuroticism low,12.954018
ipip_stems,mean_tokens,29,31,Openness high; Conscientiousness high; Extraversion high; Agreeableness high; Neuroticism high,12.808555
ipip_stems,mean_tokens,30,0,Openness low; Conscientiousness low; Extraversion low; Agreeableness low; Neuroticism low,16.717142
ipip_stems,mean_tokens,30,1,Openness low; Conscientiousness low; Extraversion low; Agreeableness low; Neuroticism high,17.019053
ipip_stems,mean_tokens,30,2,Openness low; Conscientiousness low; Extraversion low; Agreeableness high; Neuroticism low,16.69831
ipip_stems,mean_tokens,30,3,Openness low; Conscientiousness low; Extraversion low; Agreeableness high; Neuroticism high,16.631927
ipip_stems,mean_tokens,30,4,Openness low; Conscientiousness low; Extraversion high; Agreeableness low; Neuroticism low,16.294533
ipip_stems,mean_tokens,30,5,Openness low; Conscientiousness low; Extraversion high; Agreeableness low; Neuroticism high,16.110317
ipip_stems,mean_tokens,30,6,Openness low; Conscientiousness low; Extraversion high; Agreeableness high; Neuroticism low,16.92352
ipip_stems,mean_tokens,30,7,Openness low; Conscientiousness low; Extraversion high; Agreeableness high; Neuroticism high,9.142716
ipip_stems,mean_tokens,30,8,Openness low; Conscientiousness high; Extraversion low; Agreeableness low; Neuroticism low,18.002384
ipip_stems,mean_tokens,30,9,Openness low; Conscientiousness high; Extraversion low; Agreeableness low; Neuroticism high,17.664173
ipip_stems,mean_tokens,30,10,Openness low; Conscientiousness high; Extraversion low; Agreeableness high; Neuroticism low,18.22817
ipip_stems,mean_tokens,30,11,Openness low; Conscientiousness high; Extraversion low; Agreeableness high; Neuroticism high,17.929655
ipip_stems,mean_tokens,30,12,Openness low; Conscientiousness high; Extraversion high; Agreeableness low; Neuroticism low,16.325253
ipip_stems,mean_tokens,30,13,Openness low; Conscientiousness high; Extraversion high; Agreeableness low; Neuroticism high,14.57075
ipip_stems,mean_tokens,30,14,Openness low; Conscientiousness high; Extraversion high; Agreeableness high; Neuroticism low,16.70608
ipip_stems,mean_tokens,30,15,Openness low; Conscientiousness high; Extraversion high; Agreeableness high; Neuroticism high,18.07118
ipip_stems,mean_tokens,30,16,Openness high; Conscientiousness low; Extraversion low; Agreeableness low; Neuroticism low,17.272282
ipip_stems,mean_tokens,30,17,Openness high; Conscientiousness low; Extraversion low; Agreeableness low; Neuroticism high,17.535715
ipip_stems,mean_tokens,30,18,Openness high; Conscientiousness low; Extraversion low; Agreeableness high; Neuroticism low,17.615412
ipip_stems,mean_tokens,30,19,Openness high; Conscientiousness low; Extraversion low; Agreeableness high; Neuroticism high,17.812267
ipip_stems,mean_tokens,30,20,Openness high; Conscientiousness low; Extraversion high; Agreeableness low; Neuroticism low,16.041895
ipip_stems,mean_tokens,30,21,Openness high; Conscientiousness low; Extraversion high; Agreeableness low; Neuroticism high,16.416363
ipip_stems,mean_tokens,30,22,Openness high; Conscientiousness low; Extraversion high; Agreeableness high; Neuroticism low,16.462162
ipip_stems,mean_tokens,30,23,Openness high; Conscientiousness low; Extraversion high; Agreeableness high; Neuroticism high,10.48221
ipip_stems,mean_tokens,30,24,Openness high; Conscientiousness high; Extraversion low; Agreeableness low; Neuroticism low,17.322945
ipip_stems,mean_tokens,30,25,Openness high; Conscientiousness high; Extraversion low; Agreeableness low; Neuroticism high,18.147821
ipip_stems,mean_tokens,30,26,Openness high; Conscientiousness high; Extraversion low; Agreeableness high; Neuroticism low,17.238815
ipip_stems,mean_tokens,30,27,Openness high; Conscientiousness high; Extraversion low; Agreeableness high; Neuroticism high,16.162245
ipip_stems,mean_tokens,30,28,Openness high; Conscientiousness high; Extraversion high; Agreeableness low; Neuroticism low,16.883005
ipip_stems,mean_tokens,30,29,Openness high; Conscientiousness high; Extraversion high; Agreeableness low; Neuroticism high,17.53342
ipip_stems,mean_tokens,30,30,Openness high; Conscientiousness high; Extraversion high; Agreeableness high; Neuroticism low,17.007345
ipip_stems,mean_tokens,30,31,Openness high; Conscientiousness high; Extraversion high; Agreeableness high; Neuroticism high,16.815779
ipip_stems,mean_tokens,31,0,Openness low; Conscientiousness low; Extraversion low; Agreeableness low; Neuroticism low,40.19205
ipip_stems,mean_tokens,31,1,Openness low; Conscientiousness low; Extraversion low; Agreeableness low; Neuroticism high,43.262604
ipip_stems,mean_tokens,31,2,Openness low; Conscientiousness low; Extraversion low; Agreeableness high; Neuroticism low,33.145004
ipip_stems,mean_tokens,31,3,Openness low; Conscientiousness low; Extraversion low; Agreeableness high; Neuroticism high,36.172
ipip_stems,mean_tokens,31,4,Openness low; Conscientiousness low; Extraversion high; Agreeableness low; Neuroticism low,35.658524
ipip_stems,mean_tokens,31,5,Openness low; Conscientiousness low; Extraversion high; Agreeableness low; Neuroticism high,31.746866
ipip_stems,mean_tokens,31,6,Openness low; Conscientiousness low; Extraversion high; Agreeableness high; Neuroticism low,35.03109
ipip_stems,mean_tokens,31,7,Openness low; Conscientiousness low; Extraversion high; Agreeableness high; Neuroticism high,19.60974
ipip_stems,mean_tokens,31,8,Openness low; Conscientiousness high; Extraversion low; Agreeableness low; Neuroticism low,43.42526
ipip_stems,mean_tokens,31,9,Openness low; Conscientiousness high; Extraversion low; Agreeableness low; Neuroticism high,46.53197
ipip_stems,mean_tokens,31,10,Openness low; Conscientiousness high; Extraversion low; Agreeableness high; Neuroticism low,42.61234
ipip_stems,mean_tokens,31,11,Openness low; Conscientiousness high; Extraversion low; Agreeableness high; Neuroticism high,42.855938
ipip_stems,mean_tokens,31,12,Openness low; Conscientiousness high; Extraversion high; Agreeableness low; Neuroticism low,38.30452
ipip_stems,mean_tokens,31,13,Openness low; Conscientiousness high; Extraversion high; Agreeableness low; Neuroticism high,33.878174
ipip_stems,mean_tokens,31,14,Openness low; Conscientiousness high; Extraversion high; Agreeableness high; Neuroticism low,34.983585
ipip_stems,mean_tokens,31,15,Openness low; Conscientiousness high; Extraversion high; Agreeableness high; Neuroticism high,35.85428
ipip_stems,mean_tokens,31,16,Openness high; Conscientiousness low; Extraversion low; Agreeableness low; Neuroticism low,36.048176
ipip_stems,mean_tokens,31,17,Openness high; Conscientiousness low; Extraversion low; Agreeableness low; Neuroticism high,41.847805
ipip_stems,mean_tokens,31,18,Openness high; Conscientiousness low; Extraversion low; Agreeableness high; Neuroticism low,34.287525
ipip_stems,mean_tokens,31,19,Openness high; Conscientiousness low; Extraversion low; Agreeableness high; Neuroticism high,38.562355
ipip_stems,mean_tokens,31,20,Openness high; Conscientiousness low; Extraversion high; Agreeableness low; Neuroticism low,34.50284
ipip_stems,mean_tokens,31,21,Openness high; Conscientiousness low; Extraversion high; Agreeableness low; Neuroticism high,33.56434
ipip_stems,mean_tokens,31,22,Openness high; Conscientiousness low; Extraversion high; Agreeableness high; Neuroticism low,30.25866
ipip_stems,mean_tokens,31,23,Openness high; Conscientiousness low; Extraversion high; Agreeableness high; Neuroticism high,17.86742
ipip_stems,mean_tokens,31,24,Openness high; Conscientiousness high; Extraversion low; Agreeableness low; Neuroticism low,37.00409
ipip_stems,mean_tokens,31,25,Openness high; Conscientiousness high; Extraversion low; Agreeableness low; Neuroticism high,46.39096
ipip_stems,mean_tokens,31,26,Openness high; Conscientiousness high; Extraversion low; Agreeableness high; Neuroticism low,39.274544
ipip_stems,mean_tokens,31,27,Openness high; Conscientiousness high; Extraversion low; Agreeableness high; Neuroticism high,34.115356
ipip_stems,mean_tokens,31,28,Openness high; Conscientiousness high; Extraversion high; Agreeableness low; Neuroticism low,35.423054
ipip_stems,mean_tokens,31,29,Openness high; Conscientiousness high; Extraversion high; Agreeableness low; Neuroticism high,37.866653
ipip_stems,mean_tokens,31,30,Openness high; Conscientiousness high; Extraversion high; Agreeableness high; Neuroticism low,37.945213
ipip_stems,mean_tokens,31,31,Openness high; Conscientiousness high; Extraversion high; Agreeableness high; Neuroticism high,35.082382
naturalistic_behavioral,final_token,0,0,Openness low; Conscientiousness low; Extraversion low; Agreeableness low; Neuroticism low,0.07479085
naturalistic_behavioral,final_token,0,1,Openness low; Conscientiousness low; Extraversion low; Agreeableness low; Neuroticism high,0.08030511
naturalistic_behavioral,final_token,0,2,Openness low; Conscientiousness low; Extraversion low; Agreeableness high; Neuroticism low,0.079887696
naturalistic_behavioral,final_token,0,3,Openness low; Conscientiousness low; Extraversion low; Agreeableness high; Neuroticism high,0.07468615
naturalistic_behavioral,final_token,0,4,Openness low; Conscientiousness low; Extraversion high; Agreeableness low; Neuroticism low,0.07295504
naturalistic_behavioral,final_token,0,5,Openness low; Conscientiousness low; Extraversion high; Agreeableness low; Neuroticism high,0.07843107
naturalistic_behavioral,final_token,0,6,Openness low; Conscientiousness low; Extraversion high; Agreeableness high; Neuroticism low,0.0826084
naturalistic_behavioral,final_token,0,7,Openness low; Conscientiousness low; Extraversion high; Agreeableness high; Neuroticism high,0.028506085
naturalistic_behavioral,final_token,0,8,Openness low; Conscientiousness high; Extraversion low; Agreeableness low; Neuroticism low,0.08957496
naturalistic_behavioral,final_token,0,9,Openness low; Conscientiousness high; Extraversion low; Agreeableness low; Neuroticism high,0.08138446
naturalistic_behavioral,final_token,0,10,Openness low; Conscientiousness high; Extraversion low; Agreeableness high; Neuroticism low,0.08735586
naturalistic_behavioral,final_token,0,11,Openness low; Conscientiousness high; Extraversion low; Agreeableness high; Neuroticism high,0.091965206
naturalistic_behavioral,final_token,0,12,Openness low; Conscientiousness high; Extraversion high; Agreeableness low; Neuroticism low,0.07490312
naturalistic_behavioral,final_token,0,13,Openness low; Conscientiousness high; Extraversion high; Agreeableness low; Neuroticism high,0.06980064
naturalistic_behavioral,final_token,0,14,Openness low; Conscientiousness high; Extraversion high; Agreeableness high; Neuroticism low,0.075670674
naturalistic_behavioral,final_token,0,15,Openness low; Conscientiousness high; Extraversion high; Agreeableness high; Neuroticism high,0.062935926
naturalistic_behavioral,final_token,0,16,Openness high; Conscientiousness low; Extraversion low; Agreeableness low; Neuroticism low,0.07166825
naturalistic_behavioral,final_token,0,17,Openness high; Conscientiousness low; Extraversion low; Agreeableness low; Neuroticism high,0.07165476
naturalistic_behavioral,final_token,0,18,Openness high; Conscientiousness low; Extraversion low; Agreeableness high; Neuroticism low,0.0658301
naturalistic_behavioral,final_token,0,19,Openness high; Conscientiousness low; Extraversion low; Agreeableness high; Neuroticism high,0.052962314
naturalistic_behavioral,final_token,0,20,Openness high; Conscientiousness low; Extraversion high; Agreeableness low; Neuroticism low,0.08246854
naturalistic_behavioral,final_token,0,21,Openness high; Conscientiousness low; Extraversion high; Agreeableness low; Neuroticism high,0.07446012
naturalistic_behavioral,final_token,0,22,Openness high; Conscientiousness low; Extraversion high; Agreeableness high; Neuroticism low,0.082431376
naturalistic_behavioral,final_token,0,23,Openness high; Conscientiousness low; Extraversion high; Agreeableness high; Neuroticism high,0.032075997
naturalistic_behavioral,final_token,0,24,Openness high; Conscientiousness high; Extraversion low; Agreeableness low; Neuroticism low,0.07592717
naturalistic_behavioral,final_token,0,25,Openness high; Conscientiousness high; Extraversion low; Agreeableness low; Neuroticism high,0.089242466
naturalistic_behavioral,final_token,0,26,Openness high; Conscientiousness high; Extraversion low; Agreeableness high; Neuroticism low,0.07246602
naturalistic_behavioral,final_token,0,27,Openness high; Conscientiousness high; Extraversion low; Agreeableness high; Neuroticism high,0.075326756
naturalistic_behavioral,final_token,0,28,Openness high; Conscientiousness high; Extraversion high; Agreeableness low; Neuroticism low,0.07419414
naturalistic_behavioral,final_token,0,29,Openness high; Conscientiousness high; Extraversion high; Agreeableness low; Neuroticism high,0.077866726
naturalistic_behavioral,final_token,0,30,Openness high; Conscientiousness high; Extraversion high; Agreeableness high; Neuroticism low,0.08504114
naturalistic_behavioral,final_token,0,31,Openness high; Conscientiousness high; Extraversion high; Agreeableness high; Neuroticism high,0.07905142
naturalistic_behavioral,final_token,1,0,Openness low; Conscientiousness low; Extraversion low; Agreeableness low; Neuroticism low,0.16729671
naturalistic_behavioral,final_token,1,1,Openness low; Conscientiousness low; Extraversion low; Agreeableness low; Neuroticism high,0.19196855
naturalistic_behavioral,final_token,1,2,Openness low; Conscientiousness low; Extraversion low; Agreeableness high; Neuroticism low,0.16119957
naturalistic_behavioral,final_token,1,3,Openness low; Conscientiousness low; Extraversion low; Agreeableness high; Neuroticism high,0.14073008
naturalistic_behavioral,final_token,1,4,Openness low; Conscientiousness low; Extraversion high; Agreeableness low; Neuroticism low,0.15786262
naturalistic_behavioral,final_token,1,5,Openness low; Conscientiousness low; Extraversion high; Agreeableness low; Neuroticism high,0.14489836
naturalistic_behavioral,final_token,1,6,Openness low; Conscientiousness low; Extraversion high; Agreeableness high; Neuroticism low,0.174971
naturalistic_behavioral,final_token,1,7,Openness low; Conscientiousness low; Extraversion high; Agreeableness high; Neuroticism high,0.05384838
naturalistic_behavioral,final_token,1,8,Openness low; Conscientiousness high; Extraversion low; Agreeableness low; Neuroticism low,0.1963796
naturalistic_behavioral,final_token,1,9,Openness low; Conscientiousness high; Extraversion low; Agreeableness low; Neuroticism high,0.19350716
naturalistic_behavioral,final_token,1,10,Openness low; Conscientiousness high; Extraversion low; Agreeableness high; Neuroticism low,0.17859773
naturalistic_behavioral,final_token,1,11,Openness low; Conscientiousness high; Extraversion low; Agreeableness high; Neuroticism high,0.18183716
naturalistic_behavioral,final_token,1,12,Openness low; Conscientiousness high; Extraversion high; Agreeableness low; Neuroticism low,0.17086169
naturalistic_behavioral,final_token,1,13,Openness low; Conscientiousness high; Extraversion high; Agreeableness low; Neuroticism high,0.14525412
naturalistic_behavioral,final_token,1,14,Openness low; Conscientiousness high; Extraversion high; Agreeableness high; Neuroticism low,0.15592586
naturalistic_behavioral,final_token,1,15,Openness low; Conscientiousness high; Extraversion high; Agreeableness high; Neuroticism high,0.13348635
naturalistic_behavioral,final_token,1,16,Openness high; Conscientiousness low; Extraversion low; Agreeableness low; Neuroticism low,0.14215593
naturalistic_behavioral,final_token,1,17,Openness high; Conscientiousness low; Extraversion low; Agreeableness low; Neuroticism high,0.15438993
naturalistic_behavioral,final_token,1,18,Openness high; Conscientiousness low; Extraversion low; Agreeableness high; Neuroticism low,0.15599442
naturalistic_behavioral,final_token,1,19,Openness high; Conscientiousness low; Extraversion low; Agreeableness high; Neuroticism high,0.11433827
naturalistic_behavioral,final_token,1,20,Openness high; Conscientiousness low; Extraversion high; Agreeableness low; Neuroticism low,0.16225782
naturalistic_behavioral,final_token,1,21,Openness high; Conscientiousness low; Extraversion high; Agreeableness low; Neuroticism high,0.16328327
naturalistic_behavioral,final_token,1,22,Openness high; Conscientiousness low; Extraversion high; Agreeableness high; Neuroticism low,0.1495246
naturalistic_behavioral,final_token,1,23,Openness high; Conscientiousness low; Extraversion high; Agreeableness high; Neuroticism high,0.059645895
naturalistic_behavioral,final_token,1,24,Openness high; Conscientiousness high; Extraversion low; Agreeableness low; Neuroticism low,0.16161984
naturalistic_behavioral,final_token,1,25,Openness high; Conscientiousness high; Extraversion low; Agreeableness low; Neuroticism high,0.20628117
naturalistic_behavioral,final_token,1,26,Openness high; Conscientiousness high; Extraversion low; Agreeableness high; Neuroticism low,0.15544516
naturalistic_behavioral,final_token,1,27,Openness high; Conscientiousness high; Extraversion low; Agreeableness high; Neuroticism high,0.1698255
naturalistic_behavioral,final_token,1,28,Openness high; Conscientiousness high; Extraversion high; Agreeableness low; Neuroticism low,0.14765367
naturalistic_behavioral,final_token,1,29,Openness high; Conscientiousness high; Extraversion high; Agreeableness low; Neuroticism high,0.16446418
naturalistic_behavioral,final_token,1,30,Openness high; Conscientiousness high; Extraversion high; Agreeableness high; Neuroticism low,0.19189753
naturalistic_behavioral,final_token,1,31,Openness high; Conscientiousness high; Extraversion high; Agreeableness high; Neuroticism high,0.16802278
naturalistic_behavioral,final_token,2,0,Openness low; Conscientiousness low; Extraversion low; Agreeableness low; Neuroticism low,0.27105865
naturalistic_behavioral,final_token,2,1,Openness low; Conscientiousness low; Extraversion low; Agreeableness low; Neuroticism high,0.30643782
naturalistic_behavioral,final_token,2,2,Openness low; Conscientiousness low; Extraversion low; Agreeableness high; Neuroticism low,0.27568704
naturalistic_behavioral,final_token,2,3,Openness low; Conscientiousness low; Extraversion low; Agreeableness high; Neuroticism high,0.2361185
naturalistic_behavioral,final_token,2,4,Openness low; Conscientiousness low; Extraversion high; Agreeableness low; Neuroticism low,0.2699527
naturalistic_behavioral,final_token,2,5,Openness low; Conscientiousness low; Extraversion high; Agreeableness low; Neuroticism high,0.26050788
naturalistic_behavioral,final_token,2,6,Openness low; Conscientiousness low; Extraversion high; Agreeableness high; Neuroticism low,0.27470344
naturalistic_behavioral,final_token,2,7,Openness low; Conscientiousness low; Extraversion high; Agreeableness high; Neuroticism high,0.12457075
naturalistic_behavioral,final_token,2,8,Openness low; Conscientiousness high; Extraversion low; Agreeableness low; Neuroticism low,0.33911195
naturalistic_behavioral,final_token,2,9,Openness low; Conscientiousness high; Extraversion low; Agreeableness low; Neuroticism high,0.29663554
naturalistic_behavioral,final_token,2,10,Openness low; Conscientiousness high; Extraversion low; Agreeableness high; Neuroticism low,0.30275643
naturalistic_behavioral,final_token,2,11,Openness low; Conscientiousness high; Extraversion low; Agreeableness high; Neuroticism high,0.30334806
naturalistic_behavioral,final_token,2,12,Openness low; Conscientiousness high; Extraversion high; Agreeableness low; Neuroticism low,0.29811326
naturalistic_behavioral,final_token,2,13,Openness low; Conscientiousness high; Extraversion high; Agreeableness low; Neuroticism high,0.24909578
naturalistic_behavioral,final_token,2,14,Openness low; Conscientiousness high; Extraversion high; Agreeableness high; Neuroticism low,0.26215738
naturalistic_behavioral,final_token,2,15,Openness low; Conscientiousness high; Extraversion high; Agreeableness high; Neuroticism high,0.21385095
naturalistic_behavioral,final_token,2,16,Openness high; Conscientiousness low; Extraversion low; Agreeableness low; Neuroticism low,0.26460952
naturalistic_behavioral,final_token,2,17,Openness high; Conscientiousness low; Extraversion low; Agreeableness low; Neuroticism high,0.27015442
naturalistic_behavioral,final_token,2,18,Openness high; Conscientiousness low; Extraversion low; Agreeableness high; Neuroticism low,0.27385873
naturalistic_behavioral,final_token,2,19,Openness high; Conscientiousness low; Extraversion low; Agreeableness high; Neuroticism high,0.23157729
naturalistic_behavioral,final_token,2,20,Openness high; Conscientiousness low; Extraversion high; Agreeableness low; Neuroticism low,0.2728096
naturalistic_behavioral,final_token,2,21,Openness high; Conscientiousness low; Extraversion high; Agreeableness low; Neuroticism high,0.3029478
naturalistic_behavioral,final_token,2,22,Openness high; Conscientiousness low; Extraversion high; Agreeableness high; Neuroticism low,0.23172294
naturalistic_behavioral,final_token,2,23,Openness high; Conscientiousness low; Extraversion high; Agreeableness high; Neuroticism high,0.1088172
naturalistic_behavioral,final_token,2,24,Openness high; Conscientiousness high; Extraversion low; Agreeableness low; Neuroticism low,0.27599454
naturalistic_behavioral,final_token,2,25,Openness high; Conscientiousness high; Extraversion low; Agreeableness low; Neuroticism high,0.32132033
naturalistic_behavioral,final_token,2,26,Openness high; Conscientiousness high; Extraversion low; Agreeableness high; Neuroticism low,0.26068282
naturalistic_behavioral,final_token,2,27,Openness high; Conscientiousness high; Extraversion low; Agreeableness high; Neuroticism high,0.26490396
naturalistic_behavioral,final_token,2,28,Openness high; Conscientiousness high; Extraversion high; Agreeableness low; Neuroticism low,0.26086843
naturalistic_behavioral,final_token,2,29,Openness high; Conscientiousness high; Extraversion high; Agreeableness low; Neuroticism high,0.29293093
naturalistic_behavioral,final_token,2,30,Openness high; Conscientiousness high; Extraversion high; Agreeableness high; Neuroticism low,0.31819913
naturalistic_behavioral,final_token,2,31,Openness high; Conscientiousness high; Extraversion high; Agreeableness high; Neuroticism high,0.29863137
naturalistic_behavioral,final_token,3,0,Openness low; Conscientiousness low; Extraversion low; Agreeableness low; Neuroticism low,0.4775535
naturalistic_behavioral,final_token,3,1,Openness low; Conscientiousness low; Extraversion low; Agreeableness low; Neuroticism high,0.5134087
naturalistic_behavioral,final_token,3,2,Openness low; Conscientiousness low; Extraversion low; Agreeableness high; Neuroticism low,0.46501574
naturalistic_behavioral,final_token,3,3,Openness low; Conscientiousness low; Extraversion low; Agreeableness high; Neuroticism high,0.45644173
naturalistic_behavioral,final_token,3,4,Openness low; Conscientiousness low; Extraversion high; Agreeableness low; Neuroticism low,0.4558903
naturalistic_behavioral,final_token,3,5,Openness low; Conscientiousness low; Extraversion high; Agreeableness low; Neuroticism high,0.47641844
naturalistic_behavioral,final_token,3,6,Openness low; Conscientiousness low; Extraversion high; Agreeableness high; Neuroticism low,0.46710044
naturalistic_behavioral,final_token,3,7,Openness low; Conscientiousness low; Extraversion high; Agreeableness high; Neuroticism high,0.22213371
naturalistic_behavioral,final_token,3,8,Openness low; Conscientiousness high; Extraversion low; Agreeableness low; Neuroticism low,0.5288462
naturalistic_behavioral,final_token,3,9,Openness low; Conscientiousness high; Extraversion low; Agreeableness low; Neuroticism high,0.51088077
naturalistic_behavioral,final_token,3,10,Openness low; Conscientiousness high; Extraversion low; Agreeableness high; Neuroticism low,0.47523612
naturalistic_behavioral,final_token,3,11,Openness low; Conscientiousness high; Extraversion low; Agreeableness high; Neuroticism high,0.49448735
naturalistic_behavioral,final_token,3,12,Openness low; Conscientiousness high; Extraversion high; Agreeableness low; Neuroticism low,0.5216017
naturalistic_behavioral,final_token,3,13,Openness low; Conscientiousness high; Extraversion high; Agreeableness low; Neuroticism high,0.4743048
naturalistic_behavioral,final_token,3,14,Openness low; Conscientiousness high; Extraversion high; Agreeableness high; Neuroticism low,0.48544076
naturalistic_behavioral,final_token,3,15,Openness low; Conscientiousness high; Extraversion high; Agreeableness high; Neuroticism high,0.36427173
naturalistic_behavioral,final_token,3,16,Openness high; Conscientiousness low; Extraversion low; Agreeableness low; Neuroticism low,0.47023913
naturalistic_behavioral,final_token,3,17,Openness high; Conscientiousness low; Extraversion low; Agreeableness low; Neuroticism high,0.51409197
naturalistic_behavioral,final_token,3,18,Openness high; Conscientiousness low; Extraversion low; Agreeableness high; Neuroticism low,0.44173008
naturalistic_behavioral,final_token,3,19,Openness high; Conscientiousness low; Extraversion low; Agreeableness high; Neuroticism high,0.4583954
naturalistic_behavioral,final_token,3,20,Openness high; Conscientiousness low; Extraversion high; Agreeableness low; Neuroticism low,0.49956122
naturalistic_behavioral,final_token,3,21,Openness high; Conscientiousness low; Extraversion high; Agreeableness low; Neuroticism high,0.5250713
naturalistic_behavioral,final_token,3,22,Openness high; Conscientiousness low; Extraversion high; Agreeableness high; Neuroticism low,0.41421172
naturalistic_behavioral,final_token,3,23,Openness high; Conscientiousness low; Extraversion high; Agreeableness high; Neuroticism high,0.1952095
naturalistic_behavioral,final_token,3,24,Openness high; Conscientiousness high; Extraversion low; Agreeableness low; Neuroticism low,0.49588716
naturalistic_behavioral,final_token,3,25,Openness high; Conscientiousness high; Extraversion low; Agreeableness low; Neuroticism high,0.56451213
naturalistic_behavioral,final_token,3,26,Openness high; Conscientiousness high; Extraversion low; Agreeableness high; Neuroticism low,0.46245214
naturalistic_behavioral,final_token,3,27,Openness high; Conscientiousness high; Extraversion low; Agreeableness high; Neuroticism high,0.4431504
naturalistic_behavioral,final_token,3,28,Openness high; Conscientiousness high; Extraversion high; Agreeableness low; Neuroticism low,0.469041
naturalistic_behavioral,final_token,3,29,Openness high; Conscientiousness high; Extraversion high; Agreeableness low; Neuroticism high,0.49535137
naturalistic_behavioral,final_token,3,30,Openness high; Conscientiousness high; Extraversion high; Agreeableness high; Neuroticism low,0.5659656
naturalistic_behavioral,final_token,3,31,Openness high; Conscientiousness high; Extraversion high; Agreeableness high; Neuroticism high,0.5079205
naturalistic_behavioral,final_token,4,0,Openness low; Conscientiousness low; Extraversion low; Agreeableness low; Neuroticism low,0.6659139
naturalistic_behavioral,final_token,4,1,Openness low; Conscientiousness low; Extraversion low; Agreeableness low; Neuroticism high,0.73823905
naturalistic_behavioral,final_token,4,2,Openness low; Conscientiousness low; Extraversion low; Agreeableness high; Neuroticism low,0.7082619
naturalistic_behavioral,final_token,4,3,Openness low; Conscientiousness low; Extraversion low; Agreeableness high; Neuroticism high,0.65360224
naturalistic_behavioral,final_token,4,4,Openness low; Conscientiousness low; Extraversion high; Agreeableness low; Neuroticism low,0.679607
naturalistic_behavioral,final_token,4,5,Openness low; Conscientiousness low; Extraversion high; Agreeableness low; Neuroticism high,0.6867418
naturalistic_behavioral,final_token,4,6,Openness low; Conscientiousness low; Extraversion high; Agreeableness high; Neuroticism low,0.68013924
naturalistic_behavioral,final_token,4,7,Openness low; Conscientiousness low; Extraversion high; Agreeableness high; Neuroticism high,0.29138395
naturalistic_behavioral,final_token,4,8,Openness low; Conscientiousness high; Extraversion low; Agreeableness low; Neuroticism low,0.7350567
naturalistic_behavioral,final_token,4,9,Openness low; Conscientiousness high; Extraversion low; Agreeableness low; Neuroticism high,0.71596384
naturalistic_behavioral,final_token,4,10,Openness low; Conscientiousness high; Extraversion low; Agreeableness high; Neuroticism low,0.68415195
naturalistic_behavioral,final_token,4,11,Openness low; Conscientiousness high; Extraversion low; Agreeableness high; Neuroticism high,0.74187434
naturalistic_behavioral,final_token,4,12,Openness low; Conscientiousness high; Extraversion high; Agreeableness low; Neuroticism low,0.74071467
naturalistic_behavioral,final_token,4,13,Openness low; Conscientiousness high; Extraversion high; Agreeableness low; Neuroticism high,0.6415612
naturalistic_behavioral,final_token,4,14,Openness low; Conscientiousness high; Extraversion high; Agreeableness high; Neuroticism low,0.7371271
naturalistic_behavioral,final_token,4,15,Openness low; Conscientiousness high; Extraversion high; Agreeableness high; Neuroticism high,0.5114981
naturalistic_behavioral,final_token,4,16,Openness high; Conscientiousness low; Extraversion low; Agreeableness low; Neuroticism low,0.69430673
naturalistic_behavioral,final_token,4,17,Openness high; Conscientiousness low; Extraversion low; Agreeableness low; Neuroticism high,0.74146265
naturalistic_behavioral,final_token,4,18,Openness high; Conscientiousness low; Extraversion low; Agreeableness high; Neuroticism low,0.60126346
naturalistic_behavioral,final_token,4,19,Openness high; Conscientiousness low; Extraversion low; Agreeableness high; Neuroticism high,0.668321
naturalistic_behavioral,final_token,4,20,Openness high; Conscientiousness low; Extraversion high; Agreeableness low; Neuroticism low,0.71407413
naturalistic_behavioral,final_token,4,21,Openness high; Conscientiousness low; Extraversion high; Agreeableness low; Neuroticism high,0.76341003
naturalistic_behavioral,final_token,4,22,Openness high; Conscientiousness low; Extraversion high; Agreeableness high; Neuroticism low,0.5862002
naturalistic_behavioral,final_token,4,23,Openness high; Conscientiousness low; Extraversion high; Agreeableness high; Neuroticism high,0.26174808
naturalistic_behavioral,final_token,4,24,Openness high; Conscientiousness high; Extraversion low; Agreeableness low; Neuroticism low,0.7136463
naturalistic_behavioral,final_token,4,25,Openness high; Conscientiousness high; Extraversion low; Agreeableness low; Neuroticism high,0.77834654
naturalistic_behavioral,final_token,4,26,Openness high; Conscientiousness high; Extraversion low; Agreeableness high; Neuroticism low,0.64642495
naturalistic_behavioral,final_token,4,27,Openness high; Conscientiousness high; Extraversion low; Agreeableness high; Neuroticism high,0.5919332
naturalistic_behavioral,final_token,4,28,Openness high; Conscientiousness high; Extraversion high; Agreeableness low; Neuroticism low,0.6690785
naturalistic_behavioral,final_token,4,29,Openness high; Conscientiousness high; Extraversion high; Agreeableness low; Neuroticism high,0.69561195
naturalistic_behavioral,final_token,4,30,Openness high; Conscientiousness high; Extraversion high; Agreeableness high; Neuroticism low,0.7904884
naturalistic_behavioral,final_token,4,31,Openness high; Conscientiousness high; Extraversion high; Agreeableness high; Neuroticism high,0.7305426
naturalistic_behavioral,final_token,5,0,Openness low; Conscientiousness low; Extraversion low; Agreeableness low; Neuroticism low,0.84581274
naturalistic_behavioral,final_token,5,1,Openness low; Conscientiousness low; Extraversion low; Agreeableness low; Neuroticism high,0.9517308
naturalistic_behavioral,final_token,5,2,Openness low; Conscientiousness low; Extraversion low; Agreeableness high; Neuroticism low,0.9267353
naturalistic_behavioral,final_token,5,3,Openness low; Conscientiousness low; Extraversion low; Agreeableness high; Neuroticism high,0.82624733
naturalistic_behavioral,final_token,5,4,Openness low; Conscientiousness low; Extraversion high; Agreeableness low; Neuroticism low,0.87303686
naturalistic_behavioral,final_token,5,5,Openness low; Conscientiousness low; Extraversion high; Agreeableness low; Neuroticism high,0.89084756
naturalistic_behavioral,final_token,5,6,Openness low; Conscientiousness low; Extraversion high; Agreeableness high; Neuroticism low,0.90014017
naturalistic_behavioral,final_token,5,7,Openness low; Conscientiousness low; Extraversion high; Agreeableness high; Neuroticism high,0.3491053
naturalistic_behavioral,final_token,5,8,Openness low; Conscientiousness high; Extraversion low; Agreeableness low; Neuroticism low,0.9181047
naturalistic_behavioral,final_token,5,9,Openness low; Conscientiousness high; Extraversion low; Agreeableness low; Neuroticism high,0.8898177
naturalistic_behavioral,final_token,5,10,Openness low; Conscientiousness high; Extraversion low; Agreeableness high; Neuroticism low,0.9122911
naturalistic_behavioral,final_token,5,11,Openness low; Conscientiousness high; Extraversion low; Agreeableness high; Neuroticism high,0.90607584
naturalistic_behavioral,final_token,5,12,Openness low; Conscientiousness high; Extraversion high; Agreeableness low; Neuroticism low,0.92491966
naturalistic_behavioral,final_token,5,13,Openness low; Conscientiousness high; Extraversion high; Agreeableness low; Neuroticism high,0.8256566
naturalistic_behavioral,final_token,5,14,Openness low; Conscientiousness high; Extraversion high; Agreeableness high; Neuroticism low,0.94547206
naturalistic_behavioral,final_token,5,15,Openness low; Conscientiousness high; Extraversion high; Agreeableness high; Neuroticism high,0.66079575
naturalistic_behavioral,final_token,5,16,Openness high; Conscientiousness low; Extraversion low; Agreeableness low; Neuroticism low,0.8348758
naturalistic_behavioral,final_token,5,17,Openness high; Conscientiousness low; Extraversion low; Agreeableness low; Neuroticism high,0.9031861
naturalistic_behavioral,final_token,5,18,Openness high; Conscientiousness low; Extraversion low; Agreeableness high; Neuroticism low,0.73850584
naturalistic_behavioral,final_token,5,19,Openness high; Conscientiousness low; Extraversion low; Agreeableness high; Neuroticism high,0.84842724
naturalistic_behavioral,final_token,5,20,Openness high; Conscientiousness low; Extraversion high; Agreeableness low; Neuroticism low,0.93971723
naturalistic_behavioral,final_token,5,21,Openness high; Conscientiousness low; Extraversion high; Agreeableness low; Neuroticism high,0.9390944
naturalistic_behavioral,final_token,5,22,Openness high; Conscientiousness low; Extraversion high; Agreeableness high; Neuroticism low,0.7290287
naturalistic_behavioral,final_token,5,23,Openness high; Conscientiousness low; Extraversion high; Agreeableness high; Neuroticism high,0.3254069
naturalistic_behavioral,final_token,5,24,Openness high; Conscientiousness high; Extraversion low; Agreeableness low; Neuroticism low,0.9030925
naturalistic_behavioral,final_token,5,25,Openness high; Conscientiousness high; Extraversion low; Agreeableness low; Neuroticism high,0.9738766
naturalistic_behavioral,final_token,5,26,Openness high; Conscientiousness high; Extraversion low; Agreeableness high; Neuroticism low,0.88805884
naturalistic_behavioral,final_token,5,27,Openness high; Conscientiousness high; Extraversion low; Agreeableness high; Neuroticism high,0.77988434
naturalistic_behavioral,final_token,5,28,Openness high; Conscientiousness high; Extraversion high; Agreeableness low; Neuroticism low,0.82691664
naturalistic_behavioral,final_token,5,29,Openness high; Conscientiousness high; Extraversion high; Agreeableness low; Neuroticism high,0.86904174
naturalistic_behavioral,final_token,5,30,Openness high; Conscientiousness high; Extraversion high; Agreeableness high; Neuroticism low,0.9398651
naturalistic_behavioral,final_token,5,31,Openness high; Conscientiousness high; Extraversion high; Agreeableness high; Neuroticism high,0.88506883
naturalistic_behavioral,final_token,6,0,Openness low; Conscientiousness low; Extraversion low; Agreeableness low; Neuroticism low,0.9583668
naturalistic_behavioral,final_token,6,1,Openness low; Conscientiousness low; Extraversion low; Agreeableness low; Neuroticism high,1.0930256
naturalistic_behavioral,final_token,6,2,Openness low; Conscientiousness low; Extraversion low; Agreeableness high; Neuroticism low,1.0591304
naturalistic_behavioral,final_token,6,3,Openness low; Conscientiousness low; Extraversion low; Agreeableness high; Neuroticism high,0.9216919
naturalistic_behavioral,final_token,6,4,Openness low; Conscientiousness low; Extraversion high; Agreeableness low; Neuroticism low,1.0335021
naturalistic_behavioral,final_token,6,5,Openness low; Conscientiousness low; Extraversion high; Agreeableness low; Neuroticism high,1.0641222
naturalistic_behavioral,final_token,6,6,Openness low; Conscientiousness low; Extraversion high; Agreeableness high; Neuroticism low,1.0858692
naturalistic_behavioral,final_token,6,7,Openness low; Conscientiousness low; Extraversion high; Agreeableness high; Neuroticism high,0.38217068
naturalistic_behavioral,final_token,6,8,Openness low; Conscientiousness high; Extraversion low; Agreeableness low; Neuroticism low,1.0817611
naturalistic_behavioral,final_token,6,9,Openness low; Conscientiousness high; Extraversion low; Agreeableness low; Neuroticism high,1.0394462
naturalistic_behavioral,final_token,6,10,Openness low; Conscientiousness high; Extraversion low; Agreeableness high; Neuroticism low,1.0201786
naturalistic_behavioral,final_token,6,11,Openness low; Conscientiousness high; Extraversion low; Agreeableness high; Neuroticism high,1.0337676
naturalistic_behavioral,final_token,6,12,Openness low; Conscientiousness high; Extraversion high; Agreeableness low; Neuroticism low,1.0979663
naturalistic_behavioral,final_token,6,13,Openness low; Conscientiousness high; Extraversion high; Agreeableness low; Neuroticism high,0.9590316
naturalistic_behavioral,final_token,6,14,Openness low; Conscientiousness high; Extraversion high; Agreeableness high; Neuroticism low,1.0926929
naturalistic_behavioral,final_token,6,15,Openness low; Conscientiousness high; Extraversion high; Agreeableness high; Neuroticism high,0.74991494
naturalistic_behavioral,final_token,6,16,Openness high; Conscientiousness low; Extraversion low; Agreeableness low; Neuroticism low,0.95358354
naturalistic_behavioral,final_token,6,17,Openness high; Conscientiousness low; Extraversion low; Agreeableness low; Neuroticism high,1.0432864
naturalistic_behavioral,final_token,6,18,Openness high; Conscientiousness low; Extraversion low; Agreeableness high; Neuroticism low,0.8370553
naturalistic_behavioral,final_token,6,19,Openness high; Conscientiousness low; Extraversion low; Agreeableness high; Neuroticism high,0.9317239
naturalistic_behavioral,final_token,6,20,Openness high; Conscientiousness low; Extraversion high; Agreeableness low; Neuroticism low,1.0845479
naturalistic_behavioral,final_token,6,21,Openness high; Conscientiousness low; Extraversion high; Agreeableness low; Neuroticism high,1.0420482
naturalistic_behavioral,final_token,6,22,Openness high; Conscientiousness low; Extraversion high; Agreeableness high; Neuroticism low,0.89724827
naturalistic_behavioral,final_token,6,23,Openness high; Conscientiousness low; Extraversion high; Agreeableness high; Neuroticism high,0.3509576
naturalistic_behavioral,final_token,6,24,Openness high; Conscientiousness high; Extraversion low; Agreeableness low; Neuroticism low,1.0352472
naturalistic_behavioral,final_token,6,25,Openness high; Conscientiousness high; Extraversion low; Agreeableness low; Neuroticism high,1.0868856
naturalistic_behavioral,final_token,6,26,Openness high; Conscientiousness high; Extraversion low; Agreeableness high; Neuroticism low,0.97785044
naturalistic_behavioral,final_token,6,27,Openness high; Conscientiousness high; Extraversion low; Agreeableness high; Neuroticism high,0.9233197
naturalistic_behavioral,final_token,6,28,Openness high; Conscientiousness high; Extraversion high; Agreeableness low; Neuroticism low,0.94903225
naturalistic_behavioral,final_token,6,29,Openness high; Conscientiousness high; Extraversion high; Agreeableness low; Neuroticism high,0.9477939
naturalistic_behavioral,final_token,6,30,Openness high; Conscientiousness high; Extraversion high; Agreeableness high; Neuroticism low,1.0625956
naturalistic_behavioral,final_token,6,31,Openness high; Conscientiousness high; Extraversion high; Agreeableness high; Neuroticism high,1.0470717
naturalistic_behavioral,final_token,7,0,Openness low; Conscientiousness low; Extraversion low; Agreeableness low; Neuroticism low,1.160613
naturalistic_behavioral,final_token,7,1,Openness low; Conscientiousness low; Extraversion low; Agreeableness low; Neuroticism high,1.3428446
naturalistic_behavioral,final_token,7,2,Openness low; Conscientiousness low; Extraversion low; Agreeableness high; Neuroticism low,1.2725854
naturalistic_behavioral,final_token,7,3,Openness low; Conscientiousness low; Extraversion low; Agreeableness high; Neuroticism high,1.1632252
naturalistic_behavioral,final_token,7,4,Openness low; Conscientiousness low; Extraversion high; Agreeableness low; Neuroticism low,1.2675083
naturalistic_behavioral,final_token,7,5,Openness low; Conscientiousness low; Extraversion high; Agreeableness low; Neuroticism high,1.3599335
naturalistic_behavioral,final_token,7,6,Openness low; Conscientiousness low; Extraversion high; Agreeableness high; Neuroticism low,1.3616548
naturalistic_behavioral,final_token,7,7,Openness low; Conscientiousness low; Extraversion high; Agreeableness high; Neuroticism high,0.47602385
naturalistic_behavioral,final_token,7,8,Openness low; Conscientiousness high; Extraversion low; Agreeableness low; Neuroticism low,1.3233502
naturalistic_behavioral,final_token,7,9,Openness low; Conscientiousness high; Extraversion low; Agreeableness low; Neuroticism high,1.2632222
naturalistic_behavioral,final_token,7,10,Openness low; Conscientiousness high; Extraversion low; Agreeableness high; Neuroticism low,1.2064713
naturalistic_behavioral,final_token,7,11,Openness low; Conscientiousness high; Extraversion low; Agreeableness high; Neuroticism high,1.2865453
naturalistic_behavioral,final_token,7,12,Openness low; Conscientiousness high; Extraversion high; Agreeableness low; Neuroticism low,1.3310472
naturalistic_behavioral,final_token,7,13,Openness low; Conscientiousness high; Extraversion high; Agreeableness low; Neuroticism high,1.1966391
naturalistic_behavioral,final_token,7,14,Openness low; Conscientiousness high; Extraversion high; Agreeableness high; Neuroticism low,1.3051492
naturalistic_behavioral,final_token,7,15,Openness low; Conscientiousness high; Extraversion high; Agreeableness high; Neuroticism high,0.99976987
naturalistic_behavioral,final_token,7,16,Openness high; Conscientiousness low; Extraversion low; Agreeableness low; Neuroticism low,1.2147624
naturalistic_behavioral,final_token,7,17,Openness high; Conscientiousness low; Extraversion low; Agreeableness low; Neuroticism high,1.2793086
naturalistic_behavioral,final_token,7,18,Openness high; Conscientiousness low; Extraversion low; Agreeableness high; Neuroticism low,1.0704358
naturalistic_behavioral,final_token,7,19,Openness high; Conscientiousness low; Extraversion low; Agreeableness high; Neuroticism high,1.1455096
naturalistic_behavioral,final_token,7,20,Openness high; Conscientiousness low; Extraversion high; Agreeableness low; Neuroticism low,1.4013414
naturalistic_behavioral,final_token,7,21,Openness high; Conscientiousness low; Extraversion high; Agreeableness low; Neuroticism high,1.2905515
naturalistic_behavioral,final_token,7,22,Openness high; Conscientiousness low; Extraversion high; Agreeableness high; Neuroticism low,1.2051253
naturalistic_behavioral,final_token,7,23,Openness high; Conscientiousness low; Extraversion high; Agreeableness high; Neuroticism high,0.43591344
naturalistic_behavioral,final_token,7,24,Openness high; Conscientiousness high; Extraversion low; Agreeableness low; Neuroticism low,1.2628194
naturalistic_behavioral,final_token,7,25,Openness high; Conscientiousness high; Extraversion low; Agreeableness low; Neuroticism high,1.3320166
naturalistic_behavioral,final_token,7,26,Openness high; Conscientiousness high; Extraversion low; Agreeableness high; Neuroticism low,1.2235872
naturalistic_behavioral,final_token,7,27,Openness high; Conscientiousness high; Extraversion low; Agreeableness high; Neuroticism high,1.1280903
naturalistic_behavioral,final_token,7,28,Openness high; Conscientiousness high; Extraversion high; Agreeableness low; Neuroticism low,1.2265393
naturalistic_behavioral,final_token,7,29,Openness high; Conscientiousness high; Extraversion high; Agreeableness low; Neuroticism high,1.189924
naturalistic_behavioral,final_token,7,30,Openness high; Conscientiousness high; Extraversion high; Agreeableness high; Neuroticism low,1.3135988
naturalistic_behavioral,final_token,7,31,Openness high; Conscientiousness high; Extraversion high; Agreeableness high; Neuroticism high,1.3182918
naturalistic_behavioral,final_token,8,0,Openness low; Conscientiousness low; Extraversion low; Agreeableness low; Neuroticism low,1.3119035
naturalistic_behavioral,final_token,8,1,Openness low; Conscientiousness low; Extraversion low; Agreeableness low; Neuroticism high,1.4747443
naturalistic_behavioral,final_token,8,2,Openness low; Conscientiousness low; Extraversion low; Agreeableness high; Neuroticism low,1.395347
naturalistic_behavioral,final_token,8,3,Openness low; Conscientiousness low; Extraversion low; Agreeableness high; Neuroticism high,1.3270718
naturalistic_behavioral,final_token,8,4,Openness low; Conscientiousness low; Extraversion high; Agreeableness low; Neuroticism low,1.4188931
naturalistic_behavioral,final_token,8,5,Openness low; Conscientiousness low; Extraversion high; Agreeableness low; Neuroticism high,1.5128822
naturalistic_behavioral,final_token,8,6,Openness low; Conscientiousness low; Extraversion high; Agreeableness high; Neuroticism low,1.4343809
naturalistic_behavioral,final_token,8,7,Openness low; Conscientiousness low; Extraversion high; Agreeableness high; Neuroticism high,0.584291
naturalistic_behavioral,final_token,8,8,Openness low; Conscientiousness high; Extraversion low; Agreeableness low; Neuroticism low,1.470112
naturalistic_behavioral,final_token,8,9,Openness low; Conscientiousness high; Extraversion low; Agreeableness low; Neuroticism high,1.3769352
naturalistic_behavioral,final_token,8,10,Openness low; Conscientiousness high; Extraversion low; Agreeableness high; Neuroticism low,1.3455056
naturalistic_behavioral,final_token,8,11,Openness low; Conscientiousness high; Extraversion low; Agreeableness high; Neuroticism high,1.4273591
naturalistic_behavioral,final_token,8,12,Openness low; Conscientiousness high; Extraversion high; Agreeableness low; Neuroticism low,1.4745744
naturalistic_behavioral,final_token,8,13,Openness low; Conscientiousness high; Extraversion high; Agreeableness low; Neuroticism high,1.3216411
naturalistic_behavioral,final_token,8,14,Openness low; Conscientiousness high; Extraversion high; Agreeableness high; Neuroticism low,1.4533858
naturalistic_behavioral,final_token,8,15,Openness low; Conscientiousness high; Extraversion high; Agreeableness high; Neuroticism high,1.1694298
naturalistic_behavioral,final_token,8,16,Openness high; Conscientiousness low; Extraversion low; Agreeableness low; Neuroticism low,1.3203672
naturalistic_behavioral,final_token,8,17,Openness high; Conscientiousness low; Extraversion low; Agreeableness low; Neuroticism high,1.3881347
naturalistic_behavioral,final_token,8,18,Openness high; Conscientiousness low; Extraversion low; Agreeableness high; Neuroticism low,1.2027336
naturalistic_behavioral,final_token,8,19,Openness high; Conscientiousness low; Extraversion low; Agreeableness high; Neuroticism high,1.263553
naturalistic_behavioral,final_token,8,20,Openness high; Conscientiousness low; Extraversion high; Agreeableness low; Neuroticism low,1.4935089
naturalistic_behavioral,final_token,8,21,Openness high; Conscientiousness low; Extraversion high; Agreeableness low; Neuroticism high,1.4189951
naturalistic_behavioral,final_token,8,22,Openness high; Conscientiousness low; Extraversion high; Agreeableness high; Neuroticism low,1.3552258
naturalistic_behavioral,final_token,8,23,Openness high; Conscientiousness low; Extraversion high; Agreeableness high; Neuroticism high,0.5121369
naturalistic_behavioral,final_token,8,24,Openness high; Conscientiousness high; Extraversion low; Agreeableness low; Neuroticism low,1.3337785
naturalistic_behavioral,final_token,8,25,Openness high; Conscientiousness high; Extraversion low; Agreeableness low; Neuroticism high,1.4512473
naturalistic_behavioral,final_token,8,26,Openness high; Conscientiousness high; Extraversion low; Agreeableness high; Neuroticism low,1.3942784
naturalistic_behavioral,final_token,8,27,Openness high; Conscientiousness high; Extraversion low; Agreeableness high; Neuroticism high,1.2876155
naturalistic_behavioral,final_token,8,28,Openness high; Conscientiousness high; Extraversion high; Agreeableness low; Neuroticism low,1.3532618
naturalistic_behavioral,final_token,8,29,Openness high; Conscientiousness high; Extraversion high; Agreeableness low; Neuroticism high,1.3602499
naturalistic_behavioral,final_token,8,30,Openness high; Conscientiousness high; Extraversion high; Agreeableness high; Neuroticism low,1.4069687
naturalistic_behavioral,final_token,8,31,Openness high; Conscientiousness high; Extraversion high; Agreeableness high; Neuroticism high,1.4530396
naturalistic_behavioral,final_token,9,0,Openness low; Conscientiousness low; Extraversion low; Agreeableness low; Neuroticism low,1.4929515
naturalistic_behavioral,final_token,9,1,Openness low; Conscientiousness low; Extraversion low; Agreeableness low; Neuroticism high,1.5631659
naturalistic_behavioral,final_token,9,2,Openness low; Conscientiousness low; Extraversion low; Agreeableness high; Neuroticism low,1.525339
naturalistic_behavioral,final_token,9,3,Openness low; Conscientiousness low; Extraversion low; Agreeableness high; Neuroticism high,1.4576623
naturalistic_behavioral,final_token,9,4,Openness low; Conscientiousness low; Extraversion high; Agreeableness low; Neuroticism low,1.5322889
naturalistic_behavioral,final_token,9,5,Openness low; Conscientiousness low; Extraversion high; Agreeableness low; Neuroticism high,1.7044574
naturalistic_behavioral,final_token,9,6,Openness low; Conscientiousness low; Extraversion high; Agreeableness high; Neuroticism low,1.595168
naturalistic_behavioral,final_token,9,7,Openness low; Conscientiousness low; Extraversion high; Agreeableness high; Neuroticism high,0.77724373
naturalistic_behavioral,final_token,9,8,Openness low; Conscientiousness high; Extraversion low; Agreeableness low; Neuroticism low,1.5507305
naturalistic_behavioral,final_token,9,9,Openness low; Conscientiousness high; Extraversion low; Agreeableness low; Neuroticism high,1.5332658
naturalistic_behavioral,final_token,9,10,Openness low; Conscientiousness high; Extraversion low; Agreeableness high; Neuroticism low,1.5171546
naturalistic_behavioral,final_token,9,11,Openness low; Conscientiousness high; Extraversion low; Agreeableness high; Neuroticism high,1.5528625
naturalistic_behavioral,final_token,9,12,Openness low; Conscientiousness high; Extraversion high; Agreeableness low; Neuroticism low,1.6155396
naturalistic_behavioral,final_token,9,13,Openness low; Conscientiousness high; Extraversion high; Agreeableness low; Neuroticism high,1.4392722
naturalistic_behavioral,final_token,9,14,Openness low; Conscientiousness high; Extraversion high; Agreeableness high; Neuroticism low,1.5415657
naturalistic_behavioral,final_token,9,15,Openness low; Conscientiousness high; Extraversion high; Agreeableness high; Neuroticism high,1.3438152
naturalistic_behavioral,final_token,9,16,Openness high; Conscientiousness low; Extraversion low; Agreeableness low; Neuroticism low,1.443777
naturalistic_behavioral,final_token,9,17,Openness high; Conscientiousness low; Extraversion low; Agreeableness low; Neuroticism high,1.5901096
naturalistic_behavioral,final_token,9,18,Openness high; Conscientiousness low; Extraversion low; Agreeableness high; Neuroticism low,1.3760936
naturalistic_behavioral,final_token,9,19,Openness high; Conscientiousness low; Extraversion low; Agreeableness high; Neuroticism high,1.4226413
naturalistic_behavioral,final_token,9,20,Openness high; Conscientiousness low; Extraversion high; Agreeableness low; Neuroticism low,1.5758091
naturalistic_behavioral,final_token,9,21,Openness high; Conscientiousness low; Extraversion high; Agreeableness low; Neuroticism high,1.6297048
naturalistic_behavioral,final_token,9,22,Openness high; Conscientiousness low; Extraversion high; Agreeableness high; Neuroticism low,1.4742174
naturalistic_behavioral,final_token,9,23,Openness high; Conscientiousness low; Extraversion high; Agreeableness high; Neuroticism high,0.6665108
naturalistic_behavioral,final_token,9,24,Openness high; Conscientiousness high; Extraversion low; Agreeableness low; Neuroticism low,1.4853848
naturalistic_behavioral,final_token,9,25,Openness high; Conscientiousness high; Extraversion low; Agreeableness low; Neuroticism high,1.5794289
naturalistic_behavioral,final_token,9,26,Openness high; Conscientiousness high; Extraversion low; Agreeableness high; Neuroticism low,1.5970998
naturalistic_behavioral,final_token,9,27,Openness high; Conscientiousness high; Extraversion low; Agreeableness high; Neuroticism high,1.4725962
naturalistic_behavioral,final_token,9,28,Openness high; Conscientiousness high; Extraversion high; Agreeableness low; Neuroticism low,1.5099574
naturalistic_behavioral,final_token,9,29,Openness high; Conscientiousness high; Extraversion high; Agreeableness low; Neuroticism high,1.5222112
naturalistic_behavioral,final_token,9,30,Openness high; Conscientiousness high; Extraversion high; Agreeableness high; Neuroticism low,1.5736012
naturalistic_behavioral,final_token,9,31,Openness high; Conscientiousness high; Extraversion high; Agreeableness high; Neuroticism high,1.6099228
naturalistic_behavioral,final_token,10,0,Openness low; Conscientiousness low; Extraversion low; Agreeableness low; Neuroticism low,1.5208579
naturalistic_behavioral,final_token,10,1,Openness low; Conscientiousness low; Extraversion low; Agreeableness low; Neuroticism high,1.6602023
naturalistic_behavioral,final_token,10,2,Openness low; Conscientiousness low; Extraversion low; Agreeableness high; Neuroticism low,1.5816236
naturalistic_behavioral,final_token,10,3,Openness low; Conscientiousness low; Extraversion low; Agreeableness high; Neuroticism high,1.4794163
naturalistic_behavioral,final_token,10,4,Openness low; Conscientiousness low; Extraversion high; Agreeableness low; Neuroticism low,1.6017197
naturalistic_behavioral,final_token,10,5,Openness low; Conscientiousness low; Extraversion high; Agreeableness low; Neuroticism high,1.8248074
naturalistic_behavioral,final_token,10,6,Openness low; Conscientiousness low; Extraversion high; Agreeableness high; Neuroticism low,1.6338619
naturalistic_behavioral,final_token,10,7,Openness low; Conscientiousness low; Extraversion high; Agreeableness high; Neuroticism high,0.8881662
naturalistic_behavioral,final_token,10,8,Openness low; Conscientiousness high; Extraversion low; Agreeableness low; Neuroticism low,1.579763
naturalistic_behavioral,final_token,10,9,Openness low; Conscientiousness high; Extraversion low; Agreeableness low; Neuroticism high,1.5698029
naturalistic_behavioral,final_token,10,10,Openness low; Conscientiousness high; Extraversion low; Agreeableness high; Neuroticism low,1.6118575
naturalistic_behavioral,final_token,10,11,Openness low; Conscientiousness high; Extraversion low; Agreeableness high; Neuroticism high,1.5684614
naturalistic_behavioral,final_token,10,12,Openness low; Conscientiousness high; Extraversion high; Agreeableness low; Neuroticism low,1.6626091
naturalistic_behavioral,final_token,10,13,Openness low; Conscientiousness high; Extraversion high; Agreeableness low; Neuroticism high,1.4730386
naturalistic_behavioral,final_token,10,14,Openness low; Conscientiousness high; Extraversion high; Agreeableness high; Neuroticism low,1.6262454
naturalistic_behavioral,final_token,10,15,Openness low; Conscientiousness high; Extraversion high; Agreeableness high; Neuroticism high,1.4638312
naturalistic_behavioral,final_token,10,16,Openness high; Conscientiousness low; Extraversion low; Agreeableness low; Neuroticism low,1.5062895
naturalistic_behavioral,final_token,10,17,Openness high; Conscientiousness low; Extraversion low; Agreeableness low; Neuroticism high,1.6172369
naturalistic_behavioral,final_token,10,18,Openness high; Conscientiousness low; Extraversion low; Agreeableness high; Neuroticism low,1.4621983
naturalistic_behavioral,final_token,10,19,Openness high; Conscientiousness low; Extraversion low; Agreeableness high; Neuroticism high,1.4713073
naturalistic_behavioral,final_token,10,20,Openness high; Conscientiousness low; Extraversion high; Agreeableness low; Neuroticism low,1.630339
naturalistic_behavioral,final_token,10,21,Openness high; Conscientiousness low; Extraversion high; Agreeableness low; Neuroticism high,1.6601558
naturalistic_behavioral,final_token,10,22,Openness high; Conscientiousness low; Extraversion high; Agreeableness high; Neuroticism low,1.4977459
naturalistic_behavioral,final_token,10,23,Openness high; Conscientiousness low; Extraversion high; Agreeableness high; Neuroticism high,0.7539652
naturalistic_behavioral,final_token,10,24,Openness high; Conscientiousness high; Extraversion low; Agreeableness low; Neuroticism low,1.5607806
naturalistic_behavioral,final_token,10,25,Openness high; Conscientiousness high; Extraversion low; Agreeableness low; Neuroticism high,1.6528724
naturalistic_behavioral,final_token,10,26,Openness high; Conscientiousness high; Extraversion low; Agreeableness high; Neuroticism low,1.6934637
naturalistic_behavioral,final_token,10,27,Openness high; Conscientiousness high; Extraversion low; Agreeableness high; Neuroticism high,1.496949
naturalistic_behavioral,final_token,10,28,Openness high; Conscientiousness high; Extraversion high; Agreeableness low; Neuroticism low,1.5704855
naturalistic_behavioral,final_token,10,29,Openness high; Conscientiousness high; Extraversion high; Agreeableness low; Neuroticism high,1.5720835
naturalistic_behavioral,final_token,10,30,Openness high; Conscientiousness high; Extraversion high; Agreeableness high; Neuroticism low,1.6519057
naturalistic_behavioral,final_token,10,31,Openness high; Conscientiousness high; Extraversion high; Agreeableness high; Neuroticism high,1.6298602
naturalistic_behavioral,final_token,11,0,Openness low; Conscientiousness low; Extraversion low; Agreeableness low; Neuroticism low,1.5727005
naturalistic_behavioral,final_token,11,1,Openness low; Conscientiousness low; Extraversion low; Agreeableness low; Neuroticism high,1.669463
naturalistic_behavioral,final_token,11,2,Openness low; Conscientiousness low; Extraversion low; Agreeableness high; Neuroticism low,1.6058599
naturalistic_behavioral,final_token,11,3,Openness low; Conscientiousness low; Extraversion low; Agreeableness high; Neuroticism high,1.6192744
naturalistic_behavioral,final_token,11,4,Openness low; Conscientiousness low; Extraversion high; Agreeableness low; Neuroticism low,1.6887485
naturalistic_behavioral,final_token,11,5,Openness low; Conscientiousness low; Extraversion high; Agreeableness low; Neuroticism high,1.8991958
naturalistic_behavioral,final_token,11,6,Openness low; Conscientiousness low; Extraversion high; Agreeableness high; Neuroticism low,1.6995795
naturalistic_behavioral,final_token,11,7,Openness low; Conscientiousness low; Extraversion high; Agreeableness high; Neuroticism high,0.9635237
naturalistic_behavioral,final_token,11,8,Openness low; Conscientiousness high; Extraversion low; Agreeableness low; Neuroticism low,1.6166878
naturalistic_behavioral,final_token,11,9,Openness low; Conscientiousness high; Extraversion low; Agreeableness low; Neuroticism high,1.6340836
naturalistic_behavioral,final_token,11,10,Openness low; Conscientiousness high; Extraversion low; Agreeableness high; Neuroticism low,1.6866735
naturalistic_behavioral,final_token,11,11,Openness low; Conscientiousness high; Extraversion low; Agreeableness high; Neuroticism high,1.6523647
naturalistic_behavioral,final_token,11,12,Openness low; Conscientiousness high; Extraversion high; Agreeableness low; Neuroticism low,1.7319857
naturalistic_behavioral,final_token,11,13,Openness low; Conscientiousness high; Extraversion high; Agreeableness low; Neuroticism high,1.4967643
naturalistic_behavioral,final_token,11,14,Openness low; Conscientiousness high; Extraversion high; Agreeableness high; Neuroticism low,1.738326
naturalistic_behavioral,final_token,11,15,Openness low; Conscientiousness high; Extraversion high; Agreeableness high; Neuroticism high,1.5099595
naturalistic_behavioral,final_token,11,16,Openness high; Conscientiousness low; Extraversion low; Agreeableness low; Neuroticism low,1.5994059
naturalistic_behavioral,final_token,11,17,Openness high; Conscientiousness low; Extraversion low; Agreeableness low; Neuroticism high,1.6494277
naturalistic_behavioral,final_token,11,18,Openness high; Conscientiousness low; Extraversion low; Agreeableness high; Neuroticism low,1.6265082
naturalistic_behavioral,final_token,11,19,Openness high; Conscientiousness low; Extraversion low; Agreeableness high; Neuroticism high,1.5398132
naturalistic_behavioral,final_token,11,20,Openness high; Conscientiousness low; Extraversion high; Agreeableness low; Neuroticism low,1.6780722
naturalistic_behavioral,final_token,11,21,Openness high; Conscientiousness low; Extraversion high; Agreeableness low; Neuroticism high,1.7077335
naturalistic_behavioral,final_token,11,22,Openness high; Conscientiousness low; Extraversion high; Agreeableness high; Neuroticism low,1.6574863
naturalistic_behavioral,final_token,11,23,Openness high; Conscientiousness low; Extraversion high; Agreeableness high; Neuroticism high,0.83792126
naturalistic_behavioral,final_token,11,24,Openness high; Conscientiousness high; Extraversion low; Agreeableness low; Neuroticism low,1.6436427
naturalistic_behavioral,final_token,11,25,Openness high; Conscientiousness high; Extraversion low; Agreeableness low; Neuroticism high,1.7323477
naturalistic_behavioral,final_token,11,26,Openness high; Conscientiousness high; Extraversion low; Agreeableness high; Neuroticism low,1.7397692
naturalistic_behavioral,final_token,11,27,Openness high; Conscientiousness high; Extraversion low; Agreeableness high; Neuroticism high,1.5740504
naturalistic_behavioral,final_token,11,28,Openness high; Conscientiousness high; Extraversion high; Agreeableness low; Neuroticism low,1.5832126
naturalistic_behavioral,final_token,11,29,Openness high; Conscientiousness high; Extraversion high; Agreeableness low; Neuroticism high,1.6436553
naturalistic_behavioral,final_token,11,30,Openness high; Conscientiousness high; Extraversion high; Agreeableness high; Neuroticism low,1.703997
naturalistic_behavioral,final_token,11,31,Openness high; Conscientiousness high; Extraversion high; Agreeableness high; Neuroticism high,1.7105899
naturalistic_behavioral,final_token,12,0,Openness low; Conscientiousness low; Extraversion low; Agreeableness low; Neuroticism low,1.8270137
naturalistic_behavioral,final_token,12,1,Openness low; Conscientiousness low; Extraversion low; Agreeableness low; Neuroticism high,1.8607053
naturalistic_behavioral,final_token,12,2,Openness low; Conscientiousness low; Extraversion low; Agreeableness high; Neuroticism low,1.8403269
naturalistic_behavioral,final_token,12,3,Openness low; Conscientiousness low; Extraversion low; Agreeableness high; Neuroticism high,1.8192563
naturalistic_behavioral,final_token,12,4,Openness low; Conscientiousness low; Extraversion high; Agreeableness low; Neuroticism low,1.9045305
naturalistic_behavioral,final_token,12,5,Openness low; Conscientiousness low; Extraversion high; Agreeableness low; Neuroticism high,2.1726613
naturalistic_behavioral,final_token,12,6,Openness low; Conscientiousness low; Extraversion high; Agreeableness high; Neuroticism low,1.9370288
naturalistic_behavioral,final_token,12,7,Openness low; Conscientiousness low; Extraversion high; Agreeableness high; Neuroticism high,1.1150297
naturalistic_behavioral,final_token,12,8,Openness low; Conscientiousness high; Extraversion low; Agreeableness low; Neuroticism low,1.830937
naturalistic_behavioral,final_token,12,9,Openness low; Conscientiousness high; Extraversion low; Agreeableness low; Neuroticism high,1.915998
naturalistic_behavioral,final_token,12,10,Openness low; Conscientiousness high; Extraversion low; Agreeableness high; Neuroticism low,1.9494578
naturalistic_behavioral,final_token,12,11,Openness low; Conscientiousness high; Extraversion low; Agreeableness high; Neuroticism high,1.8046972
naturalistic_behavioral,final_token,12,12,Openness low; Conscientiousness high; Extraversion high; Agreeableness low; Neuroticism low,1.9665959
naturalistic_behavioral,final_token,12,13,Openness low; Conscientiousness high; Extraversion high; Agreeableness low; Neuroticism high,1.699561
naturalistic_behavioral,final_token,12,14,Openness low; Conscientiousness high; Extraversion high; Agreeableness high; Neuroticism low,1.9803435
naturalistic_behavioral,final_token,12,15,Openness low; Conscientiousness high; Extraversion high; Agreeableness high; Neuroticism high,1.6924021
naturalistic_behavioral,final_token,12,16,Openness high; Conscientiousness low; Extraversion low; Agreeableness low; Neuroticism low,1.803098
naturalistic_behavioral,final_token,12,17,Openness high; Conscientiousness low; Extraversion low; Agreeableness low; Neuroticism high,1.8974868
naturalistic_behavioral,final_token,12,18,Openness high; Conscientiousness low; Extraversion low; Agreeableness high; Neuroticism low,1.8522242
naturalistic_behavioral,final_token,12,19,Openness high; Conscientiousness low; Extraversion low; Agreeableness high; Neuroticism high,1.7704153
naturalistic_behavioral,final_token,12,20,Openness high; Conscientiousness low; Extraversion high; Agreeableness low; Neuroticism low,1.8917867
naturalistic_behavioral,final_token,12,21,Openness high; Conscientiousness low; Extraversion high; Agreeableness low; Neuroticism high,1.9376892
naturalistic_behavioral,final_token,12,22,Openness high; Conscientiousness low; Extraversion high; Agreeableness high; Neuroticism low,1.9192476
naturalistic_behavioral,final_token,12,23,Openness high; Conscientiousness low; Extraversion high; Agreeableness high; Neuroticism high,1.0055171
naturalistic_behavioral,final_token,12,24,Openness high; Conscientiousness high; Extraversion low; Agreeableness low; Neuroticism low,1.887604
naturalistic_behavioral,final_token,12,25,Openness high; Conscientiousness high; Extraversion low; Agreeableness low; Neuroticism high,1.8717103
naturalistic_behavioral,final_token,12,26,Openness high; Conscientiousness high; Extraversion low; Agreeableness high; Neuroticism low,1.9432194
naturalistic_behavioral,final_token,12,27,Openness high; Conscientiousness high; Extraversion low; Agreeableness high; Neuroticism high,1.7882046
naturalistic_behavioral,final_token,12,28,Openness high; Conscientiousness high; Extraversion high; Agreeableness low; Neuroticism low,1.8203472
naturalistic_behavioral,final_token,12,29,Openness high; Conscientiousness high; Extraversion high; Agreeableness low; Neuroticism high,1.8610079
naturalistic_behavioral,final_token,12,30,Openness high; Conscientiousness high; Extraversion high; Agreeableness high; Neuroticism low,1.9999684
naturalistic_behavioral,final_token,12,31,Openness high; Conscientiousness high; Extraversion high; Agreeableness high; Neuroticism high,1.9380636
naturalistic_behavioral,final_token,13,0,Openness low; Conscientiousness low; Extraversion low; Agreeableness low; Neuroticism low,1.9529083
naturalistic_behavioral,final_token,13,1,Openness low; Conscientiousness low; Extraversion low; Agreeableness low; Neuroticism high,1.9887496
naturalistic_behavioral,final_token,13,2,Openness low; Conscientiousness low; Extraversion low; Agreeableness high; Neuroticism low,1.9967002
naturalistic_behavioral,final_token,13,3,Openness low; Conscientiousness low; Extraversion low; Agreeableness high; Neuroticism high,1.9025311
naturalistic_behavioral,final_token,13,4,Openness low; Conscientiousness low; Extraversion high; Agreeableness low; Neuroticism low,2.0904808
naturalistic_behavioral,final_token,13,5,Openness low; Conscientiousness low; Extraversion high; Agreeableness low; Neuroticism high,2.4203997
naturalistic_behavioral,final_token,13,6,Openness low; Conscientiousness low; Extraversion high; Agreeableness high; Neuroticism low,2.162274
naturalistic_behavioral,final_token,13,7,Openness low; Conscientiousness low; Extraversion high; Agreeableness high; Neuroticism high,1.3801222
naturalistic_behavioral,final_token,13,8,Openness low; Conscientiousness high; Extraversion low; Agreeableness low; Neuroticism low,1.9782051
naturalistic_behavioral,final_token,13,9,Openness low; Conscientiousness high; Extraversion low; Agreeableness low; Neuroticism high,2.1053667
naturalistic_behavioral,final_token,13,10,Openness low; Conscientiousness high; Extraversion low; Agreeableness high; Neuroticism low,2.1935186
naturalistic_behavioral,final_token,13,11,Openness low; Conscientiousness high; Extraversion low; Agreeableness high; Neuroticism high,2.0698195
naturalistic_behavioral,final_token,13,12,Openness low; Conscientiousness high; Extraversion high; Agreeableness low; Neuroticism low,2.1866953
naturalistic_behavioral,final_token,13,13,Openness low; Conscientiousness high; Extraversion high; Agreeableness low; Neuroticism high,1.9823699
naturalistic_behavioral,final_token,13,14,Openness low; Conscientiousness high; Extraversion high; Agreeableness high; Neuroticism low,2.1897686
naturalistic_behavioral,final_token,13,15,Openness low; Conscientiousness high; Extraversion high; Agreeableness high; Neuroticism high,1.8577807
naturalistic_behavioral,final_token,13,16,Openness high; Conscientiousness low; Extraversion low; Agreeableness low; Neuroticism low,1.9344937
naturalistic_behavioral,final_token,13,17,Openness high; Conscientiousness low; Extraversion low; Agreeableness low; Neuroticism high,2.0410373
naturalistic_behavioral,final_token,13,18,Openness high; Conscientiousness low; Extraversion low; Agreeableness high; Neuroticism low,1.9319608
naturalistic_behavioral,final_token,13,19,Openness high; Conscientiousness low; Extraversion low; Agreeableness high; Neuroticism high,1.9202434
naturalistic_behavioral,final_token,13,20,Openness high; Conscientiousness low; Extraversion high; Agreeableness low; Neuroticism low,2.051142
naturalistic_behavioral,final_token,13,21,Openness high; Conscientiousness low; Extraversion high; Agreeableness low; Neuroticism high,2.299534
naturalistic_behavioral,final_token,13,22,Openness high; Conscientiousness low; Extraversion high; Agreeableness high; Neuroticism low,1.962641
naturalistic_behavioral,final_token,13,23,Openness high; Conscientiousness low; Extraversion high; Agreeableness high; Neuroticism high,1.2743951
naturalistic_behavioral,final_token,13,24,Openness high; Conscientiousness high; Extraversion low; Agreeableness low; Neuroticism low,2.119405
naturalistic_behavioral,final_token,13,25,Openness high; Conscientiousness high; Extraversion low; Agreeableness low; Neuroticism high,2.1236072
naturalistic_behavioral,final_token,13,26,Openness high; Conscientiousness high; Extraversion low; Agreeableness high; Neuroticism low,2.2326803
naturalistic_behavioral,final_token,13,27,Openness high; Conscientiousness high; Extraversion low; Agreeableness high; Neuroticism high,1.9489319
naturalistic_behavioral,final_token,13,28,Openness high; Conscientiousness high; Extraversion high; Agreeableness low; Neuroticism low,2.0098226
naturalistic_behavioral,final_token,13,29,Openness high; Conscientiousness high; Extraversion high; Agreeableness low; Neuroticism high,2.0423973
naturalistic_behavioral,final_token,13,30,Openness high; Conscientiousness high; Extraversion high; Agreeableness high; Neuroticism low,2.1848469
naturalistic_behavioral,final_token,13,31,Openness high; Conscientiousness high; Extraversion high; Agreeableness high; Neuroticism high,2.1015015
naturalistic_behavioral,final_token,14,0,Openness low; Conscientiousness low; Extraversion low; Agreeableness low; Neuroticism low,2.0574677
naturalistic_behavioral,final_token,14,1,Openness low; Conscientiousness low; Extraversion low; Agreeableness low; Neuroticism high,2.0346746
naturalistic_behavioral,final_token,14,2,Openness low; Conscientiousness low; Extraversion low; Agreeableness high; Neuroticism low,2.0614479
naturalistic_behavioral,final_token,14,3,Openness low; Conscientiousness low; Extraversion low; Agreeableness high; Neuroticism high,1.8872799
naturalistic_behavioral,final_token,14,4,Openness low; Conscientiousness low; Extraversion high; Agreeableness low; Neuroticism low,2.1546462
naturalistic_behavioral,final_token,14,5,Openness low; Conscientiousness low; Extraversion high; Agreeableness low; Neuroticism high,2.5251281
naturalistic_behavioral,final_token,14,6,Openness low; Conscientiousness low; Extraversion high; Agreeableness high; Neuroticism low,2.2105746
naturalistic_behavioral,final_token,14,7,Openness low; Conscientiousness low; Extraversion high; Agreeableness high; Neuroticism high,1.5672454
naturalistic_behavioral,final_token,14,8,Openness low; Conscientiousness high; Extraversion low; Agreeableness low; Neuroticism low,2.0622206
naturalistic_behavioral,final_token,14,9,Openness low; Conscientiousness high; Extraversion low; Agreeableness low; Neuroticism high,2.163001
naturalistic_behavioral,final_token,14,10,Openness low; Conscientiousness high; Extraversion low; Agreeableness high; Neuroticism low,2.312148
naturalistic_behavioral,final_token,14,11,Openness low; Conscientiousness high; Extraversion low; Agreeableness high; Neuroticism high,2.1292405
naturalistic_behavioral,final_token,14,12,Openness low; Conscientiousness high; Extraversion high; Agreeableness low; Neuroticism low,2.2361212
naturalistic_behavioral,final_token,14,13,Openness low; Conscientiousness high; Extraversion high; Agreeableness low; Neuroticism high,2.1130397
naturalistic_behavioral,final_token,14,14,Openness low; Conscientiousness high; Extraversion high; Agreeableness high; Neuroticism low,2.2877963
naturalistic_behavioral,final_token,14,15,Openness low; Conscientiousness high; Extraversion high; Agreeableness high; Neuroticism high,1.8496706
naturalistic_behavioral,final_token,14,16,Openness high; Conscientiousness low; Extraversion low; Agreeableness low; Neuroticism low,1.9987302
naturalistic_behavioral,final_token,14,17,Openness high; Conscientiousness low; Extraversion low; Agreeableness low; Neuroticism high,2.131902
naturalistic_behavioral,final_token,14,18,Openness high; Conscientiousness low; Extraversion low; Agreeableness high; Neuroticism low,1.990085
naturalistic_behavioral,final_token,14,19,Openness high; Conscientiousness low; Extraversion low; Agreeableness high; Neuroticism high,2.0703573
naturalistic_behavioral,final_token,14,20,Openness high; Conscientiousness low; Extraversion high; Agreeableness low; Neuroticism low,2.1419487
naturalistic_behavioral,final_token,14,21,Openness high; Conscientiousness low; Extraversion high; Agreeableness low; Neuroticism high,2.423236
naturalistic_behavioral,final_token,14,22,Openness high; Conscientiousness low; Extraversion high; Agreeableness high; Neuroticism low,1.9872787
naturalistic_behavioral,final_token,14,23,Openness high; Conscientiousness low; Extraversion high; Agreeableness high; Neuroticism high,1.4070194
naturalistic_behavioral,final_token,14,24,Openness high; Conscientiousness high; Extraversion low; Agreeableness low; Neuroticism low,2.218161
naturalistic_behavioral,final_token,14,25,Openness high; Conscientiousness high; Extraversion low; Agreeableness low; Neuroticism high,2.1968434
naturalistic_behavioral,final_token,14,26,Openness high; Conscientiousness high; Extraversion low; Agreeableness high; Neuroticism low,2.2855546
naturalistic_behavioral,final_token,14,27,Openness high; Conscientiousness high; Extraversion low; Agreeableness high; Neuroticism high,1.9993439
naturalistic_behavioral,final_token,14,28,Openness high; Conscientiousness high; Extraversion high; Agreeableness low; Neuroticism low,2.1070774
naturalistic_behavioral,final_token,14,29,Openness high; Conscientiousness high; Extraversion high; Agreeableness low; Neuroticism high,2.1291723
naturalistic_behavioral,final_token,14,30,Openness high; Conscientiousness high; Extraversion high; Agreeableness high; Neuroticism low,2.333267
naturalistic_behavioral,final_token,14,31,Openness high; Conscientiousness high; Extraversion high; Agreeableness high; Neuroticism high,2.1585114
naturalistic_behavioral,final_token,15,0,Openness low; Conscientiousness low; Extraversion low; Agreeableness low; Neuroticism low,2.1208212
naturalistic_behavioral,final_token,15,1,Openness low; Conscientiousness low; Extraversion low; Agreeableness low; Neuroticism high,2.0816946
naturalistic_behavioral,final_token,15,2,Openness low; Conscientiousness low; Extraversion low; Agreeableness high; Neuroticism low,2.193772
naturalistic_behavioral,final_token,15,3,Openness low; Conscientiousness low; Extraversion low; Agreeableness high; Neuroticism high,1.9295511
naturalistic_behavioral,final_token,15,4,Openness low; Conscientiousness low; Extraversion high; Agreeableness low; Neuroticism low,2.216426
naturalistic_behavioral,final_token,15,5,Openness low; Conscientiousness low; Extraversion high; Agreeableness low; Neuroticism high,2.6935093
naturalistic_behavioral,final_token,15,6,Openness low; Conscientiousness low; Extraversion high; Agreeableness high; Neuroticism low,2.2864277
naturalistic_behavioral,final_token,15,7,Openness low; Conscientiousness low; Extraversion high; Agreeableness high; Neuroticism high,1.8356041
naturalistic_behavioral,final_token,15,8,Openness low; Conscientiousness high; Extraversion low; Agreeableness low; Neuroticism low,2.1734974
naturalistic_behavioral,final_token,15,9,Openness low; Conscientiousness high; Extraversion low; Agreeableness low; Neuroticism high,2.3357477
naturalistic_behavioral,final_token,15,10,Openness low; Conscientiousness high; Extraversion low; Agreeableness high; Neuroticism low,2.5011625
naturalistic_behavioral,final_token,15,11,Openness low; Conscientiousness high; Extraversion low; Agreeableness high; Neuroticism high,2.30274
naturalistic_behavioral,final_token,15,12,Openness low; Conscientiousness high; Extraversion high; Agreeableness low; Neuroticism low,2.382352
naturalistic_behavioral,final_token,15,13,Openness low; Conscientiousness high; Extraversion high; Agreeableness low; Neuroticism high,2.1571565
naturalistic_behavioral,final_token,15,14,Openness low; Conscientiousness high; Extraversion high; Agreeableness high; Neuroticism low,2.370253
naturalistic_behavioral,final_token,15,15,Openness low; Conscientiousness high; Extraversion high; Agreeableness high; Neuroticism high,2.0405266
naturalistic_behavioral,final_token,15,16,Openness high; Conscientiousness low; Extraversion low; Agreeableness low; Neuroticism low,2.0860348
naturalistic_behavioral,final_token,15,17,Openness high; Conscientiousness low; Extraversion low; Agreeableness low; Neuroticism high,2.2582104
naturalistic_behavioral,final_token,15,18,Openness high; Conscientiousness low; Extraversion low; Agreeableness high; Neuroticism low,2.0797434
naturalistic_behavioral,final_token,15,19,Openness high; Conscientiousness low; Extraversion low; Agreeableness high; Neuroticism high,2.1911201
naturalistic_behavioral,final_token,15,20,Openness high; Conscientiousness low; Extraversion high; Agreeableness low; Neuroticism low,2.2224834
naturalistic_behavioral,final_token,15,21,Openness high; Conscientiousness low; Extraversion high; Agreeableness low; Neuroticism high,2.5712304
naturalistic_behavioral,final_token,15,22,Openness high; Conscientiousness low; Extraversion high; Agreeableness high; Neuroticism low,2.127218
naturalistic_behavioral,final_token,15,23,Openness high; Conscientiousness low; Extraversion high; Agreeableness high; Neuroticism high,1.6260903
naturalistic_behavioral,final_token,15,24,Openness high; Conscientiousness high; Extraversion low; Agreeableness low; Neuroticism low,2.3710063
naturalistic_behavioral,final_token,15,25,Openness high; Conscientiousness high; Extraversion low; Agreeableness low; Neuroticism high,2.2971249
naturalistic_behavioral,final_token,15,26,Openness high; Conscientiousness high; Extraversion low; Agreeableness high; Neuroticism low,2.4732616
naturalistic_behavioral,final_token,15,27,Openness high; Conscientiousness high; Extraversion low; Agreeableness high; Neuroticism high,2.0774639
naturalistic_behavioral,final_token,15,28,Openness high; Conscientiousness high; Extraversion high; Agreeableness low; Neuroticism low,2.1786351
naturalistic_behavioral,final_token,15,29,Openness high; Conscientiousness high; Extraversion high; Agreeableness low; Neuroticism high,2.2526977
naturalistic_behavioral,final_token,15,30,Openness high; Conscientiousness high; Extraversion high; Agreeableness high; Neuroticism low,2.4489233
naturalistic_behavioral,final_token,15,31,Openness high; Conscientiousness high; Extraversion high; Agreeableness high; Neuroticism high,2.219356
naturalistic_behavioral,final_token,16,0,Openness low; Conscientiousness low; Extraversion low; Agreeableness low; Neuroticism low,2.3886638
naturalistic_behavioral,final_token,16,1,Openness low; Conscientiousness low; Extraversion low; Agreeableness low; Neuroticism high,2.35227
naturalistic_behavioral,final_token,16,2,Openness low; Conscientiousness low; Extraversion low; Agreeableness high; Neuroticism low,2.5297112
naturalistic_behavioral,final_token,16,3,Openness low; Conscientiousness low; Extraversion low; Agreeableness high; Neuroticism high,2.1817987
naturalistic_behavioral,final_token,16,4,Openness low; Conscientiousness low; Extraversion high; Agreeableness low; Neuroticism low,2.5787382
naturalistic_behavioral,final_token,16,5,Openness low; Conscientiousness low; Extraversion high; Agreeableness low; Neuroticism high,3.1988294
naturalistic_behavioral,final_token,16,6,Openness low; Conscientiousness low; Extraversion high; Agreeableness high; Neuroticism low,2.625838
naturalistic_behavioral,final_token,16,7,Openness low; Conscientiousness low; Extraversion high; Agreeableness high; Neuroticism high,2.1285534
naturalistic_behavioral,final_token,16,8,Openness low; Conscientiousness high; Extraversion low; Agreeableness low; Neuroticism low,2.4989684
naturalistic_behavioral,final_token,16,9,Openness low; Conscientiousness high; Extraversion low; Agreeableness low; Neuroticism high,2.703132
naturalistic_behavioral,final_token,16,10,Openness low; Conscientiousness high; Extraversion low; Agreeableness high; Neuroticism low,2.8312297
naturalistic_behavioral,final_token,16,11,Openness low; Conscientiousness high; Extraversion low; Agreeableness high; Neuroticism high,2.5586743
naturalistic_behavioral,final_token,16,12,Openness low; Conscientiousness high; Extraversion high; Agreeableness low; Neuroticism low,2.7154174
naturalistic_behavioral,final_token,16,13,Openness low; Conscientiousness high; Extraversion high; Agreeableness low; Neuroticism high,2.537218
naturalistic_behavioral,final_token,16,14,Openness low; Conscientiousness high; Extraversion high; Agreeableness high; Neuroticism low,2.7571335
naturalistic_behavioral,final_token,16,15,Openness low; Conscientiousness high; Extraversion high; Agreeableness high; Neuroticism high,2.4897163
naturalistic_behavioral,final_token,16,16,Openness high; Conscientiousness low; Extraversion low; Agreeableness low; Neuroticism low,2.3867075
naturalistic_behavioral,final_token,16,17,Openness high; Conscientiousness low; Extraversion low; Agreeableness low; Neuroticism high,2.536286
naturalistic_behavioral,final_token,16,18,Openness high; Conscientiousness low; Extraversion low; Agreeableness high; Neuroticism low,2.3946977
naturalistic_behavioral,final_token,16,19,Openness high; Conscientiousness low; Extraversion low; Agreeableness high; Neuroticism high,2.5244
naturalistic_behavioral,final_token,16,20,Openness high; Conscientiousness low; Extraversion high; Agreeableness low; Neuroticism low,2.5649695
naturalistic_behavioral,final_token,16,21,Openness high; Conscientiousness low; Extraversion high; Agreeableness low; Neuroticism high,2.8500514
naturalistic_behavioral,final_token,16,22,Openness high; Conscientiousness low; Extraversion high; Agreeableness high; Neuroticism low,2.4540484
naturalistic_behavioral,final_token,16,23,Openness high; Conscientiousness low; Extraversion high; Agreeableness high; Neuroticism high,1.862769
naturalistic_behavioral,final_token,16,24,Openness high; Conscientiousness high; Extraversion low; Agreeableness low; Neuroticism low,2.7208416
naturalistic_behavioral,final_token,16,25,Openness high; Conscientiousness high; Extraversion low; Agreeableness low; Neuroticism high,2.7337096
naturalistic_behavioral,final_token,16,26,Openness high; Conscientiousness high; Extraversion low; Agreeableness high; Neuroticism low,2.7845457
naturalistic_behavioral,final_token,16,27,Openness high; Conscientiousness high; Extraversion low; Agreeableness high; Neuroticism high,2.41956
naturalistic_behavioral,final_token,16,28,Openness high; Conscientiousness high; Extraversion high; Agreeableness low; Neuroticism low,2.5030174
naturalistic_behavioral,final_token,16,29,Openness high; Conscientiousness high; Extraversion high; Agreeableness low; Neuroticism high,2.5468504
naturalistic_behavioral,final_token,16,30,Openness high; Conscientiousness high; Extraversion high; Agreeableness high; Neuroticism low,2.815166
naturalistic_behavioral,final_token,16,31,Openness high; Conscientiousness high; Extraversion high; Agreeableness high; Neuroticism high,2.5348778
naturalistic_behavioral,final_token,17,0,Openness low; Conscientiousness low; Extraversion low; Agreeableness low; Neuroticism low,2.844277
naturalistic_behavioral,final_token,17,1,Openness low; Conscientiousness low; Extraversion low; Agreeableness low; Neuroticism high,2.7636957
naturalistic_behavioral,final_token,17,2,Openness low; Conscientiousness low; Extraversion low; Agreeableness high; Neuroticism low,3.0540388
naturalistic_behavioral,final_token,17,3,Openness low; Conscientiousness low; Extraversion low; Agreeableness high; Neuroticism high,2.593688
naturalistic_behavioral,final_token,17,4,Openness low; Conscientiousness low; Extraversion high; Agreeableness low; Neuroticism low,3.0060833
naturalistic_behavioral,final_token,17,5,Openness low; Conscientiousness low; Extraversion high; Agreeableness low; Neuroticism high,3.8692932
naturalistic_behavioral,final_token,17,6,Openness low; Conscientiousness low; Extraversion high; Agreeableness high; Neuroticism low,3.1526613
naturalistic_behavioral,final_token,17,7,Openness low; Conscientiousness low; Extraversion high; Agreeableness high; Neuroticism high,2.8199577
naturalistic_behavioral,final_token,17,8,Openness low; Conscientiousness high; Extraversion low; Agreeableness low; Neuroticism low,3.0761766
naturalistic_behavioral,final_token,17,9,Openness low; Conscientiousness high; Extraversion low; Agreeableness low; Neuroticism high,3.3130202
naturalistic_behavioral,final_token,17,10,Openness low; Conscientiousness high; Extraversion low; Agreeableness high; Neuroticism low,3.4831793
naturalistic_behavioral,final_token,17,11,Openness low; Conscientiousness high; Extraversion low; Agreeableness high; Neuroticism high,3.1521833
naturalistic_behavioral,final_token,17,12,Openness low; Conscientiousness high; Extraversion high; Agreeableness low; Neuroticism low,3.2688618
naturalistic_behavioral,final_token,17,13,Openness low; Conscientiousness high; Extraversion high; Agreeableness low; Neuroticism high,2.966853
naturalistic_behavioral,final_token,17,14,Openness low; Conscientiousness high; Extraversion high; Agreeableness high; Neuroticism low,3.235985
naturalistic_behavioral,final_token,17,15,Openness low; Conscientiousness high; Extraversion high; Agreeableness high; Neuroticism high,3.023041
naturalistic_behavioral,final_token,17,16,Openness high; Conscientiousness low; Extraversion low; Agreeableness low; Neuroticism low,2.8560257
naturalistic_behavioral,final_token,17,17,Openness high; Conscientiousness low; Extraversion low; Agreeableness low; Neuroticism high,3.0798967
naturalistic_behavioral,final_token,17,18,Openness high; Conscientiousness low; Extraversion low; Agreeableness high; Neuroticism low,2.8817337
naturalistic_behavioral,final_token,17,19,Openness high; Conscientiousness low; Extraversion low; Agreeableness high; Neuroticism high,3.1985223
naturalistic_behavioral,final_token,17,20,Openness high; Conscientiousness low; Extraversion high; Agreeableness low; Neuroticism low,3.074263
naturalistic_behavioral,final_token,17,21,Openness high; Conscientiousness low; Extraversion high; Agreeableness low; Neuroticism high,3.7318306
naturalistic_behavioral,final_token,17,22,Openness high; Conscientiousness low; Extraversion high; Agreeableness high; Neuroticism low,2.9596164
naturalistic_behavioral,final_token,17,23,Openness high; Conscientiousness low; Extraversion high; Agreeableness high; Neuroticism high,2.3390417
naturalistic_behavioral,final_token,17,24,Openness high; Conscientiousness high; Extraversion low; Agreeableness low; Neuroticism low,3.2583005
naturalistic_behavioral,final_token,17,25,Openness high; Conscientiousness high; Extraversion low; Agreeableness low; Neuroticism high,3.2191556
naturalistic_behavioral,final_token,17,26,Openness high; Conscientiousness high; Extraversion low; Agreeableness high; Neuroticism low,3.4390075
naturalistic_behavioral,final_token,17,27,Openness high; Conscientiousness high; Extraversion low; Agreeableness high; Neuroticism high,2.9095047
naturalistic_behavioral,final_token,17,28,Openness high; Conscientiousness high; Extraversion high; Agreeableness low; Neuroticism low,3.0393164
naturalistic_behavioral,final_token,17,29,Openness high; Conscientiousness high; Extraversion high; Agreeableness low; Neuroticism high,3.0660498
naturalistic_behavioral,final_token,17,30,Openness high; Conscientiousness high; Extraversion high; Agreeableness high; Neuroticism low,3.4539185
naturalistic_behavioral,final_token,17,31,Openness high; Conscientiousness high; Extraversion high; Agreeableness high; Neuroticism high,2.9712074
naturalistic_behavioral,final_token,18,0,Openness low; Conscientiousness low; Extraversion low; Agreeableness low; Neuroticism low,3.1820638
naturalistic_behavioral,final_token,18,1,Openness low; Conscientiousness low; Extraversion low; Agreeableness low; Neuroticism high,3.0410943
naturalistic_behavioral,final_token,18,2,Openness low; Conscientiousness low; Extraversion low; Agreeableness high; Neuroticism low,3.412817
naturalistic_behavioral,final_token,18,3,Openness low; Conscientiousness low; Extraversion low; Agreeableness high; Neuroticism high,2.904271
naturalistic_behavioral,final_token,18,4,Openness low; Conscientiousness low; Extraversion high; Agreeableness low; Neuroticism low,3.3440957
naturalistic_behavioral,final_token,18,5,Openness low; Conscientiousness low; Extraversion high; Agreeableness low; Neuroticism high,4.310312
naturalistic_behavioral,final_token,18,6,Openness low; Conscientiousness low; Extraversion high; Agreeableness high; Neuroticism low,3.6044781
naturalistic_behavioral,final_token,18,7,Openness low; Conscientiousness low; Extraversion high; Agreeableness high; Neuroticism high,3.2482877
naturalistic_behavioral,final_token,18,8,Openness low; Conscientiousness high; Extraversion low; Agreeableness low; Neuroticism low,3.4803433
naturalistic_behavioral,final_token,18,9,Openness low; Conscientiousness high; Extraversion low; Agreeableness low; Neuroticism high,3.7727742
naturalistic_behavioral,final_token,18,10,Openness low; Conscientiousness high; Extraversion low; Agreeableness high; Neuroticism low,4.0541635
naturalistic_behavioral,final_token,18,11,Openness low; Conscientiousness high; Extraversion low; Agreeableness high; Neuroticism high,3.5858963
naturalistic_behavioral,final_token,18,12,Openness low; Conscientiousness high; Extraversion high; Agreeableness low; Neuroticism low,3.7430148
naturalistic_behavioral,final_token,18,13,Openness low; Conscientiousness high; Extraversion high; Agreeableness low; Neuroticism high,3.3234093
naturalistic_behavioral,final_token,18,14,Openness low; Conscientiousness high; Extraversion high; Agreeableness high; Neuroticism low,3.6373367
naturalistic_behavioral,final_token,18,15,Openness low; Conscientiousness high; Extraversion high; Agreeableness high; Neuroticism high,3.500131
naturalistic_behavioral,final_token,18,16,Openness high; Conscientiousness low; Extraversion low; Agreeableness low; Neuroticism low,3.278291
naturalistic_behavioral,final_token,18,17,Openness high; Conscientiousness low; Extraversion low; Agreeableness low; Neuroticism high,3.4188247
naturalistic_behavioral,final_token,18,18,Openness high; Conscientiousness low; Extraversion low; Agreeableness high; Neuroticism low,3.2579207
naturalistic_behavioral,final_token,18,19,Openness high; Conscientiousness low; Extraversion low; Agreeableness high; Neuroticism high,3.6306374
naturalistic_behavioral,final_token,18,20,Openness high; Conscientiousness low; Extraversion high; Agreeableness low; Neuroticism low,3.4334505
naturalistic_behavioral,final_token,18,21,Openness high; Conscientiousness low; Extraversion high; Agreeableness low; Neuroticism high,4.22221
naturalistic_behavioral,final_token,18,22,Openness high; Conscientiousness low; Extraversion high; Agreeableness high; Neuroticism low,3.336264
naturalistic_behavioral,final_token,18,23,Openness high; Conscientiousness low; Extraversion high; Agreeableness high; Neuroticism high,2.6953218
naturalistic_behavioral,final_token,18,24,Openness high; Conscientiousness high; Extraversion low; Agreeableness low; Neuroticism low,3.6766286
naturalistic_behavioral,final_token,18,25,Openness high; Conscientiousness high; Extraversion low; Agreeableness low; Neuroticism high,3.6727276
naturalistic_behavioral,final_token,18,26,Openness high; Conscientiousness high; Extraversion low; Agreeableness high; Neuroticism low,3.935579
naturalistic_behavioral,final_token,18,27,Openness high; Conscientiousness high; Extraversion low; Agreeableness high; Neuroticism high,3.239736
naturalistic_behavioral,final_token,18,28,Openness high; Conscientiousness high; Extraversion high; Agreeableness low; Neuroticism low,3.4464793
naturalistic_behavioral,final_token,18,29,Openness high; Conscientiousness high; Extraversion high; Agreeableness low; Neuroticism high,3.4658504
naturalistic_behavioral,final_token,18,30,Openness high; Conscientiousness high; Extraversion high; Agreeableness high; Neuroticism low,3.9452672
naturalistic_behavioral,final_token,18,31,Openness high; Conscientiousness high; Extraversion high; Agreeableness high; Neuroticism high,3.3626175
naturalistic_behavioral,final_token,19,0,Openness low; Conscientiousness low; Extraversion low; Agreeableness low; Neuroticism low,3.4082859
naturalistic_behavioral,final_token,19,1,Openness low; Conscientiousness low; Extraversion low; Agreeableness low; Neuroticism high,3.2151523
naturalistic_behavioral,final_token,19,2,Openness low; Conscientiousness low; Extraversion low; Agreeableness high; Neuroticism low,3.6407926
naturalistic_behavioral,final_token,19,3,Openness low; Conscientiousness low; Extraversion low; Agreeableness high; Neuroticism high,3.0588956
naturalistic_behavioral,final_token,19,4,Openness low; Conscientiousness low; Extraversion high; Agreeableness low; Neuroticism low,3.565125
naturalistic_behavioral,final_token,19,5,Openness low; Conscientiousness low; Extraversion high; Agreeableness low; Neuroticism high,4.612494
naturalistic_behavioral,final_token,19,6,Openness low; Conscientiousness low; Extraversion high; Agreeableness high; Neuroticism low,3.8743002
naturalistic_behavioral,final_token,19,7,Openness low; Conscientiousness low; Extraversion high; Agreeableness high; Neuroticism high,3.5141137
naturalistic_behavioral,final_token,19,8,Openness low; Conscientiousness high; Extraversion low; Agreeableness low; Neuroticism low,3.700003
naturalistic_behavioral,final_token,19,9,Openness low; Conscientiousness high; Extraversion low; Agreeableness low; Neuroticism high,4.0856996
naturalistic_behavioral,final_token,19,10,Openness low; Conscientiousness high; Extraversion low; Agreeableness high; Neuroticism low,4.3427105
naturalistic_behavioral,final_token,19,11,Openness low; Conscientiousness high; Extraversion low; Agreeableness high; Neuroticism high,3.8348808
naturalistic_behavioral,final_token,19,12,Openness low; Conscientiousness high; Extraversion high; Agreeableness low; Neuroticism low,4.024688
naturalistic_behavioral,final_token,19,13,Openness low; Conscientiousness high; Extraversion high; Agreeableness low; Neuroticism high,3.545512
naturalistic_behavioral,final_token,19,14,Openness low; Conscientiousness high; Extraversion high; Agreeableness high; Neuroticism low,3.829608
naturalistic_behavioral,final_token,19,15,Openness low; Conscientiousness high; Extraversion high; Agreeableness high; Neuroticism high,3.767305
naturalistic_behavioral,final_token,19,16,Openness high; Conscientiousness low; Extraversion low; Agreeableness low; Neuroticism low,3.485226
naturalistic_behavioral,final_token,19,17,Openness high; Conscientiousness low; Extraversion low; Agreeableness low; Neuroticism high,3.7013972
naturalistic_behavioral,final_token,19,18,Openness high; Conscientiousness low; Extraversion low; Agreeableness high; Neuroticism low,3.4414086
naturalistic_behavioral,final_token,19,19,Openness high; Conscientiousness low; Extraversion low; Agreeableness high; Neuroticism high,3.9343374
naturalistic_behavioral,final_token,19,20,Openness high; Conscientiousness low; Extraversion high; Agreeableness low; Neuroticism low,3.6643937
naturalistic_behavioral,final_token,19,21,Openness high; Conscientiousness low; Extraversion high; Agreeableness low; Neuroticism high,4.556118
naturalistic_behavioral,final_token,19,22,Openness high; Conscientiousness low; Extraversion high; Agreeableness high; Neuroticism low,3.5366497
naturalistic_behavioral,final_token,19,23,Openness high; Conscientiousness low; Extraversion high; Agreeableness high; Neuroticism high,2.9470015
naturalistic_behavioral,final_token,19,24,Openness high; Conscientiousness high; Extraversion low; Agreeableness low; Neuroticism low,3.9024336
naturalistic_behavioral,final_token,19,25,Openness high; Conscientiousness high; Extraversion low; Agreeableness low; Neuroticism high,3.9467142
naturalistic_behavioral,final_token,19,26,Openness high; Conscientiousness high; Extraversion low; Agreeableness high; Neuroticism low,4.2579417
naturalistic_behavioral,final_token,19,27,Openness high; Conscientiousness high; Extraversion low; Agreeableness high; Neuroticism high,3.4820013
naturalistic_behavioral,final_token,19,28,Openness high; Conscientiousness high; Extraversion high; Agreeableness low; Neuroticism low,3.6841712
naturalistic_behavioral,final_token,19,29,Openness high; Conscientiousness high; Extraversion high; Agreeableness low; Neuroticism high,3.6773121
naturalistic_behavioral,final_token,19,30,Openness high; Conscientiousness high; Extraversion high; Agreeableness high; Neuroticism low,4.2060075
naturalistic_behavioral,final_token,19,31,Openness high; Conscientiousness high; Extraversion high; Agreeableness high; Neuroticism high,3.5720809
naturalistic_behavioral,final_token,20,0,Openness low; Conscientiousness low; Extraversion low; Agreeableness low; Neuroticism low,3.6434758
naturalistic_behavioral,final_token,20,1,Openness low; Conscientiousness low; Extraversion low; Agreeableness low; Neuroticism high,3.43648
naturalistic_behavioral,final_token,20,2,Openness low; Conscientiousness low; Extraversion low; Agreeableness high; Neuroticism low,3.922434
naturalistic_behavioral,final_token,20,3,Openness low; Conscientiousness low; Extraversion low; Agreeableness high; Neuroticism high,3.2773454
naturalistic_behavioral,final_token,20,4,Openness low; Conscientiousness low; Extraversion high; Agreeableness low; Neuroticism low,3.8363862
naturalistic_behavioral,final_token,20,5,Openness low; Conscientiousness low; Extraversion high; Agreeableness low; Neuroticism high,4.984874
naturalistic_behavioral,final_token,20,6,Openness low; Conscientiousness low; Extraversion high; Agreeableness high; Neuroticism low,4.088938
naturalistic_behavioral,final_token,20,7,Openness low; Conscientiousness low; Extraversion high; Agreeableness high; Neuroticism high,3.7408612
naturalistic_behavioral,final_token,20,8,Openness low; Conscientiousness high; Extraversion low; Agreeableness low; Neuroticism low,3.9343596
naturalistic_behavioral,final_token,20,9,Openness low; Conscientiousness high; Extraversion low; Agreeableness low; Neuroticism high,4.3534656
naturalistic_behavioral,final_token,20,10,Openness low; Conscientiousness high; Extraversion low; Agreeableness high; Neuroticism low,4.6712747
naturalistic_behavioral,final_token,20,11,Openness low; Conscientiousness high; Extraversion low; Agreeableness high; Neuroticism high,4.0830226
naturalistic_behavioral,final_token,20,12,Openness low; Conscientiousness high; Extraversion high; Agreeableness low; Neuroticism low,4.3333607
naturalistic_behavioral,final_token,20,13,Openness low; Conscientiousness high; Extraversion high; Agreeableness low; Neuroticism high,3.831496
naturalistic_behavioral,final_token,20,14,Openness low; Conscientiousness high; Extraversion high; Agreeableness high; Neuroticism low,4.1124654
naturalistic_behavioral,final_token,20,15,Openness low; Conscientiousness high; Extraversion high; Agreeableness high; Neuroticism high,4.035017
naturalistic_behavioral,final_token,20,16,Openness high; Conscientiousness low; Extraversion low; Agreeableness low; Neuroticism low,3.7324495
naturalistic_behavioral,final_token,20,17,Openness high; Conscientiousness low; Extraversion low; Agreeableness low; Neuroticism high,3.9343727
naturalistic_behavioral,final_token,20,18,Openness high; Conscientiousness low; Extraversion low; Agreeableness high; Neuroticism low,3.6475418
naturalistic_behavioral,final_token,20,19,Openness high; Conscientiousness low; Extraversion low; Agreeableness high; Neuroticism high,4.2492614
naturalistic_behavioral,final_token,20,20,Openness high; Conscientiousness low; Extraversion high; Agreeableness low; Neuroticism low,3.904823
naturalistic_behavioral,final_token,20,21,Openness high; Conscientiousness low; Extraversion high; Agreeableness low; Neuroticism high,4.843104
naturalistic_behavioral,final_token,20,22,Openness high; Conscientiousness low; Extraversion high; Agreeableness high; Neuroticism low,3.7848783
naturalistic_behavioral,final_token,20,23,Openness high; Conscientiousness low; Extraversion high; Agreeableness high; Neuroticism high,3.1963427
naturalistic_behavioral,final_token,20,24,Openness high; Conscientiousness high; Extraversion low; Agreeableness low; Neuroticism low,4.1980495
naturalistic_behavioral,final_token,20,25,Openness high; Conscientiousness high; Extraversion low; Agreeableness low; Neuroticism high,4.1715612
naturalistic_behavioral,final_token,20,26,Openness high; Conscientiousness high; Extraversion low; Agreeableness high; Neuroticism low,4.623124
naturalistic_behavioral,final_token,20,27,Openness high; Conscientiousness high; Extraversion low; Agreeableness high; Neuroticism high,3.7190273
naturalistic_behavioral,final_token,20,28,Openness high; Conscientiousness high; Extraversion high; Agreeableness low; Neuroticism low,3.9750144
naturalistic_behavioral,final_token,20,29,Openness high; Conscientiousness high; Extraversion high; Agreeableness low; Neuroticism high,3.9283128
naturalistic_behavioral,final_token,20,30,Openness high; Conscientiousness high; Extraversion high; Agreeableness high; Neuroticism low,4.502232
naturalistic_behavioral,final_token,20,31,Openness high; Conscientiousness high; Extraversion high; Agreeableness high; Neuroticism high,3.8622034
naturalistic_behavioral,final_token,21,0,Openness low; Conscientiousness low; Extraversion low; Agreeableness low; Neuroticism low,4.3834577
naturalistic_behavioral,final_token,21,1,Openness low; Conscientiousness low; Extraversion low; Agreeableness low; Neuroticism high,4.059351
naturalistic_behavioral,final_token,21,2,Openness low; Conscientiousness low; Extraversion low; Agreeableness high; Neuroticism low,4.8077245
naturalistic_behavioral,final_token,21,3,Openness low; Conscientiousness low; Extraversion low; Agreeableness high; Neuroticism high,4.082515
naturalistic_behavioral,final_token,21,4,Openness low; Conscientiousness low; Extraversion high; Agreeableness low; Neuroticism low,4.630039
naturalistic_behavioral,final_token,21,5,Openness low; Conscientiousness low; Extraversion high; Agreeableness low; Neuroticism high,6.229323
naturalistic_behavioral,final_token,21,6,Openness low; Conscientiousness low; Extraversion high; Agreeableness high; Neuroticism low,5.0204325
naturalistic_behavioral,final_token,21,7,Openness low; Conscientiousness low; Extraversion high; Agreeableness high; Neuroticism high,4.7827945
naturalistic_behavioral,final_token,21,8,Openness low; Conscientiousness high; Extraversion low; Agreeableness low; Neuroticism low,4.862709
naturalistic_behavioral,final_token,21,9,Openness low; Conscientiousness high; Extraversion low; Agreeableness low; Neuroticism high,5.367046
naturalistic_behavioral,final_token,21,10,Openness low; Conscientiousness high; Extraversion low; Agreeableness high; Neuroticism low,5.8385477
naturalistic_behavioral,final_token,21,11,Openness low; Conscientiousness high; Extraversion low; Agreeableness high; Neuroticism high,4.8962426
naturalistic_behavioral,final_token,21,12,Openness low; Conscientiousness high; Extraversion high; Agreeableness low; Neuroticism low,5.4325314
naturalistic_behavioral,final_token,21,13,Openness low; Conscientiousness high; Extraversion high; Agreeableness low; Neuroticism high,4.6696916
naturalistic_behavioral,final_token,21,14,Openness low; Conscientiousness high; Extraversion high; Agreeableness high; Neuroticism low,4.9761925
naturalistic_behavioral,final_token,21,15,Openness low; Conscientiousness high; Extraversion high; Agreeableness high; Neuroticism high,5.0057096
naturalistic_behavioral,final_token,21,16,Openness high; Conscientiousness low; Extraversion low; Agreeableness low; Neuroticism low,4.5855765
naturalistic_behavioral,final_token,21,17,Openness high; Conscientiousness low; Extraversion low; Agreeableness low; Neuroticism high,4.8666034
naturalistic_behavioral,final_token,21,18,Openness high; Conscientiousness low; Extraversion low; Agreeableness high; Neuroticism low,4.495548
naturalistic_behavioral,final_token,21,19,Openness high; Conscientiousness low; Extraversion low; Agreeableness high; Neuroticism high,5.357397
naturalistic_behavioral,final_token,21,20,Openness high; Conscientiousness low; Extraversion high; Agreeableness low; Neuroticism low,4.776452
naturalistic_behavioral,final_token,21,21,Openness high; Conscientiousness low; Extraversion high; Agreeableness low; Neuroticism high,6.0365105
naturalistic_behavioral,final_token,21,22,Openness high; Conscientiousness low; Extraversion high; Agreeableness high; Neuroticism low,4.6443686
naturalistic_behavioral,final_token,21,23,Openness high; Conscientiousness low; Extraversion high; Agreeableness high; Neuroticism high,4.034768
naturalistic_behavioral,final_token,21,24,Openness high; Conscientiousness high; Extraversion low; Agreeableness low; Neuroticism low,5.118362
naturalistic_behavioral,final_token,21,25,Openness high; Conscientiousness high; Extraversion low; Agreeableness low; Neuroticism high,5.0137906
naturalistic_behavioral,final_token,21,26,Openness high; Conscientiousness high; Extraversion low; Agreeableness high; Neuroticism low,5.624644
naturalistic_behavioral,final_token,21,27,Openness high; Conscientiousness high; Extraversion low; Agreeableness high; Neuroticism high,4.5285892
naturalistic_behavioral,final_token,21,28,Openness high; Conscientiousness high; Extraversion high; Agreeableness low; Neuroticism low,4.9647865
naturalistic_behavioral,final_token,21,29,Openness high; Conscientiousness high; Extraversion high; Agreeableness low; Neuroticism high,4.761841
naturalistic_behavioral,final_token,21,30,Openness high; Conscientiousness high; Extraversion high; Agreeableness high; Neuroticism low,5.553133
naturalistic_behavioral,final_token,21,31,Openness high; Conscientiousness high; Extraversion high; Agreeableness high; Neuroticism high,4.6920943
naturalistic_behavioral,final_token,22,0,Openness low; Conscientiousness low; Extraversion low; Agreeableness low; Neuroticism low,4.871517
naturalistic_behavioral,final_token,22,1,Openness low; Conscientiousness low; Extraversion low; Agreeableness low; Neuroticism high,4.510987
naturalistic_behavioral,final_token,22,2,Openness low; Conscientiousness low; Extraversion low; Agreeableness high; Neuroticism low,5.37094
naturalistic_behavioral,final_token,22,3,Openness low; Conscientiousness low; Extraversion low; Agreeableness high; Neuroticism high,4.5089626
naturalistic_behavioral,final_token,22,4,Openness low; Conscientiousness low; Extraversion high; Agreeableness low; Neuroticism low,5.28963
naturalistic_behavioral,final_token,22,5,Openness low; Conscientiousness low; Extraversion high; Agreeableness low; Neuroticism high,6.992493
naturalistic_behavioral,final_token,22,6,Openness low; Conscientiousness low; Extraversion high; Agreeableness high; Neuroticism low,5.5739584
naturalistic_behavioral,final_token,22,7,Openness low; Conscientiousness low; Extraversion high; Agreeableness high; Neuroticism high,5.3318872
naturalistic_behavioral,final_token,22,8,Openness low; Conscientiousness high; Extraversion low; Agreeableness low; Neuroticism low,5.326972
naturalistic_behavioral,final_token,22,9,Openness low; Conscientiousness high; Extraversion low; Agreeableness low; Neuroticism high,5.9381695
naturalistic_behavioral,final_token,22,10,Openness low; Conscientiousness high; Extraversion low; Agreeableness high; Neuroticism low,6.4570312
naturalistic_behavioral,final_token,22,11,Openness low; Conscientiousness high; Extraversion low; Agreeableness high; Neuroticism high,5.3277583
naturalistic_behavioral,final_token,22,12,Openness low; Conscientiousness high; Extraversion high; Agreeableness low; Neuroticism low,6.048708
naturalistic_behavioral,final_token,22,13,Openness low; Conscientiousness high; Extraversion high; Agreeableness low; Neuroticism high,5.3435893
naturalistic_behavioral,final_token,22,14,Openness low; Conscientiousness high; Extraversion high; Agreeableness high; Neuroticism low,5.551363
naturalistic_behavioral,final_token,22,15,Openness low; Conscientiousness high; Extraversion high; Agreeableness high; Neuroticism high,5.65595
naturalistic_behavioral,final_token,22,16,Openness high; Conscientiousness low; Extraversion low; Agreeableness low; Neuroticism low,5.2247376
naturalistic_behavioral,final_token,22,17,Openness high; Conscientiousness low; Extraversion low; Agreeableness low; Neuroticism high,5.401822
naturalistic_behavioral,final_token,22,18,Openness high; Conscientiousness low; Extraversion low; Agreeableness high; Neuroticism low,4.9474473
naturalistic_behavioral,final_token,22,19,Openness high; Conscientiousness low; Extraversion low; Agreeableness high; Neuroticism high,6.082638
naturalistic_behavioral,final_token,22,20,Openness high; Conscientiousness low; Extraversion high; Agreeableness low; Neuroticism low,5.362203
naturalistic_behavioral,final_token,22,21,Openness high; Conscientiousness low; Extraversion high; Agreeableness low; Neuroticism high,6.641004
naturalistic_behavioral,final_token,22,22,Openness high; Conscientiousness low; Extraversion high; Agreeableness high; Neuroticism low,5.151069
naturalistic_behavioral,final_token,22,23,Openness high; Conscientiousness low; Extraversion high; Agreeableness high; Neuroticism high,4.473469
naturalistic_behavioral,final_token,22,24,Openness high; Conscientiousness high; Extraversion low; Agreeableness low; Neuroticism low,5.8159266
naturalistic_behavioral,final_token,22,25,Openness high; Conscientiousness high; Extraversion low; Agreeableness low; Neuroticism high,5.5269823
naturalistic_behavioral,final_token,22,26,Openness high; Conscientiousness high; Extraversion low; Agreeableness high; Neuroticism low,6.237696
naturalistic_behavioral,final_token,22,27,Openness high; Conscientiousness high; Extraversion low; Agreeableness high; Neuroticism high,5.0449486
naturalistic_behavioral,final_token,22,28,Openness high; Conscientiousness high; Extraversion high; Agreeableness low; Neuroticism low,5.522872
naturalistic_behavioral,final_token,22,29,Openness high; Conscientiousness high; Extraversion high; Agreeableness low; Neuroticism high,5.2148075
naturalistic_behavioral,final_token,22,30,Openness high; Conscientiousness high; Extraversion high; Agreeableness high; Neuroticism low,6.106246
naturalistic_behavioral,final_token,22,31,Openness high; Conscientiousness high; Extraversion high; Agreeableness high; Neuroticism high,5.241901
naturalistic_behavioral,final_token,23,0,Openness low; Conscientiousness low; Extraversion low; Agreeableness low; Neuroticism low,5.4765058
naturalistic_behavioral,final_token,23,1,Openness low; Conscientiousness low; Extraversion low; Agreeableness low; Neuroticism high,5.090474
naturalistic_behavioral,final_token,23,2,Openness low; Conscientiousness low; Extraversion low; Agreeableness high; Neuroticism low,6.0606127
naturalistic_behavioral,final_token,23,3,Openness low; Conscientiousness low; Extraversion low; Agreeableness high; Neuroticism high,5.019535
naturalistic_behavioral,final_token,23,4,Openness low; Conscientiousness low; Extraversion high; Agreeableness low; Neuroticism low,5.982795
naturalistic_behavioral,final_token,23,5,Openness low; Conscientiousness low; Extraversion high; Agreeableness low; Neuroticism high,7.8488607
naturalistic_behavioral,final_token,23,6,Openness low; Conscientiousness low; Extraversion high; Agreeableness high; Neuroticism low,6.2642813
naturalistic_behavioral,final_token,23,7,Openness low; Conscientiousness low; Extraversion high; Agreeableness high; Neuroticism high,6.071299
naturalistic_behavioral,final_token,23,8,Openness low; Conscientiousness high; Extraversion low; Agreeableness low; Neuroticism low,6.060764
naturalistic_behavioral,final_token,23,9,Openness low; Conscientiousness high; Extraversion low; Agreeableness low; Neuroticism high,6.748546
naturalistic_behavioral,final_token,23,10,Openness low; Conscientiousness high; Extraversion low; Agreeableness high; Neuroticism low,7.3858633
naturalistic_behavioral,final_token,23,11,Openness low; Conscientiousness high; Extraversion low; Agreeableness high; Neuroticism high,5.981739
naturalistic_behavioral,final_token,23,12,Openness low; Conscientiousness high; Extraversion high; Agreeableness low; Neuroticism low,6.9084363
naturalistic_behavioral,final_token,23,13,Openness low; Conscientiousness high; Extraversion high; Agreeableness low; Neuroticism high,5.970006
naturalistic_behavioral,final_token,23,14,Openness low; Conscientiousness high; Extraversion high; Agreeableness high; Neuroticism low,6.3183837
naturalistic_behavioral,final_token,23,15,Openness low; Conscientiousness high; Extraversion high; Agreeableness high; Neuroticism high,6.5863414
naturalistic_behavioral,final_token,23,16,Openness high; Conscientiousness low; Extraversion low; Agreeableness low; Neuroticism low,5.96893
naturalistic_behavioral,final_token,23,17,Openness high; Conscientiousness low; Extraversion low; Agreeableness low; Neuroticism high,6.1303816
naturalistic_behavioral,final_token,23,18,Openness high; Conscientiousness low; Extraversion low; Agreeableness high; Neuroticism low,5.5527806
naturalistic_behavioral,final_token,23,19,Openness high; Conscientiousness low; Extraversion low; Agreeableness high; Neuroticism high,6.792486
naturalistic_behavioral,final_token,23,20,Openness high; Conscientiousness low; Extraversion high; Agreeableness low; Neuroticism low,6.0948353
naturalistic_behavioral,final_token,23,21,Openness high; Conscientiousness low; Extraversion high; Agreeableness low; Neuroticism high,7.530119
naturalistic_behavioral,final_token,23,22,Openness high; Conscientiousness low; Extraversion high; Agreeableness high; Neuroticism low,5.822853
naturalistic_behavioral,final_token,23,23,Openness high; Conscientiousness low; Extraversion high; Agreeableness high; Neuroticism high,5.139863
naturalistic_behavioral,final_token,23,24,Openness high; Conscientiousness high; Extraversion low; Agreeableness low; Neuroticism low,6.7306914
naturalistic_behavioral,final_token,23,25,Openness high; Conscientiousness high; Extraversion low; Agreeableness low; Neuroticism high,6.2355328
naturalistic_behavioral,final_token,23,26,Openness high; Conscientiousness high; Extraversion low; Agreeableness high; Neuroticism low,7.0926948
naturalistic_behavioral,final_token,23,27,Openness high; Conscientiousness high; Extraversion low; Agreeableness high; Neuroticism high,5.6581254
naturalistic_behavioral,final_token,23,28,Openness high; Conscientiousness high; Extraversion high; Agreeableness low; Neuroticism low,6.2916465
naturalistic_behavioral,final_token,23,29,Openness high; Conscientiousness high; Extraversion high; Agreeableness low; Neuroticism high,5.9136696
naturalistic_behavioral,final_token,23,30,Openness high; Conscientiousness high; Extraversion high; Agreeableness high; Neuroticism low,6.973324
naturalistic_behavioral,final_token,23,31,Openness high; Conscientiousness high; Extraversion high; Agreeableness high; Neuroticism high,5.9632487
naturalistic_behavioral,final_token,24,0,Openness low; Conscientiousness low; Extraversion low; Agreeableness low; Neuroticism low,5.991095
naturalistic_behavioral,final_token,24,1,Openness low; Conscientiousness low; Extraversion low; Agreeableness low; Neuroticism high,5.7298365
naturalistic_behavioral,final_token,24,2,Openness low; Conscientiousness low; Extraversion low; Agreeableness high; Neuroticism low,6.6395454
naturalistic_behavioral,final_token,24,3,Openness low; Conscientiousness low; Extraversion low; Agreeableness high; Neuroticism high,5.520868
naturalistic_behavioral,final_token,24,4,Openness low; Conscientiousness low; Extraversion high; Agreeableness low; Neuroticism low,6.6238356
naturalistic_behavioral,final_token,24,5,Openness low; Conscientiousness low; Extraversion high; Agreeableness low; Neuroticism high,8.438317
naturalistic_behavioral,final_token,24,6,Openness low; Conscientiousness low; Extraversion high; Agreeableness high; Neuroticism low,6.865417
naturalistic_behavioral,final_token,24,7,Openness low; Conscientiousness low; Extraversion high; Agreeableness high; Neuroticism high,6.5674214
naturalistic_behavioral,final_token,24,8,Openness low; Conscientiousness high; Extraversion low; Agreeableness low; Neuroticism low,6.6179686
naturalistic_behavioral,final_token,24,9,Openness low; Conscientiousness high; Extraversion low; Agreeableness low; Neuroticism high,7.400535
naturalistic_behavioral,final_token,24,10,Openness low; Conscientiousness high; Extraversion low; Agreeableness high; Neuroticism low,7.9948225
naturalistic_behavioral,final_token,24,11,Openness low; Conscientiousness high; Extraversion low; Agreeableness high; Neuroticism high,6.480866
naturalistic_behavioral,final_token,24,12,Openness low; Conscientiousness high; Extraversion high; Agreeableness low; Neuroticism low,7.638662
naturalistic_behavioral,final_token,24,13,Openness low; Conscientiousness high; Extraversion high; Agreeableness low; Neuroticism high,6.6565657
naturalistic_behavioral,final_token,24,14,Openness low; Conscientiousness high; Extraversion high; Agreeableness high; Neuroticism low,6.938121
naturalistic_behavioral,final_token,24,15,Openness low; Conscientiousness high; Extraversion high; Agreeableness high; Neuroticism high,7.2308974
naturalistic_behavioral,final_token,24,16,Openness high; Conscientiousness low; Extraversion low; Agreeableness low; Neuroticism low,6.733195
naturalistic_behavioral,final_token,24,17,Openness high; Conscientiousness low; Extraversion low; Agreeableness low; Neuroticism high,6.7716928
naturalistic_behavioral,final_token,24,18,Openness high; Conscientiousness low; Extraversion low; Agreeableness high; Neuroticism low,6.081254
naturalistic_behavioral,final_token,24,19,Openness high; Conscientiousness low; Extraversion low; Agreeableness high; Neuroticism high,7.4252048
naturalistic_behavioral,final_token,24,20,Openness high; Conscientiousness low; Extraversion high; Agreeableness low; Neuroticism low,6.751731
naturalistic_behavioral,final_token,24,21,Openness high; Conscientiousness low; Extraversion high; Agreeableness low; Neuroticism high,8.056339
naturalistic_behavioral,final_token,24,22,Openness high; Conscientiousness low; Extraversion high; Agreeableness high; Neuroticism low,6.3374553
naturalistic_behavioral,final_token,24,23,Openness high; Conscientiousness low; Extraversion high; Agreeableness high; Neuroticism high,5.477334
naturalistic_behavioral,final_token,24,24,Openness high; Conscientiousness high; Extraversion low; Agreeableness low; Neuroticism low,7.389203
naturalistic_behavioral,final_token,24,25,Openness high; Conscientiousness high; Extraversion low; Agreeableness low; Neuroticism high,6.8520756
naturalistic_behavioral,final_token,24,26,Openness high; Conscientiousness high; Extraversion low; Agreeableness high; Neuroticism low,7.8544097
naturalistic_behavioral,final_token,24,27,Openness high; Conscientiousness high; Extraversion low; Agreeableness high; Neuroticism high,6.1899014
naturalistic_behavioral,final_token,24,28,Openness high; Conscientiousness high; Extraversion high; Agreeableness low; Neuroticism low,6.8968678
naturalistic_behavioral,final_token,24,29,Openness high; Conscientiousness high; Extraversion high; Agreeableness low; Neuroticism high,6.493523
naturalistic_behavioral,final_token,24,30,Openness high; Conscientiousness high; Extraversion high; Agreeableness high; Neuroticism low,7.7182503
naturalistic_behavioral,final_token,24,31,Openness high; Conscientiousness high; Extraversion high; Agreeableness high; Neuroticism high,6.5052958
naturalistic_behavioral,final_token,25,0,Openness low; Conscientiousness low; Extraversion low; Agreeableness low; Neuroticism low,6.5838065
naturalistic_behavioral,final_token,25,1,Openness low; Conscientiousness low; Extraversion low; Agreeableness low; Neuroticism high,6.2877445
naturalistic_behavioral,final_token,25,2,Openness low; Conscientiousness low; Extraversion low; Agreeableness high; Neuroticism low,7.3162236
naturalistic_behavioral,final_token,25,3,Openness low; Conscientiousness low; Extraversion low; Agreeableness high; Neuroticism high,6.16735
naturalistic_behavioral,final_token,25,4,Openness low; Conscientiousness low; Extraversion high; Agreeableness low; Neuroticism low,7.2326503
naturalistic_behavioral,final_token,25,5,Openness low; Conscientiousness low; Extraversion high; Agreeableness low; Neuroticism high,9.291628
naturalistic_behavioral,final_token,25,6,Openness low; Conscientiousness low; Extraversion high; Agreeableness high; Neuroticism low,7.613801
naturalistic_behavioral,final_token,25,7,Openness low; Conscientiousness low; Extraversion high; Agreeableness high; Neuroticism high,7.1783485
naturalistic_behavioral,final_token,25,8,Openness low; Conscientiousness high; Extraversion low; Agreeableness low; Neuroticism low,7.322529
naturalistic_behavioral,final_token,25,9,Openness low; Conscientiousness high; Extraversion low; Agreeableness low; Neuroticism high,8.192811
naturalistic_behavioral,final_token,25,10,Openness low; Conscientiousness high; Extraversion low; Agreeableness high; Neuroticism low,8.844634
naturalistic_behavioral,final_token,25,11,Openness low; Conscientiousness high; Extraversion low; Agreeableness high; Neuroticism high,7.165443
naturalistic_behavioral,final_token,25,12,Openness low; Conscientiousness high; Extraversion high; Agreeableness low; Neuroticism low,8.393921
naturalistic_behavioral,final_token,25,13,Openness low; Conscientiousness high; Extraversion high; Agreeableness low; Neuroticism high,7.433647
naturalistic_behavioral,final_token,25,14,Openness low; Conscientiousness high; Extraversion high; Agreeableness high; Neuroticism low,7.636097
naturalistic_behavioral,final_token,25,15,Openness low; Conscientiousness high; Extraversion high; Agreeableness high; Neuroticism high,7.951818
naturalistic_behavioral,final_token,25,16,Openness high; Conscientiousness low; Extraversion low; Agreeableness low; Neuroticism low,7.433198
naturalistic_behavioral,final_token,25,17,Openness high; Conscientiousness low; Extraversion low; Agreeableness low; Neuroticism high,7.614981
naturalistic_behavioral,final_token,25,18,Openness high; Conscientiousness low; Extraversion low; Agreeableness high; Neuroticism low,6.686163
naturalistic_behavioral,final_token,25,19,Openness high; Conscientiousness low; Extraversion low; Agreeableness high; Neuroticism high,8.39085
naturalistic_behavioral,final_token,25,20,Openness high; Conscientiousness low; Extraversion high; Agreeableness low; Neuroticism low,7.514577
naturalistic_behavioral,final_token,25,21,Openness high; Conscientiousness low; Extraversion high; Agreeableness low; Neuroticism high,8.845108
naturalistic_behavioral,final_token,25,22,Openness high; Conscientiousness low; Extraversion high; Agreeableness high; Neuroticism low,7.0206375
naturalistic_behavioral,final_token,25,23,Openness high; Conscientiousness low; Extraversion high; Agreeableness high; Neuroticism high,6.0488944
naturalistic_behavioral,final_token,25,24,Openness high; Conscientiousness high; Extraversion low; Agreeableness low; Neuroticism low,8.174963
naturalistic_behavioral,final_token,25,25,Openness high; Conscientiousness high; Extraversion low; Agreeableness low; Neuroticism high,7.6348004
naturalistic_behavioral,final_token,25,26,Openness high; Conscientiousness high; Extraversion low; Agreeableness high; Neuroticism low,8.827381
naturalistic_behavioral,final_token,25,27,Openness high; Conscientiousness high; Extraversion low; Agreeableness high; Neuroticism high,6.9603906
naturalistic_behavioral,final_token,25,28,Openness high; Conscientiousness high; Extraversion high; Agreeableness low; Neuroticism low,7.6115127
naturalistic_behavioral,final_token,25,29,Openness high; Conscientiousness high; Extraversion high; Agreeableness low; Neuroticism high,7.224494
naturalistic_behavioral,final_token,25,30,Openness high; Conscientiousness high; Extraversion high; Agreeableness high; Neuroticism low,8.530133
naturalistic_behavioral,final_token,25,31,Openness high; Conscientiousness high; Extraversion high; Agreeableness high; Neuroticism high,7.2160654
naturalistic_behavioral,final_token,26,0,Openness low; Conscientiousness low; Extraversion low; Agreeableness low; Neuroticism low,7.301303
naturalistic_behavioral,final_token,26,1,Openness low; Conscientiousness low; Extraversion low; Agreeableness low; Neuroticism high,7.076648
naturalistic_behavioral,final_token,26,2,Openness low; Conscientiousness low; Extraversion low; Agreeableness high; Neuroticism low,8.108832
naturalistic_behavioral,final_token,26,3,Openness low; Conscientiousness low; Extraversion low; Agreeableness high; Neuroticism high,6.869838
naturalistic_behavioral,final_token,26,4,Openness low; Conscientiousness low; Extraversion high; Agreeableness low; Neuroticism low,8.072255
naturalistic_behavioral,final_token,26,5,Openness low; Conscientiousness low; Extraversion high; Agreeableness low; Neuroticism high,10.169752
naturalistic_behavioral,final_token,26,6,Openness low; Conscientiousness low; Extraversion high; Agreeableness high; Neuroticism low,8.536213
naturalistic_behavioral,final_token,26,7,Openness low; Conscientiousness low; Extraversion high; Agreeableness high; Neuroticism high,7.9935207
naturalistic_behavioral,final_token,26,8,Openness low; Conscientiousness high; Extraversion low; Agreeableness low; Neuroticism low,8.127743
naturalistic_behavioral,final_token,26,9,Openness low; Conscientiousness high; Extraversion low; Agreeableness low; Neuroticism high,9.0526905
naturalistic_behavioral,final_token,26,10,Openness low; Conscientiousness high; Extraversion low; Agreeableness high; Neuroticism low,9.801164
naturalistic_behavioral,final_token,26,11,Openness low; Conscientiousness high; Extraversion low; Agreeableness high; Neuroticism high,8.1372
naturalistic_behavioral,final_token,26,12,Openness low; Conscientiousness high; Extraversion high; Agreeableness low; Neuroticism low,9.309182
naturalistic_behavioral,final_token,26,13,Openness low; Conscientiousness high; Extraversion high; Agreeableness low; Neuroticism high,8.42766
naturalistic_behavioral,final_token,26,14,Openness low; Conscientiousness high; Extraversion high; Agreeableness high; Neuroticism low,8.492767
naturalistic_behavioral,final_token,26,15,Openness low; Conscientiousness high; Extraversion high; Agreeableness high; Neuroticism high,8.869168
naturalistic_behavioral,final_token,26,16,Openness high; Conscientiousness low; Extraversion low; Agreeableness low; Neuroticism low,8.457578
naturalistic_behavioral,final_token,26,17,Openness high; Conscientiousness low; Extraversion low; Agreeableness low; Neuroticism high,8.469881
naturalistic_behavioral,final_token,26,18,Openness high; Conscientiousness low; Extraversion low; Agreeableness high; Neuroticism low,7.515493
naturalistic_behavioral,final_token,26,19,Openness high; Conscientiousness low; Extraversion low; Agreeableness high; Neuroticism high,9.39132
naturalistic_behavioral,final_token,26,20,Openness high; Conscientiousness low; Extraversion high; Agreeableness low; Neuroticism low,8.320105
naturalistic_behavioral,final_token,26,21,Openness high; Conscientiousness low; Extraversion high; Agreeableness low; Neuroticism high,9.837702
naturalistic_behavioral,final_token,26,22,Openness high; Conscientiousness low; Extraversion high; Agreeableness high; Neuroticism low,7.7854743
naturalistic_behavioral,final_token,26,23,Openness high; Conscientiousness low; Extraversion high; Agreeableness high; Neuroticism high,6.5971785
naturalistic_behavioral,final_token,26,24,Openness high; Conscientiousness high; Extraversion low; Agreeableness low; Neuroticism low,9.159252
naturalistic_behavioral,final_token,26,25,Openness high; Conscientiousness high; Extraversion low; Agreeableness low; Neuroticism high,8.503656
naturalistic_behavioral,final_token,26,26,Openness high; Conscientiousness high; Extraversion low; Agreeableness high; Neuroticism low,10.023986
naturalistic_behavioral,final_token,26,27,Openness high; Conscientiousness high; Extraversion low; Agreeableness high; Neuroticism high,7.821802
naturalistic_behavioral,final_token,26,28,Openness high; Conscientiousness high; Extraversion high; Agreeableness low; Neuroticism low,8.55213
naturalistic_behavioral,final_token,26,29,Openness high; Conscientiousness high; Extraversion high; Agreeableness low; Neuroticism high,8.045033
naturalistic_behavioral,final_token,26,30,Openness high; Conscientiousness high; Extraversion high; Agreeableness high; Neuroticism low,9.545324
naturalistic_behavioral,final_token,26,31,Openness high; Conscientiousness high; Extraversion high; Agreeableness high; Neuroticism high,8.038977
naturalistic_behavioral,final_token,27,0,Openness low; Conscientiousness low; Extraversion low; Agreeableness low; Neuroticism low,8.07884
naturalistic_behavioral,final_token,27,1,Openness low; Conscientiousness low; Extraversion low; Agreeableness low; Neuroticism high,7.8181667
naturalistic_behavioral,final_token,27,2,Openness low; Conscientiousness low; Extraversion low; Agreeableness high; Neuroticism low,9.076293
naturalistic_behavioral,final_token,27,3,Openness low; Conscientiousness low; Extraversion low; Agreeableness high; Neuroticism high,7.7281823
naturalistic_behavioral,final_token,27,4,Openness low; Conscientiousness low; Extraversion high; Agreeableness low; Neuroticism low,8.971704
naturalistic_behavioral,final_token,27,5,Openness low; Conscientiousness low; Extraversion high; Agreeableness low; Neuroticism high,11.134233
naturalistic_behavioral,final_token,27,6,Openness low; Conscientiousness low; Extraversion high; Agreeableness high; Neuroticism low,9.45971
naturalistic_behavioral,final_token,27,7,Openness low; Conscientiousness low; Extraversion high; Agreeableness high; Neuroticism high,8.686471
naturalistic_behavioral,final_token,27,8,Openness low; Conscientiousness high; Extraversion low; Agreeableness low; Neuroticism low,9.020974
naturalistic_behavioral,final_token,27,9,Openness low; Conscientiousness high; Extraversion low; Agreeableness low; Neuroticism high,10.033152
naturalistic_behavioral,final_token,27,10,Openness low; Conscientiousness high; Extraversion low; Agreeableness high; Neuroticism low,10.893821
naturalistic_behavioral,final_token,27,11,Openness low; Conscientiousness high; Extraversion low; Agreeableness high; Neuroticism high,9.151856
naturalistic_behavioral,final_token,27,12,Openness low; Conscientiousness high; Extraversion high; Agreeableness low; Neuroticism low,10.336167
naturalistic_behavioral,final_token,27,13,Openness low; Conscientiousness high; Extraversion high; Agreeableness low; Neuroticism high,9.310826
naturalistic_behavioral,final_token,27,14,Openness low; Conscientiousness high; Extraversion high; Agreeableness high; Neuroticism low,9.453108
naturalistic_behavioral,final_token,27,15,Openness low; Conscientiousness high; Extraversion high; Agreeableness high; Neuroticism high,9.91134
naturalistic_behavioral,final_token,27,16,Openness high; Conscientiousness low; Extraversion low; Agreeableness low; Neuroticism low,9.496104
naturalistic_behavioral,final_token,27,17,Openness high; Conscientiousness low; Extraversion low; Agreeableness low; Neuroticism high,9.393209
naturalistic_behavioral,final_token,27,18,Openness high; Conscientiousness low; Extraversion low; Agreeableness high; Neuroticism low,8.441928
naturalistic_behavioral,final_token,27,19,Openness high; Conscientiousness low; Extraversion low; Agreeableness high; Neuroticism high,10.452361
naturalistic_behavioral,final_token,27,20,Openness high; Conscientiousness low; Extraversion high; Agreeableness low; Neuroticism low,9.263504
naturalistic_behavioral,final_token,27,21,Openness high; Conscientiousness low; Extraversion high; Agreeableness low; Neuroticism high,10.78155
naturalistic_behavioral,final_token,27,22,Openness high; Conscientiousness low; Extraversion high; Agreeableness high; Neuroticism low,8.675857
naturalistic_behavioral,final_token,27,23,Openness high; Conscientiousness low; Extraversion high; Agreeableness high; Neuroticism high,7.1881294
naturalistic_behavioral,final_token,27,24,Openness high; Conscientiousness high; Extraversion low; Agreeableness low; Neuroticism low,10.160026
naturalistic_behavioral,final_token,27,25,Openness high; Conscientiousness high; Extraversion low; Agreeableness low; Neuroticism high,9.507481
naturalistic_behavioral,final_token,27,26,Openness high; Conscientiousness high; Extraversion low; Agreeableness high; Neuroticism low,11.078674
naturalistic_behavioral,final_token,27,27,Openness high; Conscientiousness high; Extraversion low; Agreeableness high; Neuroticism high,8.660709
naturalistic_behavioral,final_token,27,28,Openness high; Conscientiousness high; Extraversion high; Agreeableness low; Neuroticism low,9.359833
naturalistic_behavioral,final_token,27,29,Openness high; Conscientiousness high; Extraversion high; Agreeableness low; Neuroticism high,8.86143
naturalistic_behavioral,final_token,27,30,Openness high; Conscientiousness high; Extraversion high; Agreeableness high; Neuroticism low,10.694281
naturalistic_behavioral,final_token,27,31,Openness high; Conscientiousness high; Extraversion high; Agreeableness high; Neuroticism high,8.9228
naturalistic_behavioral,final_token,28,0,Openness low; Conscientiousness low; Extraversion low; Agreeableness low; Neuroticism low,8.610162
naturalistic_behavioral,final_token,28,1,Openness low; Conscientiousness low; Extraversion low; Agreeableness low; Neuroticism high,8.336745
naturalistic_behavioral,final_token,28,2,Openness low; Conscientiousness low; Extraversion low; Agreeableness high; Neuroticism low,9.827336
naturalistic_behavioral,final_token,28,3,Openness low; Conscientiousness low; Extraversion low; Agreeableness high; Neuroticism high,8.177776
naturalistic_behavioral,final_token,28,4,Openness low; Conscientiousness low; Extraversion high; Agreeableness low; Neuroticism low,9.690271
naturalistic_behavioral,final_token,28,5,Openness low; Conscientiousness low; Extraversion high; Agreeableness low; Neuroticism high,11.81
naturalistic_behavioral,final_token,28,6,Openness low; Conscientiousness low; Extraversion high; Agreeableness high; Neuroticism low,10.205464
naturalistic_behavioral,final_token,28,7,Openness low; Conscientiousness low; Extraversion high; Agreeableness high; Neuroticism high,9.198133
naturalistic_behavioral,final_token,28,8,Openness low; Conscientiousness high; Extraversion low; Agreeableness low; Neuroticism low,9.7241535
naturalistic_behavioral,final_token,28,9,Openness low; Conscientiousness high; Extraversion low; Agreeableness low; Neuroticism high,10.730019
naturalistic_behavioral,final_token,28,10,Openness low; Conscientiousness high; Extraversion low; Agreeableness high; Neuroticism low,11.893392
naturalistic_behavioral,final_token,28,11,Openness low; Conscientiousness high; Extraversion low; Agreeableness high; Neuroticism high,9.826963
naturalistic_behavioral,final_token,28,12,Openness low; Conscientiousness high; Extraversion high; Agreeableness low; Neuroticism low,11.081801
naturalistic_behavioral,final_token,28,13,Openness low; Conscientiousness high; Extraversion high; Agreeableness low; Neuroticism high,10.118672
naturalistic_behavioral,final_token,28,14,Openness low; Conscientiousness high; Extraversion high; Agreeableness high; Neuroticism low,10.020415
naturalistic_behavioral,final_token,28,15,Openness low; Conscientiousness high; Extraversion high; Agreeableness high; Neuroticism high,10.630764
naturalistic_behavioral,final_token,28,16,Openness high; Conscientiousness low; Extraversion low; Agreeableness low; Neuroticism low,10.285338
naturalistic_behavioral,final_token,28,17,Openness high; Conscientiousness low; Extraversion low; Agreeableness low; Neuroticism high,10.176277
naturalistic_behavioral,final_token,28,18,Openness high; Conscientiousness low; Extraversion low; Agreeableness high; Neuroticism low,9.00715
naturalistic_behavioral,final_token,28,19,Openness high; Conscientiousness low; Extraversion low; Agreeableness high; Neuroticism high,11.407751
naturalistic_behavioral,final_token,28,20,Openness high; Conscientiousness low; Extraversion high; Agreeableness low; Neuroticism low,9.877246
naturalistic_behavioral,final_token,28,21,Openness high; Conscientiousness low; Extraversion high; Agreeableness low; Neuroticism high,11.494781
naturalistic_behavioral,final_token,28,22,Openness high; Conscientiousness low; Extraversion high; Agreeableness high; Neuroticism low,9.183204
naturalistic_behavioral,final_token,28,23,Openness high; Conscientiousness low; Extraversion high; Agreeableness high; Neuroticism high,7.592353
naturalistic_behavioral,final_token,28,24,Openness high; Conscientiousness high; Extraversion low; Agreeableness low; Neuroticism low,10.918259
naturalistic_behavioral,final_token,28,25,Openness high; Conscientiousness high; Extraversion low; Agreeableness low; Neuroticism high,10.301147
naturalistic_behavioral,final_token,28,26,Openness high; Conscientiousness high; Extraversion low; Agreeableness high; Neuroticism low,12.063706
naturalistic_behavioral,final_token,28,27,Openness high; Conscientiousness high; Extraversion low; Agreeableness high; Neuroticism high,9.18207
naturalistic_behavioral,final_token,28,28,Openness high; Conscientiousness high; Extraversion high; Agreeableness low; Neuroticism low,10.00175
naturalistic_behavioral,final_token,28,29,Openness high; Conscientiousness high; Extraversion high; Agreeableness low; Neuroticism high,9.47234
naturalistic_behavioral,final_token,28,30,Openness high; Conscientiousness high; Extraversion high; Agreeableness high; Neuroticism low,11.496546
naturalistic_behavioral,final_token,28,31,Openness high; Conscientiousness high; Extraversion high; Agreeableness high; Neuroticism high,9.589828
naturalistic_behavioral,final_token,29,0,Openness low; Conscientiousness low; Extraversion low; Agreeableness low; Neuroticism low,10.124216
naturalistic_behavioral,final_token,29,1,Openness low; Conscientiousness low; Extraversion low; Agreeableness low; Neuroticism high,9.973044
naturalistic_behavioral,final_token,29,2,Openness low; Conscientiousness low; Extraversion low; Agreeableness high; Neuroticism low,11.564989
naturalistic_behavioral,final_token,29,3,Openness low; Conscientiousness low; Extraversion low; Agreeableness high; Neuroticism high,9.794173
naturalistic_behavioral,final_token,29,4,Openness low; Conscientiousness low; Extraversion high; Agreeableness low; Neuroticism low,11.098428
naturalistic_behavioral,final_token,29,5,Openness low; Conscientiousness low; Extraversion high; Agreeableness low; Neuroticism high,13.41599
naturalistic_behavioral,final_token,29,6,Openness low; Conscientiousness low; Extraversion high; Agreeableness high; Neuroticism low,11.861498
naturalistic_behavioral,final_token,29,7,Openness low; Conscientiousness low; Extraversion high; Agreeableness high; Neuroticism high,10.421154
naturalistic_behavioral,final_token,29,8,Openness low; Conscientiousness high; Extraversion low; Agreeableness low; Neuroticism low,11.241686
naturalistic_behavioral,final_token,29,9,Openness low; Conscientiousness high; Extraversion low; Agreeableness low; Neuroticism high,12.257494
naturalistic_behavioral,final_token,29,10,Openness low; Conscientiousness high; Extraversion low; Agreeableness high; Neuroticism low,13.763617
naturalistic_behavioral,final_token,29,11,Openness low; Conscientiousness high; Extraversion low; Agreeableness high; Neuroticism high,11.300642
naturalistic_behavioral,final_token,29,12,Openness low; Conscientiousness high; Extraversion high; Agreeableness low; Neuroticism low,12.828865
naturalistic_behavioral,final_token,29,13,Openness low; Conscientiousness high; Extraversion high; Agreeableness low; Neuroticism high,11.756319
naturalistic_behavioral,final_token,29,14,Openness low; Conscientiousness high; Extraversion high; Agreeableness high; Neuroticism low,11.643875
naturalistic_behavioral,final_token,29,15,Openness low; Conscientiousness high; Extraversion high; Agreeableness high; Neuroticism high,12.456759
naturalistic_behavioral,final_token,29,16,Openness high; Conscientiousness low; Extraversion low; Agreeableness low; Neuroticism low,12.212804
naturalistic_behavioral,final_token,29,17,Openness high; Conscientiousness low; Extraversion low; Agreeableness low; Neuroticism high,12.157462
naturalistic_behavioral,final_token,29,18,Openness high; Conscientiousness low; Extraversion low; Agreeableness high; Neuroticism low,10.649871
naturalistic_behavioral,final_token,29,19,Openness high; Conscientiousness low; Extraversion low; Agreeableness high; Neuroticism high,13.027427
naturalistic_behavioral,final_token,29,20,Openness high; Conscientiousness low; Extraversion high; Agreeableness low; Neuroticism low,11.519307
naturalistic_behavioral,final_token,29,21,Openness high; Conscientiousness low; Extraversion high; Agreeableness low; Neuroticism high,13.497365
naturalistic_behavioral,final_token,29,22,Openness high; Conscientiousness low; Extraversion high; Agreeableness high; Neuroticism low,10.663101
naturalistic_behavioral,final_token,29,23,Openness high; Conscientiousness low; Extraversion high; Agreeableness high; Neuroticism high,8.691642
naturalistic_behavioral,final_token,29,24,Openness high; Conscientiousness high; Extraversion low; Agreeableness low; Neuroticism low,12.710774
naturalistic_behavioral,final_token,29,25,Openness high; Conscientiousness high; Extraversion low; Agreeableness low; Neuroticism high,12.00553
naturalistic_behavioral,final_token,29,26,Openness high; Conscientiousness high; Extraversion low; Agreeableness high; Neuroticism low,14.203852
naturalistic_behavioral,final_token,29,27,Openness high; Conscientiousness high; Extraversion low; Agreeableness high; Neuroticism high,10.512587
naturalistic_behavioral,final_token,29,28,Openness high; Conscientiousness high; Extraversion high; Agreeableness low; Neuroticism low,11.80015
naturalistic_behavioral,final_token,29,29,Openness high; Conscientiousness high; Extraversion high; Agreeableness low; Neuroticism high,10.989129
naturalistic_behavioral,final_token,29,30,Openness high; Conscientiousness high; Extraversion high; Agreeableness high; Neuroticism low,13.390494
naturalistic_behavioral,final_token,29,31,Openness high; Conscientiousness high; Extraversion high; Agreeableness high; Neuroticism high,11.078196
naturalistic_behavioral,final_token,30,0,Openness low; Conscientiousness low; Extraversion low; Agreeableness low; Neuroticism low,13.889304
naturalistic_behavioral,final_token,30,1,Openness low; Conscientiousness low; Extraversion low; Agreeableness low; Neuroticism high,13.721112
naturalistic_behavioral,final_token,30,2,Openness low; Conscientiousness low; Extraversion low; Agreeableness high; Neuroticism low,15.429916
naturalistic_behavioral,final_token,30,3,Openness low; Conscientiousness low; Extraversion low; Agreeableness high; Neuroticism high,13.755431
naturalistic_behavioral,final_token,30,4,Openness low; Conscientiousness low; Extraversion high; Agreeableness low; Neuroticism low,14.399124
naturalistic_behavioral,final_token,30,5,Openness low; Conscientiousness low; Extraversion high; Agreeableness low; Neuroticism high,16.56582
naturalistic_behavioral,final_token,30,6,Openness low; Conscientiousness low; Extraversion high; Agreeableness high; Neuroticism low,15.524287
naturalistic_behavioral,final_token,30,7,Openness low; Conscientiousness low; Extraversion high; Agreeableness high; Neuroticism high,13.475178
naturalistic_behavioral,final_token,30,8,Openness low; Conscientiousness high; Extraversion low; Agreeableness low; Neuroticism low,14.971651
naturalistic_behavioral,final_token,30,9,Openness low; Conscientiousness high; Extraversion low; Agreeableness low; Neuroticism high,16.364073
naturalistic_behavioral,final_token,30,10,Openness low; Conscientiousness high; Extraversion low; Agreeableness high; Neuroticism low,17.690165
naturalistic_behavioral,final_token,30,11,Openness low; Conscientiousness high; Extraversion low; Agreeableness high; Neuroticism high,15.343845
naturalistic_behavioral,final_token,30,12,Openness low; Conscientiousness high; Extraversion high; Agreeableness low; Neuroticism low,16.613861
naturalistic_behavioral,final_token,30,13,Openness low; Conscientiousness high; Extraversion high; Agreeableness low; Neuroticism high,15.923504
naturalistic_behavioral,final_token,30,14,Openness low; Conscientiousness high; Extraversion high; Agreeableness high; Neuroticism low,15.800638
naturalistic_behavioral,final_token,30,15,Openness low; Conscientiousness high; Extraversion high; Agreeableness high; Neuroticism high,16.010826
naturalistic_behavioral,final_token,30,16,Openness high; Conscientiousness low; Extraversion low; Agreeableness low; Neuroticism low,16.327639
naturalistic_behavioral,final_token,30,17,Openness high; Conscientiousness low; Extraversion low; Agreeableness low; Neuroticism high,16.056185
naturalistic_behavioral,final_token,30,18,Openness high; Conscientiousness low; Extraversion low; Agreeableness high; Neuroticism low,15.036745
naturalistic_behavioral,final_token,30,19,Openness high; Conscientiousness low; Extraversion low; Agreeableness high; Neuroticism high,17.707653
naturalistic_behavioral,final_token,30,20,Openness high; Conscientiousness low; Extraversion high; Agreeableness low; Neuroticism low,15.296816
naturalistic_behavioral,final_token,30,21,Openness high; Conscientiousness low; Extraversion high; Agreeableness low; Neuroticism high,17.42877
naturalistic_behavioral,final_token,30,22,Openness high; Conscientiousness low; Extraversion high; Agreeableness high; Neuroticism low,13.80917
naturalistic_behavioral,final_token,30,23,Openness high; Conscientiousness low; Extraversion high; Agreeableness high; Neuroticism high,10.789989
naturalistic_behavioral,final_token,30,24,Openness high; Conscientiousness high; Extraversion low; Agreeableness low; Neuroticism low,16.597162
naturalistic_behavioral,final_token,30,25,Openness high; Conscientiousness high; Extraversion low; Agreeableness low; Neuroticism high,16.24886
naturalistic_behavioral,final_token,30,26,Openness high; Conscientiousness high; Extraversion low; Agreeableness high; Neuroticism low,18.865095
naturalistic_behavioral,final_token,30,27,Openness high; Conscientiousness high; Extraversion low; Agreeableness high; Neuroticism high,13.876046
naturalistic_behavioral,final_token,30,28,Openness high; Conscientiousness high; Extraversion high; Agreeableness low; Neuroticism low,15.363577
naturalistic_behavioral,final_token,30,29,Openness high; Conscientiousness high; Extraversion high; Agreeableness low; Neuroticism high,14.607269
naturalistic_behavioral,final_token,30,30,Openness high; Conscientiousness high; Extraversion high; Agreeableness high; Neuroticism low,17.276146
naturalistic_behavioral,final_token,30,31,Openness high; Conscientiousness high; Extraversion high; Agreeableness high; Neuroticism high,14.68199
naturalistic_behavioral,final_token,31,0,Openness low; Conscientiousness low; Extraversion low; Agreeableness low; Neuroticism low,25.41329
naturalistic_behavioral,final_token,31,1,Openness low; Conscientiousness low; Extraversion low; Agreeableness low; Neuroticism high,26.56285
naturalistic_behavioral,final_token,31,2,Openness low; Conscientiousness low; Extraversion low; Agreeableness high; Neuroticism low,28.143106
naturalistic_behavioral,final_token,31,3,Openness low; Conscientiousness low; Extraversion low; Agreeableness high; Neuroticism high,25.444881
naturalistic_behavioral,final_token,31,4,Openness low; Conscientiousness low; Extraversion high; Agreeableness low; Neuroticism low,26.38446
naturalistic_behavioral,final_token,31,5,Openness low; Conscientiousness low; Extraversion high; Agreeableness low; Neuroticism high,28.51393
naturalistic_behavioral,final_token,31,6,Openness low; Conscientiousness low; Extraversion high; Agreeableness high; Neuroticism low,27.475368
naturalistic_behavioral,final_token,31,7,Openness low; Conscientiousness low; Extraversion high; Agreeableness high; Neuroticism high,26.19427
naturalistic_behavioral,final_token,31,8,Openness low; Conscientiousness high; Extraversion low; Agreeableness low; Neuroticism low,27.061075
naturalistic_behavioral,final_token,31,9,Openness low; Conscientiousness high; Extraversion low; Agreeableness low; Neuroticism high,32.032906
naturalistic_behavioral,final_token,31,10,Openness low; Conscientiousness high; Extraversion low; Agreeableness high; Neuroticism low,29.134596
naturalistic_behavioral,final_token,31,11,Openness low; Conscientiousness high; Extraversion low; Agreeableness high; Neuroticism high,29.67622
naturalistic_behavioral,final_token,31,12,Openness low; Conscientiousness high; Extraversion high; Agreeableness low; Neuroticism low,30.414879
naturalistic_behavioral,final_token,31,13,Openness low; Conscientiousness high; Extraversion high; Agreeableness low; Neuroticism high,29.64886
naturalistic_behavioral,final_token,31,14,Openness low; Conscientiousness high; Extraversion high; Agreeableness high; Neuroticism low,30.33646
naturalistic_behavioral,final_token,31,15,Openness low; Conscientiousness high; Extraversion high; Agreeableness high; Neuroticism high,29.027771
naturalistic_behavioral,final_token,31,16,Openness high; Conscientiousness low; Extraversion low; Agreeableness low; Neuroticism low,30.372269
naturalistic_behavioral,final_token,31,17,Openness high; Conscientiousness low; Extraversion low; Agreeableness low; Neuroticism high,29.818123
naturalistic_behavioral,final_token,31,18,Openness high; Conscientiousness low; Extraversion low; Agreeableness high; Neuroticism low,28.440994
naturalistic_behavioral,final_token,31,19,Openness high; Conscientiousness low; Extraversion low; Agreeableness high; Neuroticism high,31.011517
naturalistic_behavioral,final_token,31,20,Openness high; Conscientiousness low; Extraversion high; Agreeableness low; Neuroticism low,28.322569
naturalistic_behavioral,final_token,31,21,Openness high; Conscientiousness low; Extraversion high; Agreeableness low; Neuroticism high,30.293344
naturalistic_behavioral,final_token,31,22,Openness high; Conscientiousness low; Extraversion high; Agreeableness high; Neuroticism low,22.58632
naturalistic_behavioral,final_token,31,23,Openness high; Conscientiousness low; Extraversion high; Agreeableness high; Neuroticism high,17.895376
naturalistic_behavioral,final_token,31,24,Openness high; Conscientiousness high; Extraversion low; Agreeableness low; Neuroticism low,29.916685
naturalistic_behavioral,final_token,31,25,Openness high; Conscientiousness high; Extraversion low; Agreeableness low; Neuroticism high,31.245428
naturalistic_behavioral,final_token,31,26,Openness high; Conscientiousness high; Extraversion low; Agreeableness high; Neuroticism low,31.352741
naturalistic_behavioral,final_token,31,27,Openness high; Conscientiousness high; Extraversion low; Agreeableness high; Neuroticism high,25.11165
naturalistic_behavioral,final_token,31,28,Openness high; Conscientiousness high; Extraversion high; Agreeableness low; Neuroticism low,27.778465
naturalistic_behavioral,final_token,31,29,Openness high; Conscientiousness high; Extraversion high; Agreeableness low; Neuroticism high,26.489527
naturalistic_behavioral,final_token,31,30,Openness high; Conscientiousness high; Extraversion high; Agreeableness high; Neuroticism low,32.860344
naturalistic_behavioral,final_token,31,31,Openness high; Conscientiousness high; Extraversion high; Agreeableness high; Neuroticism high,25.561054
naturalistic_behavioral,mean_tokens,0,0,Openness low; Conscientiousness low; Extraversion low; Agreeableness low; Neuroticism low,0.0911339
naturalistic_behavioral,mean_tokens,0,1,Openness low; Conscientiousness low; Extraversion low; Agreeableness low; Neuroticism high,0.10177219
naturalistic_behavioral,mean_tokens,0,2,Openness low; Conscientiousness low; Extraversion low; Agreeableness high; Neuroticism low,0.092178784
naturalistic_behavioral,mean_tokens,0,3,Openness low; Conscientiousness low; Extraversion low; Agreeableness high; Neuroticism high,0.074548095
naturalistic_behavioral,mean_tokens,0,4,Openness low; Conscientiousness low; Extraversion high; Agreeableness low; Neuroticism low,0.08199775
naturalistic_behavioral,mean_tokens,0,5,Openness low; Conscientiousness low; Extraversion high; Agreeableness low; Neuroticism high,0.09640649
naturalistic_behavioral,mean_tokens,0,6,Openness low; Conscientiousness low; Extraversion high; Agreeableness high; Neuroticism low,0.08872306
naturalistic_behavioral,mean_tokens,0,7,Openness low; Conscientiousness low; Extraversion high; Agreeableness high; Neuroticism high,0.037250567
naturalistic_behavioral,mean_tokens,0,8,Openness low; Conscientiousness high; Extraversion low; Agreeableness low; Neuroticism low,0.10482152
naturalistic_behavioral,mean_tokens,0,9,Openness low; Conscientiousness high; Extraversion low; Agreeableness low; Neuroticism high,0.09048453
naturalistic_behavioral,mean_tokens,0,10,Openness low; Conscientiousness high; Extraversion low; Agreeableness high; Neuroticism low,0.09676948
naturalistic_behavioral,mean_tokens,0,11,Openness low; Conscientiousness high; Extraversion low; Agreeableness high; Neuroticism high,0.09822834
naturalistic_behavioral,mean_tokens,0,12,Openness low; Conscientiousness high; Extraversion high; Agreeableness low; Neuroticism low,0.08806232
naturalistic_behavioral,mean_tokens,0,13,Openness low; Conscientiousness high; Extraversion high; Agreeableness low; Neuroticism high,0.081508644
naturalistic_behavioral,mean_tokens,0,14,Openness low; Conscientiousness high; Extraversion high; Agreeableness high; Neuroticism low,0.089755684
naturalistic_behavioral,mean_tokens,0,15,Openness low; Conscientiousness high; Extraversion high; Agreeableness high; Neuroticism high,0.08083569
naturalistic_behavioral,mean_tokens,0,16,Openness high; Conscientiousness low; Extraversion low; Agreeableness low; Neuroticism low,0.080870554
naturalistic_behavioral,mean_tokens,0,17,Openness high; Conscientiousness low; Extraversion low; Agreeableness low; Neuroticism high,0.09750819
naturalistic_behavioral,mean_tokens,0,18,Openness high; Conscientiousness low; Extraversion low; Agreeableness high; Neuroticism low,0.075024195
naturalistic_behavioral,mean_tokens,0,19,Openness high; Conscientiousness low; Extraversion low; Agreeableness high; Neuroticism high,0.072811395
naturalistic_behavioral,mean_tokens,0,20,Openness high; Conscientiousness low; Extraversion high; Agreeableness low; Neuroticism low,0.095123544
naturalistic_behavioral,mean_tokens,0,21,Openness high; Conscientiousness low; Extraversion high; Agreeableness low; Neuroticism high,0.08235145
naturalistic_behavioral,mean_tokens,0,22,Openness high; Conscientiousness low; Extraversion high; Agreeableness high; Neuroticism low,0.09913798
naturalistic_behavioral,mean_tokens,0,23,Openness high; Conscientiousness low; Extraversion high; Agreeableness high; Neuroticism high,0.034371283
naturalistic_behavioral,mean_tokens,0,24,Openness high; Conscientiousness high; Extraversion low; Agreeableness low; Neuroticism low,0.08945658
naturalistic_behavioral,mean_tokens,0,25,Openness high; Conscientiousness high; Extraversion low; Agreeableness low; Neuroticism high,0.09494154
naturalistic_behavioral,mean_tokens,0,26,Openness high; Conscientiousness high; Extraversion low; Agreeableness high; Neuroticism low,0.08309361
naturalistic_behavioral,mean_tokens,0,27,Openness high; Conscientiousness high; Extraversion low; Agreeableness high; Neuroticism high,0.09312025
naturalistic_behavioral,mean_tokens,0,28,Openness high; Conscientiousness high; Extraversion high; Agreeableness low; Neuroticism low,0.09056833
naturalistic_behavioral,mean_tokens,0,29,Openness high; Conscientiousness high; Extraversion high; Agreeableness low; Neuroticism high,0.091578975
naturalistic_behavioral,mean_tokens,0,30,Openness high; Conscientiousness high; Extraversion high; Agreeableness high; Neuroticism low,0.09907957
naturalistic_behavioral,mean_tokens,0,31,Openness high; Conscientiousness high; Extraversion high; Agreeableness high; Neuroticism high,0.101068065
naturalistic_behavioral,mean_tokens,1,0,Openness low; Conscientiousness low; Extraversion low; Agreeableness low; Neuroticism low,1.0036258
naturalistic_behavioral,mean_tokens,1,1,Openness low; Conscientiousness low; Extraversion low; Agreeableness low; Neuroticism high,0.9637605
naturalistic_behavioral,mean_tokens,1,2,Openness low; Conscientiousness low; Extraversion low; Agreeableness high; Neuroticism low,0.6491423
naturalistic_behavioral,mean_tokens,1,3,Openness low; Conscientiousness low; Extraversion low; Agreeableness high; Neuroticism high,0.8086646
naturalistic_behavioral,mean_tokens,1,4,Openness low; Conscientiousness low; Extraversion high; Agreeableness low; Neuroticism low,1.2452749
naturalistic_behavioral,mean_tokens,1,5,Openness low; Conscientiousness low; Extraversion high; Agreeableness low; Neuroticism high,0.98309946
naturalistic_behavioral,mean_tokens,1,6,Openness low; Conscientiousness low; Extraversion high; Agreeableness high; Neuroticism low,1.0017295
naturalistic_behavioral,mean_tokens,1,7,Openness low; Conscientiousness low; Extraversion high; Agreeableness high; Neuroticism high,0.3791621
naturalistic_behavioral,mean_tokens,1,8,Openness low; Conscientiousness high; Extraversion low; Agreeableness low; Neuroticism low,1.0151161
naturalistic_behavioral,mean_tokens,1,9,Openness low; Conscientiousness high; Extraversion low; Agreeableness low; Neuroticism high,0.83043325
naturalistic_behavioral,mean_tokens,1,10,Openness low; Conscientiousness high; Extraversion low; Agreeableness high; Neuroticism low,1.1755421
naturalistic_behavioral,mean_tokens,1,11,Openness low; Conscientiousness high; Extraversion low; Agreeableness high; Neuroticism high,0.8462183
naturalistic_behavioral,mean_tokens,1,12,Openness low; Conscientiousness high; Extraversion high; Agreeableness low; Neuroticism low,1.0093839
naturalistic_behavioral,mean_tokens,1,13,Openness low; Conscientiousness high; Extraversion high; Agreeableness low; Neuroticism high,0.5021486
naturalistic_behavioral,mean_tokens,1,14,Openness low; Conscientiousness high; Extraversion high; Agreeableness high; Neuroticism low,0.8193104
naturalistic_behavioral,mean_tokens,1,15,Openness low; Conscientiousness high; Extraversion high; Agreeableness high; Neuroticism high,1.1067635
naturalistic_behavioral,mean_tokens,1,16,Openness high; Conscientiousness low; Extraversion low; Agreeableness low; Neuroticism low,1.0570397
naturalistic_behavioral,mean_tokens,1,17,Openness high; Conscientiousness low; Extraversion low; Agreeableness low; Neuroticism high,0.9992584
naturalistic_behavioral,mean_tokens,1,18,Openness high; Conscientiousness low; Extraversion low; Agreeableness high; Neuroticism low,0.6706654
naturalistic_behavioral,mean_tokens,1,19,Openness high; Conscientiousness low; Extraversion low; Agreeableness high; Neuroticism high,1.065067
naturalistic_behavioral,mean_tokens,1,20,Openness high; Conscientiousness low; Extraversion high; Agreeableness low; Neuroticism low,0.8349511
naturalistic_behavioral,mean_tokens,1,21,Openness high; Conscientiousness low; Extraversion high; Agreeableness low; Neuroticism high,1.1840487
naturalistic_behavioral,mean_tokens,1,22,Openness high; Conscientiousness low; Extraversion high; Agreeableness high; Neuroticism low,1.0097159
naturalistic_behavioral,mean_tokens,1,23,Openness high; Conscientiousness low; Extraversion high; Agreeableness high; Neuroticism high,0.29291102
naturalistic_behavioral,mean_tokens,1,24,Openness high; Conscientiousness high; Extraversion low; Agreeableness low; Neuroticism low,1.2517176
naturalistic_behavioral,mean_tokens,1,25,Openness high; Conscientiousness high; Extraversion low; Agreeableness low; Neuroticism high,0.55432826
naturalistic_behavioral,mean_tokens,1,26,Openness high; Conscientiousness high; Extraversion low; Agreeableness high; Neuroticism low,1.1906528
naturalistic_behavioral,mean_tokens,1,27,Openness high; Conscientiousness high; Extraversion low; Agreeableness high; Neuroticism high,1.0707536
naturalistic_behavioral,mean_tokens,1,28,Openness high; Conscientiousness high; Extraversion high; Agreeableness low; Neuroticism low,1.1745409
naturalistic_behavioral,mean_tokens,1,29,Openness high; Conscientiousness high; Extraversion high; Agreeableness low; Neuroticism high,1.0034171
naturalistic_behavioral,mean_tokens,1,30,Openness high; Conscientiousness high; Extraversion high; Agreeableness high; Neuroticism low,1.0034913
naturalistic_behavioral,mean_tokens,1,31,Openness high; Conscientiousness high; Extraversion high; Agreeableness high; Neuroticism high,1.0148137
naturalistic_behavioral,mean_tokens,2,0,Openness low; Conscientiousness low; Extraversion low; Agreeableness low; Neuroticism low,1.0282528
naturalistic_behavioral,mean_tokens,2,1,Openness low; Conscientiousness low; Extraversion low; Agreeableness low; Neuroticism high,0.99091303
naturalistic_behavioral,mean_tokens,2,2,Openness low; Conscientiousness low; Extraversion low; Agreeableness high; Neuroticism low,0.68198675
naturalistic_behavioral,mean_tokens,2,3,Openness low; Conscientiousness low; Extraversion low; Agreeableness high; Neuroticism high,0.83328164
naturalistic_behavioral,mean_tokens,2,4,Openness low; Conscientiousness low; Extraversion high; Agreeableness low; Neuroticism low,1.2664025
naturalistic_behavioral,mean_tokens,2,5,Openness low; Conscientiousness low; Extraversion high; Agreeableness low; Neuroticism high,1.005688
naturalistic_behavioral,mean_tokens,2,6,Openness low; Conscientiousness low; Extraversion high; Agreeableness high; Neuroticism low,1.022967
naturalistic_behavioral,mean_tokens,2,7,Openness low; Conscientiousness low; Extraversion high; Agreeableness high; Neuroticism high,0.39303586
naturalistic_behavioral,mean_tokens,2,8,Openness low; Conscientiousness high; Extraversion low; Agreeableness low; Neuroticism low,1.0421299
naturalistic_behavioral,mean_tokens,2,9,Openness low; Conscientiousness high; Extraversion low; Agreeableness low; Neuroticism high,0.85479
naturalistic_behavioral,mean_tokens,2,10,Openness low; Conscientiousness high; Extraversion low; Agreeableness high; Neuroticism low,1.2011358
naturalistic_behavioral,mean_tokens,2,11,Openness low; Conscientiousness high; Extraversion low; Agreeableness high; Neuroticism high,0.8709876
naturalistic_behavioral,mean_tokens,2,12,Openness low; Conscientiousness high; Extraversion high; Agreeableness low; Neuroticism low,1.0313363
naturalistic_behavioral,mean_tokens,2,13,Openness low; Conscientiousness high; Extraversion high; Agreeableness low; Neuroticism high,0.5443526
naturalistic_behavioral,mean_tokens,2,14,Openness low; Conscientiousness high; Extraversion high; Agreeableness high; Neuroticism low,0.84303904
naturalistic_behavioral,mean_tokens,2,15,Openness low; Conscientiousness high; Extraversion high; Agreeableness high; Neuroticism high,1.1171635
naturalistic_behavioral,mean_tokens,2,16,Openness high; Conscientiousness low; Extraversion low; Agreeableness low; Neuroticism low,1.0789255
naturalistic_behavioral,mean_tokens,2,17,Openness high; Conscientiousness low; Extraversion low; Agreeableness low; Neuroticism high,1.0299383
naturalistic_behavioral,mean_tokens,2,18,Openness high; Conscientiousness low; Extraversion low; Agreeableness high; Neuroticism low,0.70324403
naturalistic_behavioral,mean_tokens,2,19,Openness high; Conscientiousness low; Extraversion low; Agreeableness high; Neuroticism high,1.0854762
naturalistic_behavioral,mean_tokens,2,20,Openness high; Conscientiousness low; Extraversion high; Agreeableness low; Neuroticism low,0.86556274
naturalistic_behavioral,mean_tokens,2,21,Openness high; Conscientiousness low; Extraversion high; Agreeableness low; Neuroticism high,1.2011427
naturalistic_behavioral,mean_tokens,2,22,Openness high; Conscientiousness low; Extraversion high; Agreeableness high; Neuroticism low,1.0332252
naturalistic_behavioral,mean_tokens,2,23,Openness high; Conscientiousness low; Extraversion high; Agreeableness high; Neuroticism high,0.3083024
naturalistic_behavioral,mean_tokens,2,24,Openness high; Conscientiousness high; Extraversion low; Agreeableness low; Neuroticism low,1.2701246
naturalistic_behavioral,mean_tokens,2,25,Openness high; Conscientiousness high; Extraversion low; Agreeableness low; Neuroticism high,0.5978103
naturalistic_behavioral,mean_tokens,2,26,Openness high; Conscientiousness high; Extraversion low; Agreeableness high; Neuroticism low,1.2046392
naturalistic_behavioral,mean_tokens,2,27,Openness high; Conscientiousness high; Extraversion low; Agreeableness high; Neuroticism high,1.0857865
naturalistic_behavioral,mean_tokens,2,28,Openness high; Conscientiousness high; Extraversion high; Agreeableness low; Neuroticism low,1.1959631
naturalistic_behavioral,mean_tokens,2,29,Openness high; Conscientiousness high; Extraversion high; Agreeableness low; Neuroticism high,1.0329258
naturalistic_behavioral,mean_tokens,2,30,Openness high; Conscientiousness high; Extraversion high; Agreeableness high; Neuroticism low,1.027111
naturalistic_behavioral,mean_tokens,2,31,Openness high; Conscientiousness high; Extraversion high; Agreeableness high; Neuroticism high,1.043379
naturalistic_behavioral,mean_tokens,3,0,Openness low; Conscientiousness low; Extraversion low; Agreeableness low; Neuroticism low,1.105038
naturalistic_behavioral,mean_tokens,3,1,Openness low; Conscientiousness low; Extraversion low; Agreeableness low; Neuroticism high,1.0716116
naturalistic_behavioral,mean_tokens,3,2,Openness low; Conscientiousness low; Extraversion low; Agreeableness high; Neuroticism low,0.7778025
naturalistic_behavioral,mean_tokens,3,3,Openness low; Conscientiousness low; Extraversion low; Agreeableness high; Neuroticism high,0.9166924
naturalistic_behavioral,mean_tokens,3,4,Openness low; Conscientiousness low; Extraversion high; Agreeableness low; Neuroticism low,1.3270719
naturalistic_behavioral,mean_tokens,3,5,Openness low; Conscientiousness low; Extraversion high; Agreeableness low; Neuroticism high,1.0696199
naturalistic_behavioral,mean_tokens,3,6,Openness low; Conscientiousness low; Extraversion high; Agreeableness high; Neuroticism low,1.0943586
naturalistic_behavioral,mean_tokens,3,7,Openness low; Conscientiousness low; Extraversion high; Agreeableness high; Neuroticism high,0.42537326
naturalistic_behavioral,mean_tokens,3,8,Openness low; Conscientiousness high; Extraversion low; Agreeableness low; Neuroticism low,1.1132649
naturalistic_behavioral,mean_tokens,3,9,Openness low; Conscientiousness high; Extraversion low; Agreeableness low; Neuroticism high,0.9522172
naturalistic_behavioral,mean_tokens,3,10,Openness low; Conscientiousness high; Extraversion low; Agreeableness high; Neuroticism low,1.2636759
naturalistic_behavioral,mean_tokens,3,11,Openness low; Conscientiousness high; Extraversion low; Agreeableness high; Neuroticism high,0.96668637
naturalistic_behavioral,mean_tokens,3,12,Openness low; Conscientiousness high; Extraversion high; Agreeableness low; Neuroticism low,1.116137
naturalistic_behavioral,mean_tokens,3,13,Openness low; Conscientiousness high; Extraversion high; Agreeableness low; Neuroticism high,0.66503745
naturalistic_behavioral,mean_tokens,3,14,Openness low; Conscientiousness high; Extraversion high; Agreeableness high; Neuroticism low,0.928668
naturalistic_behavioral,mean_tokens,3,15,Openness low; Conscientiousness high; Extraversion high; Agreeableness high; Neuroticism high,1.1700383
naturalistic_behavioral,mean_tokens,3,16,Openness high; Conscientiousness low; Extraversion low; Agreeableness low; Neuroticism low,1.1414356
naturalistic_behavioral,mean_tokens,3,17,Openness high; Conscientiousness low; Extraversion low; Agreeableness low; Neuroticism high,1.1080468
naturalistic_behavioral,mean_tokens,3,18,Openness high; Conscientiousness low; Extraversion low; Agreeableness high; Neuroticism low,0.7923559
naturalistic_behavioral,mean_tokens,3,19,Openness high; Conscientiousness low; Extraversion low; Agreeableness high; Neuroticism high,1.1596849
naturalistic_behavioral,mean_tokens,3,20,Openness high; Conscientiousness low; Extraversion high; Agreeableness low; Neuroticism low,0.9557126
naturalistic_behavioral,mean_tokens,3,21,Openness high; Conscientiousness low; Extraversion high; Agreeableness low; Neuroticism high,1.2616055
naturalistic_behavioral,mean_tokens,3,22,Openness high; Conscientiousness low; Extraversion high; Agreeableness high; Neuroticism low,1.0926148
naturalistic_behavioral,mean_tokens,3,23,Openness high; Conscientiousness low; Extraversion high; Agreeableness high; Neuroticism high,0.3417887
naturalistic_behavioral,mean_tokens,3,24,Openness high; Conscientiousness high; Extraversion low; Agreeableness low; Neuroticism low,1.329563
naturalistic_behavioral,mean_tokens,3,25,Openness high; Conscientiousness high; Extraversion low; Agreeableness low; Neuroticism high,0.7379699
naturalistic_behavioral,mean_tokens,3,26,Openness high; Conscientiousness high; Extraversion low; Agreeableness high; Neuroticism low,1.2690576
naturalistic_behavioral,mean_tokens,3,27,Openness high; Conscientiousness high; Extraversion low; Agreeableness high; Neuroticism high,1.1458405
naturalistic_behavioral,mean_tokens,3,28,Openness high; Conscientiousness high; Extraversion high; Agreeableness low; Neuroticism low,1.2567717
naturalistic_behavioral,mean_tokens,3,29,Openness high; Conscientiousness high; Extraversion high; Agreeableness low; Neuroticism high,1.1188825
naturalistic_behavioral,mean_tokens,3,30,Openness high; Conscientiousness high; Extraversion high; Agreeableness high; Neuroticism low,1.1060224
naturalistic_behavioral,mean_tokens,3,31,Openness high; Conscientiousness high; Extraversion high; Agreeableness high; Neuroticism high,1.1146318
naturalistic_behavioral,mean_tokens,4,0,Openness low; Conscientiousness low; Extraversion low; Agreeableness low; Neuroticism low,1.2216138
naturalistic_behavioral,mean_tokens,4,1,Openness low; Conscientiousness low; Extraversion low; Agreeableness low; Neuroticism high,1.1891954
naturalistic_behavioral,mean_tokens,4,2,Openness low; Conscientiousness low; Extraversion low; Agreeableness high; Neuroticism low,0.96387917
naturalistic_behavioral,mean_tokens,4,3,Openness low; Conscientiousness low; Extraversion low; Agreeableness high; Neuroticism high,1.0373323
naturalistic_behavioral,mean_tokens,4,4,Openness low; Conscientiousness low; Extraversion high; Agreeableness low; Neuroticism low,1.4418631
naturalistic_behavioral,mean_tokens,4,5,Openness low; Conscientiousness low; Extraversion high; Agreeableness low; Neuroticism high,1.1872718
naturalistic_behavioral,mean_tokens,4,6,Openness low; Conscientiousness low; Extraversion high; Agreeableness high; Neuroticism low,1.2091291
naturalistic_behavioral,mean_tokens,4,7,Openness low; Conscientiousness low; Extraversion high; Agreeableness high; Neuroticism high,0.4514309
naturalistic_behavioral,mean_tokens,4,8,Openness low; Conscientiousness high; Extraversion low; Agreeableness low; Neuroticism low,1.2324728
naturalistic_behavioral,mean_tokens,4,9,Openness low; Conscientiousness high; Extraversion low; Agreeableness low; Neuroticism high,1.0720083
naturalistic_behavioral,mean_tokens,4,10,Openness low; Conscientiousness high; Extraversion low; Agreeableness high; Neuroticism low,1.3554498
naturalistic_behavioral,mean_tokens,4,11,Openness low; Conscientiousness high; Extraversion low; Agreeableness high; Neuroticism high,1.1033837
naturalistic_behavioral,mean_tokens,4,12,Openness low; Conscientiousness high; Extraversion high; Agreeableness low; Neuroticism low,1.2355124
naturalistic_behavioral,mean_tokens,4,13,Openness low; Conscientiousness high; Extraversion high; Agreeableness low; Neuroticism high,0.80818444
naturalistic_behavioral,mean_tokens,4,14,Openness low; Conscientiousness high; Extraversion high; Agreeableness high; Neuroticism low,1.0909029
naturalistic_behavioral,mean_tokens,4,15,Openness low; Conscientiousness high; Extraversion high; Agreeableness high; Neuroticism high,1.2464199
naturalistic_behavioral,mean_tokens,4,16,Openness high; Conscientiousness low; Extraversion low; Agreeableness low; Neuroticism low,1.2557417
naturalistic_behavioral,mean_tokens,4,17,Openness high; Conscientiousness low; Extraversion low; Agreeableness low; Neuroticism high,1.2319089
naturalistic_behavioral,mean_tokens,4,18,Openness high; Conscientiousness low; Extraversion low; Agreeableness high; Neuroticism low,0.92636347
naturalistic_behavioral,mean_tokens,4,19,Openness high; Conscientiousness low; Extraversion low; Agreeableness high; Neuroticism high,1.2660103
naturalistic_behavioral,mean_tokens,4,20,Openness high; Conscientiousness low; Extraversion high; Agreeableness low; Neuroticism low,1.1141734
naturalistic_behavioral,mean_tokens,4,21,Openness high; Conscientiousness low; Extraversion high; Agreeableness low; Neuroticism high,1.3724469
naturalistic_behavioral,mean_tokens,4,22,Openness high; Conscientiousness low; Extraversion high; Agreeableness high; Neuroticism low,1.1939412
naturalistic_behavioral,mean_tokens,4,23,Openness high; Conscientiousness low; Extraversion high; Agreeableness high; Neuroticism high,0.37427372
naturalistic_behavioral,mean_tokens,4,24,Openness high; Conscientiousness high; Extraversion low; Agreeableness low; Neuroticism low,1.4172559
naturalistic_behavioral,mean_tokens,4,25,Openness high; Conscientiousness high; Extraversion low; Agreeableness low; Neuroticism high,0.8759319
naturalistic_behavioral,mean_tokens,4,26,Openness high; Conscientiousness high; Extraversion low; Agreeableness high; Neuroticism low,1.3935075
naturalistic_behavioral,mean_tokens,4,27,Openness high; Conscientiousness high; Extraversion low; Agreeableness high; Neuroticism high,1.245481
naturalistic_behavioral,mean_tokens,4,28,Openness high; Conscientiousness high; Extraversion high; Agreeableness low; Neuroticism low,1.3446505
naturalistic_behavioral,mean_tokens,4,29,Openness high; Conscientiousness high; Extraversion high; Agreeableness low; Neuroticism high,1.2233285
naturalistic_behavioral,mean_tokens,4,30,Openness high; Conscientiousness high; Extraversion high; Agreeableness high; Neuroticism low,1.2320546
naturalistic_behavioral,mean_tokens,4,31,Openness high; Conscientiousness high; Extraversion high; Agreeableness high; Neuroticism high,1.2235184
naturalistic_behavioral,mean_tokens,5,0,Openness low; Conscientiousness low; Extraversion low; Agreeableness low; Neuroticism low,1.3305403
naturalistic_behavioral,mean_tokens,5,1,Openness low; Conscientiousness low; Extraversion low; Agreeableness low; Neuroticism high,1.3170623
naturalistic_behavioral,mean_tokens,5,2,Openness low; Conscientiousness low; Extraversion low; Agreeableness high; Neuroticism low,1.0876244
naturalistic_behavioral,mean_tokens,5,3,Openness low; Conscientiousness low; Extraversion low; Agreeableness high; Neuroticism high,1.1561755
naturalistic_behavioral,mean_tokens,5,4,Openness low; Conscientiousness low; Extraversion high; Agreeableness low; Neuroticism low,1.5429275
naturalistic_behavioral,mean_tokens,5,5,Openness low; Conscientiousness low; Extraversion high; Agreeableness low; Neuroticism high,1.3053944
naturalistic_behavioral,mean_tokens,5,6,Openness low; Conscientiousness low; Extraversion high; Agreeableness high; Neuroticism low,1.3340201
naturalistic_behavioral,mean_tokens,5,7,Openness low; Conscientiousness low; Extraversion high; Agreeableness high; Neuroticism high,0.47921067
naturalistic_behavioral,mean_tokens,5,8,Openness low; Conscientiousness high; Extraversion low; Agreeableness low; Neuroticism low,1.3347356
naturalistic_behavioral,mean_tokens,5,9,Openness low; Conscientiousness high; Extraversion low; Agreeableness low; Neuroticism high,1.1803529
naturalistic_behavioral,mean_tokens,5,10,Openness low; Conscientiousness high; Extraversion low; Agreeableness high; Neuroticism low,1.4622523
naturalistic_behavioral,mean_tokens,5,11,Openness low; Conscientiousness high; Extraversion low; Agreeableness high; Neuroticism high,1.2113938
naturalistic_behavioral,mean_tokens,5,12,Openness low; Conscientiousness high; Extraversion high; Agreeableness low; Neuroticism low,1.3429074
naturalistic_behavioral,mean_tokens,5,13,Openness low; Conscientiousness high; Extraversion high; Agreeableness low; Neuroticism high,0.9416451
naturalistic_behavioral,mean_tokens,5,14,Openness low; Conscientiousness high; Extraversion high; Agreeableness high; Neuroticism low,1.2033057
naturalistic_behavioral,mean_tokens,5,15,Openness low; Conscientiousness high; Extraversion high; Agreeableness high; Neuroticism high,1.3205043
naturalistic_behavioral,mean_tokens,5,16,Openness high; Conscientiousness low; Extraversion low; Agreeableness low; Neuroticism low,1.3401546
naturalistic_behavioral,mean_tokens,5,17,Openness high; Conscientiousness low; Extraversion low; Agreeableness low; Neuroticism high,1.3043027
naturalistic_behavioral,mean_tokens,5,18,Openness high; Conscientiousness low; Extraversion low; Agreeableness high; Neuroticism low,1.045984
naturalistic_behavioral,mean_tokens,5,19,Openness high; Conscientiousness low; Extraversion low; Agreeableness high; Neuroticism high,1.3751868
naturalistic_behavioral,mean_tokens,5,20,Openness high; Conscientiousness low; Extraversion high; Agreeableness low; Neuroticism low,1.2611414
naturalistic_behavioral,mean_tokens,5,21,Openness high; Conscientiousness low; Extraversion high; Agreeableness low; Neuroticism high,1.4703956
naturalistic_behavioral,mean_tokens,5,22,Openness high; Conscientiousness low; Extraversion high; Agreeableness high; Neuroticism low,1.2859777
naturalistic_behavioral,mean_tokens,5,23,Openness high; Conscientiousness low; Extraversion high; Agreeableness high; Neuroticism high,0.4201252
naturalistic_behavioral,mean_tokens,5,24,Openness high; Conscientiousness high; Extraversion low; Agreeableness low; Neuroticism low,1.4984852
naturalistic_behavioral,mean_tokens,5,25,Openness high; Conscientiousness high; Extraversion low; Agreeableness low; Neuroticism high,1.0361886
naturalistic_behavioral,mean_tokens,5,26,Openness high; Conscientiousness high; Extraversion low; Agreeableness high; Neuroticism low,1.4960155
naturalistic_behavioral,mean_tokens,5,27,Openness high; Conscientiousness high; Extraversion low; Agreeableness high; Neuroticism high,1.3591729
naturalistic_behavioral,mean_tokens,5,28,Openness high; Conscientiousness high; Extraversion high; Agreeableness low; Neuroticism low,1.4248321
naturalistic_behavioral,mean_tokens,5,29,Openness high; Conscientiousness high; Extraversion high; Agreeableness low; Neuroticism high,1.3413965
naturalistic_behavioral,mean_tokens,5,30,Openness high; Conscientiousness high; Extraversion high; Agreeableness high; Neuroticism low,1.3213234
naturalistic_behavioral,mean_tokens,5,31,Openness high; Conscientiousness high; Extraversion high; Agreeableness high; Neuroticism high,1.3201221
naturalistic_behavioral,mean_tokens,6,0,Openness low; Conscientiousness low; Extraversion low; Agreeableness low; Neuroticism low,1.4380047
naturalistic_behavioral,mean_tokens,6,1,Openness low; Conscientiousness low; Extraversion low; Agreeableness low; Neuroticism high,1.4370407
naturalistic_behavioral,mean_tokens,6,2,Openness low; Conscientiousness low; Extraversion low; Agreeableness high; Neuroticism low,1.2162453
naturalistic_behavioral,mean_tokens,6,3,Openness low; Conscientiousness low; Extraversion low; Agreeableness high; Neuroticism high,1.2870704
naturalistic_behavioral,mean_tokens,6,4,Openness low; Conscientiousness low; Extraversion high; Agreeableness low; Neuroticism low,1.6464657
naturalistic_behavioral,mean_tokens,6,5,Openness low; Conscientiousness low; Extraversion high; Agreeableness low; Neuroticism high,1.4500809
naturalistic_behavioral,mean_tokens,6,6,Openness low; Conscientiousness low; Extraversion high; Agreeableness high; Neuroticism low,1.4727072
naturalistic_behavioral,mean_tokens,6,7,Openness low; Conscientiousness low; Extraversion high; Agreeableness high; Neuroticism high,0.5094255
naturalistic_behavioral,mean_tokens,6,8,Openness low; Conscientiousness high; Extraversion low; Agreeableness low; Neuroticism low,1.4567183
naturalistic_behavioral,mean_tokens,6,9,Openness low; Conscientiousness high; Extraversion low; Agreeableness low; Neuroticism high,1.3232317
naturalistic_behavioral,mean_tokens,6,10,Openness low; Conscientiousness high; Extraversion low; Agreeableness high; Neuroticism low,1.5406018
naturalistic_behavioral,mean_tokens,6,11,Openness low; Conscientiousness high; Extraversion low; Agreeableness high; Neuroticism high,1.3286328
naturalistic_behavioral,mean_tokens,6,12,Openness low; Conscientiousness high; Extraversion high; Agreeableness low; Neuroticism low,1.4664909
naturalistic_behavioral,mean_tokens,6,13,Openness low; Conscientiousness high; Extraversion high; Agreeableness low; Neuroticism high,1.0885671
naturalistic_behavioral,mean_tokens,6,14,Openness low; Conscientiousness high; Extraversion high; Agreeableness high; Neuroticism low,1.3380077
naturalistic_behavioral,mean_tokens,6,15,Openness low; Conscientiousness high; Extraversion high; Agreeableness high; Neuroticism high,1.4162091
naturalistic_behavioral,mean_tokens,6,16,Openness high; Conscientiousness low; Extraversion low; Agreeableness low; Neuroticism low,1.440382
naturalistic_behavioral,mean_tokens,6,17,Openness high; Conscientiousness low; Extraversion low; Agreeableness low; Neuroticism high,1.4347315
naturalistic_behavioral,mean_tokens,6,18,Openness high; Conscientiousness low; Extraversion low; Agreeableness high; Neuroticism low,1.1717709
naturalistic_behavioral,mean_tokens,6,19,Openness high; Conscientiousness low; Extraversion low; Agreeableness high; Neuroticism high,1.4860203
naturalistic_behavioral,mean_tokens,6,20,Openness high; Conscientiousness low; Extraversion high; Agreeableness low; Neuroticism low,1.3886787
naturalistic_behavioral,mean_tokens,6,21,Openness high; Conscientiousness low; Extraversion high; Agreeableness low; Neuroticism high,1.586564
naturalistic_behavioral,mean_tokens,6,22,Openness high; Conscientiousness low; Extraversion high; Agreeableness high; Neuroticism low,1.4324062
naturalistic_behavioral,mean_tokens,6,23,Openness high; Conscientiousness low; Extraversion high; Agreeableness high; Neuroticism high,0.46057266
naturalistic_behavioral,mean_tokens,6,24,Openness high; Conscientiousness high; Extraversion low; Agreeableness low; Neuroticism low,1.5982975
naturalistic_behavioral,mean_tokens,6,25,Openness high; Conscientiousness high; Extraversion low; Agreeableness low; Neuroticism high,1.1741261
naturalistic_behavioral,mean_tokens,6,26,Openness high; Conscientiousness high; Extraversion low; Agreeableness high; Neuroticism low,1.5756031
naturalistic_behavioral,mean_tokens,6,27,Openness high; Conscientiousness high; Extraversion low; Agreeableness high; Neuroticism high,1.5072335
naturalistic_behavioral,mean_tokens,6,28,Openness high; Conscientiousness high; Extraversion high; Agreeableness low; Neuroticism low,1.512459
naturalistic_behavioral,mean_tokens,6,29,Openness high; Conscientiousness high; Extraversion high; Agreeableness low; Neuroticism high,1.4277916
naturalistic_behavioral,mean_tokens,6,30,Openness high; Conscientiousness high; Extraversion high; Agreeableness high; Neuroticism low,1.4531132
naturalistic_behavioral,mean_tokens,6,31,Openness high; Conscientiousness high; Extraversion high; Agreeableness high; Neuroticism high,1.4506015
naturalistic_behavioral,mean_tokens,7,0,Openness low; Conscientiousness low; Extraversion low; Agreeableness low; Neuroticism low,1.6343235
naturalistic_behavioral,mean_tokens,7,1,Openness low; Conscientiousness low; Extraversion low; Agreeableness low; Neuroticism high,1.7009901
naturalistic_behavioral,mean_tokens,7,2,Openness low; Conscientiousness low; Extraversion low; Agreeableness high; Neuroticism low,1.4414328
naturalistic_behavioral,mean_tokens,7,3,Openness low; Conscientiousness low; Extraversion low; Agreeableness high; Neuroticism high,1.5306897
naturalistic_behavioral,mean_tokens,7,4,Openness low; Conscientiousness low; Extraversion high; Agreeableness low; Neuroticism low,1.8479927
naturalistic_behavioral,mean_tokens,7,5,Openness low; Conscientiousness low; Extraversion high; Agreeableness low; Neuroticism high,1.7079374
naturalistic_behavioral,mean_tokens,7,6,Openness low; Conscientiousness low; Extraversion high; Agreeableness high; Neuroticism low,1.6911391
naturalistic_behavioral,mean_tokens,7,7,Openness low; Conscientiousness low; Extraversion high; Agreeableness high; Neuroticism high,0.58252865
naturalistic_behavioral,mean_tokens,7,8,Openness low; Conscientiousness high; Extraversion low; Agreeableness low; Neuroticism low,1.6652719
naturalistic_behavioral,mean_tokens,7,9,Openness low; Conscientiousness high; Extraversion low; Agreeableness low; Neuroticism high,1.5866201
naturalistic_behavioral,mean_tokens,7,10,Openness low; Conscientiousness high; Extraversion low; Agreeableness high; Neuroticism low,1.7170222
naturalistic_behavioral,mean_tokens,7,11,Openness low; Conscientiousness high; Extraversion low; Agreeableness high; Neuroticism high,1.5938475
naturalistic_behavioral,mean_tokens,7,12,Openness low; Conscientiousness high; Extraversion high; Agreeableness low; Neuroticism low,1.6754003
naturalistic_behavioral,mean_tokens,7,13,Openness low; Conscientiousness high; Extraversion high; Agreeableness low; Neuroticism high,1.3488733
naturalistic_behavioral,mean_tokens,7,14,Openness low; Conscientiousness high; Extraversion high; Agreeableness high; Neuroticism low,1.5498152
naturalistic_behavioral,mean_tokens,7,15,Openness low; Conscientiousness high; Extraversion high; Agreeableness high; Neuroticism high,1.6424407
naturalistic_behavioral,mean_tokens,7,16,Openness high; Conscientiousness low; Extraversion low; Agreeableness low; Neuroticism low,1.6644433
naturalistic_behavioral,mean_tokens,7,17,Openness high; Conscientiousness low; Extraversion low; Agreeableness low; Neuroticism high,1.678522
naturalistic_behavioral,mean_tokens,7,18,Openness high; Conscientiousness low; Extraversion low; Agreeableness high; Neuroticism low,1.4145952
naturalistic_behavioral,mean_tokens,7,19,Openness high; Conscientiousness low; Extraversion low; Agreeableness high; Neuroticism high,1.7113088
naturalistic_behavioral,mean_tokens,7,20,Openness high; Conscientiousness low; Extraversion high; Agreeableness low; Neuroticism low,1.6849838
naturalistic_behavioral,mean_tokens,7,21,Openness high; Conscientiousness low; Extraversion high; Agreeableness low; Neuroticism high,1.8153418
naturalistic_behavioral,mean_tokens,7,22,Openness high; Conscientiousness low; Extraversion high; Agreeableness high; Neuroticism low,1.7176619
naturalistic_behavioral,mean_tokens,7,23,Openness high; Conscientiousness low; Extraversion high; Agreeableness high; Neuroticism high,0.5423848
naturalistic_behavioral,mean_tokens,7,24,Openness high; Conscientiousness high; Extraversion low; Agreeableness low; Neuroticism low,1.7959201
naturalistic_behavioral,mean_tokens,7,25,Openness high; Conscientiousness high; Extraversion low; Agreeableness low; Neuroticism high,1.4169064
naturalistic_behavioral,mean_tokens,7,26,Openness high; Conscientiousness high; Extraversion low; Agreeableness high; Neuroticism low,1.7948159
naturalistic_behavioral,mean_tokens,7,27,Openness high; Conscientiousness high; Extraversion low; Agreeableness high; Neuroticism high,1.7263429
naturalistic_behavioral,mean_tokens,7,28,Openness high; Conscientiousness high; Extraversion high; Agreeableness low; Neuroticism low,1.7361147
naturalistic_behavioral,mean_tokens,7,29,Openness high; Conscientiousness high; Extraversion high; Agreeableness low; Neuroticism high,1.6419305
naturalistic_behavioral,mean_tokens,7,30,Openness high; Conscientiousness high; Extraversion high; Agreeableness high; Neuroticism low,1.698142
naturalistic_behavioral,mean_tokens,7,31,Openness high; Conscientiousness high; Extraversion high; Agreeableness high; Neuroticism high,1.6703905
naturalistic_behavioral,mean_tokens,8,0,Openness low; Conscientiousness low; Extraversion low; Agreeableness low; Neuroticism low,1.7694721
naturalistic_behavioral,mean_tokens,8,1,Openness low; Conscientiousness low; Extraversion low; Agreeableness low; Neuroticism high,1.8571768
naturalistic_behavioral,mean_tokens,8,2,Openness low; Conscientiousness low; Extraversion low; Agreeableness high; Neuroticism low,1.6166002
naturalistic_behavioral,mean_tokens,8,3,Openness low; Conscientiousness low; Extraversion low; Agreeableness high; Neuroticism high,1.7338268
naturalistic_behavioral,mean_tokens,8,4,Openness low; Conscientiousness low; Extraversion high; Agreeableness low; Neuroticism low,2.0058005
naturalistic_behavioral,mean_tokens,8,5,Openness low; Conscientiousness low; Extraversion high; Agreeableness low; Neuroticism high,1.8841196
naturalistic_behavioral,mean_tokens,8,6,Openness low; Conscientiousness low; Extraversion high; Agreeableness high; Neuroticism low,1.8505362
naturalistic_behavioral,mean_tokens,8,7,Openness low; Conscientiousness low; Extraversion high; Agreeableness high; Neuroticism high,0.67056936
naturalistic_behavioral,mean_tokens,8,8,Openness low; Conscientiousness high; Extraversion low; Agreeableness low; Neuroticism low,1.8441882
naturalistic_behavioral,mean_tokens,8,9,Openness low; Conscientiousness high; Extraversion low; Agreeableness low; Neuroticism high,1.7525808
naturalistic_behavioral,mean_tokens,8,10,Openness low; Conscientiousness high; Extraversion low; Agreeableness high; Neuroticism low,1.8613571
naturalistic_behavioral,mean_tokens,8,11,Openness low; Conscientiousness high; Extraversion low; Agreeableness high; Neuroticism high,1.7667558
naturalistic_behavioral,mean_tokens,8,12,Openness low; Conscientiousness high; Extraversion high; Agreeableness low; Neuroticism low,1.8240782
naturalistic_behavioral,mean_tokens,8,13,Openness low; Conscientiousness high; Extraversion high; Agreeableness low; Neuroticism high,1.555061
naturalistic_behavioral,mean_tokens,8,14,Openness low; Conscientiousness high; Extraversion high; Agreeableness high; Neuroticism low,1.731962
naturalistic_behavioral,mean_tokens,8,15,Openness low; Conscientiousness high; Extraversion high; Agreeableness high; Neuroticism high,1.8280188
naturalistic_behavioral,mean_tokens,8,16,Openness high; Conscientiousness low; Extraversion low; Agreeableness low; Neuroticism low,1.8035169
naturalistic_behavioral,mean_tokens,8,17,Openness high; Conscientiousness low; Extraversion low; Agreeableness low; Neuroticism high,1.8121952
naturalistic_behavioral,mean_tokens,8,18,Openness high; Conscientiousness low; Extraversion low; Agreeableness high; Neuroticism low,1.5862145
naturalistic_behavioral,mean_tokens,8,19,Openness high; Conscientiousness low; Extraversion low; Agreeableness high; Neuroticism high,1.8673643
naturalistic_behavioral,mean_tokens,8,20,Openness high; Conscientiousness low; Extraversion high; Agreeableness low; Neuroticism low,1.8211255
naturalistic_behavioral,mean_tokens,8,21,Openness high; Conscientiousness low; Extraversion high; Agreeableness low; Neuroticism high,1.9428514
naturalistic_behavioral,mean_tokens,8,22,Openness high; Conscientiousness low; Extraversion high; Agreeableness high; Neuroticism low,1.8734976
naturalistic_behavioral,mean_tokens,8,23,Openness high; Conscientiousness low; Extraversion high; Agreeableness high; Neuroticism high,0.63887507
naturalistic_behavioral,mean_tokens,8,24,Openness high; Conscientiousness high; Extraversion low; Agreeableness low; Neuroticism low,1.8980542
naturalistic_behavioral,mean_tokens,8,25,Openness high; Conscientiousness high; Extraversion low; Agreeableness low; Neuroticism high,1.5923648
naturalistic_behavioral,mean_tokens,8,26,Openness high; Conscientiousness high; Extraversion low; Agreeableness high; Neuroticism low,1.9512146
naturalistic_behavioral,mean_tokens,8,27,Openness high; Conscientiousness high; Extraversion low; Agreeableness high; Neuroticism high,1.8853375
naturalistic_behavioral,mean_tokens,8,28,Openness high; Conscientiousness high; Extraversion high; Agreeableness low; Neuroticism low,1.8911085
naturalistic_behavioral,mean_tokens,8,29,Openness high; Conscientiousness high; Extraversion high; Agreeableness low; Neuroticism high,1.822848
naturalistic_behavioral,mean_tokens,8,30,Openness high; Conscientiousness high; Extraversion high; Agreeableness high; Neuroticism low,1.8310522
naturalistic_behavioral,mean_tokens,8,31,Openness high; Conscientiousness high; Extraversion high; Agreeableness high; Neuroticism high,1.8188401
naturalistic_behavioral,mean_tokens,9,0,Openness low; Conscientiousness low; Extraversion low; Agreeableness low; Neuroticism low,1.8665209
naturalistic_behavioral,mean_tokens,9,1,Openness low; Conscientiousness low; Extraversion low; Agreeableness low; Neuroticism high,1.9236058
naturalistic_behavioral,mean_tokens,9,2,Openness low; Conscientiousness low; Extraversion low; Agreeableness high; Neuroticism low,1.7530642
naturalistic_behavioral,mean_tokens,9,3,Openness low; Conscientiousness low; Extraversion low; Agreeableness high; Neuroticism high,1.8541483
naturalistic_behavioral,mean_tokens,9,4,Openness low; Conscientiousness low; Extraversion high; Agreeableness low; Neuroticism low,2.0906682
naturalistic_behavioral,mean_tokens,9,5,Openness low; Conscientiousness low; Extraversion high; Agreeableness low; Neuroticism high,2.0415204
naturalistic_behavioral,mean_tokens,9,6,Openness low; Conscientiousness low; Extraversion high; Agreeableness high; Neuroticism low,1.9452986
naturalistic_behavioral,mean_tokens,9,7,Openness low; Conscientiousness low; Extraversion high; Agreeableness high; Neuroticism high,0.79151344
naturalistic_behavioral,mean_tokens,9,8,Openness low; Conscientiousness high; Extraversion low; Agreeableness low; Neuroticism low,1.9232303
naturalistic_behavioral,mean_tokens,9,9,Openness low; Conscientiousness high; Extraversion low; Agreeableness low; Neuroticism high,1.8610587
naturalistic_behavioral,mean_tokens,9,10,Openness low; Conscientiousness high; Extraversion low; Agreeableness high; Neuroticism low,1.9982593
naturalistic_behavioral,mean_tokens,9,11,Openness low; Conscientiousness high; Extraversion low; Agreeableness high; Neuroticism high,1.8513869
naturalistic_behavioral,mean_tokens,9,12,Openness low; Conscientiousness high; Extraversion high; Agreeableness low; Neuroticism low,1.9149384
naturalistic_behavioral,mean_tokens,9,13,Openness low; Conscientiousness high; Extraversion high; Agreeableness low; Neuroticism high,1.6370838
naturalistic_behavioral,mean_tokens,9,14,Openness low; Conscientiousness high; Extraversion high; Agreeableness high; Neuroticism low,1.8187758
naturalistic_behavioral,mean_tokens,9,15,Openness low; Conscientiousness high; Extraversion high; Agreeableness high; Neuroticism high,1.9655766
naturalistic_behavioral,mean_tokens,9,16,Openness high; Conscientiousness low; Extraversion low; Agreeableness low; Neuroticism low,1.8878528
naturalistic_behavioral,mean_tokens,9,17,Openness high; Conscientiousness low; Extraversion low; Agreeableness low; Neuroticism high,1.9402909
naturalistic_behavioral,mean_tokens,9,18,Openness high; Conscientiousness low; Extraversion low; Agreeableness high; Neuroticism low,1.7465894
naturalistic_behavioral,mean_tokens,9,19,Openness high; Conscientiousness low; Extraversion low; Agreeableness high; Neuroticism high,1.9811637
naturalistic_behavioral,mean_tokens,9,20,Openness high; Conscientiousness low; Extraversion high; Agreeableness low; Neuroticism low,1.9102956
naturalistic_behavioral,mean_tokens,9,21,Openness high; Conscientiousness low; Extraversion high; Agreeableness low; Neuroticism high,2.0961814
naturalistic_behavioral,mean_tokens,9,22,Openness high; Conscientiousness low; Extraversion high; Agreeableness high; Neuroticism low,1.9793704
naturalistic_behavioral,mean_tokens,9,23,Openness high; Conscientiousness low; Extraversion high; Agreeableness high; Neuroticism high,0.78878975
naturalistic_behavioral,mean_tokens,9,24,Openness high; Conscientiousness high; Extraversion low; Agreeableness low; Neuroticism low,2.0005095
naturalistic_behavioral,mean_tokens,9,25,Openness high; Conscientiousness high; Extraversion low; Agreeableness low; Neuroticism high,1.6983815
naturalistic_behavioral,mean_tokens,9,26,Openness high; Conscientiousness high; Extraversion low; Agreeableness high; Neuroticism low,2.08463
naturalistic_behavioral,mean_tokens,9,27,Openness high; Conscientiousness high; Extraversion low; Agreeableness high; Neuroticism high,1.9845451
naturalistic_behavioral,mean_tokens,9,28,Openness high; Conscientiousness high; Extraversion high; Agreeableness low; Neuroticism low,1.9801481
naturalistic_behavioral,mean_tokens,9,29,Openness high; Conscientiousness high; Extraversion high; Agreeableness low; Neuroticism high,1.9549185
naturalistic_behavioral,mean_tokens,9,30,Openness high; Conscientiousness high; Extraversion high; Agreeableness high; Neuroticism low,1.9683867
naturalistic_behavioral,mean_tokens,9,31,Openness high; Conscientiousness high; Extraversion high; Agreeableness high; Neuroticism high,1.9111038
naturalistic_behavioral,mean_tokens,10,0,Openness low; Conscientiousness low; Extraversion low; Agreeableness low; Neuroticism low,1.9225801
naturalistic_behavioral,mean_tokens,10,1,Openness low; Conscientiousness low; Extraversion low; Agreeableness low; Neuroticism high,2.0223916
naturalistic_behavioral,mean_tokens,10,2,Openness low; Conscientiousness low; Extraversion low; Agreeableness high; Neuroticism low,1.8339545
naturalistic_behavioral,mean_tokens,10,3,Openness low; Conscientiousness low; Extraversion low; Agreeableness high; Neuroticism high,1.9200048
naturalistic_behavioral,mean_tokens,10,4,Openness low; Conscientiousness low; Extraversion high; Agreeableness low; Neuroticism low,2.1790352
naturalistic_behavioral,mean_tokens,10,5,Openness low; Conscientiousness low; Extraversion high; Agreeableness low; Neuroticism high,2.1380272
naturalistic_behavioral,mean_tokens,10,6,Openness low; Conscientiousness low; Extraversion high; Agreeableness high; Neuroticism low,2.0011828
naturalistic_behavioral,mean_tokens,10,7,Openness low; Conscientiousness low; Extraversion high; Agreeableness high; Neuroticism high,0.8978411
naturalistic_behavioral,mean_tokens,10,8,Openness low; Conscientiousness high; Extraversion low; Agreeableness low; Neuroticism low,1.9718034
naturalistic_behavioral,mean_tokens,10,9,Openness low; Conscientiousness high; Extraversion low; Agreeableness low; Neuroticism high,1.9128562
naturalistic_behavioral,mean_tokens,10,10,Openness low; Conscientiousness high; Extraversion low; Agreeableness high; Neuroticism low,2.0623553
naturalistic_behavioral,mean_tokens,10,11,Openness low; Conscientiousness high; Extraversion low; Agreeableness high; Neuroticism high,1.8873559
naturalistic_behavioral,mean_tokens,10,12,Openness low; Conscientiousness high; Extraversion high; Agreeableness low; Neuroticism low,1.9850879
naturalistic_behavioral,mean_tokens,10,13,Openness low; Conscientiousness high; Extraversion high; Agreeableness low; Neuroticism high,1.7153943
naturalistic_behavioral,mean_tokens,10,14,Openness low; Conscientiousness high; Extraversion high; Agreeableness high; Neuroticism low,1.9303526
naturalistic_behavioral,mean_tokens,10,15,Openness low; Conscientiousness high; Extraversion high; Agreeableness high; Neuroticism high,2.0921009
naturalistic_behavioral,mean_tokens,10,16,Openness high; Conscientiousness low; Extraversion low; Agreeableness low; Neuroticism low,1.9764098
naturalistic_behavioral,mean_tokens,10,17,Openness high; Conscientiousness low; Extraversion low; Agreeableness low; Neuroticism high,1.9709877
naturalistic_behavioral,mean_tokens,10,18,Openness high; Conscientiousness low; Extraversion low; Agreeableness high; Neuroticism low,1.864268
naturalistic_behavioral,mean_tokens,10,19,Openness high; Conscientiousness low; Extraversion low; Agreeableness high; Neuroticism high,2.0569267
naturalistic_behavioral,mean_tokens,10,20,Openness high; Conscientiousness low; Extraversion high; Agreeableness low; Neuroticism low,1.9702377
naturalistic_behavioral,mean_tokens,10,21,Openness high; Conscientiousness low; Extraversion high; Agreeableness low; Neuroticism high,2.1574032
naturalistic_behavioral,mean_tokens,10,22,Openness high; Conscientiousness low; Extraversion high; Agreeableness high; Neuroticism low,2.042292
naturalistic_behavioral,mean_tokens,10,23,Openness high; Conscientiousness low; Extraversion high; Agreeableness high; Neuroticism high,0.89395934
naturalistic_behavioral,mean_tokens,10,24,Openness high; Conscientiousness high; Extraversion low; Agreeableness low; Neuroticism low,2.0483165
naturalistic_behavioral,mean_tokens,10,25,Openness high; Conscientiousness high; Extraversion low; Agreeableness low; Neuroticism high,1.8111868
naturalistic_behavioral,mean_tokens,10,26,Openness high; Conscientiousness high; Extraversion low; Agreeableness high; Neuroticism low,2.1471627
naturalistic_behavioral,mean_tokens,10,27,Openness high; Conscientiousness high; Extraversion low; Agreeableness high; Neuroticism high,2.061536
naturalistic_behavioral,mean_tokens,10,28,Openness high; Conscientiousness high; Extraversion high; Agreeableness low; Neuroticism low,2.037763
naturalistic_behavioral,mean_tokens,10,29,Openness high; Conscientiousness high; Extraversion high; Agreeableness low; Neuroticism high,2.0153239
naturalistic_behavioral,mean_tokens,10,30,Openness high; Conscientiousness high; Extraversion high; Agreeableness high; Neuroticism low,2.061649
naturalistic_behavioral,mean_tokens,10,31,Openness high; Conscientiousness high; Extraversion high; Agreeableness high; Neuroticism high,1.9687012
naturalistic_behavioral,mean_tokens,11,0,Openness low; Conscientiousness low; Extraversion low; Agreeableness low; Neuroticism low,1.9634475
naturalistic_behavioral,mean_tokens,11,1,Openness low; Conscientiousness low; Extraversion low; Agreeableness low; Neuroticism high,2.0365272
naturalistic_behavioral,mean_tokens,11,2,Openness low; Conscientiousness low; Extraversion low; Agreeableness high; Neuroticism low,1.8617809
naturalistic_behavioral,mean_tokens,11,3,Openness low; Conscientiousness low; Extraversion low; Agreeableness high; Neuroticism high,1.9765725
naturalistic_behavioral,mean_tokens,11,4,Openness low; Conscientiousness low; Extraversion high; Agreeableness low; Neuroticism low,2.215722
naturalistic_behavioral,mean_tokens,11,5,Openness low; Conscientiousness low; Extraversion high; Agreeableness low; Neuroticism high,2.2051082
naturalistic_behavioral,mean_tokens,11,6,Openness low; Conscientiousness low; Extraversion high; Agreeableness high; Neuroticism low,2.0299344
naturalistic_behavioral,mean_tokens,11,7,Openness low; Conscientiousness low; Extraversion high; Agreeableness high; Neuroticism high,1.0011353
naturalistic_behavioral,mean_tokens,11,8,Openness low; Conscientiousness high; Extraversion low; Agreeableness low; Neuroticism low,1.9819696
naturalistic_behavioral,mean_tokens,11,9,Openness low; Conscientiousness high; Extraversion low; Agreeableness low; Neuroticism high,1.9363613
naturalistic_behavioral,mean_tokens,11,10,Openness low; Conscientiousness high; Extraversion low; Agreeableness high; Neuroticism low,2.1015613
naturalistic_behavioral,mean_tokens,11,11,Openness low; Conscientiousness high; Extraversion low; Agreeableness high; Neuroticism high,1.9532707
naturalistic_behavioral,mean_tokens,11,12,Openness low; Conscientiousness high; Extraversion high; Agreeableness low; Neuroticism low,2.0188673
naturalistic_behavioral,mean_tokens,11,13,Openness low; Conscientiousness high; Extraversion high; Agreeableness low; Neuroticism high,1.7316779
naturalistic_behavioral,mean_tokens,11,14,Openness low; Conscientiousness high; Extraversion high; Agreeableness high; Neuroticism low,1.9562217
naturalistic_behavioral,mean_tokens,11,15,Openness low; Conscientiousness high; Extraversion high; Agreeableness high; Neuroticism high,2.1379771
naturalistic_behavioral,mean_tokens,11,16,Openness high; Conscientiousness low; Extraversion low; Agreeableness low; Neuroticism low,2.019245
naturalistic_behavioral,mean_tokens,11,17,Openness high; Conscientiousness low; Extraversion low; Agreeableness low; Neuroticism high,2.004117
naturalistic_behavioral,mean_tokens,11,18,Openness high; Conscientiousness low; Extraversion low; Agreeableness high; Neuroticism low,1.9772002
naturalistic_behavioral,mean_tokens,11,19,Openness high; Conscientiousness low; Extraversion low; Agreeableness high; Neuroticism high,2.1355443
naturalistic_behavioral,mean_tokens,11,20,Openness high; Conscientiousness low; Extraversion high; Agreeableness low; Neuroticism low,2.0091767
naturalistic_behavioral,mean_tokens,11,21,Openness high; Conscientiousness low; Extraversion high; Agreeableness low; Neuroticism high,2.1962771
naturalistic_behavioral,mean_tokens,11,22,Openness high; Conscientiousness low; Extraversion high; Agreeableness high; Neuroticism low,2.2138715
naturalistic_behavioral,mean_tokens,11,23,Openness high; Conscientiousness low; Extraversion high; Agreeableness high; Neuroticism high,0.9996124
naturalistic_behavioral,mean_tokens,11,24,Openness high; Conscientiousness high; Extraversion low; Agreeableness low; Neuroticism low,2.071262
naturalistic_behavioral,mean_tokens,11,25,Openness high; Conscientiousness high; Extraversion low; Agreeableness low; Neuroticism high,1.8737657
naturalistic_behavioral,mean_tokens,11,26,Openness high; Conscientiousness high; Extraversion low; Agreeableness high; Neuroticism low,2.1671062
naturalistic_behavioral,mean_tokens,11,27,Openness high; Conscientiousness high; Extraversion low; Agreeableness high; Neuroticism high,2.070066
naturalistic_behavioral,mean_tokens,11,28,Openness high; Conscientiousness high; Extraversion high; Agreeableness low; Neuroticism low,2.0521948
naturalistic_behavioral,mean_tokens,11,29,Openness high; Conscientiousness high; Extraversion high; Agreeableness low; Neuroticism high,2.0493011
naturalistic_behavioral,mean_tokens,11,30,Openness high; Conscientiousness high; Extraversion high; Agreeableness high; Neuroticism low,2.0877051
naturalistic_behavioral,mean_tokens,11,31,Openness high; Conscientiousness high; Extraversion high; Agreeableness high; Neuroticism high,2.0321352
naturalistic_behavioral,mean_tokens,12,0,Openness low; Conscientiousness low; Extraversion low; Agreeableness low; Neuroticism low,2.1670017
naturalistic_behavioral,mean_tokens,12,1,Openness low; Conscientiousness low; Extraversion low; Agreeableness low; Neuroticism high,2.205004
naturalistic_behavioral,mean_tokens,12,2,Openness low; Conscientiousness low; Extraversion low; Agreeableness high; Neuroticism low,2.0922205
naturalistic_behavioral,mean_tokens,12,3,Openness low; Conscientiousness low; Extraversion low; Agreeableness high; Neuroticism high,2.1188595
naturalistic_behavioral,mean_tokens,12,4,Openness low; Conscientiousness low; Extraversion high; Agreeableness low; Neuroticism low,2.3869019
naturalistic_behavioral,mean_tokens,12,5,Openness low; Conscientiousness low; Extraversion high; Agreeableness low; Neuroticism high,2.4071364
naturalistic_behavioral,mean_tokens,12,6,Openness low; Conscientiousness low; Extraversion high; Agreeableness high; Neuroticism low,2.243988
naturalistic_behavioral,mean_tokens,12,7,Openness low; Conscientiousness low; Extraversion high; Agreeableness high; Neuroticism high,1.1229511
naturalistic_behavioral,mean_tokens,12,8,Openness low; Conscientiousness high; Extraversion low; Agreeableness low; Neuroticism low,2.1822026
naturalistic_behavioral,mean_tokens,12,9,Openness low; Conscientiousness high; Extraversion low; Agreeableness low; Neuroticism high,2.1791184
naturalistic_behavioral,mean_tokens,12,10,Openness low; Conscientiousness high; Extraversion low; Agreeableness high; Neuroticism low,2.3320699
naturalistic_behavioral,mean_tokens,12,11,Openness low; Conscientiousness high; Extraversion low; Agreeableness high; Neuroticism high,2.147245
naturalistic_behavioral,mean_tokens,12,12,Openness low; Conscientiousness high; Extraversion high; Agreeableness low; Neuroticism low,2.1826828
naturalistic_behavioral,mean_tokens,12,13,Openness low; Conscientiousness high; Extraversion high; Agreeableness low; Neuroticism high,1.9431182
naturalistic_behavioral,mean_tokens,12,14,Openness low; Conscientiousness high; Extraversion high; Agreeableness high; Neuroticism low,2.2177398
naturalistic_behavioral,mean_tokens,12,15,Openness low; Conscientiousness high; Extraversion high; Agreeableness high; Neuroticism high,2.2795007
naturalistic_behavioral,mean_tokens,12,16,Openness high; Conscientiousness low; Extraversion low; Agreeableness low; Neuroticism low,2.204625
naturalistic_behavioral,mean_tokens,12,17,Openness high; Conscientiousness low; Extraversion low; Agreeableness low; Neuroticism high,2.1976151
naturalistic_behavioral,mean_tokens,12,18,Openness high; Conscientiousness low; Extraversion low; Agreeableness high; Neuroticism low,2.1839561
naturalistic_behavioral,mean_tokens,12,19,Openness high; Conscientiousness low; Extraversion low; Agreeableness high; Neuroticism high,2.3230352
naturalistic_behavioral,mean_tokens,12,20,Openness high; Conscientiousness low; Extraversion high; Agreeableness low; Neuroticism low,2.2210784
naturalistic_behavioral,mean_tokens,12,21,Openness high; Conscientiousness low; Extraversion high; Agreeableness low; Neuroticism high,2.374159
naturalistic_behavioral,mean_tokens,12,22,Openness high; Conscientiousness low; Extraversion high; Agreeableness high; Neuroticism low,2.3975554
naturalistic_behavioral,mean_tokens,12,23,Openness high; Conscientiousness low; Extraversion high; Agreeableness high; Neuroticism high,1.1521034
naturalistic_behavioral,mean_tokens,12,24,Openness high; Conscientiousness high; Extraversion low; Agreeableness low; Neuroticism low,2.2434878
naturalistic_behavioral,mean_tokens,12,25,Openness high; Conscientiousness high; Extraversion low; Agreeableness low; Neuroticism high,2.0469627
naturalistic_behavioral,mean_tokens,12,26,Openness high; Conscientiousness high; Extraversion low; Agreeableness high; Neuroticism low,2.3359067
naturalistic_behavioral,mean_tokens,12,27,Openness high; Conscientiousness high; Extraversion low; Agreeableness high; Neuroticism high,2.2878
naturalistic_behavioral,mean_tokens,12,28,Openness high; Conscientiousness high; Extraversion high; Agreeableness low; Neuroticism low,2.2186885
naturalistic_behavioral,mean_tokens,12,29,Openness high; Conscientiousness high; Extraversion high; Agreeableness low; Neuroticism high,2.231432
naturalistic_behavioral,mean_tokens,12,30,Openness high; Conscientiousness high; Extraversion high; Agreeableness high; Neuroticism low,2.3506162
naturalistic_behavioral,mean_tokens,12,31,Openness high; Conscientiousness high; Extraversion high; Agreeableness high; Neuroticism high,2.2516663
naturalistic_behavioral,mean_tokens,13,0,Openness low; Conscientiousness low; Extraversion low; Agreeableness low; Neuroticism low,2.3214197
naturalistic_behavioral,mean_tokens,13,1,Openness low; Conscientiousness low; Extraversion low; Agreeableness low; Neuroticism high,2.3351316
naturalistic_behavioral,mean_tokens,13,2,Openness low; Conscientiousness low; Extraversion low; Agreeableness high; Neuroticism low,2.2414885
naturalistic_behavioral,mean_tokens,13,3,Openness low; Conscientiousness low; Extraversion low; Agreeableness high; Neuroticism high,2.2643762
naturalistic_behavioral,mean_tokens,13,4,Openness low; Conscientiousness low; Extraversion high; Agreeableness low; Neuroticism low,2.5652897
naturalistic_behavioral,mean_tokens,13,5,Openness low; Conscientiousness low; Extraversion high; Agreeableness low; Neuroticism high,2.5702028
naturalistic_behavioral,mean_tokens,13,6,Openness low; Conscientiousness low; Extraversion high; Agreeableness high; Neuroticism low,2.435804
naturalistic_behavioral,mean_tokens,13,7,Openness low; Conscientiousness low; Extraversion high; Agreeableness high; Neuroticism high,1.286404
naturalistic_behavioral,mean_tokens,13,8,Openness low; Conscientiousness high; Extraversion low; Agreeableness low; Neuroticism low,2.3740163
naturalistic_behavioral,mean_tokens,13,9,Openness low; Conscientiousness high; Extraversion low; Agreeableness low; Neuroticism high,2.3647006
naturalistic_behavioral,mean_tokens,13,10,Openness low; Conscientiousness high; Extraversion low; Agreeableness high; Neuroticism low,2.4883156
naturalistic_behavioral,mean_tokens,13,11,Openness low; Conscientiousness high; Extraversion low; Agreeableness high; Neuroticism high,2.3994184
naturalistic_behavioral,mean_tokens,13,12,Openness low; Conscientiousness high; Extraversion high; Agreeableness low; Neuroticism low,2.3841052
naturalistic_behavioral,mean_tokens,13,13,Openness low; Conscientiousness high; Extraversion high; Agreeableness low; Neuroticism high,2.1835334
naturalistic_behavioral,mean_tokens,13,14,Openness low; Conscientiousness high; Extraversion high; Agreeableness high; Neuroticism low,2.4032784
naturalistic_behavioral,mean_tokens,13,15,Openness low; Conscientiousness high; Extraversion high; Agreeableness high; Neuroticism high,2.4633336
naturalistic_behavioral,mean_tokens,13,16,Openness high; Conscientiousness low; Extraversion low; Agreeableness low; Neuroticism low,2.3497999
naturalistic_behavioral,mean_tokens,13,17,Openness high; Conscientiousness low; Extraversion low; Agreeableness low; Neuroticism high,2.3806677
naturalistic_behavioral,mean_tokens,13,18,Openness high; Conscientiousness low; Extraversion low; Agreeableness high; Neuroticism low,2.2801108
naturalistic_behavioral,mean_tokens,13,19,Openness high; Conscientiousness low; Extraversion low; Agreeableness high; Neuroticism high,2.4580379
naturalistic_behavioral,mean_tokens,13,20,Openness high; Conscientiousness low; Extraversion high; Agreeableness low; Neuroticism low,2.4010713
naturalistic_behavioral,mean_tokens,13,21,Openness high; Conscientiousness low; Extraversion high; Agreeableness low; Neuroticism high,2.6768758
naturalistic_behavioral,mean_tokens,13,22,Openness high; Conscientiousness low; Extraversion high; Agreeableness high; Neuroticism low,2.46761
naturalistic_behavioral,mean_tokens,13,23,Openness high; Conscientiousness low; Extraversion high; Agreeableness high; Neuroticism high,1.3398625
naturalistic_behavioral,mean_tokens,13,24,Openness high; Conscientiousness high; Extraversion low; Agreeableness low; Neuroticism low,2.4173095
naturalistic_behavioral,mean_tokens,13,25,Openness high; Conscientiousness high; Extraversion low; Agreeableness low; Neuroticism high,2.2671833
naturalistic_behavioral,mean_tokens,13,26,Openness high; Conscientiousness high; Extraversion low; Agreeableness high; Neuroticism low,2.508587
naturalistic_behavioral,mean_tokens,13,27,Openness high; Conscientiousness high; Extraversion low; Agreeableness high; Neuroticism high,2.420614
naturalistic_behavioral,mean_tokens,13,28,Openness high; Conscientiousness high; Extraversion high; Agreeableness low; Neuroticism low,2.395812
naturalistic_behavioral,mean_tokens,13,29,Openness high; Conscientiousness high; Extraversion high; Agreeableness low; Neuroticism high,2.3927555
naturalistic_behavioral,mean_tokens,13,30,Openness high; Conscientiousness high; Extraversion high; Agreeableness high; Neuroticism low,2.4712586
naturalistic_behavioral,mean_tokens,13,31,Openness high; Conscientiousness high; Extraversion high; Agreeableness high; Neuroticism high,2.4049742
naturalistic_behavioral,mean_tokens,14,0,Openness low; Conscientiousness low; Extraversion low; Agreeableness low; Neuroticism low,2.4912438
naturalistic_behavioral,mean_tokens,14,1,Openness low; Conscientiousness low; Extraversion low; Agreeableness low; Neuroticism high,2.466193
naturalistic_behavioral,mean_tokens,14,2,Openness low; Conscientiousness low; Extraversion low; Agreeableness high; Neuroticism low,2.363975
naturalistic_behavioral,mean_tokens,14,3,Openness low; Conscientiousness low; Extraversion low; Agreeableness high; Neuroticism high,2.3510368
naturalistic_behavioral,mean_tokens,14,4,Openness low; Conscientiousness low; Extraversion high; Agreeableness low; Neuroticism low,2.6776187
naturalistic_behavioral,mean_tokens,14,5,Openness low; Conscientiousness low; Extraversion high; Agreeableness low; Neuroticism high,2.7183661
naturalistic_behavioral,mean_tokens,14,6,Openness low; Conscientiousness low; Extraversion high; Agreeableness high; Neuroticism low,2.5404525
naturalistic_behavioral,mean_tokens,14,7,Openness low; Conscientiousness low; Extraversion high; Agreeableness high; Neuroticism high,1.4549748
naturalistic_behavioral,mean_tokens,14,8,Openness low; Conscientiousness high; Extraversion low; Agreeableness low; Neuroticism low,2.5070338
naturalistic_behavioral,mean_tokens,14,9,Openness low; Conscientiousness high; Extraversion low; Agreeableness low; Neuroticism high,2.4882238
naturalistic_behavioral,mean_tokens,14,10,Openness low; Conscientiousness high; Extraversion low; Agreeableness high; Neuroticism low,2.6501884
naturalistic_behavioral,mean_tokens,14,11,Openness low; Conscientiousness high; Extraversion low; Agreeableness high; Neuroticism high,2.5178201
naturalistic_behavioral,mean_tokens,14,12,Openness low; Conscientiousness high; Extraversion high; Agreeableness low; Neuroticism low,2.5100017
naturalistic_behavioral,mean_tokens,14,13,Openness low; Conscientiousness high; Extraversion high; Agreeableness low; Neuroticism high,2.3569174
naturalistic_behavioral,mean_tokens,14,14,Openness low; Conscientiousness high; Extraversion high; Agreeableness high; Neuroticism low,2.5177457
naturalistic_behavioral,mean_tokens,14,15,Openness low; Conscientiousness high; Extraversion high; Agreeableness high; Neuroticism high,2.5436568
naturalistic_behavioral,mean_tokens,14,16,Openness high; Conscientiousness low; Extraversion low; Agreeableness low; Neuroticism low,2.4868703
naturalistic_behavioral,mean_tokens,14,17,Openness high; Conscientiousness low; Extraversion low; Agreeableness low; Neuroticism high,2.5228622
naturalistic_behavioral,mean_tokens,14,18,Openness high; Conscientiousness low; Extraversion low; Agreeableness high; Neuroticism low,2.4298725
naturalistic_behavioral,mean_tokens,14,19,Openness high; Conscientiousness low; Extraversion low; Agreeableness high; Neuroticism high,2.6649103
naturalistic_behavioral,mean_tokens,14,20,Openness high; Conscientiousness low; Extraversion high; Agreeableness low; Neuroticism low,2.5982506
naturalistic_behavioral,mean_tokens,14,21,Openness high; Conscientiousness low; Extraversion high; Agreeableness low; Neuroticism high,2.8069992
naturalistic_behavioral,mean_tokens,14,22,Openness high; Conscientiousness low; Extraversion high; Agreeableness high; Neuroticism low,2.5932071
naturalistic_behavioral,mean_tokens,14,23,Openness high; Conscientiousness low; Extraversion high; Agreeableness high; Neuroticism high,1.5149521
naturalistic_behavioral,mean_tokens,14,24,Openness high; Conscientiousness high; Extraversion low; Agreeableness low; Neuroticism low,2.5640235
naturalistic_behavioral,mean_tokens,14,25,Openness high; Conscientiousness high; Extraversion low; Agreeableness low; Neuroticism high,2.4368005
naturalistic_behavioral,mean_tokens,14,26,Openness high; Conscientiousness high; Extraversion low; Agreeableness high; Neuroticism low,2.6000447
naturalistic_behavioral,mean_tokens,14,27,Openness high; Conscientiousness high; Extraversion low; Agreeableness high; Neuroticism high,2.5663242
naturalistic_behavioral,mean_tokens,14,28,Openness high; Conscientiousness high; Extraversion high; Agreeableness low; Neuroticism low,2.5066388
naturalistic_behavioral,mean_tokens,14,29,Openness high; Conscientiousness high; Extraversion high; Agreeableness low; Neuroticism high,2.5390546
naturalistic_behavioral,mean_tokens,14,30,Openness high; Conscientiousness high; Extraversion high; Agreeableness high; Neuroticism low,2.655103
naturalistic_behavioral,mean_tokens,14,31,Openness high; Conscientiousness high; Extraversion high; Agreeableness high; Neuroticism high,2.5677814
naturalistic_behavioral,mean_tokens,15,0,Openness low; Conscientiousness low; Extraversion low; Agreeableness low; Neuroticism low,2.554886
naturalistic_behavioral,mean_tokens,15,1,Openness low; Conscientiousness low; Extraversion low; Agreeableness low; Neuroticism high,2.5418503
naturalistic_behavioral,mean_tokens,15,2,Openness low; Conscientiousness low; Extraversion low; Agreeableness high; Neuroticism low,2.5150635
naturalistic_behavioral,mean_tokens,15,3,Openness low; Conscientiousness low; Extraversion low; Agreeableness high; Neuroticism high,2.4859152
naturalistic_behavioral,mean_tokens,15,4,Openness low; Conscientiousness low; Extraversion high; Agreeableness low; Neuroticism low,2.7728899
naturalistic_behavioral,mean_tokens,15,5,Openness low; Conscientiousness low; Extraversion high; Agreeableness low; Neuroticism high,2.8682585
naturalistic_behavioral,mean_tokens,15,6,Openness low; Conscientiousness low; Extraversion high; Agreeableness high; Neuroticism low,2.6589127
naturalistic_behavioral,mean_tokens,15,7,Openness low; Conscientiousness low; Extraversion high; Agreeableness high; Neuroticism high,1.6300042
naturalistic_behavioral,mean_tokens,15,8,Openness low; Conscientiousness high; Extraversion low; Agreeableness low; Neuroticism low,2.6156178
naturalistic_behavioral,mean_tokens,15,9,Openness low; Conscientiousness high; Extraversion low; Agreeableness low; Neuroticism high,2.6105633
naturalistic_behavioral,mean_tokens,15,10,Openness low; Conscientiousness high; Extraversion low; Agreeableness high; Neuroticism low,2.8105185
naturalistic_behavioral,mean_tokens,15,11,Openness low; Conscientiousness high; Extraversion low; Agreeableness high; Neuroticism high,2.6626928
naturalistic_behavioral,mean_tokens,15,12,Openness low; Conscientiousness high; Extraversion high; Agreeableness low; Neuroticism low,2.652538
naturalistic_behavioral,mean_tokens,15,13,Openness low; Conscientiousness high; Extraversion high; Agreeableness low; Neuroticism high,2.4375145
naturalistic_behavioral,mean_tokens,15,14,Openness low; Conscientiousness high; Extraversion high; Agreeableness high; Neuroticism low,2.6466951
naturalistic_behavioral,mean_tokens,15,15,Openness low; Conscientiousness high; Extraversion high; Agreeableness high; Neuroticism high,2.8075118
naturalistic_behavioral,mean_tokens,15,16,Openness high; Conscientiousness low; Extraversion low; Agreeableness low; Neuroticism low,2.5917318
naturalistic_behavioral,mean_tokens,15,17,Openness high; Conscientiousness low; Extraversion low; Agreeableness low; Neuroticism high,2.7034776
naturalistic_behavioral,mean_tokens,15,18,Openness high; Conscientiousness low; Extraversion low; Agreeableness high; Neuroticism low,2.6046937
naturalistic_behavioral,mean_tokens,15,19,Openness high; Conscientiousness low; Extraversion low; Agreeableness high; Neuroticism high,2.7841103
naturalistic_behavioral,mean_tokens,15,20,Openness high; Conscientiousness low; Extraversion high; Agreeableness low; Neuroticism low,2.7380383
naturalistic_behavioral,mean_tokens,15,21,Openness high; Conscientiousness low; Extraversion high; Agreeableness low; Neuroticism high,2.963563
naturalistic_behavioral,mean_tokens,15,22,Openness high; Conscientiousness low; Extraversion high; Agreeableness high; Neuroticism low,2.739657
naturalistic_behavioral,mean_tokens,15,23,Openness high; Conscientiousness low; Extraversion high; Agreeableness high; Neuroticism high,1.6669942
naturalistic_behavioral,mean_tokens,15,24,Openness high; Conscientiousness high; Extraversion low; Agreeableness low; Neuroticism low,2.7206225
naturalistic_behavioral,mean_tokens,15,25,Openness high; Conscientiousness high; Extraversion low; Agreeableness low; Neuroticism high,2.553379
naturalistic_behavioral,mean_tokens,15,26,Openness high; Conscientiousness high; Extraversion low; Agreeableness high; Neuroticism low,2.7363002
naturalistic_behavioral,mean_tokens,15,27,Openness high; Conscientiousness high; Extraversion low; Agreeableness high; Neuroticism high,2.6934426
naturalistic_behavioral,mean_tokens,15,28,Openness high; Conscientiousness high; Extraversion high; Agreeableness low; Neuroticism low,2.5935752
naturalistic_behavioral,mean_tokens,15,29,Openness high; Conscientiousness high; Extraversion high; Agreeableness low; Neuroticism high,2.6791446
naturalistic_behavioral,mean_tokens,15,30,Openness high; Conscientiousness high; Extraversion high; Agreeableness high; Neuroticism low,2.7903547
naturalistic_behavioral,mean_tokens,15,31,Openness high; Conscientiousness high; Extraversion high; Agreeableness high; Neuroticism high,2.687268
naturalistic_behavioral,mean_tokens,16,0,Openness low; Conscientiousness low; Extraversion low; Agreeableness low; Neuroticism low,2.9200506
naturalistic_behavioral,mean_tokens,16,1,Openness low; Conscientiousness low; Extraversion low; Agreeableness low; Neuroticism high,2.8603144
naturalistic_behavioral,mean_tokens,16,2,Openness low; Conscientiousness low; Extraversion low; Agreeableness high; Neuroticism low,2.972068
naturalistic_behavioral,mean_tokens,16,3,Openness low; Conscientiousness low; Extraversion low; Agreeableness high; Neuroticism high,2.8462472
naturalistic_behavioral,mean_tokens,16,4,Openness low; Conscientiousness low; Extraversion high; Agreeableness low; Neuroticism low,3.1448233
naturalistic_behavioral,mean_tokens,16,5,Openness low; Conscientiousness low; Extraversion high; Agreeableness low; Neuroticism high,3.3778977
naturalistic_behavioral,mean_tokens,16,6,Openness low; Conscientiousness low; Extraversion high; Agreeableness high; Neuroticism low,3.0409634
naturalistic_behavioral,mean_tokens,16,7,Openness low; Conscientiousness low; Extraversion high; Agreeableness high; Neuroticism high,1.844228
naturalistic_behavioral,mean_tokens,16,8,Openness low; Conscientiousness high; Extraversion low; Agreeableness low; Neuroticism low,3.014733
naturalistic_behavioral,mean_tokens,16,9,Openness low; Conscientiousness high; Extraversion low; Agreeableness low; Neuroticism high,3.02126
naturalistic_behavioral,mean_tokens,16,10,Openness low; Conscientiousness high; Extraversion low; Agreeableness high; Neuroticism low,3.1348538
naturalistic_behavioral,mean_tokens,16,11,Openness low; Conscientiousness high; Extraversion low; Agreeableness high; Neuroticism high,3.0438578
naturalistic_behavioral,mean_tokens,16,12,Openness low; Conscientiousness high; Extraversion high; Agreeableness low; Neuroticism low,3.0297847
naturalistic_behavioral,mean_tokens,16,13,Openness low; Conscientiousness high; Extraversion high; Agreeableness low; Neuroticism high,2.8493586
naturalistic_behavioral,mean_tokens,16,14,Openness low; Conscientiousness high; Extraversion high; Agreeableness high; Neuroticism low,3.035289
naturalistic_behavioral,mean_tokens,16,15,Openness low; Conscientiousness high; Extraversion high; Agreeableness high; Neuroticism high,3.2864192
naturalistic_behavioral,mean_tokens,16,16,Openness high; Conscientiousness low; Extraversion low; Agreeableness low; Neuroticism low,2.9776275
naturalistic_behavioral,mean_tokens,16,17,Openness high; Conscientiousness low; Extraversion low; Agreeableness low; Neuroticism high,3.022467
naturalistic_behavioral,mean_tokens,16,18,Openness high; Conscientiousness low; Extraversion low; Agreeableness high; Neuroticism low,3.0570126
naturalistic_behavioral,mean_tokens,16,19,Openness high; Conscientiousness low; Extraversion low; Agreeableness high; Neuroticism high,3.1804674
naturalistic_behavioral,mean_tokens,16,20,Openness high; Conscientiousness low; Extraversion high; Agreeableness low; Neuroticism low,3.1595542
naturalistic_behavioral,mean_tokens,16,21,Openness high; Conscientiousness low; Extraversion high; Agreeableness low; Neuroticism high,3.3137631
naturalistic_behavioral,mean_tokens,16,22,Openness high; Conscientiousness low; Extraversion high; Agreeableness high; Neuroticism low,3.1308703
naturalistic_behavioral,mean_tokens,16,23,Openness high; Conscientiousness low; Extraversion high; Agreeableness high; Neuroticism high,1.9072924
naturalistic_behavioral,mean_tokens,16,24,Openness high; Conscientiousness high; Extraversion low; Agreeableness low; Neuroticism low,3.0582516
naturalistic_behavioral,mean_tokens,16,25,Openness high; Conscientiousness high; Extraversion low; Agreeableness low; Neuroticism high,3.041504
naturalistic_behavioral,mean_tokens,16,26,Openness high; Conscientiousness high; Extraversion low; Agreeableness high; Neuroticism low,3.076004
naturalistic_behavioral,mean_tokens,16,27,Openness high; Conscientiousness high; Extraversion low; Agreeableness high; Neuroticism high,3.1360753
naturalistic_behavioral,mean_tokens,16,28,Openness high; Conscientiousness high; Extraversion high; Agreeableness low; Neuroticism low,2.959153
naturalistic_behavioral,mean_tokens,16,29,Openness high; Conscientiousness high; Extraversion high; Agreeableness low; Neuroticism high,3.029671
naturalistic_behavioral,mean_tokens,16,30,Openness high; Conscientiousness high; Extraversion high; Agreeableness high; Neuroticism low,3.1964827
naturalistic_behavioral,mean_tokens,16,31,Openness high; Conscientiousness high; Extraversion high; Agreeableness high; Neuroticism high,3.1001031
naturalistic_behavioral,mean_tokens,17,0,Openness low; Conscientiousness low; Extraversion low; Agreeableness low; Neuroticism low,3.3155365
naturalistic_behavioral,mean_tokens,17,1,Openness low; Conscientiousness low; Extraversion low; Agreeableness low; Neuroticism high,3.2565145
naturalistic_behavioral,mean_tokens,17,2,Openness low; Conscientiousness low; Extraversion low; Agreeableness high; Neuroticism low,3.4279916
naturalistic_behavioral,mean_tokens,17,3,Openness low; Conscientiousness low; Extraversion low; Agreeableness high; Neuroticism high,3.3753712
naturalistic_behavioral,mean_tokens,17,4,Openness low; Conscientiousness low; Extraversion high; Agreeableness low; Neuroticism low,3.5535405
naturalistic_behavioral,mean_tokens,17,5,Openness low; Conscientiousness low; Extraversion high; Agreeableness low; Neuroticism high,3.867421
naturalistic_behavioral,mean_tokens,17,6,Openness low; Conscientiousness low; Extraversion high; Agreeableness high; Neuroticism low,3.481162
naturalistic_behavioral,mean_tokens,17,7,Openness low; Conscientiousness low; Extraversion high; Agreeableness high; Neuroticism high,2.2216756
naturalistic_behavioral,mean_tokens,17,8,Openness low; Conscientiousness high; Extraversion low; Agreeableness low; Neuroticism low,3.5180776
naturalistic_behavioral,mean_tokens,17,9,Openness low; Conscientiousness high; Extraversion low; Agreeableness low; Neuroticism high,3.4839299
naturalistic_behavioral,mean_tokens,17,10,Openness low; Conscientiousness high; Extraversion low; Agreeableness high; Neuroticism low,3.5958073
naturalistic_behavioral,mean_tokens,17,11,Openness low; Conscientiousness high; Extraversion low; Agreeableness high; Neuroticism high,3.5579503
naturalistic_behavioral,mean_tokens,17,12,Openness low; Conscientiousness high; Extraversion high; Agreeableness low; Neuroticism low,3.4455304
naturalistic_behavioral,mean_tokens,17,13,Openness low; Conscientiousness high; Extraversion high; Agreeableness low; Neuroticism high,3.2306292
naturalistic_behavioral,mean_tokens,17,14,Openness low; Conscientiousness high; Extraversion high; Agreeableness high; Neuroticism low,3.493992
naturalistic_behavioral,mean_tokens,17,15,Openness low; Conscientiousness high; Extraversion high; Agreeableness high; Neuroticism high,3.7621171
naturalistic_behavioral,mean_tokens,17,16,Openness high; Conscientiousness low; Extraversion low; Agreeableness low; Neuroticism low,3.4116328
naturalistic_behavioral,mean_tokens,17,17,Openness high; Conscientiousness low; Extraversion low; Agreeableness low; Neuroticism high,3.5301218
naturalistic_behavioral,mean_tokens,17,18,Openness high; Conscientiousness low; Extraversion low; Agreeableness high; Neuroticism low,3.544645
naturalistic_behavioral,mean_tokens,17,19,Openness high; Conscientiousness low; Extraversion low; Agreeableness high; Neuroticism high,3.7336643
naturalistic_behavioral,mean_tokens,17,20,Openness high; Conscientiousness low; Extraversion high; Agreeableness low; Neuroticism low,3.622456
naturalistic_behavioral,mean_tokens,17,21,Openness high; Conscientiousness low; Extraversion high; Agreeableness low; Neuroticism high,3.8826513
naturalistic_behavioral,mean_tokens,17,22,Openness high; Conscientiousness low; Extraversion high; Agreeableness high; Neuroticism low,3.5781486
naturalistic_behavioral,mean_tokens,17,23,Openness high; Conscientiousness low; Extraversion high; Agreeableness high; Neuroticism high,2.2651653
naturalistic_behavioral,mean_tokens,17,24,Openness high; Conscientiousness high; Extraversion low; Agreeableness low; Neuroticism low,3.5129213
naturalistic_behavioral,mean_tokens,17,25,Openness high; Conscientiousness high; Extraversion low; Agreeableness low; Neuroticism high,3.4791622
naturalistic_behavioral,mean_tokens,17,26,Openness high; Conscientiousness high; Extraversion low; Agreeableness high; Neuroticism low,3.5385323
naturalistic_behavioral,mean_tokens,17,27,Openness high; Conscientiousness high; Extraversion low; Agreeableness high; Neuroticism high,3.6093931
naturalistic_behavioral,mean_tokens,17,28,Openness high; Conscientiousness high; Extraversion high; Agreeableness low; Neuroticism low,3.3814795
naturalistic_behavioral,mean_tokens,17,29,Openness high; Conscientiousness high; Extraversion high; Agreeableness low; Neuroticism high,3.5086782
naturalistic_behavioral,mean_tokens,17,30,Openness high; Conscientiousness high; Extraversion high; Agreeableness high; Neuroticism low,3.6598134
naturalistic_behavioral,mean_tokens,17,31,Openness high; Conscientiousness high; Extraversion high; Agreeableness high; Neuroticism high,3.5174344
naturalistic_behavioral,mean_tokens,18,0,Openness low; Conscientiousness low; Extraversion low; Agreeableness low; Neuroticism low,3.6517088
naturalistic_behavioral,mean_tokens,18,1,Openness low; Conscientiousness low; Extraversion low; Agreeableness low; Neuroticism high,3.5635905
naturalistic_behavioral,mean_tokens,18,2,Openness low; Conscientiousness low; Extraversion low; Agreeableness high; Neuroticism low,3.7858262
naturalistic_behavioral,mean_tokens,18,3,Openness low; Conscientiousness low; Extraversion low; Agreeableness high; Neuroticism high,3.7357256
naturalistic_behavioral,mean_tokens,18,4,Openness low; Conscientiousness low; Extraversion high; Agreeableness low; Neuroticism low,3.8897445
naturalistic_behavioral,mean_tokens,18,5,Openness low; Conscientiousness low; Extraversion high; Agreeableness low; Neuroticism high,4.255139
naturalistic_behavioral,mean_tokens,18,6,Openness low; Conscientiousness low; Extraversion high; Agreeableness high; Neuroticism low,3.8572762
naturalistic_behavioral,mean_tokens,18,7,Openness low; Conscientiousness low; Extraversion high; Agreeableness high; Neuroticism high,2.4908826
naturalistic_behavioral,mean_tokens,18,8,Openness low; Conscientiousness high; Extraversion low; Agreeableness low; Neuroticism low,3.8853693
naturalistic_behavioral,mean_tokens,18,9,Openness low; Conscientiousness high; Extraversion low; Agreeableness low; Neuroticism high,3.88693
naturalistic_behavioral,mean_tokens,18,10,Openness low; Conscientiousness high; Extraversion low; Agreeableness high; Neuroticism low,4.014666
naturalistic_behavioral,mean_tokens,18,11,Openness low; Conscientiousness high; Extraversion low; Agreeableness high; Neuroticism high,3.9311094
naturalistic_behavioral,mean_tokens,18,12,Openness low; Conscientiousness high; Extraversion high; Agreeableness low; Neuroticism low,3.828802
naturalistic_behavioral,mean_tokens,18,13,Openness low; Conscientiousness high; Extraversion high; Agreeableness low; Neuroticism high,3.6025705
naturalistic_behavioral,mean_tokens,18,14,Openness low; Conscientiousness high; Extraversion high; Agreeableness high; Neuroticism low,3.8873298
naturalistic_behavioral,mean_tokens,18,15,Openness low; Conscientiousness high; Extraversion high; Agreeableness high; Neuroticism high,4.218685
naturalistic_behavioral,mean_tokens,18,16,Openness high; Conscientiousness low; Extraversion low; Agreeableness low; Neuroticism low,3.8369858
naturalistic_behavioral,mean_tokens,18,17,Openness high; Conscientiousness low; Extraversion low; Agreeableness low; Neuroticism high,3.912223
naturalistic_behavioral,mean_tokens,18,18,Openness high; Conscientiousness low; Extraversion low; Agreeableness high; Neuroticism low,3.9741018
naturalistic_behavioral,mean_tokens,18,19,Openness high; Conscientiousness low; Extraversion low; Agreeableness high; Neuroticism high,4.125626
naturalistic_behavioral,mean_tokens,18,20,Openness high; Conscientiousness low; Extraversion high; Agreeableness low; Neuroticism low,4.0150213
naturalistic_behavioral,mean_tokens,18,21,Openness high; Conscientiousness low; Extraversion high; Agreeableness low; Neuroticism high,4.2807236
naturalistic_behavioral,mean_tokens,18,22,Openness high; Conscientiousness low; Extraversion high; Agreeableness high; Neuroticism low,3.926712
naturalistic_behavioral,mean_tokens,18,23,Openness high; Conscientiousness low; Extraversion high; Agreeableness high; Neuroticism high,2.5413616
naturalistic_behavioral,mean_tokens,18,24,Openness high; Conscientiousness high; Extraversion low; Agreeableness low; Neuroticism low,3.880021
naturalistic_behavioral,mean_tokens,18,25,Openness high; Conscientiousness high; Extraversion low; Agreeableness low; Neuroticism high,3.8468778
naturalistic_behavioral,mean_tokens,18,26,Openness high; Conscientiousness high; Extraversion low; Agreeableness high; Neuroticism low,3.9549432
naturalistic_behavioral,mean_tokens,18,27,Openness high; Conscientiousness high; Extraversion low; Agreeableness high; Neuroticism high,3.9587145
naturalistic_behavioral,mean_tokens,18,28,Openness high; Conscientiousness high; Extraversion high; Agreeableness low; Neuroticism low,3.7658134
naturalistic_behavioral,mean_tokens,18,29,Openness high; Conscientiousness high; Extraversion high; Agreeableness low; Neuroticism high,3.8701015
naturalistic_behavioral,mean_tokens,18,30,Openness high; Conscientiousness high; Extraversion high; Agreeableness high; Neuroticism low,4.0781097
naturalistic_behavioral,mean_tokens,18,31,Openness high; Conscientiousness high; Extraversion high; Agreeableness high; Neuroticism high,3.8915486
naturalistic_behavioral,mean_tokens,19,0,Openness low; Conscientiousness low; Extraversion low; Agreeableness low; Neuroticism low,3.8441703
naturalistic_behavioral,mean_tokens,19,1,Openness low; Conscientiousness low; Extraversion low; Agreeableness low; Neuroticism high,3.7460344
naturalistic_behavioral,mean_tokens,19,2,Openness low; Conscientiousness low; Extraversion low; Agreeableness high; Neuroticism low,3.9772632
naturalistic_behavioral,mean_tokens,19,3,Openness low; Conscientiousness low; Extraversion low; Agreeableness high; Neuroticism high,3.930551
naturalistic_behavioral,mean_tokens,19,4,Openness low; Conscientiousness low; Extraversion high; Agreeableness low; Neuroticism low,4.0645776
naturalistic_behavioral,mean_tokens,19,5,Openness low; Conscientiousness low; Extraversion high; Agreeableness low; Neuroticism high,4.4788046
naturalistic_behavioral,mean_tokens,19,6,Openness low; Conscientiousness low; Extraversion high; Agreeableness high; Neuroticism low,4.0607953
naturalistic_behavioral,mean_tokens,19,7,Openness low; Conscientiousness low; Extraversion high; Agreeableness high; Neuroticism high,2.6689384
naturalistic_behavioral,mean_tokens,19,8,Openness low; Conscientiousness high; Extraversion low; Agreeableness low; Neuroticism low,4.098405
naturalistic_behavioral,mean_tokens,19,9,Openness low; Conscientiousness high; Extraversion low; Agreeableness low; Neuroticism high,4.096476
naturalistic_behavioral,mean_tokens,19,10,Openness low; Conscientiousness high; Extraversion low; Agreeableness high; Neuroticism low,4.2308264
naturalistic_behavioral,mean_tokens,19,11,Openness low; Conscientiousness high; Extraversion low; Agreeableness high; Neuroticism high,4.145171
naturalistic_behavioral,mean_tokens,19,12,Openness low; Conscientiousness high; Extraversion high; Agreeableness low; Neuroticism low,4.0452943
naturalistic_behavioral,mean_tokens,19,13,Openness low; Conscientiousness high; Extraversion high; Agreeableness low; Neuroticism high,3.7813847
naturalistic_behavioral,mean_tokens,19,14,Openness low; Conscientiousness high; Extraversion high; Agreeableness high; Neuroticism low,4.0718336
naturalistic_behavioral,mean_tokens,19,15,Openness low; Conscientiousness high; Extraversion high; Agreeableness high; Neuroticism high,4.4487643
naturalistic_behavioral,mean_tokens,19,16,Openness high; Conscientiousness low; Extraversion low; Agreeableness low; Neuroticism low,4.017461
naturalistic_behavioral,mean_tokens,19,17,Openness high; Conscientiousness low; Extraversion low; Agreeableness low; Neuroticism high,4.147047
naturalistic_behavioral,mean_tokens,19,18,Openness high; Conscientiousness low; Extraversion low; Agreeableness high; Neuroticism low,4.2037673
naturalistic_behavioral,mean_tokens,19,19,Openness high; Conscientiousness low; Extraversion low; Agreeableness high; Neuroticism high,4.3702765
naturalistic_behavioral,mean_tokens,19,20,Openness high; Conscientiousness low; Extraversion high; Agreeableness low; Neuroticism low,4.239991
naturalistic_behavioral,mean_tokens,19,21,Openness high; Conscientiousness low; Extraversion high; Agreeableness low; Neuroticism high,4.504691
naturalistic_behavioral,mean_tokens,19,22,Openness high; Conscientiousness low; Extraversion high; Agreeableness high; Neuroticism low,4.1468053
naturalistic_behavioral,mean_tokens,19,23,Openness high; Conscientiousness low; Extraversion high; Agreeableness high; Neuroticism high,2.7478795
naturalistic_behavioral,mean_tokens,19,24,Openness high; Conscientiousness high; Extraversion low; Agreeableness low; Neuroticism low,4.068165
naturalistic_behavioral,mean_tokens,19,25,Openness high; Conscientiousness high; Extraversion low; Agreeableness low; Neuroticism high,4.058355
naturalistic_behavioral,mean_tokens,19,26,Openness high; Conscientiousness high; Extraversion low; Agreeableness high; Neuroticism low,4.1625757
naturalistic_behavioral,mean_tokens,19,27,Openness high; Conscientiousness high; Extraversion low; Agreeableness high; Neuroticism high,4.1639404
naturalistic_behavioral,mean_tokens,19,28,Openness high; Conscientiousness high; Extraversion high; Agreeableness low; Neuroticism low,3.968071
naturalistic_behavioral,mean_tokens,19,29,Openness high; Conscientiousness high; Extraversion high; Agreeableness low; Neuroticism high,4.070076
naturalistic_behavioral,mean_tokens,19,30,Openness high; Conscientiousness high; Extraversion high; Agreeableness high; Neuroticism low,4.279024
naturalistic_behavioral,mean_tokens,19,31,Openness high; Conscientiousness high; Extraversion high; Agreeableness high; Neuroticism high,4.0769
naturalistic_behavioral,mean_tokens,20,0,Openness low; Conscientiousness low; Extraversion low; Agreeableness low; Neuroticism low,4.041863
naturalistic_behavioral,mean_tokens,20,1,Openness low; Conscientiousness low; Extraversion low; Agreeableness low; Neuroticism high,3.9419477
naturalistic_behavioral,mean_tokens,20,2,Openness low; Conscientiousness low; Extraversion low; Agreeableness high; Neuroticism low,4.199992
naturalistic_behavioral,mean_tokens,20,3,Openness low; Conscientiousness low; Extraversion low; Agreeableness high; Neuroticism high,4.143825
naturalistic_behavioral,mean_tokens,20,4,Openness low; Conscientiousness low; Extraversion high; Agreeableness low; Neuroticism low,4.264441
naturalistic_behavioral,mean_tokens,20,5,Openness low; Conscientiousness low; Extraversion high; Agreeableness low; Neuroticism high,4.7490025
naturalistic_behavioral,mean_tokens,20,6,Openness low; Conscientiousness low; Extraversion high; Agreeableness high; Neuroticism low,4.2590337
naturalistic_behavioral,mean_tokens,20,7,Openness low; Conscientiousness low; Extraversion high; Agreeableness high; Neuroticism high,2.830692
naturalistic_behavioral,mean_tokens,20,8,Openness low; Conscientiousness high; Extraversion low; Agreeableness low; Neuroticism low,4.317873
naturalistic_behavioral,mean_tokens,20,9,Openness low; Conscientiousness high; Extraversion low; Agreeableness low; Neuroticism high,4.313691
naturalistic_behavioral,mean_tokens,20,10,Openness low; Conscientiousness high; Extraversion low; Agreeableness high; Neuroticism low,4.481403
naturalistic_behavioral,mean_tokens,20,11,Openness low; Conscientiousness high; Extraversion low; Agreeableness high; Neuroticism high,4.3580303
naturalistic_behavioral,mean_tokens,20,12,Openness low; Conscientiousness high; Extraversion high; Agreeableness low; Neuroticism low,4.2802553
naturalistic_behavioral,mean_tokens,20,13,Openness low; Conscientiousness high; Extraversion high; Agreeableness low; Neuroticism high,4.0008383
naturalistic_behavioral,mean_tokens,20,14,Openness low; Conscientiousness high; Extraversion high; Agreeableness high; Neuroticism low,4.296666
naturalistic_behavioral,mean_tokens,20,15,Openness low; Conscientiousness high; Extraversion high; Agreeableness high; Neuroticism high,4.6733136
naturalistic_behavioral,mean_tokens,20,16,Openness high; Conscientiousness low; Extraversion low; Agreeableness low; Neuroticism low,4.2500887
naturalistic_behavioral,mean_tokens,20,17,Openness high; Conscientiousness low; Extraversion low; Agreeableness low; Neuroticism high,4.391223
naturalistic_behavioral,mean_tokens,20,18,Openness high; Conscientiousness low; Extraversion low; Agreeableness high; Neuroticism low,4.440083
naturalistic_behavioral,mean_tokens,20,19,Openness high; Conscientiousness low; Extraversion low; Agreeableness high; Neuroticism high,4.671397
naturalistic_behavioral,mean_tokens,20,20,Openness high; Conscientiousness low; Extraversion high; Agreeableness low; Neuroticism low,4.4808197
naturalistic_behavioral,mean_tokens,20,21,Openness high; Conscientiousness low; Extraversion high; Agreeableness low; Neuroticism high,4.748172
naturalistic_behavioral,mean_tokens,20,22,Openness high; Conscientiousness low; Extraversion high; Agreeableness high; Neuroticism low,4.3782253
naturalistic_behavioral,mean_tokens,20,23,Openness high; Conscientiousness low; Extraversion high; Agreeableness high; Neuroticism high,2.9314103
naturalistic_behavioral,mean_tokens,20,24,Openness high; Conscientiousness high; Extraversion low; Agreeableness low; Neuroticism low,4.269553
naturalistic_behavioral,mean_tokens,20,25,Openness high; Conscientiousness high; Extraversion low; Agreeableness low; Neuroticism high,4.2633696
naturalistic_behavioral,mean_tokens,20,26,Openness high; Conscientiousness high; Extraversion low; Agreeableness high; Neuroticism low,4.4008813
naturalistic_behavioral,mean_tokens,20,27,Openness high; Conscientiousness high; Extraversion low; Agreeableness high; Neuroticism high,4.377926
naturalistic_behavioral,mean_tokens,20,28,Openness high; Conscientiousness high; Extraversion high; Agreeableness low; Neuroticism low,4.1903787
naturalistic_behavioral,mean_tokens,20,29,Openness high; Conscientiousness high; Extraversion high; Agreeableness low; Neuroticism high,4.3119183
naturalistic_behavioral,mean_tokens,20,30,Openness high; Conscientiousness high; Extraversion high; Agreeableness high; Neuroticism low,4.5233917
naturalistic_behavioral,mean_tokens,20,31,Openness high; Conscientiousness high; Extraversion high; Agreeableness high; Neuroticism high,4.3167133
naturalistic_behavioral,mean_tokens,21,0,Openness low; Conscientiousness low; Extraversion low; Agreeableness low; Neuroticism low,4.9539747
naturalistic_behavioral,mean_tokens,21,1,Openness low; Conscientiousness low; Extraversion low; Agreeableness low; Neuroticism high,4.8008385
naturalistic_behavioral,mean_tokens,21,2,Openness low; Conscientiousness low; Extraversion low; Agreeableness high; Neuroticism low,5.1593046
naturalistic_behavioral,mean_tokens,21,3,Openness low; Conscientiousness low; Extraversion low; Agreeableness high; Neuroticism high,5.1013627
naturalistic_behavioral,mean_tokens,21,4,Openness low; Conscientiousness low; Extraversion high; Agreeableness low; Neuroticism low,5.1220207
naturalistic_behavioral,mean_tokens,21,5,Openness low; Conscientiousness low; Extraversion high; Agreeableness low; Neuroticism high,5.889812
naturalistic_behavioral,mean_tokens,21,6,Openness low; Conscientiousness low; Extraversion high; Agreeableness high; Neuroticism low,5.1804314
naturalistic_behavioral,mean_tokens,21,7,Openness low; Conscientiousness low; Extraversion high; Agreeableness high; Neuroticism high,3.5312035
naturalistic_behavioral,mean_tokens,21,8,Openness low; Conscientiousness high; Extraversion low; Agreeableness low; Neuroticism low,5.327418
naturalistic_behavioral,mean_tokens,21,9,Openness low; Conscientiousness high; Extraversion low; Agreeableness low; Neuroticism high,5.366636
naturalistic_behavioral,mean_tokens,21,10,Openness low; Conscientiousness high; Extraversion low; Agreeableness high; Neuroticism low,5.524315
naturalistic_behavioral,mean_tokens,21,11,Openness low; Conscientiousness high; Extraversion low; Agreeableness high; Neuroticism high,5.3225236
naturalistic_behavioral,mean_tokens,21,12,Openness low; Conscientiousness high; Extraversion high; Agreeableness low; Neuroticism low,5.3391385
naturalistic_behavioral,mean_tokens,21,13,Openness low; Conscientiousness high; Extraversion high; Agreeableness low; Neuroticism high,4.892706
naturalistic_behavioral,mean_tokens,21,14,Openness low; Conscientiousness high; Extraversion high; Agreeableness high; Neuroticism low,5.253038
naturalistic_behavioral,mean_tokens,21,15,Openness low; Conscientiousness high; Extraversion high; Agreeableness high; Neuroticism high,5.7148075
naturalistic_behavioral,mean_tokens,21,16,Openness high; Conscientiousness low; Extraversion low; Agreeableness low; Neuroticism low,5.230762
naturalistic_behavioral,mean_tokens,21,17,Openness high; Conscientiousness low; Extraversion low; Agreeableness low; Neuroticism high,5.4397335
naturalistic_behavioral,mean_tokens,21,18,Openness high; Conscientiousness low; Extraversion low; Agreeableness high; Neuroticism low,5.4141917
naturalistic_behavioral,mean_tokens,21,19,Openness high; Conscientiousness low; Extraversion low; Agreeableness high; Neuroticism high,5.7462015
naturalistic_behavioral,mean_tokens,21,20,Openness high; Conscientiousness low; Extraversion high; Agreeableness low; Neuroticism low,5.485534
naturalistic_behavioral,mean_tokens,21,21,Openness high; Conscientiousness low; Extraversion high; Agreeableness low; Neuroticism high,5.8018303
naturalistic_behavioral,mean_tokens,21,22,Openness high; Conscientiousness low; Extraversion high; Agreeableness high; Neuroticism low,5.3390975
naturalistic_behavioral,mean_tokens,21,23,Openness high; Conscientiousness low; Extraversion high; Agreeableness high; Neuroticism high,3.6095376
naturalistic_behavioral,mean_tokens,21,24,Openness high; Conscientiousness high; Extraversion low; Agreeableness low; Neuroticism low,5.1759076
naturalistic_behavioral,mean_tokens,21,25,Openness high; Conscientiousness high; Extraversion low; Agreeableness low; Neuroticism high,5.2667184
naturalistic_behavioral,mean_tokens,21,26,Openness high; Conscientiousness high; Extraversion low; Agreeableness high; Neuroticism low,5.3366046
naturalistic_behavioral,mean_tokens,21,27,Openness high; Conscientiousness high; Extraversion low; Agreeableness high; Neuroticism high,5.3319607
naturalistic_behavioral,mean_tokens,21,28,Openness high; Conscientiousness high; Extraversion high; Agreeableness low; Neuroticism low,5.169466
naturalistic_behavioral,mean_tokens,21,29,Openness high; Conscientiousness high; Extraversion high; Agreeableness low; Neuroticism high,5.2779865
naturalistic_behavioral,mean_tokens,21,30,Openness high; Conscientiousness high; Extraversion high; Agreeableness high; Neuroticism low,5.542841
naturalistic_behavioral,mean_tokens,21,31,Openness high; Conscientiousness high; Extraversion high; Agreeableness high; Neuroticism high,5.3082957
naturalistic_behavioral,mean_tokens,22,0,Openness low; Conscientiousness low; Extraversion low; Agreeableness low; Neuroticism low,5.446322
naturalistic_behavioral,mean_tokens,22,1,Openness low; Conscientiousness low; Extraversion low; Agreeableness low; Neuroticism high,5.2643275
naturalistic_behavioral,mean_tokens,22,2,Openness low; Conscientiousness low; Extraversion low; Agreeableness high; Neuroticism low,5.690386
naturalistic_behavioral,mean_tokens,22,3,Openness low; Conscientiousness low; Extraversion low; Agreeableness high; Neuroticism high,5.594186
naturalistic_behavioral,mean_tokens,22,4,Openness low; Conscientiousness low; Extraversion high; Agreeableness low; Neuroticism low,5.664917
naturalistic_behavioral,mean_tokens,22,5,Openness low; Conscientiousness low; Extraversion high; Agreeableness low; Neuroticism high,6.5217667
naturalistic_behavioral,mean_tokens,22,6,Openness low; Conscientiousness low; Extraversion high; Agreeableness high; Neuroticism low,5.695791
naturalistic_behavioral,mean_tokens,22,7,Openness low; Conscientiousness low; Extraversion high; Agreeableness high; Neuroticism high,3.8662639
naturalistic_behavioral,mean_tokens,22,8,Openness low; Conscientiousness high; Extraversion low; Agreeableness low; Neuroticism low,5.8709893
naturalistic_behavioral,mean_tokens,22,9,Openness low; Conscientiousness high; Extraversion low; Agreeableness low; Neuroticism high,5.8705406
naturalistic_behavioral,mean_tokens,22,10,Openness low; Conscientiousness high; Extraversion low; Agreeableness high; Neuroticism low,6.02316
naturalistic_behavioral,mean_tokens,22,11,Openness low; Conscientiousness high; Extraversion low; Agreeableness high; Neuroticism high,5.8003116
naturalistic_behavioral,mean_tokens,22,12,Openness low; Conscientiousness high; Extraversion high; Agreeableness low; Neuroticism low,5.8978677
naturalistic_behavioral,mean_tokens,22,13,Openness low; Conscientiousness high; Extraversion high; Agreeableness low; Neuroticism high,5.4237146
naturalistic_behavioral,mean_tokens,22,14,Openness low; Conscientiousness high; Extraversion high; Agreeableness high; Neuroticism low,5.7770457
naturalistic_behavioral,mean_tokens,22,15,Openness low; Conscientiousness high; Extraversion high; Agreeableness high; Neuroticism high,6.323276
naturalistic_behavioral,mean_tokens,22,16,Openness high; Conscientiousness low; Extraversion low; Agreeableness low; Neuroticism low,5.8186665
naturalistic_behavioral,mean_tokens,22,17,Openness high; Conscientiousness low; Extraversion low; Agreeableness low; Neuroticism high,5.9600487
naturalistic_behavioral,mean_tokens,22,18,Openness high; Conscientiousness low; Extraversion low; Agreeableness high; Neuroticism low,5.9097342
naturalistic_behavioral,mean_tokens,22,19,Openness high; Conscientiousness low; Extraversion low; Agreeableness high; Neuroticism high,6.375779
naturalistic_behavioral,mean_tokens,22,20,Openness high; Conscientiousness low; Extraversion high; Agreeableness low; Neuroticism low,6.0758758
naturalistic_behavioral,mean_tokens,22,21,Openness high; Conscientiousness low; Extraversion high; Agreeableness low; Neuroticism high,6.303939
naturalistic_behavioral,mean_tokens,22,22,Openness high; Conscientiousness low; Extraversion high; Agreeableness high; Neuroticism low,5.8640327
naturalistic_behavioral,mean_tokens,22,23,Openness high; Conscientiousness low; Extraversion high; Agreeableness high; Neuroticism high,3.9893978
naturalistic_behavioral,mean_tokens,22,24,Openness high; Conscientiousness high; Extraversion low; Agreeableness low; Neuroticism low,5.721128
naturalistic_behavioral,mean_tokens,22,25,Openness high; Conscientiousness high; Extraversion low; Agreeableness low; Neuroticism high,5.7867017
naturalistic_behavioral,mean_tokens,22,26,Openness high; Conscientiousness high; Extraversion low; Agreeableness high; Neuroticism low,5.7970376
naturalistic_behavioral,mean_tokens,22,27,Openness high; Conscientiousness high; Extraversion low; Agreeableness high; Neuroticism high,5.8612347
naturalistic_behavioral,mean_tokens,22,28,Openness high; Conscientiousness high; Extraversion high; Agreeableness low; Neuroticism low,5.6917415
naturalistic_behavioral,mean_tokens,22,29,Openness high; Conscientiousness high; Extraversion high; Agreeableness low; Neuroticism high,5.773402
naturalistic_behavioral,mean_tokens,22,30,Openness high; Conscientiousness high; Extraversion high; Agreeableness high; Neuroticism low,6.0386057
naturalistic_behavioral,mean_tokens,22,31,Openness high; Conscientiousness high; Extraversion high; Agreeableness high; Neuroticism high,5.853754
naturalistic_behavioral,mean_tokens,23,0,Openness low; Conscientiousness low; Extraversion low; Agreeableness low; Neuroticism low,6.018864
naturalistic_behavioral,mean_tokens,23,1,Openness low; Conscientiousness low; Extraversion low; Agreeableness low; Neuroticism high,5.8731985
naturalistic_behavioral,mean_tokens,23,2,Openness low; Conscientiousness low; Extraversion low; Agreeableness high; Neuroticism low,6.3077393
naturalistic_behavioral,mean_tokens,23,3,Openness low; Conscientiousness low; Extraversion low; Agreeableness high; Neuroticism high,6.244408
naturalistic_behavioral,mean_tokens,23,4,Openness low; Conscientiousness low; Extraversion high; Agreeableness low; Neuroticism low,6.3485208
naturalistic_behavioral,mean_tokens,23,5,Openness low; Conscientiousness low; Extraversion high; Agreeableness low; Neuroticism high,7.270419
naturalistic_behavioral,mean_tokens,23,6,Openness low; Conscientiousness low; Extraversion high; Agreeableness high; Neuroticism low,6.3139205
naturalistic_behavioral,mean_tokens,23,7,Openness low; Conscientiousness low; Extraversion high; Agreeableness high; Neuroticism high,4.3262806
naturalistic_behavioral,mean_tokens,23,8,Openness low; Conscientiousness high; Extraversion low; Agreeableness low; Neuroticism low,6.5430336
naturalistic_behavioral,mean_tokens,23,9,Openness low; Conscientiousness high; Extraversion low; Agreeableness low; Neuroticism high,6.587443
naturalistic_behavioral,mean_tokens,23,10,Openness low; Conscientiousness high; Extraversion low; Agreeableness high; Neuroticism low,6.7421427
naturalistic_behavioral,mean_tokens,23,11,Openness low; Conscientiousness high; Extraversion low; Agreeableness high; Neuroticism high,6.4067235
naturalistic_behavioral,mean_tokens,23,12,Openness low; Conscientiousness high; Extraversion high; Agreeableness low; Neuroticism low,6.597145
naturalistic_behavioral,mean_tokens,23,13,Openness low; Conscientiousness high; Extraversion high; Agreeableness low; Neuroticism high,5.990858
naturalistic_behavioral,mean_tokens,23,14,Openness low; Conscientiousness high; Extraversion high; Agreeableness high; Neuroticism low,6.500137
naturalistic_behavioral,mean_tokens,23,15,Openness low; Conscientiousness high; Extraversion high; Agreeableness high; Neuroticism high,7.1485434
naturalistic_behavioral,mean_tokens,23,16,Openness high; Conscientiousness low; Extraversion low; Agreeableness low; Neuroticism low,6.5358377
naturalistic_behavioral,mean_tokens,23,17,Openness high; Conscientiousness low; Extraversion low; Agreeableness low; Neuroticism high,6.632447
naturalistic_behavioral,mean_tokens,23,18,Openness high; Conscientiousness low; Extraversion low; Agreeableness high; Neuroticism low,6.6542354
naturalistic_behavioral,mean_tokens,23,19,Openness high; Conscientiousness low; Extraversion low; Agreeableness high; Neuroticism high,7.013264
naturalistic_behavioral,mean_tokens,23,20,Openness high; Conscientiousness low; Extraversion high; Agreeableness low; Neuroticism low,6.8025413
naturalistic_behavioral,mean_tokens,23,21,Openness high; Conscientiousness low; Extraversion high; Agreeableness low; Neuroticism high,6.999732
naturalistic_behavioral,mean_tokens,23,22,Openness high; Conscientiousness low; Extraversion high; Agreeableness high; Neuroticism low,6.5520988
naturalistic_behavioral,mean_tokens,23,23,Openness high; Conscientiousness low; Extraversion high; Agreeableness high; Neuroticism high,4.496964
naturalistic_behavioral,mean_tokens,23,24,Openness high; Conscientiousness high; Extraversion low; Agreeableness low; Neuroticism low,6.439889
naturalistic_behavioral,mean_tokens,23,25,Openness high; Conscientiousness high; Extraversion low; Agreeableness low; Neuroticism high,6.445894
naturalistic_behavioral,mean_tokens,23,26,Openness high; Conscientiousness high; Extraversion low; Agreeableness high; Neuroticism low,6.4690347
naturalistic_behavioral,mean_tokens,23,27,Openness high; Conscientiousness high; Extraversion low; Agreeableness high; Neuroticism high,6.53895
naturalistic_behavioral,mean_tokens,23,28,Openness high; Conscientiousness high; Extraversion high; Agreeableness low; Neuroticism low,6.3114223
naturalistic_behavioral,mean_tokens,23,29,Openness high; Conscientiousness high; Extraversion high; Agreeableness low; Neuroticism high,6.4377923
naturalistic_behavioral,mean_tokens,23,30,Openness high; Conscientiousness high; Extraversion high; Agreeableness high; Neuroticism low,6.729975
naturalistic_behavioral,mean_tokens,23,31,Openness high; Conscientiousness high; Extraversion high; Agreeableness high; Neuroticism high,6.546863
naturalistic_behavioral,mean_tokens,24,0,Openness low; Conscientiousness low; Extraversion low; Agreeableness low; Neuroticism low,6.4611993
naturalistic_behavioral,mean_tokens,24,1,Openness low; Conscientiousness low; Extraversion low; Agreeableness low; Neuroticism high,6.3661947
naturalistic_behavioral,mean_tokens,24,2,Openness low; Conscientiousness low; Extraversion low; Agreeableness high; Neuroticism low,6.8101735
naturalistic_behavioral,mean_tokens,24,3,Openness low; Conscientiousness low; Extraversion low; Agreeableness high; Neuroticism high,6.7203016
naturalistic_behavioral,mean_tokens,24,4,Openness low; Conscientiousness low; Extraversion high; Agreeableness low; Neuroticism low,6.8228498
naturalistic_behavioral,mean_tokens,24,5,Openness low; Conscientiousness low; Extraversion high; Agreeableness low; Neuroticism high,7.7734118
naturalistic_behavioral,mean_tokens,24,6,Openness low; Conscientiousness low; Extraversion high; Agreeableness high; Neuroticism low,6.792943
naturalistic_behavioral,mean_tokens,24,7,Openness low; Conscientiousness low; Extraversion high; Agreeableness high; Neuroticism high,4.619788
naturalistic_behavioral,mean_tokens,24,8,Openness low; Conscientiousness high; Extraversion low; Agreeableness low; Neuroticism low,7.051513
naturalistic_behavioral,mean_tokens,24,9,Openness low; Conscientiousness high; Extraversion low; Agreeableness low; Neuroticism high,7.074067
naturalistic_behavioral,mean_tokens,24,10,Openness low; Conscientiousness high; Extraversion low; Agreeableness high; Neuroticism low,7.1998353
naturalistic_behavioral,mean_tokens,24,11,Openness low; Conscientiousness high; Extraversion low; Agreeableness high; Neuroticism high,6.82622
naturalistic_behavioral,mean_tokens,24,12,Openness low; Conscientiousness high; Extraversion high; Agreeableness low; Neuroticism low,7.1461005
naturalistic_behavioral,mean_tokens,24,13,Openness low; Conscientiousness high; Extraversion high; Agreeableness low; Neuroticism high,6.4221096
naturalistic_behavioral,mean_tokens,24,14,Openness low; Conscientiousness high; Extraversion high; Agreeableness high; Neuroticism low,7.0029783
naturalistic_behavioral,mean_tokens,24,15,Openness low; Conscientiousness high; Extraversion high; Agreeableness high; Neuroticism high,7.740098
naturalistic_behavioral,mean_tokens,24,16,Openness high; Conscientiousness low; Extraversion low; Agreeableness low; Neuroticism low,7.0846453
naturalistic_behavioral,mean_tokens,24,17,Openness high; Conscientiousness low; Extraversion low; Agreeableness low; Neuroticism high,7.1005697
naturalistic_behavioral,mean_tokens,24,18,Openness high; Conscientiousness low; Extraversion low; Agreeableness high; Neuroticism low,7.1410165
naturalistic_behavioral,mean_tokens,24,19,Openness high; Conscientiousness low; Extraversion low; Agreeableness high; Neuroticism high,7.5299354
naturalistic_behavioral,mean_tokens,24,20,Openness high; Conscientiousness low; Extraversion high; Agreeableness low; Neuroticism low,7.3751283
naturalistic_behavioral,mean_tokens,24,21,Openness high; Conscientiousness low; Extraversion high; Agreeableness low; Neuroticism high,7.476004
naturalistic_behavioral,mean_tokens,24,22,Openness high; Conscientiousness low; Extraversion high; Agreeableness high; Neuroticism low,7.021115
naturalistic_behavioral,mean_tokens,24,23,Openness high; Conscientiousness low; Extraversion high; Agreeableness high; Neuroticism high,4.7847614
naturalistic_behavioral,mean_tokens,24,24,Openness high; Conscientiousness high; Extraversion low; Agreeableness low; Neuroticism low,6.916854
naturalistic_behavioral,mean_tokens,24,25,Openness high; Conscientiousness high; Extraversion low; Agreeableness low; Neuroticism high,6.9459558
naturalistic_behavioral,mean_tokens,24,26,Openness high; Conscientiousness high; Extraversion low; Agreeableness high; Neuroticism low,6.961654
naturalistic_behavioral,mean_tokens,24,27,Openness high; Conscientiousness high; Extraversion low; Agreeableness high; Neuroticism high,7.000064
naturalistic_behavioral,mean_tokens,24,28,Openness high; Conscientiousness high; Extraversion high; Agreeableness low; Neuroticism low,6.8061056
naturalistic_behavioral,mean_tokens,24,29,Openness high; Conscientiousness high; Extraversion high; Agreeableness low; Neuroticism high,6.933912
naturalistic_behavioral,mean_tokens,24,30,Openness high; Conscientiousness high; Extraversion high; Agreeableness high; Neuroticism low,7.279278
naturalistic_behavioral,mean_tokens,24,31,Openness high; Conscientiousness high; Extraversion high; Agreeableness high; Neuroticism high,7.019106
naturalistic_behavioral,mean_tokens,25,0,Openness low; Conscientiousness low; Extraversion low; Agreeableness low; Neuroticism low,7.1099696
naturalistic_behavioral,mean_tokens,25,1,Openness low; Conscientiousness low; Extraversion low; Agreeableness low; Neuroticism high,6.9698477
naturalistic_behavioral,mean_tokens,25,2,Openness low; Conscientiousness low; Extraversion low; Agreeableness high; Neuroticism low,7.4973283
naturalistic_behavioral,mean_tokens,25,3,Openness low; Conscientiousness low; Extraversion low; Agreeableness high; Neuroticism high,7.436935
naturalistic_behavioral,mean_tokens,25,4,Openness low; Conscientiousness low; Extraversion high; Agreeableness low; Neuroticism low,7.4177175
naturalistic_behavioral,mean_tokens,25,5,Openness low; Conscientiousness low; Extraversion high; Agreeableness low; Neuroticism high,8.539518
naturalistic_behavioral,mean_tokens,25,6,Openness low; Conscientiousness low; Extraversion high; Agreeableness high; Neuroticism low,7.5259647
naturalistic_behavioral,mean_tokens,25,7,Openness low; Conscientiousness low; Extraversion high; Agreeableness high; Neuroticism high,4.988488
naturalistic_behavioral,mean_tokens,25,8,Openness low; Conscientiousness high; Extraversion low; Agreeableness low; Neuroticism low,7.7420177
naturalistic_behavioral,mean_tokens,25,9,Openness low; Conscientiousness high; Extraversion low; Agreeableness low; Neuroticism high,7.7722335
naturalistic_behavioral,mean_tokens,25,10,Openness low; Conscientiousness high; Extraversion low; Agreeableness high; Neuroticism low,7.91381
naturalistic_behavioral,mean_tokens,25,11,Openness low; Conscientiousness high; Extraversion low; Agreeableness high; Neuroticism high,7.4878583
naturalistic_behavioral,mean_tokens,25,12,Openness low; Conscientiousness high; Extraversion high; Agreeableness low; Neuroticism low,7.826965
naturalistic_behavioral,mean_tokens,25,13,Openness low; Conscientiousness high; Extraversion high; Agreeableness low; Neuroticism high,7.083477
naturalistic_behavioral,mean_tokens,25,14,Openness low; Conscientiousness high; Extraversion high; Agreeableness high; Neuroticism low,7.7122607
naturalistic_behavioral,mean_tokens,25,15,Openness low; Conscientiousness high; Extraversion high; Agreeableness high; Neuroticism high,8.509318
naturalistic_behavioral,mean_tokens,25,16,Openness high; Conscientiousness low; Extraversion low; Agreeableness low; Neuroticism low,7.776242
naturalistic_behavioral,mean_tokens,25,17,Openness high; Conscientiousness low; Extraversion low; Agreeableness low; Neuroticism high,7.867387
naturalistic_behavioral,mean_tokens,25,18,Openness high; Conscientiousness low; Extraversion low; Agreeableness high; Neuroticism low,7.827147
naturalistic_behavioral,mean_tokens,25,19,Openness high; Conscientiousness low; Extraversion low; Agreeableness high; Neuroticism high,8.388349
naturalistic_behavioral,mean_tokens,25,20,Openness high; Conscientiousness low; Extraversion high; Agreeableness low; Neuroticism low,8.086863
naturalistic_behavioral,mean_tokens,25,21,Openness high; Conscientiousness low; Extraversion high; Agreeableness low; Neuroticism high,8.163702
naturalistic_behavioral,mean_tokens,25,22,Openness high; Conscientiousness low; Extraversion high; Agreeableness high; Neuroticism low,7.71944
naturalistic_behavioral,mean_tokens,25,23,Openness high; Conscientiousness low; Extraversion high; Agreeableness high; Neuroticism high,5.2337003
naturalistic_behavioral,mean_tokens,25,24,Openness high; Conscientiousness high; Extraversion low; Agreeableness low; Neuroticism low,7.6788683
naturalistic_behavioral,mean_tokens,25,25,Openness high; Conscientiousness high; Extraversion low; Agreeableness low; Neuroticism high,7.7362823
naturalistic_behavioral,mean_tokens,25,26,Openness high; Conscientiousness high; Extraversion low; Agreeableness high; Neuroticism low,7.691559
naturalistic_behavioral,mean_tokens,25,27,Openness high; Conscientiousness high; Extraversion low; Agreeableness high; Neuroticism high,7.7572837
naturalistic_behavioral,mean_tokens,25,28,Openness high; Conscientiousness high; Extraversion high; Agreeableness low; Neuroticism low,7.4555144
naturalistic_behavioral,mean_tokens,25,29,Openness high; Conscientiousness high; Extraversion high; Agreeableness low; Neuroticism high,7.6111255
naturalistic_behavioral,mean_tokens,25,30,Openness high; Conscientiousness high; Extraversion high; Agreeableness high; Neuroticism low,8.027302
naturalistic_behavioral,mean_tokens,25,31,Openness high; Conscientiousness high; Extraversion high; Agreeableness high; Neuroticism high,7.7418118
naturalistic_behavioral,mean_tokens,26,0,Openness low; Conscientiousness low; Extraversion low; Agreeableness low; Neuroticism low,7.7453265
naturalistic_behavioral,mean_tokens,26,1,Openness low; Conscientiousness low; Extraversion low; Agreeableness low; Neuroticism high,7.6179676
naturalistic_behavioral,mean_tokens,26,2,Openness low; Conscientiousness low; Extraversion low; Agreeableness high; Neuroticism low,8.135187
naturalistic_behavioral,mean_tokens,26,3,Openness low; Conscientiousness low; Extraversion low; Agreeableness high; Neuroticism high,8.0639515
naturalistic_behavioral,mean_tokens,26,4,Openness low; Conscientiousness low; Extraversion high; Agreeableness low; Neuroticism low,8.082899
naturalistic_behavioral,mean_tokens,26,5,Openness low; Conscientiousness low; Extraversion high; Agreeableness low; Neuroticism high,9.259943
naturalistic_behavioral,mean_tokens,26,6,Openness low; Conscientiousness low; Extraversion high; Agreeableness high; Neuroticism low,8.277487
naturalistic_behavioral,mean_tokens,26,7,Openness low; Conscientiousness low; Extraversion high; Agreeableness high; Neuroticism high,5.4968405
naturalistic_behavioral,mean_tokens,26,8,Openness low; Conscientiousness high; Extraversion low; Agreeableness low; Neuroticism low,8.463628
naturalistic_behavioral,mean_tokens,26,9,Openness low; Conscientiousness high; Extraversion low; Agreeableness low; Neuroticism high,8.442338
naturalistic_behavioral,mean_tokens,26,10,Openness low; Conscientiousness high; Extraversion low; Agreeableness high; Neuroticism low,8.653578
naturalistic_behavioral,mean_tokens,26,11,Openness low; Conscientiousness high; Extraversion low; Agreeableness high; Neuroticism high,8.250008
naturalistic_behavioral,mean_tokens,26,12,Openness low; Conscientiousness high; Extraversion high; Agreeableness low; Neuroticism low,8.519002
naturalistic_behavioral,mean_tokens,26,13,Openness low; Conscientiousness high; Extraversion high; Agreeableness low; Neuroticism high,7.75455
naturalistic_behavioral,mean_tokens,26,14,Openness low; Conscientiousness high; Extraversion high; Agreeableness high; Neuroticism low,8.377613
naturalistic_behavioral,mean_tokens,26,15,Openness low; Conscientiousness high; Extraversion high; Agreeableness high; Neuroticism high,9.293917
naturalistic_behavioral,mean_tokens,26,16,Openness high; Conscientiousness low; Extraversion low; Agreeableness low; Neuroticism low,8.579064
naturalistic_behavioral,mean_tokens,26,17,Openness high; Conscientiousness low; Extraversion low; Agreeableness low; Neuroticism high,8.542435
naturalistic_behavioral,mean_tokens,26,18,Openness high; Conscientiousness low; Extraversion low; Agreeableness high; Neuroticism low,8.587997
naturalistic_behavioral,mean_tokens,26,19,Openness high; Conscientiousness low; Extraversion low; Agreeableness high; Neuroticism high,9.198624
naturalistic_behavioral,mean_tokens,26,20,Openness high; Conscientiousness low; Extraversion high; Agreeableness low; Neuroticism low,8.824396
naturalistic_behavioral,mean_tokens,26,21,Openness high; Conscientiousness low; Extraversion high; Agreeableness low; Neuroticism high,8.99964
naturalistic_behavioral,mean_tokens,26,22,Openness high; Conscientiousness low; Extraversion high; Agreeableness high; Neuroticism low,8.395552
naturalistic_behavioral,mean_tokens,26,23,Openness high; Conscientiousness low; Extraversion high; Agreeableness high; Neuroticism high,5.6392207
naturalistic_behavioral,mean_tokens,26,24,Openness high; Conscientiousness high; Extraversion low; Agreeableness low; Neuroticism low,8.396359
naturalistic_behavioral,mean_tokens,26,25,Openness high; Conscientiousness high; Extraversion low; Agreeableness low; Neuroticism high,8.521197
naturalistic_behavioral,mean_tokens,26,26,Openness high; Conscientiousness high; Extraversion low; Agreeableness high; Neuroticism low,8.480384
naturalistic_behavioral,mean_tokens,26,27,Openness high; Conscientiousness high; Extraversion low; Agreeableness high; Neuroticism high,8.451019
naturalistic_behavioral,mean_tokens,26,28,Openness high; Conscientiousness high; Extraversion high; Agreeableness low; Neuroticism low,8.144748
naturalistic_behavioral,mean_tokens,26,29,Openness high; Conscientiousness high; Extraversion high; Agreeableness low; Neuroticism high,8.254313
naturalistic_behavioral,mean_tokens,26,30,Openness high; Conscientiousness high; Extraversion high; Agreeableness high; Neuroticism low,8.739412
naturalistic_behavioral,mean_tokens,26,31,Openness high; Conscientiousness high; Extraversion high; Agreeableness high; Neuroticism high,8.390791
naturalistic_behavioral,mean_tokens,27,0,Openness low; Conscientiousness low; Extraversion low; Agreeableness low; Neuroticism low,8.454949
naturalistic_behavioral,mean_tokens,27,1,Openness low; Conscientiousness low; Extraversion low; Agreeableness low; Neuroticism high,8.307145
naturalistic_behavioral,mean_tokens,27,2,Openness low; Conscientiousness low; Extraversion low; Agreeableness high; Neuroticism low,8.94784
naturalistic_behavioral,mean_tokens,27,3,Openness low; Conscientiousness low; Extraversion low; Agreeableness high; Neuroticism high,8.94719
naturalistic_behavioral,mean_tokens,27,4,Openness low; Conscientiousness low; Extraversion high; Agreeableness low; Neuroticism low,8.880255
naturalistic_behavioral,mean_tokens,27,5,Openness low; Conscientiousness low; Extraversion high; Agreeableness low; Neuroticism high,10.133837
naturalistic_behavioral,mean_tokens,27,6,Openness low; Conscientiousness low; Extraversion high; Agreeableness high; Neuroticism low,9.117914
naturalistic_behavioral,mean_tokens,27,7,Openness low; Conscientiousness low; Extraversion high; Agreeableness high; Neuroticism high,6.0112567
naturalistic_behavioral,mean_tokens,27,8,Openness low; Conscientiousness high; Extraversion low; Agreeableness low; Neuroticism low,9.262578
naturalistic_behavioral,mean_tokens,27,9,Openness low; Conscientiousness high; Extraversion low; Agreeableness low; Neuroticism high,9.289267
naturalistic_behavioral,mean_tokens,27,10,Openness low; Conscientiousness high; Extraversion low; Agreeableness high; Neuroticism low,9.515043
naturalistic_behavioral,mean_tokens,27,11,Openness low; Conscientiousness high; Extraversion low; Agreeableness high; Neuroticism high,9.168234
naturalistic_behavioral,mean_tokens,27,12,Openness low; Conscientiousness high; Extraversion high; Agreeableness low; Neuroticism low,9.379372
naturalistic_behavioral,mean_tokens,27,13,Openness low; Conscientiousness high; Extraversion high; Agreeableness low; Neuroticism high,8.500148
naturalistic_behavioral,mean_tokens,27,14,Openness low; Conscientiousness high; Extraversion high; Agreeableness high; Neuroticism low,9.268597
naturalistic_behavioral,mean_tokens,27,15,Openness low; Conscientiousness high; Extraversion high; Agreeableness high; Neuroticism high,10.30653
naturalistic_behavioral,mean_tokens,27,16,Openness high; Conscientiousness low; Extraversion low; Agreeableness low; Neuroticism low,9.444763
naturalistic_behavioral,mean_tokens,27,17,Openness high; Conscientiousness low; Extraversion low; Agreeableness low; Neuroticism high,9.370128
naturalistic_behavioral,mean_tokens,27,18,Openness high; Conscientiousness low; Extraversion low; Agreeableness high; Neuroticism low,9.470307
naturalistic_behavioral,mean_tokens,27,19,Openness high; Conscientiousness low; Extraversion low; Agreeableness high; Neuroticism high,10.178195
naturalistic_behavioral,mean_tokens,27,20,Openness high; Conscientiousness low; Extraversion high; Agreeableness low; Neuroticism low,9.663313
naturalistic_behavioral,mean_tokens,27,21,Openness high; Conscientiousness low; Extraversion high; Agreeableness low; Neuroticism high,9.933501
naturalistic_behavioral,mean_tokens,27,22,Openness high; Conscientiousness low; Extraversion high; Agreeableness high; Neuroticism low,9.271926
naturalistic_behavioral,mean_tokens,27,23,Openness high; Conscientiousness low; Extraversion high; Agreeableness high; Neuroticism high,6.1566033
naturalistic_behavioral,mean_tokens,27,24,Openness high; Conscientiousness high; Extraversion low; Agreeableness low; Neuroticism low,9.251245
naturalistic_behavioral,mean_tokens,27,25,Openness high; Conscientiousness high; Extraversion low; Agreeableness low; Neuroticism high,9.3745165
naturalistic_behavioral,mean_tokens,27,26,Openness high; Conscientiousness high; Extraversion low; Agreeableness high; Neuroticism low,9.323001
naturalistic_behavioral,mean_tokens,27,27,Openness high; Conscientiousness high; Extraversion low; Agreeableness high; Neuroticism high,9.223322
naturalistic_behavioral,mean_tokens,27,28,Openness high; Conscientiousness high; Extraversion high; Agreeableness low; Neuroticism low,8.888409
naturalistic_behavioral,mean_tokens,27,29,Openness high; Conscientiousness high; Extraversion high; Agreeableness low; Neuroticism high,9.038148
naturalistic_behavioral,mean_tokens,27,30,Openness high; Conscientiousness high; Extraversion high; Agreeableness high; Neuroticism low,9.670026
naturalistic_behavioral,mean_tokens,27,31,Openness high; Conscientiousness high; Extraversion high; Agreeableness high; Neuroticism high,9.210863
naturalistic_behavioral,mean_tokens,28,0,Openness low; Conscientiousness low; Extraversion low; Agreeableness low; Neuroticism low,8.965839
naturalistic_behavioral,mean_tokens,28,1,Openness low; Conscientiousness low; Extraversion low; Agreeableness low; Neuroticism high,8.768996
naturalistic_behavioral,mean_tokens,28,2,Openness low; Conscientiousness low; Extraversion low; Agreeableness high; Neuroticism low,9.590629
naturalistic_behavioral,mean_tokens,28,3,Openness low; Conscientiousness low; Extraversion low; Agreeableness high; Neuroticism high,9.45636
naturalistic_behavioral,mean_tokens,28,4,Openness low; Conscientiousness low; Extraversion high; Agreeableness low; Neuroticism low,9.480688
naturalistic_behavioral,mean_tokens,28,5,Openness low; Conscientiousness low; Extraversion high; Agreeableness low; Neuroticism high,10.687951
naturalistic_behavioral,mean_tokens,28,6,Openness low; Conscientiousness low; Extraversion high; Agreeableness high; Neuroticism low,9.750325
naturalistic_behavioral,mean_tokens,28,7,Openness low; Conscientiousness low; Extraversion high; Agreeableness high; Neuroticism high,6.3827543
naturalistic_behavioral,mean_tokens,28,8,Openness low; Conscientiousness high; Extraversion low; Agreeableness low; Neuroticism low,9.844383
naturalistic_behavioral,mean_tokens,28,9,Openness low; Conscientiousness high; Extraversion low; Agreeableness low; Neuroticism high,9.84008
naturalistic_behavioral,mean_tokens,28,10,Openness low; Conscientiousness high; Extraversion low; Agreeableness high; Neuroticism low,10.233649
naturalistic_behavioral,mean_tokens,28,11,Openness low; Conscientiousness high; Extraversion low; Agreeableness high; Neuroticism high,9.688607
naturalistic_behavioral,mean_tokens,28,12,Openness low; Conscientiousness high; Extraversion high; Agreeableness low; Neuroticism low,9.949762
naturalistic_behavioral,mean_tokens,28,13,Openness low; Conscientiousness high; Extraversion high; Agreeableness low; Neuroticism high,9.131428
naturalistic_behavioral,mean_tokens,28,14,Openness low; Conscientiousness high; Extraversion high; Agreeableness high; Neuroticism low,9.763567
naturalistic_behavioral,mean_tokens,28,15,Openness low; Conscientiousness high; Extraversion high; Agreeableness high; Neuroticism high,11.086666
naturalistic_behavioral,mean_tokens,28,16,Openness high; Conscientiousness low; Extraversion low; Agreeableness low; Neuroticism low,10.160473
naturalistic_behavioral,mean_tokens,28,17,Openness high; Conscientiousness low; Extraversion low; Agreeableness low; Neuroticism high,9.963836
naturalistic_behavioral,mean_tokens,28,18,Openness high; Conscientiousness low; Extraversion low; Agreeableness high; Neuroticism low,9.99372
naturalistic_behavioral,mean_tokens,28,19,Openness high; Conscientiousness low; Extraversion low; Agreeableness high; Neuroticism high,10.967173
naturalistic_behavioral,mean_tokens,28,20,Openness high; Conscientiousness low; Extraversion high; Agreeableness low; Neuroticism low,10.287834
naturalistic_behavioral,mean_tokens,28,21,Openness high; Conscientiousness low; Extraversion high; Agreeableness low; Neuroticism high,10.56388
naturalistic_behavioral,mean_tokens,28,22,Openness high; Conscientiousness low; Extraversion high; Agreeableness high; Neuroticism low,9.784067
naturalistic_behavioral,mean_tokens,28,23,Openness high; Conscientiousness low; Extraversion high; Agreeableness high; Neuroticism high,6.490112
naturalistic_behavioral,mean_tokens,28,24,Openness high; Conscientiousness high; Extraversion low; Agreeableness low; Neuroticism low,9.878238
naturalistic_behavioral,mean_tokens,28,25,Openness high; Conscientiousness high; Extraversion low; Agreeableness low; Neuroticism high,10.025299
naturalistic_behavioral,mean_tokens,28,26,Openness high; Conscientiousness high; Extraversion low; Agreeableness high; Neuroticism low,10.024212
naturalistic_behavioral,mean_tokens,28,27,Openness high; Conscientiousness high; Extraversion low; Agreeableness high; Neuroticism high,9.712649
naturalistic_behavioral,mean_tokens,28,28,Openness high; Conscientiousness high; Extraversion high; Agreeableness low; Neuroticism low,9.42044
naturalistic_behavioral,mean_tokens,28,29,Openness high; Conscientiousness high; Extraversion high; Agreeableness low; Neuroticism high,9.635368
naturalistic_behavioral,mean_tokens,28,30,Openness high; Conscientiousness high; Extraversion high; Agreeableness high; Neuroticism low,10.317661
naturalistic_behavioral,mean_tokens,28,31,Openness high; Conscientiousness high; Extraversion high; Agreeableness high; Neuroticism high,9.787174
naturalistic_behavioral,mean_tokens,29,0,Openness low; Conscientiousness low; Extraversion low; Agreeableness low; Neuroticism low,10.460877
naturalistic_behavioral,mean_tokens,29,1,Openness low; Conscientiousness low; Extraversion low; Agreeableness low; Neuroticism high,10.326519
naturalistic_behavioral,mean_tokens,29,2,Openness low; Conscientiousness low; Extraversion low; Agreeableness high; Neuroticism low,11.226282
naturalistic_behavioral,mean_tokens,29,3,Openness low; Conscientiousness low; Extraversion low; Agreeableness high; Neuroticism high,11.20489
naturalistic_behavioral,mean_tokens,29,4,Openness low; Conscientiousness low; Extraversion high; Agreeableness low; Neuroticism low,11.100724
naturalistic_behavioral,mean_tokens,29,5,Openness low; Conscientiousness low; Extraversion high; Agreeableness low; Neuroticism high,12.290515
naturalistic_behavioral,mean_tokens,29,6,Openness low; Conscientiousness low; Extraversion high; Agreeableness high; Neuroticism low,11.303792
naturalistic_behavioral,mean_tokens,29,7,Openness low; Conscientiousness low; Extraversion high; Agreeableness high; Neuroticism high,7.327567
naturalistic_behavioral,mean_tokens,29,8,Openness low; Conscientiousness high; Extraversion low; Agreeableness low; Neuroticism low,11.483305
naturalistic_behavioral,mean_tokens,29,9,Openness low; Conscientiousness high; Extraversion low; Agreeableness low; Neuroticism high,11.334295
naturalistic_behavioral,mean_tokens,29,10,Openness low; Conscientiousness high; Extraversion low; Agreeableness high; Neuroticism low,12.001331
naturalistic_behavioral,mean_tokens,29,11,Openness low; Conscientiousness high; Extraversion low; Agreeableness high; Neuroticism high,11.139076
naturalistic_behavioral,mean_tokens,29,12,Openness low; Conscientiousness high; Extraversion high; Agreeableness low; Neuroticism low,11.526623
naturalistic_behavioral,mean_tokens,29,13,Openness low; Conscientiousness high; Extraversion high; Agreeableness low; Neuroticism high,10.6844225
naturalistic_behavioral,mean_tokens,29,14,Openness low; Conscientiousness high; Extraversion high; Agreeableness high; Neuroticism low,11.426918
naturalistic_behavioral,mean_tokens,29,15,Openness low; Conscientiousness high; Extraversion high; Agreeableness high; Neuroticism high,13.060585
naturalistic_behavioral,mean_tokens,29,16,Openness high; Conscientiousness low; Extraversion low; Agreeableness low; Neuroticism low,11.936076
naturalistic_behavioral,mean_tokens,29,17,Openness high; Conscientiousness low; Extraversion low; Agreeableness low; Neuroticism high,11.823838
naturalistic_behavioral,mean_tokens,29,18,Openness high; Conscientiousness low; Extraversion low; Agreeableness high; Neuroticism low,11.667931
naturalistic_behavioral,mean_tokens,29,19,Openness high; Conscientiousness low; Extraversion low; Agreeableness high; Neuroticism high,12.602479
naturalistic_behavioral,mean_tokens,29,20,Openness high; Conscientiousness low; Extraversion high; Agreeableness low; Neuroticism low,12.04543
naturalistic_behavioral,mean_tokens,29,21,Openness high; Conscientiousness low; Extraversion high; Agreeableness low; Neuroticism high,12.47285
naturalistic_behavioral,mean_tokens,29,22,Openness high; Conscientiousness low; Extraversion high; Agreeableness high; Neuroticism low,11.361444
naturalistic_behavioral,mean_tokens,29,23,Openness high; Conscientiousness low; Extraversion high; Agreeableness high; Neuroticism high,7.429534
naturalistic_behavioral,mean_tokens,29,24,Openness high; Conscientiousness high; Extraversion low; Agreeableness low; Neuroticism low,11.550638
naturalistic_behavioral,mean_tokens,29,25,Openness high; Conscientiousness high; Extraversion low; Agreeableness low; Neuroticism high,11.660218
naturalistic_behavioral,mean_tokens,29,26,Openness high; Conscientiousness high; Extraversion low; Agreeableness high; Neuroticism low,11.680094
naturalistic_behavioral,mean_tokens,29,27,Openness high; Conscientiousness high; Extraversion low; Agreeableness high; Neuroticism high,11.130918
naturalistic_behavioral,mean_tokens,29,28,Openness high; Conscientiousness high; Extraversion high; Agreeableness low; Neuroticism low,11.083071
naturalistic_behavioral,mean_tokens,29,29,Openness high; Conscientiousness high; Extraversion high; Agreeableness low; Neuroticism high,11.085511
naturalistic_behavioral,mean_tokens,29,30,Openness high; Conscientiousness high; Extraversion high; Agreeableness high; Neuroticism low,12.036214
naturalistic_behavioral,mean_tokens,29,31,Openness high; Conscientiousness high; Extraversion high; Agreeableness high; Neuroticism high,11.280449
naturalistic_behavioral,mean_tokens,30,0,Openness low; Conscientiousness low; Extraversion low; Agreeableness low; Neuroticism low,14.132922
naturalistic_behavioral,mean_tokens,30,1,Openness low; Conscientiousness low; Extraversion low; Agreeableness low; Neuroticism high,14.068461
naturalistic_behavioral,mean_tokens,30,2,Openness low; Conscientiousness low; Extraversion low; Agreeableness high; Neuroticism low,14.641804
naturalistic_behavioral,mean_tokens,30,3,Openness low; Conscientiousness low; Extraversion low; Agreeableness high; Neuroticism high,14.92703
naturalistic_behavioral,mean_tokens,30,4,Openness low; Conscientiousness low; Extraversion high; Agreeableness low; Neuroticism low,14.400916
naturalistic_behavioral,mean_tokens,30,5,Openness low; Conscientiousness low; Extraversion high; Agreeableness low; Neuroticism high,15.336935
naturalistic_behavioral,mean_tokens,30,6,Openness low; Conscientiousness low; Extraversion high; Agreeableness high; Neuroticism low,14.926822
naturalistic_behavioral,mean_tokens,30,7,Openness low; Conscientiousness low; Extraversion high; Agreeableness high; Neuroticism high,9.790753
naturalistic_behavioral,mean_tokens,30,8,Openness low; Conscientiousness high; Extraversion low; Agreeableness low; Neuroticism low,15.410089
naturalistic_behavioral,mean_tokens,30,9,Openness low; Conscientiousness high; Extraversion low; Agreeableness low; Neuroticism high,15.160298
naturalistic_behavioral,mean_tokens,30,10,Openness low; Conscientiousness high; Extraversion low; Agreeableness high; Neuroticism low,15.98913
naturalistic_behavioral,mean_tokens,30,11,Openness low; Conscientiousness high; Extraversion low; Agreeableness high; Neuroticism high,15.213733
naturalistic_behavioral,mean_tokens,30,12,Openness low; Conscientiousness high; Extraversion high; Agreeableness low; Neuroticism low,14.963874
naturalistic_behavioral,mean_tokens,30,13,Openness low; Conscientiousness high; Extraversion high; Agreeableness low; Neuroticism high,13.997017
naturalistic_behavioral,mean_tokens,30,14,Openness low; Conscientiousness high; Extraversion high; Agreeableness high; Neuroticism low,15.182563
naturalistic_behavioral,mean_tokens,30,15,Openness low; Conscientiousness high; Extraversion high; Agreeableness high; Neuroticism high,16.53256
naturalistic_behavioral,mean_tokens,30,16,Openness high; Conscientiousness low; Extraversion low; Agreeableness low; Neuroticism low,15.644401
naturalistic_behavioral,mean_tokens,30,17,Openness high; Conscientiousness low; Extraversion low; Agreeableness low; Neuroticism high,15.517243
naturalistic_behavioral,mean_tokens,30,18,Openness high; Conscientiousness low; Extraversion low; Agreeableness high; Neuroticism low,15.792834
naturalistic_behavioral,mean_tokens,30,19,Openness high; Conscientiousness low; Extraversion low; Agreeableness high; Neuroticism high,16.77194
naturalistic_behavioral,mean_tokens,30,20,Openness high; Conscientiousness low; Extraversion high; Agreeableness low; Neuroticism low,15.871238
naturalistic_behavioral,mean_tokens,30,21,Openness high; Conscientiousness low; Extraversion high; Agreeableness low; Neuroticism high,16.162075
naturalistic_behavioral,mean_tokens,30,22,Openness high; Conscientiousness low; Extraversion high; Agreeableness high; Neuroticism low,14.335776
naturalistic_behavioral,mean_tokens,30,23,Openness high; Conscientiousness low; Extraversion high; Agreeableness high; Neuroticism high,9.290541
naturalistic_behavioral,mean_tokens,30,24,Openness high; Conscientiousness high; Extraversion low; Agreeableness low; Neuroticism low,15.30266
naturalistic_behavioral,mean_tokens,30,25,Openness high; Conscientiousness high; Extraversion low; Agreeableness low; Neuroticism high,15.640369
naturalistic_behavioral,mean_tokens,30,26,Openness high; Conscientiousness high; Extraversion low; Agreeableness high; Neuroticism low,15.427096
naturalistic_behavioral,mean_tokens,30,27,Openness high; Conscientiousness high; Extraversion low; Agreeableness high; Neuroticism high,14.355966
naturalistic_behavioral,mean_tokens,30,28,Openness high; Conscientiousness high; Extraversion high; Agreeableness low; Neuroticism low,14.45778
naturalistic_behavioral,mean_tokens,30,29,Openness high; Conscientiousness high; Extraversion high; Agreeableness low; Neuroticism high,14.663573
naturalistic_behavioral,mean_tokens,30,30,Openness high; Conscientiousness high; Extraversion high; Agreeableness high; Neuroticism low,15.626144
naturalistic_behavioral,mean_tokens,30,31,Openness high; Conscientiousness high; Extraversion high; Agreeableness high; Neuroticism high,14.755675
naturalistic_behavioral,mean_tokens,31,0,Openness low; Conscientiousness low; Extraversion low; Agreeableness low; Neuroticism low,28.659962
naturalistic_behavioral,mean_tokens,31,1,Openness low; Conscientiousness low; Extraversion low; Agreeableness low; Neuroticism high,29.37716
naturalistic_behavioral,mean_tokens,31,2,Openness low; Conscientiousness low; Extraversion low; Agreeableness high; Neuroticism low,26.792927
naturalistic_behavioral,mean_tokens,31,3,Openness low; Conscientiousness low; Extraversion low; Agreeableness high; Neuroticism high,27.947927
naturalistic_behavioral,mean_tokens,31,4,Openness low; Conscientiousness low; Extraversion high; Agreeableness low; Neuroticism low,28.235313
naturalistic_behavioral,mean_tokens,31,5,Openness low; Conscientiousness low; Extraversion high; Agreeableness low; Neuroticism high,28.048555
naturalistic_behavioral,mean_tokens,31,6,Openness low; Conscientiousness low; Extraversion high; Agreeableness high; Neuroticism low,28.003439
naturalistic_behavioral,mean_tokens,31,7,Openness low; Conscientiousness low; Extraversion high; Agreeableness high; Neuroticism high,20.942263
naturalistic_behavioral,mean_tokens,31,8,Openness low; Conscientiousness high; Extraversion low; Agreeableness low; Neuroticism low,30.796288
naturalistic_behavioral,mean_tokens,31,9,Openness low; Conscientiousness high; Extraversion low; Agreeableness low; Neuroticism high,32.188965
naturalistic_behavioral,mean_tokens,31,10,Openness low; Conscientiousness high; Extraversion low; Agreeableness high; Neuroticism low,30.740498
naturalistic_behavioral,mean_tokens,31,11,Openness low; Conscientiousness high; Extraversion low; Agreeableness high; Neuroticism high,31.78647
naturalistic_behavioral,mean_tokens,31,12,Openness low; Conscientiousness high; Extraversion high; Agreeableness low; Neuroticism low,29.500101
naturalistic_behavioral,mean_tokens,31,13,Openness low; Conscientiousness high; Extraversion high; Agreeableness low; Neuroticism high,26.19893
naturalistic_behavioral,mean_tokens,31,14,Openness low; Conscientiousness high; Extraversion high; Agreeableness high; Neuroticism low,29.470942
naturalistic_behavioral,mean_tokens,31,15,Openness low; Conscientiousness high; Extraversion high; Agreeableness high; Neuroticism high,30.32015
naturalistic_behavioral,mean_tokens,31,16,Openness high; Conscientiousness low; Extraversion low; Agreeableness low; Neuroticism low,29.343287
naturalistic_behavioral,mean_tokens,31,17,Openness high; Conscientiousness low; Extraversion low; Agreeableness low; Neuroticism high,30.693846
naturalistic_behavioral,mean_tokens,31,18,Openness high; Conscientiousness low; Extraversion low; Agreeableness high; Neuroticism low,29.995632
naturalistic_behavioral,mean_tokens,31,19,Openness high; Conscientiousness low; Extraversion low; Agreeableness high; Neuroticism high,31.46739
naturalistic_behavioral,mean_tokens,31,20,Openness high; Conscientiousness low; Extraversion high; Agreeableness low; Neuroticism low,30.63744
naturalistic_behavioral,mean_tokens,31,21,Openness high; Conscientiousness low; Extraversion high; Agreeableness low; Neuroticism high,30.382523
naturalistic_behavioral,mean_tokens,31,22,Openness high; Conscientiousness low; Extraversion high; Agreeableness high; Neuroticism low,24.0771
naturalistic_behavioral,mean_tokens,31,23,Openness high; Conscientiousness low; Extraversion high; Agreeableness high; Neuroticism high,15.9812
naturalistic_behavioral,mean_tokens,31,24,Openness high; Conscientiousness high; Extraversion low; Agreeableness low; Neuroticism low,28.996397
naturalistic_behavioral,mean_tokens,31,25,Openness high; Conscientiousness high; Extraversion low; Agreeableness low; Neuroticism high,32.673992
naturalistic_behavioral,mean_tokens,31,26,Openness high; Conscientiousness high; Extraversion low; Agreeableness high; Neuroticism low,28.715174
naturalistic_behavioral,mean_tokens,31,27,Openness high; Conscientiousness high; Extraversion low; Agreeableness high; Neuroticism high,27.788172
naturalistic_behavioral,mean_tokens,31,28,Openness high; Conscientiousness high; Extraversion high; Agreeableness low; Neuroticism low,27.221441
naturalistic_behavioral,mean_tokens,31,29,Openness high; Conscientiousness high; Extraversion high; Agreeableness low; Neuroticism high,28.159386
naturalistic_behavioral,mean_tokens,31,30,Openness high; Conscientiousness high; Extraversion high; Agreeableness high; Neuroticism low,30.471607
naturalistic_behavioral,mean_tokens,31,31,Openness high; Conscientiousness high; Extraversion high; Agreeableness high; Neuroticism high,27.702847
neutral_controls,final_token,0,0,Openness low; Conscientiousness low; Extraversion low; Agreeableness low; Neuroticism low,0.09112664
neutral_controls,final_token,0,1,Openness low; Conscientiousness low; Extraversion low; Agreeableness low; Neuroticism high,0.10607098
neutral_controls,final_token,0,2,Openness low; Conscientiousness low; Extraversion low; Agreeableness high; Neuroticism low,0.09424005
neutral_controls,final_token,0,3,Openness low; Conscientiousness low; Extraversion low; Agreeableness high; Neuroticism high,0.09098756
neutral_controls,final_token,0,4,Openness low; Conscientiousness low; Extraversion high; Agreeableness low; Neuroticism low,0.09365373
neutral_controls,final_token,0,5,Openness low; Conscientiousness low; Extraversion high; Agreeableness low; Neuroticism high,0.10132592
neutral_controls,final_token,0,6,Openness low; Conscientiousness low; Extraversion high; Agreeableness high; Neuroticism low,0.108361
neutral_controls,final_token,0,7,Openness low; Conscientiousness low; Extraversion high; Agreeableness high; Neuroticism high,0.03128908
neutral_controls,final_token,0,8,Openness low; Conscientiousness high; Extraversion low; Agreeableness low; Neuroticism low,0.11135188
neutral_controls,final_token,0,9,Openness low; Conscientiousness high; Extraversion low; Agreeableness low; Neuroticism high,0.11706294
neutral_controls,final_token,0,10,Openness low; Conscientiousness high; Extraversion low; Agreeableness high; Neuroticism low,0.11926159
neutral_controls,final_token,0,11,Openness low; Conscientiousness high; Extraversion low; Agreeableness high; Neuroticism high,0.14004283
neutral_controls,final_token,0,12,Openness low; Conscientiousness high; Extraversion high; Agreeableness low; Neuroticism low,0.09596051
neutral_controls,final_token,0,13,Openness low; Conscientiousness high; Extraversion high; Agreeableness low; Neuroticism high,0.089113876
neutral_controls,final_token,0,14,Openness low; Conscientiousness high; Extraversion high; Agreeableness high; Neuroticism low,0.09809745
neutral_controls,final_token,0,15,Openness low; Conscientiousness high; Extraversion high; Agreeableness high; Neuroticism high,0.07957834
neutral_controls,final_token,0,16,Openness high; Conscientiousness low; Extraversion low; Agreeableness low; Neuroticism low,0.09212902
neutral_controls,final_token,0,17,Openness high; Conscientiousness low; Extraversion low; Agreeableness low; Neuroticism high,0.119098015
neutral_controls,final_token,0,18,Openness high; Conscientiousness low; Extraversion low; Agreeableness high; Neuroticism low,0.07225044
neutral_controls,final_token,0,19,Openness high; Conscientiousness low; Extraversion low; Agreeableness high; Neuroticism high,0.058143713
neutral_controls,final_token,0,20,Openness high; Conscientiousness low; Extraversion high; Agreeableness low; Neuroticism low,0.0930154
neutral_controls,final_token,0,21,Openness high; Conscientiousness low; Extraversion high; Agreeableness low; Neuroticism high,0.102423705
neutral_controls,final_token,0,22,Openness high; Conscientiousness low; Extraversion high; Agreeableness high; Neuroticism low,0.08628151
neutral_controls,final_token,0,23,Openness high; Conscientiousness low; Extraversion high; Agreeableness high; Neuroticism high,0.035061628
neutral_controls,final_token,0,24,Openness high; Conscientiousness high; Extraversion low; Agreeableness low; Neuroticism low,0.09331519
neutral_controls,final_token,0,25,Openness high; Conscientiousness high; Extraversion low; Agreeableness low; Neuroticism high,0.10978968
neutral_controls,final_token,0,26,Openness high; Conscientiousness high; Extraversion low; Agreeableness high; Neuroticism low,0.10440451
neutral_controls,final_token,0,27,Openness high; Conscientiousness high; Extraversion low; Agreeableness high; Neuroticism high,0.096392676
neutral_controls,final_token,0,28,Openness high; Conscientiousness high; Extraversion high; Agreeableness low; Neuroticism low,0.10412649
neutral_controls,final_token,0,29,Openness high; Conscientiousness high; Extraversion high; Agreeableness low; Neuroticism high,0.0979309
neutral_controls,final_token,0,30,Openness high; Conscientiousness high; Extraversion high; Agreeableness high; Neuroticism low,0.109814964
neutral_controls,final_token,0,31,Openness high; Conscientiousness high; Extraversion high; Agreeableness high; Neuroticism high,0.09422113
neutral_controls,final_token,1,0,Openness low; Conscientiousness low; Extraversion low; Agreeableness low; Neuroticism low,0.19163212
neutral_controls,final_token,1,1,Openness low; Conscientiousness low; Extraversion low; Agreeableness low; Neuroticism high,0.20934778
neutral_controls,final_token,1,2,Openness low; Conscientiousness low; Extraversion low; Agreeableness high; Neuroticism low,0.19811507
neutral_controls,final_token,1,3,Openness low; Conscientiousness low; Extraversion low; Agreeableness high; Neuroticism high,0.17132658
neutral_controls,final_token,1,4,Openness low; Conscientiousness low; Extraversion high; Agreeableness low; Neuroticism low,0.20419534
neutral_controls,final_token,1,5,Openness low; Conscientiousness low; Extraversion high; Agreeableness low; Neuroticism high,0.17823209
neutral_controls,final_token,1,6,Openness low; Conscientiousness low; Extraversion high; Agreeableness high; Neuroticism low,0.21354839
neutral_controls,final_token,1,7,Openness low; Conscientiousness low; Extraversion high; Agreeableness high; Neuroticism high,0.05690155
neutral_controls,final_token,1,8,Openness low; Conscientiousness high; Extraversion low; Agreeableness low; Neuroticism low,0.22616257
neutral_controls,final_token,1,9,Openness low; Conscientiousness high; Extraversion low; Agreeableness low; Neuroticism high,0.23635884
neutral_controls,final_token,1,10,Openness low; Conscientiousness high; Extraversion low; Agreeableness high; Neuroticism low,0.22635308
neutral_controls,final_token,1,11,Openness low; Conscientiousness high; Extraversion low; Agreeableness high; Neuroticism high,0.25335371
neutral_controls,final_token,1,12,Openness low; Conscientiousness high; Extraversion high; Agreeableness low; Neuroticism low,0.20275089
neutral_controls,final_token,1,13,Openness low; Conscientiousness high; Extraversion high; Agreeableness low; Neuroticism high,0.18746836
neutral_controls,final_token,1,14,Openness low; Conscientiousness high; Extraversion high; Agreeableness high; Neuroticism low,0.20495498
neutral_controls,final_token,1,15,Openness low; Conscientiousness high; Extraversion high; Agreeableness high; Neuroticism high,0.16920018
neutral_controls,final_token,1,16,Openness high; Conscientiousness low; Extraversion low; Agreeableness low; Neuroticism low,0.18557377
neutral_controls,final_token,1,17,Openness high; Conscientiousness low; Extraversion low; Agreeableness low; Neuroticism high,0.21902119
neutral_controls,final_token,1,18,Openness high; Conscientiousness low; Extraversion low; Agreeableness high; Neuroticism low,0.15972173
neutral_controls,final_token,1,19,Openness high; Conscientiousness low; Extraversion low; Agreeableness high; Neuroticism high,0.12665313
neutral_controls,final_token,1,20,Openness high; Conscientiousness low; Extraversion high; Agreeableness low; Neuroticism low,0.18334618
neutral_controls,final_token,1,21,Openness high; Conscientiousness low; Extraversion high; Agreeableness low; Neuroticism high,0.20127007
neutral_controls,final_token,1,22,Openness high; Conscientiousness low; Extraversion high; Agreeableness high; Neuroticism low,0.14580546
neutral_controls,final_token,1,23,Openness high; Conscientiousness low; Extraversion high; Agreeableness high; Neuroticism high,0.060858104
neutral_controls,final_token,1,24,Openness high; Conscientiousness high; Extraversion low; Agreeableness low; Neuroticism low,0.17589527
neutral_controls,final_token,1,25,Openness high; Conscientiousness high; Extraversion low; Agreeableness low; Neuroticism high,0.23636158
neutral_controls,final_token,1,26,Openness high; Conscientiousness high; Extraversion low; Agreeableness high; Neuroticism low,0.21088564
neutral_controls,final_token,1,27,Openness high; Conscientiousness high; Extraversion low; Agreeableness high; Neuroticism high,0.18850276
neutral_controls,final_token,1,28,Openness high; Conscientiousness high; Extraversion high; Agreeableness low; Neuroticism low,0.19769236
neutral_controls,final_token,1,29,Openness high; Conscientiousness high; Extraversion high; Agreeableness low; Neuroticism high,0.20096622
neutral_controls,final_token,1,30,Openness high; Conscientiousness high; Extraversion high; Agreeableness high; Neuroticism low,0.23584534
neutral_controls,final_token,1,31,Openness high; Conscientiousness high; Extraversion high; Agreeableness high; Neuroticism high,0.18199034
neutral_controls,final_token,2,0,Openness low; Conscientiousness low; Extraversion low; Agreeableness low; Neuroticism low,0.3548177
neutral_controls,final_token,2,1,Openness low; Conscientiousness low; Extraversion low; Agreeableness low; Neuroticism high,0.37259102
neutral_controls,final_token,2,2,Openness low; Conscientiousness low; Extraversion low; Agreeableness high; Neuroticism low,0.34850806
neutral_controls,final_token,2,3,Openness low; Conscientiousness low; Extraversion low; Agreeableness high; Neuroticism high,0.304337
neutral_controls,final_token,2,4,Openness low; Conscientiousness low; Extraversion high; Agreeableness low; Neuroticism low,0.35490197
neutral_controls,final_token,2,5,Openness low; Conscientiousness low; Extraversion high; Agreeableness low; Neuroticism high,0.3435863
neutral_controls,final_token,2,6,Openness low; Conscientiousness low; Extraversion high; Agreeableness high; Neuroticism low,0.35666412
neutral_controls,final_token,2,7,Openness low; Conscientiousness low; Extraversion high; Agreeableness high; Neuroticism high,0.11892178
neutral_controls,final_token,2,8,Openness low; Conscientiousness high; Extraversion low; Agreeableness low; Neuroticism low,0.39578643
neutral_controls,final_token,2,9,Openness low; Conscientiousness high; Extraversion low; Agreeableness low; Neuroticism high,0.3954506
neutral_controls,final_token,2,10,Openness low; Conscientiousness high; Extraversion low; Agreeableness high; Neuroticism low,0.39707932
neutral_controls,final_token,2,11,Openness low; Conscientiousness high; Extraversion low; Agreeableness high; Neuroticism high,0.41680488
neutral_controls,final_token,2,12,Openness low; Conscientiousness high; Extraversion high; Agreeableness low; Neuroticism low,0.36626318
neutral_controls,final_token,2,13,Openness low; Conscientiousness high; Extraversion high; Agreeableness low; Neuroticism high,0.3553328
neutral_controls,final_token,2,14,Openness low; Conscientiousness high; Extraversion high; Agreeableness high; Neuroticism low,0.36885718
neutral_controls,final_token,2,15,Openness low; Conscientiousness high; Extraversion high; Agreeableness high; Neuroticism high,0.2836458
neutral_controls,final_token,2,16,Openness high; Conscientiousness low; Extraversion low; Agreeableness low; Neuroticism low,0.36501223
neutral_controls,final_token,2,17,Openness high; Conscientiousness low; Extraversion low; Agreeableness low; Neuroticism high,0.38480374
neutral_controls,final_token,2,18,Openness high; Conscientiousness low; Extraversion low; Agreeableness high; Neuroticism low,0.29262507
neutral_controls,final_token,2,19,Openness high; Conscientiousness low; Extraversion low; Agreeableness high; Neuroticism high,0.26191977
neutral_controls,final_token,2,20,Openness high; Conscientiousness low; Extraversion high; Agreeableness low; Neuroticism low,0.35525063
neutral_controls,final_token,2,21,Openness high; Conscientiousness low; Extraversion high; Agreeableness low; Neuroticism high,0.3897038
neutral_controls,final_token,2,22,Openness high; Conscientiousness low; Extraversion high; Agreeableness high; Neuroticism low,0.2483612
neutral_controls,final_token,2,23,Openness high; Conscientiousness low; Extraversion high; Agreeableness high; Neuroticism high,0.11083402
neutral_controls,final_token,2,24,Openness high; Conscientiousness high; Extraversion low; Agreeableness low; Neuroticism low,0.34930527
neutral_controls,final_token,2,25,Openness high; Conscientiousness high; Extraversion low; Agreeableness low; Neuroticism high,0.40317845
neutral_controls,final_token,2,26,Openness high; Conscientiousness high; Extraversion low; Agreeableness high; Neuroticism low,0.36482432
neutral_controls,final_token,2,27,Openness high; Conscientiousness high; Extraversion low; Agreeableness high; Neuroticism high,0.3220628
neutral_controls,final_token,2,28,Openness high; Conscientiousness high; Extraversion high; Agreeableness low; Neuroticism low,0.37740734
neutral_controls,final_token,2,29,Openness high; Conscientiousness high; Extraversion high; Agreeableness low; Neuroticism high,0.35113716
neutral_controls,final_token,2,30,Openness high; Conscientiousness high; Extraversion high; Agreeableness high; Neuroticism low,0.401139
neutral_controls,final_token,2,31,Openness high; Conscientiousness high; Extraversion high; Agreeableness high; Neuroticism high,0.31887278
neutral_controls,final_token,3,0,Openness low; Conscientiousness low; Extraversion low; Agreeableness low; Neuroticism low,0.6196488
neutral_controls,final_token,3,1,Openness low; Conscientiousness low; Extraversion low; Agreeableness low; Neuroticism high,0.6517213
neutral_controls,final_token,3,2,Openness low; Conscientiousness low; Extraversion low; Agreeableness high; Neuroticism low,0.61079234
neutral_controls,final_token,3,3,Openness low; Conscientiousness low; Extraversion low; Agreeableness high; Neuroticism high,0.5876662
neutral_controls,final_token,3,4,Openness low; Conscientiousness low; Extraversion high; Agreeableness low; Neuroticism low,0.63836294
neutral_controls,final_token,3,5,Openness low; Conscientiousness low; Extraversion high; Agreeableness low; Neuroticism high,0.6356165
neutral_controls,final_token,3,6,Openness low; Conscientiousness low; Extraversion high; Agreeableness high; Neuroticism low,0.6136656
neutral_controls,final_token,3,7,Openness low; Conscientiousness low; Extraversion high; Agreeableness high; Neuroticism high,0.22752021
neutral_controls,final_token,3,8,Openness low; Conscientiousness high; Extraversion low; Agreeableness low; Neuroticism low,0.6856496
neutral_controls,final_token,3,9,Openness low; Conscientiousness high; Extraversion low; Agreeableness low; Neuroticism high,0.69426256
neutral_controls,final_token,3,10,Openness low; Conscientiousness high; Extraversion low; Agreeableness high; Neuroticism low,0.6720355
neutral_controls,final_token,3,11,Openness low; Conscientiousness high; Extraversion low; Agreeableness high; Neuroticism high,0.69457144
neutral_controls,final_token,3,12,Openness low; Conscientiousness high; Extraversion high; Agreeableness low; Neuroticism low,0.6906435
neutral_controls,final_token,3,13,Openness low; Conscientiousness high; Extraversion high; Agreeableness low; Neuroticism high,0.6656968
neutral_controls,final_token,3,14,Openness low; Conscientiousness high; Extraversion high; Agreeableness high; Neuroticism low,0.6602828
neutral_controls,final_token,3,15,Openness low; Conscientiousness high; Extraversion high; Agreeableness high; Neuroticism high,0.51165485
neutral_controls,final_token,3,16,Openness high; Conscientiousness low; Extraversion low; Agreeableness low; Neuroticism low,0.6615091
neutral_controls,final_token,3,17,Openness high; Conscientiousness low; Extraversion low; Agreeableness low; Neuroticism high,0.7007373
neutral_controls,final_token,3,18,Openness high; Conscientiousness low; Extraversion low; Agreeableness high; Neuroticism low,0.51657337
neutral_controls,final_token,3,19,Openness high; Conscientiousness low; Extraversion low; Agreeableness high; Neuroticism high,0.513494
neutral_controls,final_token,3,20,Openness high; Conscientiousness low; Extraversion high; Agreeableness low; Neuroticism low,0.684457
neutral_controls,final_token,3,21,Openness high; Conscientiousness low; Extraversion high; Agreeableness low; Neuroticism high,0.7064078
neutral_controls,final_token,3,22,Openness high; Conscientiousness low; Extraversion high; Agreeableness high; Neuroticism low,0.43234152
neutral_controls,final_token,3,23,Openness high; Conscientiousness low; Extraversion high; Agreeableness high; Neuroticism high,0.19656123
neutral_controls,final_token,3,24,Openness high; Conscientiousness high; Extraversion low; Agreeableness low; Neuroticism low,0.6215342
neutral_controls,final_token,3,25,Openness high; Conscientiousness high; Extraversion low; Agreeableness low; Neuroticism high,0.6848865
neutral_controls,final_token,3,26,Openness high; Conscientiousness high; Extraversion low; Agreeableness high; Neuroticism low,0.6584003
neutral_controls,final_token,3,27,Openness high; Conscientiousness high; Extraversion low; Agreeableness high; Neuroticism high,0.5926258
neutral_controls,final_token,3,28,Openness high; Conscientiousness high; Extraversion high; Agreeableness low; Neuroticism low,0.6926107
neutral_controls,final_token,3,29,Openness high; Conscientiousness high; Extraversion high; Agreeableness low; Neuroticism high,0.62478465
neutral_controls,final_token,3,30,Openness high; Conscientiousness high; Extraversion high; Agreeableness high; Neuroticism low,0.72672474
neutral_controls,final_token,3,31,Openness high; Conscientiousness high; Extraversion high; Agreeableness high; Neuroticism high,0.6079071
neutral_controls,final_token,4,0,Openness low; Conscientiousness low; Extraversion low; Agreeableness low; Neuroticism low,0.89813364
neutral_controls,final_token,4,1,Openness low; Conscientiousness low; Extraversion low; Agreeableness low; Neuroticism high,0.968525
neutral_controls,final_token,4,2,Openness low; Conscientiousness low; Extraversion low; Agreeableness high; Neuroticism low,0.91555226
neutral_controls,final_token,4,3,Openness low; Conscientiousness low; Extraversion low; Agreeableness high; Neuroticism high,0.8208453
neutral_controls,final_token,4,4,Openness low; Conscientiousness low; Extraversion high; Agreeableness low; Neuroticism low,0.92547244
neutral_controls,final_token,4,5,Openness low; Conscientiousness low; Extraversion high; Agreeableness low; Neuroticism high,0.9264038
neutral_controls,final_token,4,6,Openness low; Conscientiousness low; Extraversion high; Agreeableness high; Neuroticism low,0.92014265
neutral_controls,final_token,4,7,Openness low; Conscientiousness low; Extraversion high; Agreeableness high; Neuroticism high,0.31277767
neutral_controls,final_token,4,8,Openness low; Conscientiousness high; Extraversion low; Agreeableness low; Neuroticism low,0.98525417
neutral_controls,final_token,4,9,Openness low; Conscientiousness high; Extraversion low; Agreeableness low; Neuroticism high,0.9914427
neutral_controls,final_token,4,10,Openness low; Conscientiousness high; Extraversion low; Agreeableness high; Neuroticism low,0.9106906
neutral_controls,final_token,4,11,Openness low; Conscientiousness high; Extraversion low; Agreeableness high; Neuroticism high,0.94872475
neutral_controls,final_token,4,12,Openness low; Conscientiousness high; Extraversion high; Agreeableness low; Neuroticism low,0.95984775
neutral_controls,final_token,4,13,Openness low; Conscientiousness high; Extraversion high; Agreeableness low; Neuroticism high,0.91855776
neutral_controls,final_token,4,14,Openness low; Conscientiousness high; Extraversion high; Agreeableness high; Neuroticism low,0.97846186
neutral_controls,final_token,4,15,Openness low; Conscientiousness high; Extraversion high; Agreeableness high; Neuroticism high,0.75153303
neutral_controls,final_token,4,16,Openness high; Conscientiousness low; Extraversion low; Agreeableness low; Neuroticism low,0.9408016
neutral_controls,final_token,4,17,Openness high; Conscientiousness low; Extraversion low; Agreeableness low; Neuroticism high,1.0325384
neutral_controls,final_token,4,18,Openness high; Conscientiousness low; Extraversion low; Agreeableness high; Neuroticism low,0.72302103
neutral_controls,final_token,4,19,Openness high; Conscientiousness low; Extraversion low; Agreeableness high; Neuroticism high,0.76252705
neutral_controls,final_token,4,20,Openness high; Conscientiousness low; Extraversion high; Agreeableness low; Neuroticism low,1.0120118
neutral_controls,final_token,4,21,Openness high; Conscientiousness low; Extraversion high; Agreeableness low; Neuroticism high,0.9859975
neutral_controls,final_token,4,22,Openness high; Conscientiousness low; Extraversion high; Agreeableness high; Neuroticism low,0.62712026
neutral_controls,final_token,4,23,Openness high; Conscientiousness low; Extraversion high; Agreeableness high; Neuroticism high,0.2692926
neutral_controls,final_token,4,24,Openness high; Conscientiousness high; Extraversion low; Agreeableness low; Neuroticism low,0.9172737
neutral_controls,final_token,4,25,Openness high; Conscientiousness high; Extraversion low; Agreeableness low; Neuroticism high,0.93679696
neutral_controls,final_token,4,26,Openness high; Conscientiousness high; Extraversion low; Agreeableness high; Neuroticism low,0.93444157
neutral_controls,final_token,4,27,Openness high; Conscientiousness high; Extraversion low; Agreeableness high; Neuroticism high,0.81888115
neutral_controls,final_token,4,28,Openness high; Conscientiousness high; Extraversion high; Agreeableness low; Neuroticism low,0.9653823
neutral_controls,final_token,4,29,Openness high; Conscientiousness high; Extraversion high; Agreeableness low; Neuroticism high,0.8966883
neutral_controls,final_token,4,30,Openness high; Conscientiousness high; Extraversion high; Agreeableness high; Neuroticism low,1.0121641
neutral_controls,final_token,4,31,Openness high; Conscientiousness high; Extraversion high; Agreeableness high; Neuroticism high,0.8704314
neutral_controls,final_token,5,0,Openness low; Conscientiousness low; Extraversion low; Agreeableness low; Neuroticism low,1.1271944
neutral_controls,final_token,5,1,Openness low; Conscientiousness low; Extraversion low; Agreeableness low; Neuroticism high,1.2269479
neutral_controls,final_token,5,2,Openness low; Conscientiousness low; Extraversion low; Agreeableness high; Neuroticism low,1.1809505
neutral_controls,final_token,5,3,Openness low; Conscientiousness low; Extraversion low; Agreeableness high; Neuroticism high,1.012102
neutral_controls,final_token,5,4,Openness low; Conscientiousness low; Extraversion high; Agreeableness low; Neuroticism low,1.1729083
neutral_controls,final_token,5,5,Openness low; Conscientiousness low; Extraversion high; Agreeableness low; Neuroticism high,1.205527
neutral_controls,final_token,5,6,Openness low; Conscientiousness low; Extraversion high; Agreeableness high; Neuroticism low,1.1018589
neutral_controls,final_token,5,7,Openness low; Conscientiousness low; Extraversion high; Agreeableness high; Neuroticism high,0.37590086
neutral_controls,final_token,5,8,Openness low; Conscientiousness high; Extraversion low; Agreeableness low; Neuroticism low,1.2129234
neutral_controls,final_token,5,9,Openness low; Conscientiousness high; Extraversion low; Agreeableness low; Neuroticism high,1.2230358
neutral_controls,final_token,5,10,Openness low; Conscientiousness high; Extraversion low; Agreeableness high; Neuroticism low,1.198045
neutral_controls,final_token,5,11,Openness low; Conscientiousness high; Extraversion low; Agreeableness high; Neuroticism high,1.092394
neutral_controls,final_token,5,12,Openness low; Conscientiousness high; Extraversion high; Agreeableness low; Neuroticism low,1.1560427
neutral_controls,final_token,5,13,Openness low; Conscientiousness high; Extraversion high; Agreeableness low; Neuroticism high,1.1341795
neutral_controls,final_token,5,14,Openness low; Conscientiousness high; Extraversion high; Agreeableness high; Neuroticism low,1.2209849
neutral_controls,final_token,5,15,Openness low; Conscientiousness high; Extraversion high; Agreeableness high; Neuroticism high,0.97175336
neutral_controls,final_token,5,16,Openness high; Conscientiousness low; Extraversion low; Agreeableness low; Neuroticism low,1.1304584
neutral_controls,final_token,5,17,Openness high; Conscientiousness low; Extraversion low; Agreeableness low; Neuroticism high,1.2664866
neutral_controls,final_token,5,18,Openness high; Conscientiousness low; Extraversion low; Agreeableness high; Neuroticism low,0.9091923
neutral_controls,final_token,5,19,Openness high; Conscientiousness low; Extraversion low; Agreeableness high; Neuroticism high,1.0012318
neutral_controls,final_token,5,20,Openness high; Conscientiousness low; Extraversion high; Agreeableness low; Neuroticism low,1.1863488
neutral_controls,final_token,5,21,Openness high; Conscientiousness low; Extraversion high; Agreeableness low; Neuroticism high,1.1343184
neutral_controls,final_token,5,22,Openness high; Conscientiousness low; Extraversion high; Agreeableness high; Neuroticism low,0.809168
neutral_controls,final_token,5,23,Openness high; Conscientiousness low; Extraversion high; Agreeableness high; Neuroticism high,0.3393551
neutral_controls,final_token,5,24,Openness high; Conscientiousness high; Extraversion low; Agreeableness low; Neuroticism low,1.1335012
neutral_controls,final_token,5,25,Openness high; Conscientiousness high; Extraversion low; Agreeableness low; Neuroticism high,1.1403729
neutral_controls,final_token,5,26,Openness high; Conscientiousness high; Extraversion low; Agreeableness high; Neuroticism low,1.1249502
neutral_controls,final_token,5,27,Openness high; Conscientiousness high; Extraversion low; Agreeableness high; Neuroticism high,1.0151767
neutral_controls,final_token,5,28,Openness high; Conscientiousness high; Extraversion high; Agreeableness low; Neuroticism low,1.1888071
neutral_controls,final_token,5,29,Openness high; Conscientiousness high; Extraversion high; Agreeableness low; Neuroticism high,1.1529934
neutral_controls,final_token,5,30,Openness high; Conscientiousness high; Extraversion high; Agreeableness high; Neuroticism low,1.1640776
neutral_controls,final_token,5,31,Openness high; Conscientiousness high; Extraversion high; Agreeableness high; Neuroticism high,1.0287273
neutral_controls,final_token,6,0,Openness low; Conscientiousness low; Extraversion low; Agreeableness low; Neuroticism low,1.3873883
neutral_controls,final_token,6,1,Openness low; Conscientiousness low; Extraversion low; Agreeableness low; Neuroticism high,1.5041933
neutral_controls,final_token,6,2,Openness low; Conscientiousness low; Extraversion low; Agreeableness high; Neuroticism low,1.4191396
neutral_controls,final_token,6,3,Openness low; Conscientiousness low; Extraversion low; Agreeableness high; Neuroticism high,1.2024254
neutral_controls,final_token,6,4,Openness low; Conscientiousness low; Extraversion high; Agreeableness low; Neuroticism low,1.4358137
neutral_controls,final_token,6,5,Openness low; Conscientiousness low; Extraversion high; Agreeableness low; Neuroticism high,1.4711086
neutral_controls,final_token,6,6,Openness low; Conscientiousness low; Extraversion high; Agreeableness high; Neuroticism low,1.404758
neutral_controls,final_token,6,7,Openness low; Conscientiousness low; Extraversion high; Agreeableness high; Neuroticism high,0.45557582
neutral_controls,final_token,6,8,Openness low; Conscientiousness high; Extraversion low; Agreeableness low; Neuroticism low,1.4667718
neutral_controls,final_token,6,9,Openness low; Conscientiousness high; Extraversion low; Agreeableness low; Neuroticism high,1.4816664
neutral_controls,final_token,6,10,Openness low; Conscientiousness high; Extraversion low; Agreeableness high; Neuroticism low,1.4197507
neutral_controls,final_token,6,11,Openness low; Conscientiousness high; Extraversion low; Agreeableness high; Neuroticism high,1.3414537
neutral_controls,final_token,6,12,Openness low; Conscientiousness high; Extraversion high; Agreeableness low; Neuroticism low,1.4545034
neutral_controls,final_token,6,13,Openness low; Conscientiousness high; Extraversion high; Agreeableness low; Neuroticism high,1.3929782
neutral_controls,final_token,6,14,Openness low; Conscientiousness high; Extraversion high; Agreeableness high; Neuroticism low,1.4592141
neutral_controls,final_token,6,15,Openness low; Conscientiousness high; Extraversion high; Agreeableness high; Neuroticism high,1.155248
neutral_controls,final_token,6,16,Openness high; Conscientiousness low; Extraversion low; Agreeableness low; Neuroticism low,1.3590226
neutral_controls,final_token,6,17,Openness high; Conscientiousness low; Extraversion low; Agreeableness low; Neuroticism high,1.4987028
neutral_controls,final_token,6,18,Openness high; Conscientiousness low; Extraversion low; Agreeableness high; Neuroticism low,1.1058218
neutral_controls,final_token,6,19,Openness high; Conscientiousness low; Extraversion low; Agreeableness high; Neuroticism high,1.3007078
neutral_controls,final_token,6,20,Openness high; Conscientiousness low; Extraversion high; Agreeableness low; Neuroticism low,1.4194539
neutral_controls,final_token,6,21,Openness high; Conscientiousness low; Extraversion high; Agreeableness low; Neuroticism high,1.3878621
neutral_controls,final_token,6,22,Openness high; Conscientiousness low; Extraversion high; Agreeableness high; Neuroticism low,1.0609581
neutral_controls,final_token,6,23,Openness high; Conscientiousness low; Extraversion high; Agreeableness high; Neuroticism high,0.4011724
neutral_controls,final_token,6,24,Openness high; Conscientiousness high; Extraversion low; Agreeableness low; Neuroticism low,1.3876104
neutral_controls,final_token,6,25,Openness high; Conscientiousness high; Extraversion low; Agreeableness low; Neuroticism high,1.3684227
neutral_controls,final_token,6,26,Openness high; Conscientiousness high; Extraversion low; Agreeableness high; Neuroticism low,1.3064427
neutral_controls,final_token,6,27,Openness high; Conscientiousness high; Extraversion low; Agreeableness high; Neuroticism high,1.2958047
neutral_controls,final_token,6,28,Openness high; Conscientiousness high; Extraversion high; Agreeableness low; Neuroticism low,1.409952
neutral_controls,final_token,6,29,Openness high; Conscientiousness high; Extraversion high; Agreeableness low; Neuroticism high,1.3864876
neutral_controls,final_token,6,30,Openness high; Conscientiousness high; Extraversion high; Agreeableness high; Neuroticism low,1.3719378
neutral_controls,final_token,6,31,Openness high; Conscientiousness high; Extraversion high; Agreeableness high; Neuroticism high,1.2891877
neutral_controls,final_token,7,0,Openness low; Conscientiousness low; Extraversion low; Agreeableness low; Neuroticism low,1.6639736
neutral_controls,final_token,7,1,Openness low; Conscientiousness low; Extraversion low; Agreeableness low; Neuroticism high,1.757319
neutral_controls,final_token,7,2,Openness low; Conscientiousness low; Extraversion low; Agreeableness high; Neuroticism low,1.6393975
neutral_controls,final_token,7,3,Openness low; Conscientiousness low; Extraversion low; Agreeableness high; Neuroticism high,1.4075611
neutral_controls,final_token,7,4,Openness low; Conscientiousness low; Extraversion high; Agreeableness low; Neuroticism low,1.6946573
neutral_controls,final_token,7,5,Openness low; Conscientiousness low; Extraversion high; Agreeableness low; Neuroticism high,1.7632946
neutral_controls,final_token,7,6,Openness low; Conscientiousness low; Extraversion high; Agreeableness high; Neuroticism low,1.691732
neutral_controls,final_token,7,7,Openness low; Conscientiousness low; Extraversion high; Agreeableness high; Neuroticism high,0.57491714
neutral_controls,final_token,7,8,Openness low; Conscientiousness high; Extraversion low; Agreeableness low; Neuroticism low,1.7186874
neutral_controls,final_token,7,9,Openness low; Conscientiousness high; Extraversion low; Agreeableness low; Neuroticism high,1.7457727
neutral_controls,final_token,7,10,Openness low; Conscientiousness high; Extraversion low; Agreeableness high; Neuroticism low,1.7011337
neutral_controls,final_token,7,11,Openness low; Conscientiousness high; Extraversion low; Agreeableness high; Neuroticism high,1.5805831
neutral_controls,final_token,7,12,Openness low; Conscientiousness high; Extraversion high; Agreeableness low; Neuroticism low,1.7336683
neutral_controls,final_token,7,13,Openness low; Conscientiousness high; Extraversion high; Agreeableness low; Neuroticism high,1.6087507
neutral_controls,final_token,7,14,Openness low; Conscientiousness high; Extraversion high; Agreeableness high; Neuroticism low,1.6989228
neutral_controls,final_token,7,15,Openness low; Conscientiousness high; Extraversion high; Agreeableness high; Neuroticism high,1.4038391
neutral_controls,final_token,7,16,Openness high; Conscientiousness low; Extraversion low; Agreeableness low; Neuroticism low,1.6254928
neutral_controls,final_token,7,17,Openness high; Conscientiousness low; Extraversion low; Agreeableness low; Neuroticism high,1.7786659
neutral_controls,final_token,7,18,Openness high; Conscientiousness low; Extraversion low; Agreeableness high; Neuroticism low,1.3219728
neutral_controls,final_token,7,19,Openness high; Conscientiousness low; Extraversion low; Agreeableness high; Neuroticism high,1.5995283
neutral_controls,final_token,7,20,Openness high; Conscientiousness low; Extraversion high; Agreeableness low; Neuroticism low,1.6882309
neutral_controls,final_token,7,21,Openness high; Conscientiousness low; Extraversion high; Agreeableness low; Neuroticism high,1.6532332
neutral_controls,final_token,7,22,Openness high; Conscientiousness low; Extraversion high; Agreeableness high; Neuroticism low,1.3423814
neutral_controls,final_token,7,23,Openness high; Conscientiousness low; Extraversion high; Agreeableness high; Neuroticism high,0.49245
neutral_controls,final_token,7,24,Openness high; Conscientiousness high; Extraversion low; Agreeableness low; Neuroticism low,1.6745083
neutral_controls,final_token,7,25,Openness high; Conscientiousness high; Extraversion low; Agreeableness low; Neuroticism high,1.6607813
neutral_controls,final_token,7,26,Openness high; Conscientiousness high; Extraversion low; Agreeableness high; Neuroticism low,1.5950785
neutral_controls,final_token,7,27,Openness high; Conscientiousness high; Extraversion low; Agreeableness high; Neuroticism high,1.5174305
neutral_controls,final_token,7,28,Openness high; Conscientiousness high; Extraversion high; Agreeableness low; Neuroticism low,1.6688166
neutral_controls,final_token,7,29,Openness high; Conscientiousness high; Extraversion high; Agreeableness low; Neuroticism high,1.6424841
neutral_controls,final_token,7,30,Openness high; Conscientiousness high; Extraversion high; Agreeableness high; Neuroticism low,1.6128782
neutral_controls,final_token,7,31,Openness high; Conscientiousness high; Extraversion high; Agreeableness high; Neuroticism high,1.6095018
neutral_controls,final_token,8,0,Openness low; Conscientiousness low; Extraversion low; Agreeableness low; Neuroticism low,1.9189837
neutral_controls,final_token,8,1,Openness low; Conscientiousness low; Extraversion low; Agreeableness low; Neuroticism high,2.021014
neutral_controls,final_token,8,2,Openness low; Conscientiousness low; Extraversion low; Agreeableness high; Neuroticism low,1.8599284
neutral_controls,final_token,8,3,Openness low; Conscientiousness low; Extraversion low; Agreeableness high; Neuroticism high,1.6182306
neutral_controls,final_token,8,4,Openness low; Conscientiousness low; Extraversion high; Agreeableness low; Neuroticism low,1.9255984
neutral_controls,final_token,8,5,Openness low; Conscientiousness low; Extraversion high; Agreeableness low; Neuroticism high,2.0209541
neutral_controls,final_token,8,6,Openness low; Conscientiousness low; Extraversion high; Agreeableness high; Neuroticism low,1.9560195
neutral_controls,final_token,8,7,Openness low; Conscientiousness low; Extraversion high; Agreeableness high; Neuroticism high,0.7218057
neutral_controls,final_token,8,8,Openness low; Conscientiousness high; Extraversion low; Agreeableness low; Neuroticism low,1.9409162
neutral_controls,final_token,8,9,Openness low; Conscientiousness high; Extraversion low; Agreeableness low; Neuroticism high,1.9884534
neutral_controls,final_token,8,10,Openness low; Conscientiousness high; Extraversion low; Agreeableness high; Neuroticism low,1.9281062
neutral_controls,final_token,8,11,Openness low; Conscientiousness high; Extraversion low; Agreeableness high; Neuroticism high,1.8662264
neutral_controls,final_token,8,12,Openness low; Conscientiousness high; Extraversion high; Agreeableness low; Neuroticism low,1.9896816
neutral_controls,final_token,8,13,Openness low; Conscientiousness high; Extraversion high; Agreeableness low; Neuroticism high,1.8824601
neutral_controls,final_token,8,14,Openness low; Conscientiousness high; Extraversion high; Agreeableness high; Neuroticism low,1.9908314
neutral_controls,final_token,8,15,Openness low; Conscientiousness high; Extraversion high; Agreeableness high; Neuroticism high,1.6735806
neutral_controls,final_token,8,16,Openness high; Conscientiousness low; Extraversion low; Agreeableness low; Neuroticism low,1.8839712
neutral_controls,final_token,8,17,Openness high; Conscientiousness low; Extraversion low; Agreeableness low; Neuroticism high,2.0300329
neutral_controls,final_token,8,18,Openness high; Conscientiousness low; Extraversion low; Agreeableness high; Neuroticism low,1.5657902
neutral_controls,final_token,8,19,Openness high; Conscientiousness low; Extraversion low; Agreeableness high; Neuroticism high,1.8946649
neutral_controls,final_token,8,20,Openness high; Conscientiousness low; Extraversion high; Agreeableness low; Neuroticism low,1.963172
neutral_controls,final_token,8,21,Openness high; Conscientiousness low; Extraversion high; Agreeableness low; Neuroticism high,1.8911798
neutral_controls,final_token,8,22,Openness high; Conscientiousness low; Extraversion high; Agreeableness high; Neuroticism low,1.6155721
neutral_controls,final_token,8,23,Openness high; Conscientiousness low; Extraversion high; Agreeableness high; Neuroticism high,0.5848306
neutral_controls,final_token,8,24,Openness high; Conscientiousness high; Extraversion low; Agreeableness low; Neuroticism low,1.8756944
neutral_controls,final_token,8,25,Openness high; Conscientiousness high; Extraversion low; Agreeableness low; Neuroticism high,1.9039143
neutral_controls,final_token,8,26,Openness high; Conscientiousness high; Extraversion low; Agreeableness high; Neuroticism low,1.826271
neutral_controls,final_token,8,27,Openness high; Conscientiousness high; Extraversion low; Agreeableness high; Neuroticism high,1.7932552
neutral_controls,final_token,8,28,Openness high; Conscientiousness high; Extraversion high; Agreeableness low; Neuroticism low,1.8827043
neutral_controls,final_token,8,29,Openness high; Conscientiousness high; Extraversion high; Agreeableness low; Neuroticism high,1.8547312
neutral_controls,final_token,8,30,Openness high; Conscientiousness high; Extraversion high; Agreeableness high; Neuroticism low,1.8463689
neutral_controls,final_token,8,31,Openness high; Conscientiousness high; Extraversion high; Agreeableness high; Neuroticism high,1.8342608
neutral_controls,final_token,9,0,Openness low; Conscientiousness low; Extraversion low; Agreeableness low; Neuroticism low,2.0724735
neutral_controls,final_token,9,1,Openness low; Conscientiousness low; Extraversion low; Agreeableness low; Neuroticism high,2.1667917
neutral_controls,final_token,9,2,Openness low; Conscientiousness low; Extraversion low; Agreeableness high; Neuroticism low,2.0473678
neutral_controls,final_token,9,3,Openness low; Conscientiousness low; Extraversion low; Agreeableness high; Neuroticism high,1.8404988
neutral_controls,final_token,9,4,Openness low; Conscientiousness low; Extraversion high; Agreeableness low; Neuroticism low,2.1548233
neutral_controls,final_token,9,5,Openness low; Conscientiousness low; Extraversion high; Agreeableness low; Neuroticism high,2.2829247
neutral_controls,final_token,9,6,Openness low; Conscientiousness low; Extraversion high; Agreeableness high; Neuroticism low,2.1745713
neutral_controls,final_token,9,7,Openness low; Conscientiousness low; Extraversion high; Agreeableness high; Neuroticism high,0.86875266
neutral_controls,final_token,9,8,Openness low; Conscientiousness high; Extraversion low; Agreeableness low; Neuroticism low,2.1423986
neutral_controls,final_token,9,9,Openness low; Conscientiousness high; Extraversion low; Agreeableness low; Neuroticism high,2.239797
neutral_controls,final_token,9,10,Openness low; Conscientiousness high; Extraversion low; Agreeableness high; Neuroticism low,2.1466897
neutral_controls,final_token,9,11,Openness low; Conscientiousness high; Extraversion low; Agreeableness high; Neuroticism high,2.0185082
neutral_controls,final_token,9,12,Openness low; Conscientiousness high; Extraversion high; Agreeableness low; Neuroticism low,2.230952
neutral_controls,final_token,9,13,Openness low; Conscientiousness high; Extraversion high; Agreeableness low; Neuroticism high,2.025827
neutral_controls,final_token,9,14,Openness low; Conscientiousness high; Extraversion high; Agreeableness high; Neuroticism low,2.1716287
neutral_controls,final_token,9,15,Openness low; Conscientiousness high; Extraversion high; Agreeableness high; Neuroticism high,1.8583238
neutral_controls,final_token,9,16,Openness high; Conscientiousness low; Extraversion low; Agreeableness low; Neuroticism low,2.1033297
neutral_controls,final_token,9,17,Openness high; Conscientiousness low; Extraversion low; Agreeableness low; Neuroticism high,2.2877305
neutral_controls,final_token,9,18,Openness high; Conscientiousness low; Extraversion low; Agreeableness high; Neuroticism low,1.751073
neutral_controls,final_token,9,19,Openness high; Conscientiousness low; Extraversion low; Agreeableness high; Neuroticism high,2.1767535
neutral_controls,final_token,9,20,Openness high; Conscientiousness low; Extraversion high; Agreeableness low; Neuroticism low,2.1674833
neutral_controls,final_token,9,21,Openness high; Conscientiousness low; Extraversion high; Agreeableness low; Neuroticism high,2.0956955
neutral_controls,final_token,9,22,Openness high; Conscientiousness low; Extraversion high; Agreeableness high; Neuroticism low,1.7761099
neutral_controls,final_token,9,23,Openness high; Conscientiousness low; Extraversion high; Agreeableness high; Neuroticism high,0.7227897
neutral_controls,final_token,9,24,Openness high; Conscientiousness high; Extraversion low; Agreeableness low; Neuroticism low,2.0667672
neutral_controls,final_token,9,25,Openness high; Conscientiousness high; Extraversion low; Agreeableness low; Neuroticism high,2.1283374
neutral_controls,final_token,9,26,Openness high; Conscientiousness high; Extraversion low; Agreeableness high; Neuroticism low,2.0438204
neutral_controls,final_token,9,27,Openness high; Conscientiousness high; Extraversion low; Agreeableness high; Neuroticism high,2.003709
neutral_controls,final_token,9,28,Openness high; Conscientiousness high; Extraversion high; Agreeableness low; Neuroticism low,2.0978918
neutral_controls,final_token,9,29,Openness high; Conscientiousness high; Extraversion high; Agreeableness low; Neuroticism high,2.0589871
neutral_controls,final_token,9,30,Openness high; Conscientiousness high; Extraversion high; Agreeableness high; Neuroticism low,2.0467181
neutral_controls,final_token,9,31,Openness high; Conscientiousness high; Extraversion high; Agreeableness high; Neuroticism high,2.0149734
neutral_controls,final_token,10,0,Openness low; Conscientiousness low; Extraversion low; Agreeableness low; Neuroticism low,2.2333891
neutral_controls,final_token,10,1,Openness low; Conscientiousness low; Extraversion low; Agreeableness low; Neuroticism high,2.3446496
neutral_controls,final_token,10,2,Openness low; Conscientiousness low; Extraversion low; Agreeableness high; Neuroticism low,2.1940312
neutral_controls,final_token,10,3,Openness low; Conscientiousness low; Extraversion low; Agreeableness high; Neuroticism high,2.0006297
neutral_controls,final_token,10,4,Openness low; Conscientiousness low; Extraversion high; Agreeableness low; Neuroticism low,2.3286474
neutral_controls,final_token,10,5,Openness low; Conscientiousness low; Extraversion high; Agreeableness low; Neuroticism high,2.503344
neutral_controls,final_token,10,6,Openness low; Conscientiousness low; Extraversion high; Agreeableness high; Neuroticism low,2.336531
neutral_controls,final_token,10,7,Openness low; Conscientiousness low; Extraversion high; Agreeableness high; Neuroticism high,1.0376195
neutral_controls,final_token,10,8,Openness low; Conscientiousness high; Extraversion low; Agreeableness low; Neuroticism low,2.2757878
neutral_controls,final_token,10,9,Openness low; Conscientiousness high; Extraversion low; Agreeableness low; Neuroticism high,2.403486
neutral_controls,final_token,10,10,Openness low; Conscientiousness high; Extraversion low; Agreeableness high; Neuroticism low,2.324674
neutral_controls,final_token,10,11,Openness low; Conscientiousness high; Extraversion low; Agreeableness high; Neuroticism high,2.147801
neutral_controls,final_token,10,12,Openness low; Conscientiousness high; Extraversion high; Agreeableness low; Neuroticism low,2.4174771
neutral_controls,final_token,10,13,Openness low; Conscientiousness high; Extraversion high; Agreeableness low; Neuroticism high,2.1689947
neutral_controls,final_token,10,14,Openness low; Conscientiousness high; Extraversion high; Agreeableness high; Neuroticism low,2.3478582
neutral_controls,final_token,10,15,Openness low; Conscientiousness high; Extraversion high; Agreeableness high; Neuroticism high,2.075504
neutral_controls,final_token,10,16,Openness high; Conscientiousness low; Extraversion low; Agreeableness low; Neuroticism low,2.2598665
neutral_controls,final_token,10,17,Openness high; Conscientiousness low; Extraversion low; Agreeableness low; Neuroticism high,2.4149332
neutral_controls,final_token,10,18,Openness high; Conscientiousness low; Extraversion low; Agreeableness high; Neuroticism low,1.9317436
neutral_controls,final_token,10,19,Openness high; Conscientiousness low; Extraversion low; Agreeableness high; Neuroticism high,2.3999827
neutral_controls,final_token,10,20,Openness high; Conscientiousness low; Extraversion high; Agreeableness low; Neuroticism low,2.3310914
neutral_controls,final_token,10,21,Openness high; Conscientiousness low; Extraversion high; Agreeableness low; Neuroticism high,2.214272
neutral_controls,final_token,10,22,Openness high; Conscientiousness low; Extraversion high; Agreeableness high; Neuroticism low,1.9302564
neutral_controls,final_token,10,23,Openness high; Conscientiousness low; Extraversion high; Agreeableness high; Neuroticism high,0.84679025
neutral_controls,final_token,10,24,Openness high; Conscientiousness high; Extraversion low; Agreeableness low; Neuroticism low,2.2571838
neutral_controls,final_token,10,25,Openness high; Conscientiousness high; Extraversion low; Agreeableness low; Neuroticism high,2.287359
neutral_controls,final_token,10,26,Openness high; Conscientiousness high; Extraversion low; Agreeableness high; Neuroticism low,2.2464092
neutral_controls,final_token,10,27,Openness high; Conscientiousness high; Extraversion low; Agreeableness high; Neuroticism high,2.1774778
neutral_controls,final_token,10,28,Openness high; Conscientiousness high; Extraversion high; Agreeableness low; Neuroticism low,2.2127874
neutral_controls,final_token,10,29,Openness high; Conscientiousness high; Extraversion high; Agreeableness low; Neuroticism high,2.2333686
neutral_controls,final_token,10,30,Openness high; Conscientiousness high; Extraversion high; Agreeableness high; Neuroticism low,2.2056553
neutral_controls,final_token,10,31,Openness high; Conscientiousness high; Extraversion high; Agreeableness high; Neuroticism high,2.1587741
neutral_controls,final_token,11,0,Openness low; Conscientiousness low; Extraversion low; Agreeableness low; Neuroticism low,2.3267143
neutral_controls,final_token,11,1,Openness low; Conscientiousness low; Extraversion low; Agreeableness low; Neuroticism high,2.4625494
neutral_controls,final_token,11,2,Openness low; Conscientiousness low; Extraversion low; Agreeableness high; Neuroticism low,2.2368667
neutral_controls,final_token,11,3,Openness low; Conscientiousness low; Extraversion low; Agreeableness high; Neuroticism high,2.109604
neutral_controls,final_token,11,4,Openness low; Conscientiousness low; Extraversion high; Agreeableness low; Neuroticism low,2.3910437
neutral_controls,final_token,11,5,Openness low; Conscientiousness low; Extraversion high; Agreeableness low; Neuroticism high,2.5828652
neutral_controls,final_token,11,6,Openness low; Conscientiousness low; Extraversion high; Agreeableness high; Neuroticism low,2.4090602
neutral_controls,final_token,11,7,Openness low; Conscientiousness low; Extraversion high; Agreeableness high; Neuroticism high,1.1510853
neutral_controls,final_token,11,8,Openness low; Conscientiousness high; Extraversion low; Agreeableness low; Neuroticism low,2.3313804
neutral_controls,final_token,11,9,Openness low; Conscientiousness high; Extraversion low; Agreeableness low; Neuroticism high,2.4821165
neutral_controls,final_token,11,10,Openness low; Conscientiousness high; Extraversion low; Agreeableness high; Neuroticism low,2.400806
neutral_controls,final_token,11,11,Openness low; Conscientiousness high; Extraversion low; Agreeableness high; Neuroticism high,2.2274773
neutral_controls,final_token,11,12,Openness low; Conscientiousness high; Extraversion high; Agreeableness low; Neuroticism low,2.4882822
neutral_controls,final_token,11,13,Openness low; Conscientiousness high; Extraversion high; Agreeableness low; Neuroticism high,2.2413008
neutral_controls,final_token,11,14,Openness low; Conscientiousness high; Extraversion high; Agreeableness high; Neuroticism low,2.4353287
neutral_controls,final_token,11,15,Openness low; Conscientiousness high; Extraversion high; Agreeableness high; Neuroticism high,2.1599572
neutral_controls,final_token,11,16,Openness high; Conscientiousness low; Extraversion low; Agreeableness low; Neuroticism low,2.3223102
neutral_controls,final_token,11,17,Openness high; Conscientiousness low; Extraversion low; Agreeableness low; Neuroticism high,2.4508514
neutral_controls,final_token,11,18,Openness high; Conscientiousness low; Extraversion low; Agreeableness high; Neuroticism low,2.107216
neutral_controls,final_token,11,19,Openness high; Conscientiousness low; Extraversion low; Agreeableness high; Neuroticism high,2.4600778
neutral_controls,final_token,11,20,Openness high; Conscientiousness low; Extraversion high; Agreeableness low; Neuroticism low,2.418271
neutral_controls,final_token,11,21,Openness high; Conscientiousness low; Extraversion high; Agreeableness low; Neuroticism high,2.2522883
neutral_controls,final_token,11,22,Openness high; Conscientiousness low; Extraversion high; Agreeableness high; Neuroticism low,2.0338366
neutral_controls,final_token,11,23,Openness high; Conscientiousness low; Extraversion high; Agreeableness high; Neuroticism high,0.9349612
neutral_controls,final_token,11,24,Openness high; Conscientiousness high; Extraversion low; Agreeableness low; Neuroticism low,2.3009481
neutral_controls,final_token,11,25,Openness high; Conscientiousness high; Extraversion low; Agreeableness low; Neuroticism high,2.3944533
neutral_controls,final_token,11,26,Openness high; Conscientiousness high; Extraversion low; Agreeableness high; Neuroticism low,2.3252764
neutral_controls,final_token,11,27,Openness high; Conscientiousness high; Extraversion low; Agreeableness high; Neuroticism high,2.2041562
neutral_controls,final_token,11,28,Openness high; Conscientiousness high; Extraversion high; Agreeableness low; Neuroticism low,2.2707021
neutral_controls,final_token,11,29,Openness high; Conscientiousness high; Extraversion high; Agreeableness low; Neuroticism high,2.3545594
neutral_controls,final_token,11,30,Openness high; Conscientiousness high; Extraversion high; Agreeableness high; Neuroticism low,2.2316952
neutral_controls,final_token,11,31,Openness high; Conscientiousness high; Extraversion high; Agreeableness high; Neuroticism high,2.206422
neutral_controls,final_token,12,0,Openness low; Conscientiousness low; Extraversion low; Agreeableness low; Neuroticism low,2.6474428
neutral_controls,final_token,12,1,Openness low; Conscientiousness low; Extraversion low; Agreeableness low; Neuroticism high,2.7801049
neutral_controls,final_token,12,2,Openness low; Conscientiousness low; Extraversion low; Agreeableness high; Neuroticism low,2.5667164
neutral_controls,final_token,12,3,Openness low; Conscientiousness low; Extraversion low; Agreeableness high; Neuroticism high,2.4556277
neutral_controls,final_token,12,4,Openness low; Conscientiousness low; Extraversion high; Agreeableness low; Neuroticism low,2.7269757
neutral_controls,final_token,12,5,Openness low; Conscientiousness low; Extraversion high; Agreeableness low; Neuroticism high,2.8985152
neutral_controls,final_token,12,6,Openness low; Conscientiousness low; Extraversion high; Agreeableness high; Neuroticism low,2.6817403
neutral_controls,final_token,12,7,Openness low; Conscientiousness low; Extraversion high; Agreeableness high; Neuroticism high,1.3456665
neutral_controls,final_token,12,8,Openness low; Conscientiousness high; Extraversion low; Agreeableness low; Neuroticism low,2.5787468
neutral_controls,final_token,12,9,Openness low; Conscientiousness high; Extraversion low; Agreeableness low; Neuroticism high,2.8378701
neutral_controls,final_token,12,10,Openness low; Conscientiousness high; Extraversion low; Agreeableness high; Neuroticism low,2.699638
neutral_controls,final_token,12,11,Openness low; Conscientiousness high; Extraversion low; Agreeableness high; Neuroticism high,2.5226548
neutral_controls,final_token,12,12,Openness low; Conscientiousness high; Extraversion high; Agreeableness low; Neuroticism low,2.8085842
neutral_controls,final_token,12,13,Openness low; Conscientiousness high; Extraversion high; Agreeableness low; Neuroticism high,2.5588617
neutral_controls,final_token,12,14,Openness low; Conscientiousness high; Extraversion high; Agreeableness high; Neuroticism low,2.80788
neutral_controls,final_token,12,15,Openness low; Conscientiousness high; Extraversion high; Agreeableness high; Neuroticism high,2.4863205
neutral_controls,final_token,12,16,Openness high; Conscientiousness low; Extraversion low; Agreeableness low; Neuroticism low,2.6407518
neutral_controls,final_token,12,17,Openness high; Conscientiousness low; Extraversion low; Agreeableness low; Neuroticism high,2.8273168
neutral_controls,final_token,12,18,Openness high; Conscientiousness low; Extraversion low; Agreeableness high; Neuroticism low,2.4245653
neutral_controls,final_token,12,19,Openness high; Conscientiousness low; Extraversion low; Agreeableness high; Neuroticism high,2.7391691
neutral_controls,final_token,12,20,Openness high; Conscientiousness low; Extraversion high; Agreeableness low; Neuroticism low,2.6972537
neutral_controls,final_token,12,21,Openness high; Conscientiousness low; Extraversion high; Agreeableness low; Neuroticism high,2.4860342
neutral_controls,final_token,12,22,Openness high; Conscientiousness low; Extraversion high; Agreeableness high; Neuroticism low,2.2354548
neutral_controls,final_token,12,23,Openness high; Conscientiousness low; Extraversion high; Agreeableness high; Neuroticism high,1.0838203
neutral_controls,final_token,12,24,Openness high; Conscientiousness high; Extraversion low; Agreeableness low; Neuroticism low,2.6088638
neutral_controls,final_token,12,25,Openness high; Conscientiousness high; Extraversion low; Agreeableness low; Neuroticism high,2.6819327
neutral_controls,final_token,12,26,Openness high; Conscientiousness high; Extraversion low; Agreeableness high; Neuroticism low,2.5406265
neutral_controls,final_token,12,27,Openness high; Conscientiousness high; Extraversion low; Agreeableness high; Neuroticism high,2.4902315
neutral_controls,final_token,12,28,Openness high; Conscientiousness high; Extraversion high; Agreeableness low; Neuroticism low,2.5760834
neutral_controls,final_token,12,29,Openness high; Conscientiousness high; Extraversion high; Agreeableness low; Neuroticism high,2.6452465
neutral_controls,final_token,12,30,Openness high; Conscientiousness high; Extraversion high; Agreeableness high; Neuroticism low,2.5301251
neutral_controls,final_token,12,31,Openness high; Conscientiousness high; Extraversion high; Agreeableness high; Neuroticism high,2.5088537
neutral_controls,final_token,13,0,Openness low; Conscientiousness low; Extraversion low; Agreeableness low; Neuroticism low,2.9214876
neutral_controls,final_token,13,1,Openness low; Conscientiousness low; Extraversion low; Agreeableness low; Neuroticism high,3.0734196
neutral_controls,final_token,13,2,Openness low; Conscientiousness low; Extraversion low; Agreeableness high; Neuroticism low,2.8321052
neutral_controls,final_token,13,3,Openness low; Conscientiousness low; Extraversion low; Agreeableness high; Neuroticism high,2.7978745
neutral_controls,final_token,13,4,Openness low; Conscientiousness low; Extraversion high; Agreeableness low; Neuroticism low,2.9931273
neutral_controls,final_token,13,5,Openness low; Conscientiousness low; Extraversion high; Agreeableness low; Neuroticism high,3.1874065
neutral_controls,final_token,13,6,Openness low; Conscientiousness low; Extraversion high; Agreeableness high; Neuroticism low,3.0088181
neutral_controls,final_token,13,7,Openness low; Conscientiousness low; Extraversion high; Agreeableness high; Neuroticism high,1.6078851
neutral_controls,final_token,13,8,Openness low; Conscientiousness high; Extraversion low; Agreeableness low; Neuroticism low,2.8744483
neutral_controls,final_token,13,9,Openness low; Conscientiousness high; Extraversion low; Agreeableness low; Neuroticism high,3.1241598
neutral_controls,final_token,13,10,Openness low; Conscientiousness high; Extraversion low; Agreeableness high; Neuroticism low,3.0379498
neutral_controls,final_token,13,11,Openness low; Conscientiousness high; Extraversion low; Agreeableness high; Neuroticism high,2.8331873
neutral_controls,final_token,13,12,Openness low; Conscientiousness high; Extraversion high; Agreeableness low; Neuroticism low,3.1842735
neutral_controls,final_token,13,13,Openness low; Conscientiousness high; Extraversion high; Agreeableness low; Neuroticism high,2.9292367
neutral_controls,final_token,13,14,Openness low; Conscientiousness high; Extraversion high; Agreeableness high; Neuroticism low,3.1773272
neutral_controls,final_token,13,15,Openness low; Conscientiousness high; Extraversion high; Agreeableness high; Neuroticism high,2.8713343
neutral_controls,final_token,13,16,Openness high; Conscientiousness low; Extraversion low; Agreeableness low; Neuroticism low,2.9034805
neutral_controls,final_token,13,17,Openness high; Conscientiousness low; Extraversion low; Agreeableness low; Neuroticism high,3.2062044
neutral_controls,final_token,13,18,Openness high; Conscientiousness low; Extraversion low; Agreeableness high; Neuroticism low,2.7358208
neutral_controls,final_token,13,19,Openness high; Conscientiousness low; Extraversion low; Agreeableness high; Neuroticism high,3.048237
neutral_controls,final_token,13,20,Openness high; Conscientiousness low; Extraversion high; Agreeableness low; Neuroticism low,3.0407293
neutral_controls,final_token,13,21,Openness high; Conscientiousness low; Extraversion high; Agreeableness low; Neuroticism high,2.8815587
neutral_controls,final_token,13,22,Openness high; Conscientiousness low; Extraversion high; Agreeableness high; Neuroticism low,2.393821
neutral_controls,final_token,13,23,Openness high; Conscientiousness low; Extraversion high; Agreeableness high; Neuroticism high,1.2974976
neutral_controls,final_token,13,24,Openness high; Conscientiousness high; Extraversion low; Agreeableness low; Neuroticism low,2.9438736
neutral_controls,final_token,13,25,Openness high; Conscientiousness high; Extraversion low; Agreeableness low; Neuroticism high,3.023057
neutral_controls,final_token,13,26,Openness high; Conscientiousness high; Extraversion low; Agreeableness high; Neuroticism low,2.7925158
neutral_controls,final_token,13,27,Openness high; Conscientiousness high; Extraversion low; Agreeableness high; Neuroticism high,2.8059976
neutral_controls,final_token,13,28,Openness high; Conscientiousness high; Extraversion high; Agreeableness low; Neuroticism low,2.893602
neutral_controls,final_token,13,29,Openness high; Conscientiousness high; Extraversion high; Agreeableness low; Neuroticism high,2.9558697
neutral_controls,final_token,13,30,Openness high; Conscientiousness high; Extraversion high; Agreeableness high; Neuroticism low,2.8463054
neutral_controls,final_token,13,31,Openness high; Conscientiousness high; Extraversion high; Agreeableness high; Neuroticism high,2.8807569
neutral_controls,final_token,14,0,Openness low; Conscientiousness low; Extraversion low; Agreeableness low; Neuroticism low,3.1714916
neutral_controls,final_token,14,1,Openness low; Conscientiousness low; Extraversion low; Agreeableness low; Neuroticism high,3.2849483
neutral_controls,final_token,14,2,Openness low; Conscientiousness low; Extraversion low; Agreeableness high; Neuroticism low,3.0923014
neutral_controls,final_token,14,3,Openness low; Conscientiousness low; Extraversion low; Agreeableness high; Neuroticism high,2.9313538
neutral_controls,final_token,14,4,Openness low; Conscientiousness low; Extraversion high; Agreeableness low; Neuroticism low,3.1733713
neutral_controls,final_token,14,5,Openness low; Conscientiousness low; Extraversion high; Agreeableness low; Neuroticism high,3.469146
neutral_controls,final_token,14,6,Openness low; Conscientiousness low; Extraversion high; Agreeableness high; Neuroticism low,3.1587546
neutral_controls,final_token,14,7,Openness low; Conscientiousness low; Extraversion high; Agreeableness high; Neuroticism high,1.8382763
neutral_controls,final_token,14,8,Openness low; Conscientiousness high; Extraversion low; Agreeableness low; Neuroticism low,3.0188887
neutral_controls,final_token,14,9,Openness low; Conscientiousness high; Extraversion low; Agreeableness low; Neuroticism high,3.296496
neutral_controls,final_token,14,10,Openness low; Conscientiousness high; Extraversion low; Agreeableness high; Neuroticism low,3.3060725
neutral_controls,final_token,14,11,Openness low; Conscientiousness high; Extraversion low; Agreeableness high; Neuroticism high,3.051755
neutral_controls,final_token,14,12,Openness low; Conscientiousness high; Extraversion high; Agreeableness low; Neuroticism low,3.4642262
neutral_controls,final_token,14,13,Openness low; Conscientiousness high; Extraversion high; Agreeableness low; Neuroticism high,3.171946
neutral_controls,final_token,14,14,Openness low; Conscientiousness high; Extraversion high; Agreeableness high; Neuroticism low,3.395652
neutral_controls,final_token,14,15,Openness low; Conscientiousness high; Extraversion high; Agreeableness high; Neuroticism high,3.0610852
neutral_controls,final_token,14,16,Openness high; Conscientiousness low; Extraversion low; Agreeableness low; Neuroticism low,3.0904589
neutral_controls,final_token,14,17,Openness high; Conscientiousness low; Extraversion low; Agreeableness low; Neuroticism high,3.4316406
neutral_controls,final_token,14,18,Openness high; Conscientiousness low; Extraversion low; Agreeableness high; Neuroticism low,2.957593
neutral_controls,final_token,14,19,Openness high; Conscientiousness low; Extraversion low; Agreeableness high; Neuroticism high,3.4293842
neutral_controls,final_token,14,20,Openness high; Conscientiousness low; Extraversion high; Agreeableness low; Neuroticism low,3.274475
neutral_controls,final_token,14,21,Openness high; Conscientiousness low; Extraversion high; Agreeableness low; Neuroticism high,3.1034255
neutral_controls,final_token,14,22,Openness high; Conscientiousness low; Extraversion high; Agreeableness high; Neuroticism low,2.508339
neutral_controls,final_token,14,23,Openness high; Conscientiousness low; Extraversion high; Agreeableness high; Neuroticism high,1.4783889
neutral_controls,final_token,14,24,Openness high; Conscientiousness high; Extraversion low; Agreeableness low; Neuroticism low,3.1177325
neutral_controls,final_token,14,25,Openness high; Conscientiousness high; Extraversion low; Agreeableness low; Neuroticism high,3.2869117
neutral_controls,final_token,14,26,Openness high; Conscientiousness high; Extraversion low; Agreeableness high; Neuroticism low,2.960908
neutral_controls,final_token,14,27,Openness high; Conscientiousness high; Extraversion low; Agreeableness high; Neuroticism high,2.997969
neutral_controls,final_token,14,28,Openness high; Conscientiousness high; Extraversion high; Agreeableness low; Neuroticism low,3.0981297
neutral_controls,final_token,14,29,Openness high; Conscientiousness high; Extraversion high; Agreeableness low; Neuroticism high,3.123479
neutral_controls,final_token,14,30,Openness high; Conscientiousness high; Extraversion high; Agreeableness high; Neuroticism low,3.0949097
neutral_controls,final_token,14,31,Openness high; Conscientiousness high; Extraversion high; Agreeableness high; Neuroticism high,3.0937397
neutral_controls,final_token,15,0,Openness low; Conscientiousness low; Extraversion low; Agreeableness low; Neuroticism low,3.4841926
neutral_controls,final_token,15,1,Openness low; Conscientiousness low; Extraversion low; Agreeableness low; Neuroticism high,3.5551553
neutral_controls,final_token,15,2,Openness low; Conscientiousness low; Extraversion low; Agreeableness high; Neuroticism low,3.492387
neutral_controls,final_token,15,3,Openness low; Conscientiousness low; Extraversion low; Agreeableness high; Neuroticism high,3.2227933
neutral_controls,final_token,15,4,Openness low; Conscientiousness low; Extraversion high; Agreeableness low; Neuroticism low,3.4476402
neutral_controls,final_token,15,5,Openness low; Conscientiousness low; Extraversion high; Agreeableness low; Neuroticism high,3.837101
neutral_controls,final_token,15,6,Openness low; Conscientiousness low; Extraversion high; Agreeableness high; Neuroticism low,3.524634
neutral_controls,final_token,15,7,Openness low; Conscientiousness low; Extraversion high; Agreeableness high; Neuroticism high,2.1710901
neutral_controls,final_token,15,8,Openness low; Conscientiousness high; Extraversion low; Agreeableness low; Neuroticism low,3.3689206
neutral_controls,final_token,15,9,Openness low; Conscientiousness high; Extraversion low; Agreeableness low; Neuroticism high,3.6657627
neutral_controls,final_token,15,10,Openness low; Conscientiousness high; Extraversion low; Agreeableness high; Neuroticism low,3.6938648
neutral_controls,final_token,15,11,Openness low; Conscientiousness high; Extraversion low; Agreeableness high; Neuroticism high,3.3575816
neutral_controls,final_token,15,12,Openness low; Conscientiousness high; Extraversion high; Agreeableness low; Neuroticism low,3.9116342
neutral_controls,final_token,15,13,Openness low; Conscientiousness high; Extraversion high; Agreeableness low; Neuroticism high,3.485544
neutral_controls,final_token,15,14,Openness low; Conscientiousness high; Extraversion high; Agreeableness high; Neuroticism low,3.6761422
neutral_controls,final_token,15,15,Openness low; Conscientiousness high; Extraversion high; Agreeableness high; Neuroticism high,3.48068
neutral_controls,final_token,15,16,Openness high; Conscientiousness low; Extraversion low; Agreeableness low; Neuroticism low,3.37381
neutral_controls,final_token,15,17,Openness high; Conscientiousness low; Extraversion low; Agreeableness low; Neuroticism high,3.8762763
neutral_controls,final_token,15,18,Openness high; Conscientiousness low; Extraversion low; Agreeableness high; Neuroticism low,3.2101696
neutral_controls,final_token,15,19,Openness high; Conscientiousness low; Extraversion low; Agreeableness high; Neuroticism high,3.7498343
neutral_controls,final_token,15,20,Openness high; Conscientiousness low; Extraversion high; Agreeableness low; Neuroticism low,3.616212
neutral_controls,final_token,15,21,Openness high; Conscientiousness low; Extraversion high; Agreeableness low; Neuroticism high,3.427545
neutral_controls,final_token,15,22,Openness high; Conscientiousness low; Extraversion high; Agreeableness high; Neuroticism low,2.7436402
neutral_controls,final_token,15,23,Openness high; Conscientiousness low; Extraversion high; Agreeableness high; Neuroticism high,1.7298303
neutral_controls,final_token,15,24,Openness high; Conscientiousness high; Extraversion low; Agreeableness low; Neuroticism low,3.4454412
neutral_controls,final_token,15,25,Openness high; Conscientiousness high; Extraversion low; Agreeableness low; Neuroticism high,3.6211314
neutral_controls,final_token,15,26,Openness high; Conscientiousness high; Extraversion low; Agreeableness high; Neuroticism low,3.2550654
neutral_controls,final_token,15,27,Openness high; Conscientiousness high; Extraversion low; Agreeableness high; Neuroticism high,3.3049843
neutral_controls,final_token,15,28,Openness high; Conscientiousness high; Extraversion high; Agreeableness low; Neuroticism low,3.4191105
neutral_controls,final_token,15,29,Openness high; Conscientiousness high; Extraversion high; Agreeableness low; Neuroticism high,3.3954585
neutral_controls,final_token,15,30,Openness high; Conscientiousness high; Extraversion high; Agreeableness high; Neuroticism low,3.4174976
neutral_controls,final_token,15,31,Openness high; Conscientiousness high; Extraversion high; Agreeableness high; Neuroticism high,3.406259
neutral_controls,final_token,16,0,Openness low; Conscientiousness low; Extraversion low; Agreeableness low; Neuroticism low,4.1696773
neutral_controls,final_token,16,1,Openness low; Conscientiousness low; Extraversion low; Agreeableness low; Neuroticism high,4.3237767
neutral_controls,final_token,16,2,Openness low; Conscientiousness low; Extraversion low; Agreeableness high; Neuroticism low,4.324562
neutral_controls,final_token,16,3,Openness low; Conscientiousness low; Extraversion low; Agreeableness high; Neuroticism high,3.8988755
neutral_controls,final_token,16,4,Openness low; Conscientiousness low; Extraversion high; Agreeableness low; Neuroticism low,4.2101626
neutral_controls,final_token,16,5,Openness low; Conscientiousness low; Extraversion high; Agreeableness low; Neuroticism high,4.8216844
neutral_controls,final_token,16,6,Openness low; Conscientiousness low; Extraversion high; Agreeableness high; Neuroticism low,4.3187146
neutral_controls,final_token,16,7,Openness low; Conscientiousness low; Extraversion high; Agreeableness high; Neuroticism high,2.6626525
neutral_controls,final_token,16,8,Openness low; Conscientiousness high; Extraversion low; Agreeableness low; Neuroticism low,4.1650004
neutral_controls,final_token,16,9,Openness low; Conscientiousness high; Extraversion low; Agreeableness low; Neuroticism high,4.4057717
neutral_controls,final_token,16,10,Openness low; Conscientiousness high; Extraversion low; Agreeableness high; Neuroticism low,4.385722
neutral_controls,final_token,16,11,Openness low; Conscientiousness high; Extraversion low; Agreeableness high; Neuroticism high,4.08545
neutral_controls,final_token,16,12,Openness low; Conscientiousness high; Extraversion high; Agreeableness low; Neuroticism low,4.6852336
neutral_controls,final_token,16,13,Openness low; Conscientiousness high; Extraversion high; Agreeableness low; Neuroticism high,4.261436
neutral_controls,final_token,16,14,Openness low; Conscientiousness high; Extraversion high; Agreeableness high; Neuroticism low,4.527162
neutral_controls,final_token,16,15,Openness low; Conscientiousness high; Extraversion high; Agreeableness high; Neuroticism high,4.4184747
neutral_controls,final_token,16,16,Openness high; Conscientiousness low; Extraversion low; Agreeableness low; Neuroticism low,4.1233706
neutral_controls,final_token,16,17,Openness high; Conscientiousness low; Extraversion low; Agreeableness low; Neuroticism high,4.6512647
neutral_controls,final_token,16,18,Openness high; Conscientiousness low; Extraversion low; Agreeableness high; Neuroticism low,3.973113
neutral_controls,final_token,16,19,Openness high; Conscientiousness low; Extraversion low; Agreeableness high; Neuroticism high,4.6148396
neutral_controls,final_token,16,20,Openness high; Conscientiousness low; Extraversion high; Agreeableness low; Neuroticism low,4.5294833
neutral_controls,final_token,16,21,Openness high; Conscientiousness low; Extraversion high; Agreeableness low; Neuroticism high,4.0861
neutral_controls,final_token,16,22,Openness high; Conscientiousness low; Extraversion high; Agreeableness high; Neuroticism low,3.3634675
neutral_controls,final_token,16,23,Openness high; Conscientiousness low; Extraversion high; Agreeableness high; Neuroticism high,2.1630948
neutral_controls,final_token,16,24,Openness high; Conscientiousness high; Extraversion low; Agreeableness low; Neuroticism low,4.1758685
neutral_controls,final_token,16,25,Openness high; Conscientiousness high; Extraversion low; Agreeableness low; Neuroticism high,4.36708
neutral_controls,final_token,16,26,Openness high; Conscientiousness high; Extraversion low; Agreeableness high; Neuroticism low,3.950299
neutral_controls,final_token,16,27,Openness high; Conscientiousness high; Extraversion low; Agreeableness high; Neuroticism high,4.1243663
neutral_controls,final_token,16,28,Openness high; Conscientiousness high; Extraversion high; Agreeableness low; Neuroticism low,4.2215595
neutral_controls,final_token,16,29,Openness high; Conscientiousness high; Extraversion high; Agreeableness low; Neuroticism high,4.156029
neutral_controls,final_token,16,30,Openness high; Conscientiousness high; Extraversion high; Agreeableness high; Neuroticism low,4.22853
neutral_controls,final_token,16,31,Openness high; Conscientiousness high; Extraversion high; Agreeableness high; Neuroticism high,4.135857
neutral_controls,final_token,17,0,Openness low; Conscientiousness low; Extraversion low; Agreeableness low; Neuroticism low,4.8718104
neutral_controls,final_token,17,1,Openness low; Conscientiousness low; Extraversion low; Agreeableness low; Neuroticism high,4.952057
neutral_controls,final_token,17,2,Openness low; Conscientiousness low; Extraversion low; Agreeableness high; Neuroticism low,5.033961
neutral_controls,final_token,17,3,Openness low; Conscientiousness low; Extraversion low; Agreeableness high; Neuroticism high,4.553498
neutral_controls,final_token,17,4,Openness low; Conscientiousness low; Extraversion high; Agreeableness low; Neuroticism low,4.913716
neutral_controls,final_token,17,5,Openness low; Conscientiousness low; Extraversion high; Agreeableness low; Neuroticism high,5.6505914
neutral_controls,final_token,17,6,Openness low; Conscientiousness low; Extraversion high; Agreeableness high; Neuroticism low,5.0576797
neutral_controls,final_token,17,7,Openness low; Conscientiousness low; Extraversion high; Agreeableness high; Neuroticism high,3.1864328
neutral_controls,final_token,17,8,Openness low; Conscientiousness high; Extraversion low; Agreeableness low; Neuroticism low,4.957715
neutral_controls,final_token,17,9,Openness low; Conscientiousness high; Extraversion low; Agreeableness low; Neuroticism high,5.2754555
neutral_controls,final_token,17,10,Openness low; Conscientiousness high; Extraversion low; Agreeableness high; Neuroticism low,5.219644
neutral_controls,final_token,17,11,Openness low; Conscientiousness high; Extraversion low; Agreeableness high; Neuroticism high,4.804359
neutral_controls,final_token,17,12,Openness low; Conscientiousness high; Extraversion high; Agreeableness low; Neuroticism low,5.4310627
neutral_controls,final_token,17,13,Openness low; Conscientiousness high; Extraversion high; Agreeableness low; Neuroticism high,4.89197
neutral_controls,final_token,17,14,Openness low; Conscientiousness high; Extraversion high; Agreeableness high; Neuroticism low,5.244512
neutral_controls,final_token,17,15,Openness low; Conscientiousness high; Extraversion high; Agreeableness high; Neuroticism high,5.2134733
neutral_controls,final_token,17,16,Openness high; Conscientiousness low; Extraversion low; Agreeableness low; Neuroticism low,4.854548
neutral_controls,final_token,17,17,Openness high; Conscientiousness low; Extraversion low; Agreeableness low; Neuroticism high,5.490624
neutral_controls,final_token,17,18,Openness high; Conscientiousness low; Extraversion low; Agreeableness high; Neuroticism low,4.641475
neutral_controls,final_token,17,19,Openness high; Conscientiousness low; Extraversion low; Agreeableness high; Neuroticism high,5.4459615
neutral_controls,final_token,17,20,Openness high; Conscientiousness low; Extraversion high; Agreeableness low; Neuroticism low,5.346154
neutral_controls,final_token,17,21,Openness high; Conscientiousness low; Extraversion high; Agreeableness low; Neuroticism high,4.83398
neutral_controls,final_token,17,22,Openness high; Conscientiousness low; Extraversion high; Agreeableness high; Neuroticism low,3.8740792
neutral_controls,final_token,17,23,Openness high; Conscientiousness low; Extraversion high; Agreeableness high; Neuroticism high,2.6005576
neutral_controls,final_token,17,24,Openness high; Conscientiousness high; Extraversion low; Agreeableness low; Neuroticism low,4.8564577
neutral_controls,final_token,17,25,Openness high; Conscientiousness high; Extraversion low; Agreeableness low; Neuroticism high,5.039592
neutral_controls,final_token,17,26,Openness high; Conscientiousness high; Extraversion low; Agreeableness high; Neuroticism low,4.7205696
neutral_controls,final_token,17,27,Openness high; Conscientiousness high; Extraversion low; Agreeableness high; Neuroticism high,4.8357215
neutral_controls,final_token,17,28,Openness high; Conscientiousness high; Extraversion high; Agreeableness low; Neuroticism low,4.9704375
neutral_controls,final_token,17,29,Openness high; Conscientiousness high; Extraversion high; Agreeableness low; Neuroticism high,4.9255967
neutral_controls,final_token,17,30,Openness high; Conscientiousness high; Extraversion high; Agreeableness high; Neuroticism low,5.024663
neutral_controls,final_token,17,31,Openness high; Conscientiousness high; Extraversion high; Agreeableness high; Neuroticism high,4.827071
neutral_controls,final_token,18,0,Openness low; Conscientiousness low; Extraversion low; Agreeableness low; Neuroticism low,5.4595733
neutral_controls,final_token,18,1,Openness low; Conscientiousness low; Extraversion low; Agreeableness low; Neuroticism high,5.5879564
neutral_controls,final_token,18,2,Openness low; Conscientiousness low; Extraversion low; Agreeableness high; Neuroticism low,5.69076
neutral_controls,final_token,18,3,Openness low; Conscientiousness low; Extraversion low; Agreeableness high; Neuroticism high,5.1470804
neutral_controls,final_token,18,4,Openness low; Conscientiousness low; Extraversion high; Agreeableness low; Neuroticism low,5.5338044
neutral_controls,final_token,18,5,Openness low; Conscientiousness low; Extraversion high; Agreeableness low; Neuroticism high,6.3316145
neutral_controls,final_token,18,6,Openness low; Conscientiousness low; Extraversion high; Agreeableness high; Neuroticism low,5.7315784
neutral_controls,final_token,18,7,Openness low; Conscientiousness low; Extraversion high; Agreeableness high; Neuroticism high,3.6013546
neutral_controls,final_token,18,8,Openness low; Conscientiousness high; Extraversion low; Agreeableness low; Neuroticism low,5.5625176
neutral_controls,final_token,18,9,Openness low; Conscientiousness high; Extraversion low; Agreeableness low; Neuroticism high,5.967424
neutral_controls,final_token,18,10,Openness low; Conscientiousness high; Extraversion low; Agreeableness high; Neuroticism low,6.0061
neutral_controls,final_token,18,11,Openness low; Conscientiousness high; Extraversion low; Agreeableness high; Neuroticism high,5.4184904
neutral_controls,final_token,18,12,Openness low; Conscientiousness high; Extraversion high; Agreeableness low; Neuroticism low,6.1534348
neutral_controls,final_token,18,13,Openness low; Conscientiousness high; Extraversion high; Agreeableness low; Neuroticism high,5.582909
neutral_controls,final_token,18,14,Openness low; Conscientiousness high; Extraversion high; Agreeableness high; Neuroticism low,5.907241
neutral_controls,final_token,18,15,Openness low; Conscientiousness high; Extraversion high; Agreeableness high; Neuroticism high,5.9508753
neutral_controls,final_token,18,16,Openness high; Conscientiousness low; Extraversion low; Agreeableness low; Neuroticism low,5.5009413
neutral_controls,final_token,18,17,Openness high; Conscientiousness low; Extraversion low; Agreeableness low; Neuroticism high,6.201262
neutral_controls,final_token,18,18,Openness high; Conscientiousness low; Extraversion low; Agreeableness high; Neuroticism low,5.2167835
neutral_controls,final_token,18,19,Openness high; Conscientiousness low; Extraversion low; Agreeableness high; Neuroticism high,6.157367
neutral_controls,final_token,18,20,Openness high; Conscientiousness low; Extraversion high; Agreeableness low; Neuroticism low,6.038161
neutral_controls,final_token,18,21,Openness high; Conscientiousness low; Extraversion high; Agreeableness low; Neuroticism high,5.4960136
neutral_controls,final_token,18,22,Openness high; Conscientiousness low; Extraversion high; Agreeableness high; Neuroticism low,4.3036947
neutral_controls,final_token,18,23,Openness high; Conscientiousness low; Extraversion high; Agreeableness high; Neuroticism high,2.956533
neutral_controls,final_token,18,24,Openness high; Conscientiousness high; Extraversion low; Agreeableness low; Neuroticism low,5.4879727
neutral_controls,final_token,18,25,Openness high; Conscientiousness high; Extraversion low; Agreeableness low; Neuroticism high,5.6514363
neutral_controls,final_token,18,26,Openness high; Conscientiousness high; Extraversion low; Agreeableness high; Neuroticism low,5.349707
neutral_controls,final_token,18,27,Openness high; Conscientiousness high; Extraversion low; Agreeableness high; Neuroticism high,5.4245563
neutral_controls,final_token,18,28,Openness high; Conscientiousness high; Extraversion high; Agreeableness low; Neuroticism low,5.5814586
neutral_controls,final_token,18,29,Openness high; Conscientiousness high; Extraversion high; Agreeableness low; Neuroticism high,5.5129623
neutral_controls,final_token,18,30,Openness high; Conscientiousness high; Extraversion high; Agreeableness high; Neuroticism low,5.6975656
neutral_controls,final_token,18,31,Openness high; Conscientiousness high; Extraversion high; Agreeableness high; Neuroticism high,5.4445014
neutral_controls,final_token,19,0,Openness low; Conscientiousness low; Extraversion low; Agreeableness low; Neuroticism low,5.8679376
neutral_controls,final_token,19,1,Openness low; Conscientiousness low; Extraversion low; Agreeableness low; Neuroticism high,6.0354013
neutral_controls,final_token,19,2,Openness low; Conscientiousness low; Extraversion low; Agreeableness high; Neuroticism low,6.1746197
neutral_controls,final_token,19,3,Openness low; Conscientiousness low; Extraversion low; Agreeableness high; Neuroticism high,5.5945044
neutral_controls,final_token,19,4,Openness low; Conscientiousness low; Extraversion high; Agreeableness low; Neuroticism low,6.0040956
neutral_controls,final_token,19,5,Openness low; Conscientiousness low; Extraversion high; Agreeableness low; Neuroticism high,6.890196
neutral_controls,final_token,19,6,Openness low; Conscientiousness low; Extraversion high; Agreeableness high; Neuroticism low,6.2124457
neutral_controls,final_token,19,7,Openness low; Conscientiousness low; Extraversion high; Agreeableness high; Neuroticism high,3.8986387
neutral_controls,final_token,19,8,Openness low; Conscientiousness high; Extraversion low; Agreeableness low; Neuroticism low,6.1147857
neutral_controls,final_token,19,9,Openness low; Conscientiousness high; Extraversion low; Agreeableness low; Neuroticism high,6.472601
neutral_controls,final_token,19,10,Openness low; Conscientiousness high; Extraversion low; Agreeableness high; Neuroticism low,6.4784436
neutral_controls,final_token,19,11,Openness low; Conscientiousness high; Extraversion low; Agreeableness high; Neuroticism high,5.8318257
neutral_controls,final_token,19,12,Openness low; Conscientiousness high; Extraversion high; Agreeableness low; Neuroticism low,6.6561885
neutral_controls,final_token,19,13,Openness low; Conscientiousness high; Extraversion high; Agreeableness low; Neuroticism high,6.0357704
neutral_controls,final_token,19,14,Openness low; Conscientiousness high; Extraversion high; Agreeableness high; Neuroticism low,6.3695273
neutral_controls,final_token,19,15,Openness low; Conscientiousness high; Extraversion high; Agreeableness high; Neuroticism high,6.469772
neutral_controls,final_token,19,16,Openness high; Conscientiousness low; Extraversion low; Agreeableness low; Neuroticism low,5.914786
neutral_controls,final_token,19,17,Openness high; Conscientiousness low; Extraversion low; Agreeableness low; Neuroticism high,6.75748
neutral_controls,final_token,19,18,Openness high; Conscientiousness low; Extraversion low; Agreeableness high; Neuroticism low,5.6263003
neutral_controls,final_token,19,19,Openness high; Conscientiousness low; Extraversion low; Agreeableness high; Neuroticism high,6.7577243
neutral_controls,final_token,19,20,Openness high; Conscientiousness low; Extraversion high; Agreeableness low; Neuroticism low,6.53908
neutral_controls,final_token,19,21,Openness high; Conscientiousness low; Extraversion high; Agreeableness low; Neuroticism high,5.942655
neutral_controls,final_token,19,22,Openness high; Conscientiousness low; Extraversion high; Agreeableness high; Neuroticism low,4.658847
neutral_controls,final_token,19,23,Openness high; Conscientiousness low; Extraversion high; Agreeableness high; Neuroticism high,3.2652454
neutral_controls,final_token,19,24,Openness high; Conscientiousness high; Extraversion low; Agreeableness low; Neuroticism low,5.9184146
neutral_controls,final_token,19,25,Openness high; Conscientiousness high; Extraversion low; Agreeableness low; Neuroticism high,6.126603
neutral_controls,final_token,19,26,Openness high; Conscientiousness high; Extraversion low; Agreeableness high; Neuroticism low,5.7440877
neutral_controls,final_token,19,27,Openness high; Conscientiousness high; Extraversion low; Agreeableness high; Neuroticism high,5.872252
neutral_controls,final_token,19,28,Openness high; Conscientiousness high; Extraversion high; Agreeableness low; Neuroticism low,6.0921288
neutral_controls,final_token,19,29,Openness high; Conscientiousness high; Extraversion high; Agreeableness low; Neuroticism high,5.965088
neutral_controls,final_token,19,30,Openness high; Conscientiousness high; Extraversion high; Agreeableness high; Neuroticism low,6.1966
neutral_controls,final_token,19,31,Openness high; Conscientiousness high; Extraversion high; Agreeableness high; Neuroticism high,5.924862
neutral_controls,final_token,20,0,Openness low; Conscientiousness low; Extraversion low; Agreeableness low; Neuroticism low,6.3849373
neutral_controls,final_token,20,1,Openness low; Conscientiousness low; Extraversion low; Agreeableness low; Neuroticism high,6.6028376
neutral_controls,final_token,20,2,Openness low; Conscientiousness low; Extraversion low; Agreeableness high; Neuroticism low,6.7500343
neutral_controls,final_token,20,3,Openness low; Conscientiousness low; Extraversion low; Agreeableness high; Neuroticism high,6.012103
neutral_controls,final_token,20,4,Openness low; Conscientiousness low; Extraversion high; Agreeableness low; Neuroticism low,6.589144
neutral_controls,final_token,20,5,Openness low; Conscientiousness low; Extraversion high; Agreeableness low; Neuroticism high,7.495999
neutral_controls,final_token,20,6,Openness low; Conscientiousness low; Extraversion high; Agreeableness high; Neuroticism low,6.705656
neutral_controls,final_token,20,7,Openness low; Conscientiousness low; Extraversion high; Agreeableness high; Neuroticism high,4.1711698
neutral_controls,final_token,20,8,Openness low; Conscientiousness high; Extraversion low; Agreeableness low; Neuroticism low,6.601778
neutral_controls,final_token,20,9,Openness low; Conscientiousness high; Extraversion low; Agreeableness low; Neuroticism high,7.020941
neutral_controls,final_token,20,10,Openness low; Conscientiousness high; Extraversion low; Agreeableness high; Neuroticism low,7.1133623
neutral_controls,final_token,20,11,Openness low; Conscientiousness high; Extraversion low; Agreeableness high; Neuroticism high,6.384791
neutral_controls,final_token,20,12,Openness low; Conscientiousness high; Extraversion high; Agreeableness low; Neuroticism low,7.2098317
neutral_controls,final_token,20,13,Openness low; Conscientiousness high; Extraversion high; Agreeableness low; Neuroticism high,6.5302186
neutral_controls,final_token,20,14,Openness low; Conscientiousness high; Extraversion high; Agreeableness high; Neuroticism low,6.979895
neutral_controls,final_token,20,15,Openness low; Conscientiousness high; Extraversion high; Agreeableness high; Neuroticism high,7.0579386
neutral_controls,final_token,20,16,Openness high; Conscientiousness low; Extraversion low; Agreeableness low; Neuroticism low,6.424332
neutral_controls,final_token,20,17,Openness high; Conscientiousness low; Extraversion low; Agreeableness low; Neuroticism high,7.285507
neutral_controls,final_token,20,18,Openness high; Conscientiousness low; Extraversion low; Agreeableness high; Neuroticism low,6.0375667
neutral_controls,final_token,20,19,Openness high; Conscientiousness low; Extraversion low; Agreeableness high; Neuroticism high,7.350703
neutral_controls,final_token,20,20,Openness high; Conscientiousness low; Extraversion high; Agreeableness low; Neuroticism low,7.0507503
neutral_controls,final_token,20,21,Openness high; Conscientiousness low; Extraversion high; Agreeableness low; Neuroticism high,6.446156
neutral_controls,final_token,20,22,Openness high; Conscientiousness low; Extraversion high; Agreeableness high; Neuroticism low,5.0339456
neutral_controls,final_token,20,23,Openness high; Conscientiousness low; Extraversion high; Agreeableness high; Neuroticism high,3.5269077
neutral_controls,final_token,20,24,Openness high; Conscientiousness high; Extraversion low; Agreeableness low; Neuroticism low,6.508015
neutral_controls,final_token,20,25,Openness high; Conscientiousness high; Extraversion low; Agreeableness low; Neuroticism high,6.697273
neutral_controls,final_token,20,26,Openness high; Conscientiousness high; Extraversion low; Agreeableness high; Neuroticism low,6.236976
neutral_controls,final_token,20,27,Openness high; Conscientiousness high; Extraversion low; Agreeableness high; Neuroticism high,6.393452
neutral_controls,final_token,20,28,Openness high; Conscientiousness high; Extraversion high; Agreeableness low; Neuroticism low,6.650914
neutral_controls,final_token,20,29,Openness high; Conscientiousness high; Extraversion high; Agreeableness low; Neuroticism high,6.4877357
neutral_controls,final_token,20,30,Openness high; Conscientiousness high; Extraversion high; Agreeableness high; Neuroticism low,6.736436
neutral_controls,final_token,20,31,Openness high; Conscientiousness high; Extraversion high; Agreeableness high; Neuroticism high,6.473291
neutral_controls,final_token,21,0,Openness low; Conscientiousness low; Extraversion low; Agreeableness low; Neuroticism low,7.4061947
neutral_controls,final_token,21,1,Openness low; Conscientiousness low; Extraversion low; Agreeableness low; Neuroticism high,7.621503
neutral_controls,final_token,21,2,Openness low; Conscientiousness low; Extraversion low; Agreeableness high; Neuroticism low,7.8030996
neutral_controls,final_token,21,3,Openness low; Conscientiousness low; Extraversion low; Agreeableness high; Neuroticism high,7.1014047
neutral_controls,final_token,21,4,Openness low; Conscientiousness low; Extraversion high; Agreeableness low; Neuroticism low,7.656533
neutral_controls,final_token,21,5,Openness low; Conscientiousness low; Extraversion high; Agreeableness low; Neuroticism high,8.91394
neutral_controls,final_token,21,6,Openness low; Conscientiousness low; Extraversion high; Agreeableness high; Neuroticism low,7.836691
neutral_controls,final_token,21,7,Openness low; Conscientiousness low; Extraversion high; Agreeableness high; Neuroticism high,4.909612
neutral_controls,final_token,21,8,Openness low; Conscientiousness high; Extraversion low; Agreeableness low; Neuroticism low,7.7348976
neutral_controls,final_token,21,9,Openness low; Conscientiousness high; Extraversion low; Agreeableness low; Neuroticism high,8.337838
neutral_controls,final_token,21,10,Openness low; Conscientiousness high; Extraversion low; Agreeableness high; Neuroticism low,8.430777
neutral_controls,final_token,21,11,Openness low; Conscientiousness high; Extraversion low; Agreeableness high; Neuroticism high,7.420147
neutral_controls,final_token,21,12,Openness low; Conscientiousness high; Extraversion high; Agreeableness low; Neuroticism low,8.450604
neutral_controls,final_token,21,13,Openness low; Conscientiousness high; Extraversion high; Agreeableness low; Neuroticism high,7.5821915
neutral_controls,final_token,21,14,Openness low; Conscientiousness high; Extraversion high; Agreeableness high; Neuroticism low,8.153561
neutral_controls,final_token,21,15,Openness low; Conscientiousness high; Extraversion high; Agreeableness high; Neuroticism high,8.349472
neutral_controls,final_token,21,16,Openness high; Conscientiousness low; Extraversion low; Agreeableness low; Neuroticism low,7.520641
neutral_controls,final_token,21,17,Openness high; Conscientiousness low; Extraversion low; Agreeableness low; Neuroticism high,8.476746
neutral_controls,final_token,21,18,Openness high; Conscientiousness low; Extraversion low; Agreeableness high; Neuroticism low,7.0617256
neutral_controls,final_token,21,19,Openness high; Conscientiousness low; Extraversion low; Agreeableness high; Neuroticism high,8.682668
neutral_controls,final_token,21,20,Openness high; Conscientiousness low; Extraversion high; Agreeableness low; Neuroticism low,8.20883
neutral_controls,final_token,21,21,Openness high; Conscientiousness low; Extraversion high; Agreeableness low; Neuroticism high,7.641927
neutral_controls,final_token,21,22,Openness high; Conscientiousness low; Extraversion high; Agreeableness high; Neuroticism low,5.929487
neutral_controls,final_token,21,23,Openness high; Conscientiousness low; Extraversion high; Agreeableness high; Neuroticism high,4.1560063
neutral_controls,final_token,21,24,Openness high; Conscientiousness high; Extraversion low; Agreeableness low; Neuroticism low,7.555175
neutral_controls,final_token,21,25,Openness high; Conscientiousness high; Extraversion low; Agreeableness low; Neuroticism high,7.828345
neutral_controls,final_token,21,26,Openness high; Conscientiousness high; Extraversion low; Agreeableness high; Neuroticism low,7.370525
neutral_controls,final_token,21,27,Openness high; Conscientiousness high; Extraversion low; Agreeableness high; Neuroticism high,7.4545965
neutral_controls,final_token,21,28,Openness high; Conscientiousness high; Extraversion high; Agreeableness low; Neuroticism low,7.9094768
neutral_controls,final_token,21,29,Openness high; Conscientiousness high; Extraversion high; Agreeableness low; Neuroticism high,7.7000856
neutral_controls,final_token,21,30,Openness high; Conscientiousness high; Extraversion high; Agreeableness high; Neuroticism low,7.939002
neutral_controls,final_token,21,31,Openness high; Conscientiousness high; Extraversion high; Agreeableness high; Neuroticism high,7.65415
neutral_controls,final_token,22,0,Openness low; Conscientiousness low; Extraversion low; Agreeableness low; Neuroticism low,8.345393
neutral_controls,final_token,22,1,Openness low; Conscientiousness low; Extraversion low; Agreeableness low; Neuroticism high,8.538457
neutral_controls,final_token,22,2,Openness low; Conscientiousness low; Extraversion low; Agreeableness high; Neuroticism low,8.739227
neutral_controls,final_token,22,3,Openness low; Conscientiousness low; Extraversion low; Agreeableness high; Neuroticism high,7.9252095
neutral_controls,final_token,22,4,Openness low; Conscientiousness low; Extraversion high; Agreeableness low; Neuroticism low,8.617702
neutral_controls,final_token,22,5,Openness low; Conscientiousness low; Extraversion high; Agreeableness low; Neuroticism high,9.971512
neutral_controls,final_token,22,6,Openness low; Conscientiousness low; Extraversion high; Agreeableness high; Neuroticism low,8.7570305
neutral_controls,final_token,22,7,Openness low; Conscientiousness low; Extraversion high; Agreeableness high; Neuroticism high,5.4381723
neutral_controls,final_token,22,8,Openness low; Conscientiousness high; Extraversion low; Agreeableness low; Neuroticism low,8.579143
neutral_controls,final_token,22,9,Openness low; Conscientiousness high; Extraversion low; Agreeableness low; Neuroticism high,9.344955
neutral_controls,final_token,22,10,Openness low; Conscientiousness high; Extraversion low; Agreeableness high; Neuroticism low,9.33964
neutral_controls,final_token,22,11,Openness low; Conscientiousness high; Extraversion low; Agreeableness high; Neuroticism high,8.179378
neutral_controls,final_token,22,12,Openness low; Conscientiousness high; Extraversion high; Agreeableness low; Neuroticism low,9.432959
neutral_controls,final_token,22,13,Openness low; Conscientiousness high; Extraversion high; Agreeableness low; Neuroticism high,8.497816
neutral_controls,final_token,22,14,Openness low; Conscientiousness high; Extraversion high; Agreeableness high; Neuroticism low,9.126593
neutral_controls,final_token,22,15,Openness low; Conscientiousness high; Extraversion high; Agreeableness high; Neuroticism high,9.470061
neutral_controls,final_token,22,16,Openness high; Conscientiousness low; Extraversion low; Agreeableness low; Neuroticism low,8.583818
neutral_controls,final_token,22,17,Openness high; Conscientiousness low; Extraversion low; Agreeableness low; Neuroticism high,9.341013
neutral_controls,final_token,22,18,Openness high; Conscientiousness low; Extraversion low; Agreeableness high; Neuroticism low,7.860658
neutral_controls,final_token,22,19,Openness high; Conscientiousness low; Extraversion low; Agreeableness high; Neuroticism high,9.915373
neutral_controls,final_token,22,20,Openness high; Conscientiousness low; Extraversion high; Agreeableness low; Neuroticism low,9.165718
neutral_controls,final_token,22,21,Openness high; Conscientiousness low; Extraversion high; Agreeableness low; Neuroticism high,8.569548
neutral_controls,final_token,22,22,Openness high; Conscientiousness low; Extraversion high; Agreeableness high; Neuroticism low,6.674803
neutral_controls,final_token,22,23,Openness high; Conscientiousness low; Extraversion high; Agreeableness high; Neuroticism high,4.594796
neutral_controls,final_token,22,24,Openness high; Conscientiousness high; Extraversion low; Agreeableness low; Neuroticism low,8.403044
neutral_controls,final_token,22,25,Openness high; Conscientiousness high; Extraversion low; Agreeableness low; Neuroticism high,8.819868
neutral_controls,final_token,22,26,Openness high; Conscientiousness high; Extraversion low; Agreeableness high; Neuroticism low,8.385432
neutral_controls,final_token,22,27,Openness high; Conscientiousness high; Extraversion low; Agreeableness high; Neuroticism high,8.338945
neutral_controls,final_token,22,28,Openness high; Conscientiousness high; Extraversion high; Agreeableness low; Neuroticism low,8.873483
neutral_controls,final_token,22,29,Openness high; Conscientiousness high; Extraversion high; Agreeableness low; Neuroticism high,8.575201
neutral_controls,final_token,22,30,Openness high; Conscientiousness high; Extraversion high; Agreeableness high; Neuroticism low,8.87066
neutral_controls,final_token,22,31,Openness high; Conscientiousness high; Extraversion high; Agreeableness high; Neuroticism high,8.574283
neutral_controls,final_token,23,0,Openness low; Conscientiousness low; Extraversion low; Agreeableness low; Neuroticism low,9.250992
neutral_controls,final_token,23,1,Openness low; Conscientiousness low; Extraversion low; Agreeableness low; Neuroticism high,9.465628
neutral_controls,final_token,23,2,Openness low; Conscientiousness low; Extraversion low; Agreeableness high; Neuroticism low,9.557833
neutral_controls,final_token,23,3,Openness low; Conscientiousness low; Extraversion low; Agreeableness high; Neuroticism high,8.656725
neutral_controls,final_token,23,4,Openness low; Conscientiousness low; Extraversion high; Agreeableness low; Neuroticism low,9.515761
neutral_controls,final_token,23,5,Openness low; Conscientiousness low; Extraversion high; Agreeableness low; Neuroticism high,11.087533
neutral_controls,final_token,23,6,Openness low; Conscientiousness low; Extraversion high; Agreeableness high; Neuroticism low,9.735846
neutral_controls,final_token,23,7,Openness low; Conscientiousness low; Extraversion high; Agreeableness high; Neuroticism high,6.0546503
neutral_controls,final_token,23,8,Openness low; Conscientiousness high; Extraversion low; Agreeableness low; Neuroticism low,9.631727
neutral_controls,final_token,23,9,Openness low; Conscientiousness high; Extraversion low; Agreeableness low; Neuroticism high,10.364021
neutral_controls,final_token,23,10,Openness low; Conscientiousness high; Extraversion low; Agreeableness high; Neuroticism low,10.3574095
neutral_controls,final_token,23,11,Openness low; Conscientiousness high; Extraversion low; Agreeableness high; Neuroticism high,9.012143
neutral_controls,final_token,23,12,Openness low; Conscientiousness high; Extraversion high; Agreeableness low; Neuroticism low,10.628133
neutral_controls,final_token,23,13,Openness low; Conscientiousness high; Extraversion high; Agreeableness low; Neuroticism high,9.304324
neutral_controls,final_token,23,14,Openness low; Conscientiousness high; Extraversion high; Agreeableness high; Neuroticism low,10.115672
neutral_controls,final_token,23,15,Openness low; Conscientiousness high; Extraversion high; Agreeableness high; Neuroticism high,10.6856785
neutral_controls,final_token,23,16,Openness high; Conscientiousness low; Extraversion low; Agreeableness low; Neuroticism low,9.507131
neutral_controls,final_token,23,17,Openness high; Conscientiousness low; Extraversion low; Agreeableness low; Neuroticism high,10.30769
neutral_controls,final_token,23,18,Openness high; Conscientiousness low; Extraversion low; Agreeableness high; Neuroticism low,8.718305
neutral_controls,final_token,23,19,Openness high; Conscientiousness low; Extraversion low; Agreeableness high; Neuroticism high,10.906262
neutral_controls,final_token,23,20,Openness high; Conscientiousness low; Extraversion high; Agreeableness low; Neuroticism low,10.161344
neutral_controls,final_token,23,21,Openness high; Conscientiousness low; Extraversion high; Agreeableness low; Neuroticism high,9.643508
neutral_controls,final_token,23,22,Openness high; Conscientiousness low; Extraversion high; Agreeableness high; Neuroticism low,7.3391957
neutral_controls,final_token,23,23,Openness high; Conscientiousness low; Extraversion high; Agreeableness high; Neuroticism high,5.169976
neutral_controls,final_token,23,24,Openness high; Conscientiousness high; Extraversion low; Agreeableness low; Neuroticism low,9.388478
neutral_controls,final_token,23,25,Openness high; Conscientiousness high; Extraversion low; Agreeableness low; Neuroticism high,9.775806
neutral_controls,final_token,23,26,Openness high; Conscientiousness high; Extraversion low; Agreeableness high; Neuroticism low,9.272458
neutral_controls,final_token,23,27,Openness high; Conscientiousness high; Extraversion low; Agreeableness high; Neuroticism high,9.205676
neutral_controls,final_token,23,28,Openness high; Conscientiousness high; Extraversion high; Agreeableness low; Neuroticism low,9.852828
neutral_controls,final_token,23,29,Openness high; Conscientiousness high; Extraversion high; Agreeableness low; Neuroticism high,9.50043
neutral_controls,final_token,23,30,Openness high; Conscientiousness high; Extraversion high; Agreeableness high; Neuroticism low,9.903623
neutral_controls,final_token,23,31,Openness high; Conscientiousness high; Extraversion high; Agreeableness high; Neuroticism high,9.554932
neutral_controls,final_token,24,0,Openness low; Conscientiousness low; Extraversion low; Agreeableness low; Neuroticism low,10.182576
neutral_controls,final_token,24,1,Openness low; Conscientiousness low; Extraversion low; Agreeableness low; Neuroticism high,10.3904705
neutral_controls,final_token,24,2,Openness low; Conscientiousness low; Extraversion low; Agreeableness high; Neuroticism low,10.446263
neutral_controls,final_token,24,3,Openness low; Conscientiousness low; Extraversion low; Agreeableness high; Neuroticism high,9.546438
neutral_controls,final_token,24,4,Openness low; Conscientiousness low; Extraversion high; Agreeableness low; Neuroticism low,10.536773
neutral_controls,final_token,24,5,Openness low; Conscientiousness low; Extraversion high; Agreeableness low; Neuroticism high,12.082751
neutral_controls,final_token,24,6,Openness low; Conscientiousness low; Extraversion high; Agreeableness high; Neuroticism low,10.61906
neutral_controls,final_token,24,7,Openness low; Conscientiousness low; Extraversion high; Agreeableness high; Neuroticism high,6.621176
neutral_controls,final_token,24,8,Openness low; Conscientiousness high; Extraversion low; Agreeableness low; Neuroticism low,10.483333
neutral_controls,final_token,24,9,Openness low; Conscientiousness high; Extraversion low; Agreeableness low; Neuroticism high,11.449284
neutral_controls,final_token,24,10,Openness low; Conscientiousness high; Extraversion low; Agreeableness high; Neuroticism low,11.300672
neutral_controls,final_token,24,11,Openness low; Conscientiousness high; Extraversion low; Agreeableness high; Neuroticism high,9.826531
neutral_controls,final_token,24,12,Openness low; Conscientiousness high; Extraversion high; Agreeableness low; Neuroticism low,11.704847
neutral_controls,final_token,24,13,Openness low; Conscientiousness high; Extraversion high; Agreeableness low; Neuroticism high,10.214711
neutral_controls,final_token,24,14,Openness low; Conscientiousness high; Extraversion high; Agreeableness high; Neuroticism low,11.091831
neutral_controls,final_token,24,15,Openness low; Conscientiousness high; Extraversion high; Agreeableness high; Neuroticism high,11.810435
neutral_controls,final_token,24,16,Openness high; Conscientiousness low; Extraversion low; Agreeableness low; Neuroticism low,10.7126665
neutral_controls,final_token,24,17,Openness high; Conscientiousness low; Extraversion low; Agreeableness low; Neuroticism high,11.14273
neutral_controls,final_token,24,18,Openness high; Conscientiousness low; Extraversion low; Agreeableness high; Neuroticism low,9.637206
neutral_controls,final_token,24,19,Openness high; Conscientiousness low; Extraversion low; Agreeableness high; Neuroticism high,11.726955
neutral_controls,final_token,24,20,Openness high; Conscientiousness low; Extraversion high; Agreeableness low; Neuroticism low,11.3981085
neutral_controls,final_token,24,21,Openness high; Conscientiousness low; Extraversion high; Agreeableness low; Neuroticism high,10.655763
neutral_controls,final_token,24,22,Openness high; Conscientiousness low; Extraversion high; Agreeableness high; Neuroticism low,8.033095
neutral_controls,final_token,24,23,Openness high; Conscientiousness low; Extraversion high; Agreeableness high; Neuroticism high,5.560646
neutral_controls,final_token,24,24,Openness high; Conscientiousness high; Extraversion low; Agreeableness low; Neuroticism low,10.358495
neutral_controls,final_token,24,25,Openness high; Conscientiousness high; Extraversion low; Agreeableness low; Neuroticism high,10.648567
neutral_controls,final_token,24,26,Openness high; Conscientiousness high; Extraversion low; Agreeableness high; Neuroticism low,10.270782
neutral_controls,final_token,24,27,Openness high; Conscientiousness high; Extraversion low; Agreeableness high; Neuroticism high,10.099887
neutral_controls,final_token,24,28,Openness high; Conscientiousness high; Extraversion high; Agreeableness low; Neuroticism low,10.769859
neutral_controls,final_token,24,29,Openness high; Conscientiousness high; Extraversion high; Agreeableness low; Neuroticism high,10.539698
neutral_controls,final_token,24,30,Openness high; Conscientiousness high; Extraversion high; Agreeableness high; Neuroticism low,11.149114
neutral_controls,final_token,24,31,Openness high; Conscientiousness high; Extraversion high; Agreeableness high; Neuroticism high,10.476905
neutral_controls,final_token,25,0,Openness low; Conscientiousness low; Extraversion low; Agreeableness low; Neuroticism low,10.910662
neutral_controls,final_token,25,1,Openness low; Conscientiousness low; Extraversion low; Agreeableness low; Neuroticism high,11.137114
neutral_controls,final_token,25,2,Openness low; Conscientiousness low; Extraversion low; Agreeableness high; Neuroticism low,11.191107
neutral_controls,final_token,25,3,Openness low; Conscientiousness low; Extraversion low; Agreeableness high; Neuroticism high,10.249269
neutral_controls,final_token,25,4,Openness low; Conscientiousness low; Extraversion high; Agreeableness low; Neuroticism low,11.288584
neutral_controls,final_token,25,5,Openness low; Conscientiousness low; Extraversion high; Agreeableness low; Neuroticism high,13.046189
neutral_controls,final_token,25,6,Openness low; Conscientiousness low; Extraversion high; Agreeableness high; Neuroticism low,11.437076
neutral_controls,final_token,25,7,Openness low; Conscientiousness low; Extraversion high; Agreeableness high; Neuroticism high,7.165132
neutral_controls,final_token,25,8,Openness low; Conscientiousness high; Extraversion low; Agreeableness low; Neuroticism low,11.362799
neutral_controls,final_token,25,9,Openness low; Conscientiousness high; Extraversion low; Agreeableness low; Neuroticism high,12.346667
neutral_controls,final_token,25,10,Openness low; Conscientiousness high; Extraversion low; Agreeableness high; Neuroticism low,12.025966
neutral_controls,final_token,25,11,Openness low; Conscientiousness high; Extraversion low; Agreeableness high; Neuroticism high,10.635666
neutral_controls,final_token,25,12,Openness low; Conscientiousness high; Extraversion high; Agreeableness low; Neuroticism low,12.545284
neutral_controls,final_token,25,13,Openness low; Conscientiousness high; Extraversion high; Agreeableness low; Neuroticism high,11.039412
neutral_controls,final_token,25,14,Openness low; Conscientiousness high; Extraversion high; Agreeableness high; Neuroticism low,11.934944
neutral_controls,final_token,25,15,Openness low; Conscientiousness high; Extraversion high; Agreeableness high; Neuroticism high,12.732409
neutral_controls,final_token,25,16,Openness high; Conscientiousness low; Extraversion low; Agreeableness low; Neuroticism low,11.464118
neutral_controls,final_token,25,17,Openness high; Conscientiousness low; Extraversion low; Agreeableness low; Neuroticism high,12.024236
neutral_controls,final_token,25,18,Openness high; Conscientiousness low; Extraversion low; Agreeableness high; Neuroticism low,10.362053
neutral_controls,final_token,25,19,Openness high; Conscientiousness low; Extraversion low; Agreeableness high; Neuroticism high,12.798965
neutral_controls,final_token,25,20,Openness high; Conscientiousness low; Extraversion high; Agreeableness low; Neuroticism low,12.316169
neutral_controls,final_token,25,21,Openness high; Conscientiousness low; Extraversion high; Agreeableness low; Neuroticism high,11.495431
neutral_controls,final_token,25,22,Openness high; Conscientiousness low; Extraversion high; Agreeableness high; Neuroticism low,8.768012
neutral_controls,final_token,25,23,Openness high; Conscientiousness low; Extraversion high; Agreeableness high; Neuroticism high,5.9694037
neutral_controls,final_token,25,24,Openness high; Conscientiousness high; Extraversion low; Agreeableness low; Neuroticism low,11.219411
neutral_controls,final_token,25,25,Openness high; Conscientiousness high; Extraversion low; Agreeableness low; Neuroticism high,11.501326
neutral_controls,final_token,25,26,Openness high; Conscientiousness high; Extraversion low; Agreeableness high; Neuroticism low,11.117154
neutral_controls,final_token,25,27,Openness high; Conscientiousness high; Extraversion low; Agreeableness high; Neuroticism high,10.9361
neutral_controls,final_token,25,28,Openness high; Conscientiousness high; Extraversion high; Agreeableness low; Neuroticism low,11.560541
neutral_controls,final_token,25,29,Openness high; Conscientiousness high; Extraversion high; Agreeableness low; Neuroticism high,11.359907
neutral_controls,final_token,25,30,Openness high; Conscientiousness high; Extraversion high; Agreeableness high; Neuroticism low,11.983151
neutral_controls,final_token,25,31,Openness high; Conscientiousness high; Extraversion high; Agreeableness high; Neuroticism high,11.330235
neutral_controls,final_token,26,0,Openness low; Conscientiousness low; Extraversion low; Agreeableness low; Neuroticism low,12.146425
neutral_controls,final_token,26,1,Openness low; Conscientiousness low; Extraversion low; Agreeableness low; Neuroticism high,12.327297
neutral_controls,final_token,26,2,Openness low; Conscientiousness low; Extraversion low; Agreeableness high; Neuroticism low,12.409582
neutral_controls,final_token,26,3,Openness low; Conscientiousness low; Extraversion low; Agreeableness high; Neuroticism high,11.305018
neutral_controls,final_token,26,4,Openness low; Conscientiousness low; Extraversion high; Agreeableness low; Neuroticism low,12.670532
neutral_controls,final_token,26,5,Openness low; Conscientiousness low; Extraversion high; Agreeableness low; Neuroticism high,14.359205
neutral_controls,final_token,26,6,Openness low; Conscientiousness low; Extraversion high; Agreeableness high; Neuroticism low,12.75847
neutral_controls,final_token,26,7,Openness low; Conscientiousness low; Extraversion high; Agreeableness high; Neuroticism high,8.007733
neutral_controls,final_token,26,8,Openness low; Conscientiousness high; Extraversion low; Agreeableness low; Neuroticism low,12.582736
neutral_controls,final_token,26,9,Openness low; Conscientiousness high; Extraversion low; Agreeableness low; Neuroticism high,13.701499
neutral_controls,final_token,26,10,Openness low; Conscientiousness high; Extraversion low; Agreeableness high; Neuroticism low,13.327406
neutral_controls,final_token,26,11,Openness low; Conscientiousness high; Extraversion low; Agreeableness high; Neuroticism high,12.019913
neutral_controls,final_token,26,12,Openness low; Conscientiousness high; Extraversion high; Agreeableness low; Neuroticism low,14.011916
neutral_controls,final_token,26,13,Openness low; Conscientiousness high; Extraversion high; Agreeableness low; Neuroticism high,12.539283
neutral_controls,final_token,26,14,Openness low; Conscientiousness high; Extraversion high; Agreeableness high; Neuroticism low,13.399543
neutral_controls,final_token,26,15,Openness low; Conscientiousness high; Extraversion high; Agreeableness high; Neuroticism high,14.206015
neutral_controls,final_token,26,16,Openness high; Conscientiousness low; Extraversion low; Agreeableness low; Neuroticism low,13.0058155
neutral_controls,final_token,26,17,Openness high; Conscientiousness low; Extraversion low; Agreeableness low; Neuroticism high,13.169173
neutral_controls,final_token,26,18,Openness high; Conscientiousness low; Extraversion low; Agreeableness high; Neuroticism low,11.715311
neutral_controls,final_token,26,19,Openness high; Conscientiousness low; Extraversion low; Agreeableness high; Neuroticism high,14.1091
neutral_controls,final_token,26,20,Openness high; Conscientiousness low; Extraversion high; Agreeableness low; Neuroticism low,13.763016
neutral_controls,final_token,26,21,Openness high; Conscientiousness low; Extraversion high; Agreeableness low; Neuroticism high,12.908528
neutral_controls,final_token,26,22,Openness high; Conscientiousness low; Extraversion high; Agreeableness high; Neuroticism low,9.747841
neutral_controls,final_token,26,23,Openness high; Conscientiousness low; Extraversion high; Agreeableness high; Neuroticism high,6.5207977
neutral_controls,final_token,26,24,Openness high; Conscientiousness high; Extraversion low; Agreeableness low; Neuroticism low,12.856271
neutral_controls,final_token,26,25,Openness high; Conscientiousness high; Extraversion low; Agreeableness low; Neuroticism high,12.948427
neutral_controls,final_token,26,26,Openness high; Conscientiousness high; Extraversion low; Agreeableness high; Neuroticism low,12.694114
neutral_controls,final_token,26,27,Openness high; Conscientiousness high; Extraversion low; Agreeableness high; Neuroticism high,12.294376
neutral_controls,final_token,26,28,Openness high; Conscientiousness high; Extraversion high; Agreeableness low; Neuroticism low,13.032574
neutral_controls,final_token,26,29,Openness high; Conscientiousness high; Extraversion high; Agreeableness low; Neuroticism high,12.683018
neutral_controls,final_token,26,30,Openness high; Conscientiousness high; Extraversion high; Agreeableness high; Neuroticism low,13.502532
neutral_controls,final_token,26,31,Openness high; Conscientiousness high; Extraversion high; Agreeableness high; Neuroticism high,12.650532
neutral_controls,final_token,27,0,Openness low; Conscientiousness low; Extraversion low; Agreeableness low; Neuroticism low,13.300123
neutral_controls,final_token,27,1,Openness low; Conscientiousness low; Extraversion low; Agreeableness low; Neuroticism high,13.455996
neutral_controls,final_token,27,2,Openness low; Conscientiousness low; Extraversion low; Agreeableness high; Neuroticism low,13.6254425
neutral_controls,final_token,27,3,Openness low; Conscientiousness low; Extraversion low; Agreeableness high; Neuroticism high,12.412194
neutral_controls,final_token,27,4,Openness low; Conscientiousness low; Extraversion high; Agreeableness low; Neuroticism low,13.933541
neutral_controls,final_token,27,5,Openness low; Conscientiousness low; Extraversion high; Agreeableness low; Neuroticism high,15.657162
neutral_controls,final_token,27,6,Openness low; Conscientiousness low; Extraversion high; Agreeableness high; Neuroticism low,13.92623
neutral_controls,final_token,27,7,Openness low; Conscientiousness low; Extraversion high; Agreeableness high; Neuroticism high,8.795747
neutral_controls,final_token,27,8,Openness low; Conscientiousness high; Extraversion low; Agreeableness low; Neuroticism low,13.855992
neutral_controls,final_token,27,9,Openness low; Conscientiousness high; Extraversion low; Agreeableness low; Neuroticism high,15.302617
neutral_controls,final_token,27,10,Openness low; Conscientiousness high; Extraversion low; Agreeableness high; Neuroticism low,14.693669
neutral_controls,final_token,27,11,Openness low; Conscientiousness high; Extraversion low; Agreeableness high; Neuroticism high,13.372723
neutral_controls,final_token,27,12,Openness low; Conscientiousness high; Extraversion high; Agreeableness low; Neuroticism low,15.313346
neutral_controls,final_token,27,13,Openness low; Conscientiousness high; Extraversion high; Agreeableness low; Neuroticism high,13.64035
neutral_controls,final_token,27,14,Openness low; Conscientiousness high; Extraversion high; Agreeableness high; Neuroticism low,14.687726
neutral_controls,final_token,27,15,Openness low; Conscientiousness high; Extraversion high; Agreeableness high; Neuroticism high,15.655816
neutral_controls,final_token,27,16,Openness high; Conscientiousness low; Extraversion low; Agreeableness low; Neuroticism low,14.344191
neutral_controls,final_token,27,17,Openness high; Conscientiousness low; Extraversion low; Agreeableness low; Neuroticism high,14.32546
neutral_controls,final_token,27,18,Openness high; Conscientiousness low; Extraversion low; Agreeableness high; Neuroticism low,12.921009
neutral_controls,final_token,27,19,Openness high; Conscientiousness low; Extraversion low; Agreeableness high; Neuroticism high,15.433684
neutral_controls,final_token,27,20,Openness high; Conscientiousness low; Extraversion high; Agreeableness low; Neuroticism low,14.951787
neutral_controls,final_token,27,21,Openness high; Conscientiousness low; Extraversion high; Agreeableness low; Neuroticism high,14.331602
neutral_controls,final_token,27,22,Openness high; Conscientiousness low; Extraversion high; Agreeableness high; Neuroticism low,10.880732
neutral_controls,final_token,27,23,Openness high; Conscientiousness low; Extraversion high; Agreeableness high; Neuroticism high,7.2600055
neutral_controls,final_token,27,24,Openness high; Conscientiousness high; Extraversion low; Agreeableness low; Neuroticism low,14.1918335
neutral_controls,final_token,27,25,Openness high; Conscientiousness high; Extraversion low; Agreeableness low; Neuroticism high,14.264423
neutral_controls,final_token,27,26,Openness high; Conscientiousness high; Extraversion low; Agreeableness high; Neuroticism low,13.98091
neutral_controls,final_token,27,27,Openness high; Conscientiousness high; Extraversion low; Agreeableness high; Neuroticism high,13.498381
neutral_controls,final_token,27,28,Openness high; Conscientiousness high; Extraversion high; Agreeableness low; Neuroticism low,14.227943
neutral_controls,final_token,27,29,Openness high; Conscientiousness high; Extraversion high; Agreeableness low; Neuroticism high,13.89252
neutral_controls,final_token,27,30,Openness high; Conscientiousness high; Extraversion high; Agreeableness high; Neuroticism low,14.95509
neutral_controls,final_token,27,31,Openness high; Conscientiousness high; Extraversion high; Agreeableness high; Neuroticism high,13.86357
neutral_controls,final_token,28,0,Openness low; Conscientiousness low; Extraversion low; Agreeableness low; Neuroticism low,14.312379
neutral_controls,final_token,28,1,Openness low; Conscientiousness low; Extraversion low; Agreeableness low; Neuroticism high,14.350985
neutral_controls,final_token,28,2,Openness low; Conscientiousness low; Extraversion low; Agreeableness high; Neuroticism low,14.688379
neutral_controls,final_token,28,3,Openness low; Conscientiousness low; Extraversion low; Agreeableness high; Neuroticism high,13.28748
neutral_controls,final_token,28,4,Openness low; Conscientiousness low; Extraversion high; Agreeableness low; Neuroticism low,14.99705
neutral_controls,final_token,28,5,Openness low; Conscientiousness low; Extraversion high; Agreeableness low; Neuroticism high,16.88497
neutral_controls,final_token,28,6,Openness low; Conscientiousness low; Extraversion high; Agreeableness high; Neuroticism low,15.038205
neutral_controls,final_token,28,7,Openness low; Conscientiousness low; Extraversion high; Agreeableness high; Neuroticism high,9.422517
neutral_controls,final_token,28,8,Openness low; Conscientiousness high; Extraversion low; Agreeableness low; Neuroticism low,15.081003
neutral_controls,final_token,28,9,Openness low; Conscientiousness high; Extraversion low; Agreeableness low; Neuroticism high,16.536695
neutral_controls,final_token,28,10,Openness low; Conscientiousness high; Extraversion low; Agreeableness high; Neuroticism low,15.839331
neutral_controls,final_token,28,11,Openness low; Conscientiousness high; Extraversion low; Agreeableness high; Neuroticism high,14.359874
neutral_controls,final_token,28,12,Openness low; Conscientiousness high; Extraversion high; Agreeableness low; Neuroticism low,16.635847
neutral_controls,final_token,28,13,Openness low; Conscientiousness high; Extraversion high; Agreeableness low; Neuroticism high,14.747969
neutral_controls,final_token,28,14,Openness low; Conscientiousness high; Extraversion high; Agreeableness high; Neuroticism low,15.765554
neutral_controls,final_token,28,15,Openness low; Conscientiousness high; Extraversion high; Agreeableness high; Neuroticism high,16.837059
neutral_controls,final_token,28,16,Openness high; Conscientiousness low; Extraversion low; Agreeableness low; Neuroticism low,15.586515
neutral_controls,final_token,28,17,Openness high; Conscientiousness low; Extraversion low; Agreeableness low; Neuroticism high,15.572065
neutral_controls,final_token,28,18,Openness high; Conscientiousness low; Extraversion low; Agreeableness high; Neuroticism low,13.864172
neutral_controls,final_token,28,19,Openness high; Conscientiousness low; Extraversion low; Agreeableness high; Neuroticism high,16.904514
neutral_controls,final_token,28,20,Openness high; Conscientiousness low; Extraversion high; Agreeableness low; Neuroticism low,16.03481
neutral_controls,final_token,28,21,Openness high; Conscientiousness low; Extraversion high; Agreeableness low; Neuroticism high,15.325746
neutral_controls,final_token,28,22,Openness high; Conscientiousness low; Extraversion high; Agreeableness high; Neuroticism low,11.73787
neutral_controls,final_token,28,23,Openness high; Conscientiousness low; Extraversion high; Agreeableness high; Neuroticism high,7.813307
neutral_controls,final_token,28,24,Openness high; Conscientiousness high; Extraversion low; Agreeableness low; Neuroticism low,15.406988
neutral_controls,final_token,28,25,Openness high; Conscientiousness high; Extraversion low; Agreeableness low; Neuroticism high,15.404564
neutral_controls,final_token,28,26,Openness high; Conscientiousness high; Extraversion low; Agreeableness high; Neuroticism low,15.209016
neutral_controls,final_token,28,27,Openness high; Conscientiousness high; Extraversion low; Agreeableness high; Neuroticism high,14.462359
neutral_controls,final_token,28,28,Openness high; Conscientiousness high; Extraversion high; Agreeableness low; Neuroticism low,15.254845
neutral_controls,final_token,28,29,Openness high; Conscientiousness high; Extraversion high; Agreeableness low; Neuroticism high,14.784753
neutral_controls,final_token,28,30,Openness high; Conscientiousness high; Extraversion high; Agreeableness high; Neuroticism low,16.1416
neutral_controls,final_token,28,31,Openness high; Conscientiousness high; Extraversion high; Agreeableness high; Neuroticism high,14.891657
neutral_controls,final_token,29,0,Openness low; Conscientiousness low; Extraversion low; Agreeableness low; Neuroticism low,16.648169
neutral_controls,final_token,29,1,Openness low; Conscientiousness low; Extraversion low; Agreeableness low; Neuroticism high,16.366568
neutral_controls,final_token,29,2,Openness low; Conscientiousness low; Extraversion low; Agreeableness high; Neuroticism low,17.065472
neutral_controls,final_token,29,3,Openness low; Conscientiousness low; Extraversion low; Agreeableness high; Neuroticism high,15.419569
neutral_controls,final_token,29,4,Openness low; Conscientiousness low; Extraversion high; Agreeableness low; Neuroticism low,17.322937
neutral_controls,final_token,29,5,Openness low; Conscientiousness low; Extraversion high; Agreeableness low; Neuroticism high,19.536242
neutral_controls,final_token,29,6,Openness low; Conscientiousness low; Extraversion high; Agreeableness high; Neuroticism low,17.393581
neutral_controls,final_token,29,7,Openness low; Conscientiousness low; Extraversion high; Agreeableness high; Neuroticism high,10.759643
neutral_controls,final_token,29,8,Openness low; Conscientiousness high; Extraversion low; Agreeableness low; Neuroticism low,17.417454
neutral_controls,final_token,29,9,Openness low; Conscientiousness high; Extraversion low; Agreeableness low; Neuroticism high,18.961378
neutral_controls,final_token,29,10,Openness low; Conscientiousness high; Extraversion low; Agreeableness high; Neuroticism low,18.370754
neutral_controls,final_token,29,11,Openness low; Conscientiousness high; Extraversion low; Agreeableness high; Neuroticism high,16.405447
neutral_controls,final_token,29,12,Openness low; Conscientiousness high; Extraversion high; Agreeableness low; Neuroticism low,19.163853
neutral_controls,final_token,29,13,Openness low; Conscientiousness high; Extraversion high; Agreeableness low; Neuroticism high,16.95419
neutral_controls,final_token,29,14,Openness low; Conscientiousness high; Extraversion high; Agreeableness high; Neuroticism low,18.07865
neutral_controls,final_token,29,15,Openness low; Conscientiousness high; Extraversion high; Agreeableness high; Neuroticism high,19.394835
neutral_controls,final_token,29,16,Openness high; Conscientiousness low; Extraversion low; Agreeableness low; Neuroticism low,18.095015
neutral_controls,final_token,29,17,Openness high; Conscientiousness low; Extraversion low; Agreeableness low; Neuroticism high,18.37042
neutral_controls,final_token,29,18,Openness high; Conscientiousness low; Extraversion low; Agreeableness high; Neuroticism low,16.106886
neutral_controls,final_token,29,19,Openness high; Conscientiousness low; Extraversion low; Agreeableness high; Neuroticism high,19.162043
neutral_controls,final_token,29,20,Openness high; Conscientiousness low; Extraversion high; Agreeableness low; Neuroticism low,18.46187
neutral_controls,final_token,29,21,Openness high; Conscientiousness low; Extraversion high; Agreeableness low; Neuroticism high,17.7102
neutral_controls,final_token,29,22,Openness high; Conscientiousness low; Extraversion high; Agreeableness high; Neuroticism low,13.7275095
neutral_controls,final_token,29,23,Openness high; Conscientiousness low; Extraversion high; Agreeableness high; Neuroticism high,9.068365
neutral_controls,final_token,29,24,Openness high; Conscientiousness high; Extraversion low; Agreeableness low; Neuroticism low,17.643383
neutral_controls,final_token,29,25,Openness high; Conscientiousness high; Extraversion low; Agreeableness low; Neuroticism high,17.9059
neutral_controls,final_token,29,26,Openness high; Conscientiousness high; Extraversion low; Agreeableness high; Neuroticism low,17.68764
neutral_controls,final_token,29,27,Openness high; Conscientiousness high; Extraversion low; Agreeableness high; Neuroticism high,16.398695
neutral_controls,final_token,29,28,Openness high; Conscientiousness high; Extraversion high; Agreeableness low; Neuroticism low,17.753967
neutral_controls,final_token,29,29,Openness high; Conscientiousness high; Extraversion high; Agreeableness low; Neuroticism high,16.913729
neutral_controls,final_token,29,30,Openness high; Conscientiousness high; Extraversion high; Agreeableness high; Neuroticism low,18.66348
neutral_controls,final_token,29,31,Openness high; Conscientiousness high; Extraversion high; Agreeableness high; Neuroticism high,17.131952
neutral_controls,final_token,30,0,Openness low; Conscientiousness low; Extraversion low; Agreeableness low; Neuroticism low,21.929169
neutral_controls,final_token,30,1,Openness low; Conscientiousness low; Extraversion low; Agreeableness low; Neuroticism high,20.734146
neutral_controls,final_token,30,2,Openness low; Conscientiousness low; Extraversion low; Agreeableness high; Neuroticism low,21.764664
neutral_controls,final_token,30,3,Openness low; Conscientiousness low; Extraversion low; Agreeableness high; Neuroticism high,19.970156
neutral_controls,final_token,30,4,Openness low; Conscientiousness low; Extraversion high; Agreeableness low; Neuroticism low,21.65806
neutral_controls,final_token,30,5,Openness low; Conscientiousness low; Extraversion high; Agreeableness low; Neuroticism high,24.136145
neutral_controls,final_token,30,6,Openness low; Conscientiousness low; Extraversion high; Agreeableness high; Neuroticism low,22.106398
neutral_controls,final_token,30,7,Openness low; Conscientiousness low; Extraversion high; Agreeableness high; Neuroticism high,13.988957
neutral_controls,final_token,30,8,Openness low; Conscientiousness high; Extraversion low; Agreeableness low; Neuroticism low,22.304453
neutral_controls,final_token,30,9,Openness low; Conscientiousness high; Extraversion low; Agreeableness low; Neuroticism high,24.610985
neutral_controls,final_token,30,10,Openness low; Conscientiousness high; Extraversion low; Agreeableness high; Neuroticism low,23.816586
neutral_controls,final_token,30,11,Openness low; Conscientiousness high; Extraversion low; Agreeableness high; Neuroticism high,21.130941
neutral_controls,final_token,30,12,Openness low; Conscientiousness high; Extraversion high; Agreeableness low; Neuroticism low,23.841608
neutral_controls,final_token,30,13,Openness low; Conscientiousness high; Extraversion high; Agreeableness low; Neuroticism high,21.805222
neutral_controls,final_token,30,14,Openness low; Conscientiousness high; Extraversion high; Agreeableness high; Neuroticism low,23.183985
neutral_controls,final_token,30,15,Openness low; Conscientiousness high; Extraversion high; Agreeableness high; Neuroticism high,24.431957
neutral_controls,final_token,30,16,Openness high; Conscientiousness low; Extraversion low; Agreeableness low; Neuroticism low,23.159397
neutral_controls,final_token,30,17,Openness high; Conscientiousness low; Extraversion low; Agreeableness low; Neuroticism high,22.67851
neutral_controls,final_token,30,18,Openness high; Conscientiousness low; Extraversion low; Agreeableness high; Neuroticism low,21.392105
neutral_controls,final_token,30,19,Openness high; Conscientiousness low; Extraversion low; Agreeableness high; Neuroticism high,24.26504
neutral_controls,final_token,30,20,Openness high; Conscientiousness low; Extraversion high; Agreeableness low; Neuroticism low,23.766983
neutral_controls,final_token,30,21,Openness high; Conscientiousness low; Extraversion high; Agreeableness low; Neuroticism high,22.415232
neutral_controls,final_token,30,22,Openness high; Conscientiousness low; Extraversion high; Agreeableness high; Neuroticism low,17.44973
neutral_controls,final_token,30,23,Openness high; Conscientiousness low; Extraversion high; Agreeableness high; Neuroticism high,11.81601
neutral_controls,final_token,30,24,Openness high; Conscientiousness high; Extraversion low; Agreeableness low; Neuroticism low,22.565495
neutral_controls,final_token,30,25,Openness high; Conscientiousness high; Extraversion low; Agreeableness low; Neuroticism high,23.090384
neutral_controls,final_token,30,26,Openness high; Conscientiousness high; Extraversion low; Agreeableness high; Neuroticism low,23.371294
neutral_controls,final_token,30,27,Openness high; Conscientiousness high; Extraversion low; Agreeableness high; Neuroticism high,20.554651
neutral_controls,final_token,30,28,Openness high; Conscientiousness high; Extraversion high; Agreeableness low; Neuroticism low,22.272398
neutral_controls,final_token,30,29,Openness high; Conscientiousness high; Extraversion high; Agreeableness low; Neuroticism high,21.573593
neutral_controls,final_token,30,30,Openness high; Conscientiousness high; Extraversion high; Agreeableness high; Neuroticism low,23.544205
neutral_controls,final_token,30,31,Openness high; Conscientiousness high; Extraversion high; Agreeableness high; Neuroticism high,21.551157
neutral_controls,final_token,31,0,Openness low; Conscientiousness low; Extraversion low; Agreeableness low; Neuroticism low,45.155327
neutral_controls,final_token,31,1,Openness low; Conscientiousness low; Extraversion low; Agreeableness low; Neuroticism high,40.4576
neutral_controls,final_token,31,2,Openness low; Conscientiousness low; Extraversion low; Agreeableness high; Neuroticism low,39.307213
neutral_controls,final_token,31,3,Openness low; Conscientiousness low; Extraversion low; Agreeableness high; Neuroticism high,37.556797
neutral_controls,final_token,31,4,Openness low; Conscientiousness low; Extraversion high; Agreeableness low; Neuroticism low,42.30328
neutral_controls,final_token,31,5,Openness low; Conscientiousness low; Extraversion high; Agreeableness low; Neuroticism high,43.506893
neutral_controls,final_token,31,6,Openness low; Conscientiousness low; Extraversion high; Agreeableness high; Neuroticism low,40.94536
neutral_controls,final_token,31,7,Openness low; Conscientiousness low; Extraversion high; Agreeableness high; Neuroticism high,28.236748
neutral_controls,final_token,31,8,Openness low; Conscientiousness high; Extraversion low; Agreeableness low; Neuroticism low,42.86945
neutral_controls,final_token,31,9,Openness low; Conscientiousness high; Extraversion low; Agreeableness low; Neuroticism high,50.676117
neutral_controls,final_token,31,10,Openness low; Conscientiousness high; Extraversion low; Agreeableness high; Neuroticism low,44.94896
neutral_controls,final_token,31,11,Openness low; Conscientiousness high; Extraversion low; Agreeableness high; Neuroticism high,41.935364
neutral_controls,final_token,31,12,Openness low; Conscientiousness high; Extraversion high; Agreeableness low; Neuroticism low,45.035675
neutral_controls,final_token,31,13,Openness low; Conscientiousness high; Extraversion high; Agreeableness low; Neuroticism high,44.2605
neutral_controls,final_token,31,14,Openness low; Conscientiousness high; Extraversion high; Agreeableness high; Neuroticism low,46.01083
neutral_controls,final_token,31,15,Openness low; Conscientiousness high; Extraversion high; Agreeableness high; Neuroticism high,46.941967
neutral_controls,final_token,31,16,Openness high; Conscientiousness low; Extraversion low; Agreeableness low; Neuroticism low,45.821793
neutral_controls,final_token,31,17,Openness high; Conscientiousness low; Extraversion low; Agreeableness low; Neuroticism high,42.51111
neutral_controls,final_token,31,18,Openness high; Conscientiousness low; Extraversion low; Agreeableness high; Neuroticism low,42.09202
neutral_controls,final_token,31,19,Openness high; Conscientiousness low; Extraversion low; Agreeableness high; Neuroticism high,41.795094
neutral_controls,final_token,31,20,Openness high; Conscientiousness low; Extraversion high; Agreeableness low; Neuroticism low,46.185963
neutral_controls,final_token,31,21,Openness high; Conscientiousness low; Extraversion high; Agreeableness low; Neuroticism high,40.729168
neutral_controls,final_token,31,22,Openness high; Conscientiousness low; Extraversion high; Agreeableness high; Neuroticism low,29.890814
neutral_controls,final_token,31,23,Openness high; Conscientiousness low; Extraversion high; Agreeableness high; Neuroticism high,22.667456
neutral_controls,final_token,31,24,Openness high; Conscientiousness high; Extraversion low; Agreeableness low; Neuroticism low,44.27803
neutral_controls,final_token,31,25,Openness high; Conscientiousness high; Extraversion low; Agreeableness low; Neuroticism high,44.74548
neutral_controls,final_token,31,26,Openness high; Conscientiousness high; Extraversion low; Agreeableness high; Neuroticism low,43.831825
neutral_controls,final_token,31,27,Openness high; Conscientiousness high; Extraversion low; Agreeableness high; Neuroticism high,37.0644
neutral_controls,final_token,31,28,Openness high; Conscientiousness high; Extraversion high; Agreeableness low; Neuroticism low,41.49827
neutral_controls,final_token,31,29,Openness high; Conscientiousness high; Extraversion high; Agreeableness low; Neuroticism high,40.985443
neutral_controls,final_token,31,30,Openness high; Conscientiousness high; Extraversion high; Agreeableness high; Neuroticism low,43.80514
neutral_controls,final_token,31,31,Openness high; Conscientiousness high; Extraversion high; Agreeableness high; Neuroticism high,40.561756
neutral_controls,mean_tokens,0,0,Openness low; Conscientiousness low; Extraversion low; Agreeableness low; Neuroticism low,0.104133025
neutral_controls,mean_tokens,0,1,Openness low; Conscientiousness low; Extraversion low; Agreeableness low; Neuroticism high,0.10973517
neutral_controls,mean_tokens,0,2,Openness low; Conscientiousness low; Extraversion low; Agreeableness high; Neuroticism low,0.10132248
neutral_controls,mean_tokens,0,3,Openness low; Conscientiousness low; Extraversion low; Agreeableness high; Neuroticism high,0.07813101
neutral_controls,mean_tokens,0,4,Openness low; Conscientiousness low; Extraversion high; Agreeableness low; Neuroticism low,0.090532154
neutral_controls,mean_tokens,0,5,Openness low; Conscientiousness low; Extraversion high; Agreeableness low; Neuroticism high,0.107187964
neutral_controls,mean_tokens,0,6,Openness low; Conscientiousness low; Extraversion high; Agreeableness high; Neuroticism low,0.101129375
neutral_controls,mean_tokens,0,7,Openness low; Conscientiousness low; Extraversion high; Agreeableness high; Neuroticism high,0.047028355
neutral_controls,mean_tokens,0,8,Openness low; Conscientiousness high; Extraversion low; Agreeableness low; Neuroticism low,0.10868015
neutral_controls,mean_tokens,0,9,Openness low; Conscientiousness high; Extraversion low; Agreeableness low; Neuroticism high,0.10608767
neutral_controls,mean_tokens,0,10,Openness low; Conscientiousness high; Extraversion low; Agreeableness high; Neuroticism low,0.10666259
neutral_controls,mean_tokens,0,11,Openness low; Conscientiousness high; Extraversion low; Agreeableness high; Neuroticism high,0.11652123
neutral_controls,mean_tokens,0,12,Openness low; Conscientiousness high; Extraversion high; Agreeableness low; Neuroticism low,0.0947658
neutral_controls,mean_tokens,0,13,Openness low; Conscientiousness high; Extraversion high; Agreeableness low; Neuroticism high,0.09030092
neutral_controls,mean_tokens,0,14,Openness low; Conscientiousness high; Extraversion high; Agreeableness high; Neuroticism low,0.1015899
neutral_controls,mean_tokens,0,15,Openness low; Conscientiousness high; Extraversion high; Agreeableness high; Neuroticism high,0.0971923
neutral_controls,mean_tokens,0,16,Openness high; Conscientiousness low; Extraversion low; Agreeableness low; Neuroticism low,0.08619604
neutral_controls,mean_tokens,0,17,Openness high; Conscientiousness low; Extraversion low; Agreeableness low; Neuroticism high,0.11106166
neutral_controls,mean_tokens,0,18,Openness high; Conscientiousness low; Extraversion low; Agreeableness high; Neuroticism low,0.07733595
neutral_controls,mean_tokens,0,19,Openness high; Conscientiousness low; Extraversion low; Agreeableness high; Neuroticism high,0.080608666
neutral_controls,mean_tokens,0,20,Openness high; Conscientiousness low; Extraversion high; Agreeableness low; Neuroticism low,0.100378715
neutral_controls,mean_tokens,0,21,Openness high; Conscientiousness low; Extraversion high; Agreeableness low; Neuroticism high,0.089999855
neutral_controls,mean_tokens,0,22,Openness high; Conscientiousness low; Extraversion high; Agreeableness high; Neuroticism low,0.104326226
neutral_controls,mean_tokens,0,23,Openness high; Conscientiousness low; Extraversion high; Agreeableness high; Neuroticism high,0.036068592
neutral_controls,mean_tokens,0,24,Openness high; Conscientiousness high; Extraversion low; Agreeableness low; Neuroticism low,0.10063975
neutral_controls,mean_tokens,0,25,Openness high; Conscientiousness high; Extraversion low; Agreeableness low; Neuroticism high,0.096344166
neutral_controls,mean_tokens,0,26,Openness high; Conscientiousness high; Extraversion low; Agreeableness high; Neuroticism low,0.100390546
neutral_controls,mean_tokens,0,27,Openness high; Conscientiousness high; Extraversion low; Agreeableness high; Neuroticism high,0.10593218
neutral_controls,mean_tokens,0,28,Openness high; Conscientiousness high; Extraversion high; Agreeableness low; Neuroticism low,0.1081122
neutral_controls,mean_tokens,0,29,Openness high; Conscientiousness high; Extraversion high; Agreeableness low; Neuroticism high,0.10238183
neutral_controls,mean_tokens,0,30,Openness high; Conscientiousness high; Extraversion high; Agreeableness high; Neuroticism low,0.10131189
neutral_controls,mean_tokens,0,31,Openness high; Conscientiousness high; Extraversion high; Agreeableness high; Neuroticism high,0.1097385
neutral_controls,mean_tokens,1,0,Openness low; Conscientiousness low; Extraversion low; Agreeableness low; Neuroticism low,1.6556904
neutral_controls,mean_tokens,1,1,Openness low; Conscientiousness low; Extraversion low; Agreeableness low; Neuroticism high,1.5630218
neutral_controls,mean_tokens,1,2,Openness low; Conscientiousness low; Extraversion low; Agreeableness high; Neuroticism low,1.0518912
neutral_controls,mean_tokens,1,3,Openness low; Conscientiousness low; Extraversion low; Agreeableness high; Neuroticism high,1.3229681
neutral_controls,mean_tokens,1,4,Openness low; Conscientiousness low; Extraversion high; Agreeableness low; Neuroticism low,2.0462863
neutral_controls,mean_tokens,1,5,Openness low; Conscientiousness low; Extraversion high; Agreeableness low; Neuroticism high,1.6066296
neutral_controls,mean_tokens,1,6,Openness low; Conscientiousness low; Extraversion high; Agreeableness high; Neuroticism low,1.6473367
neutral_controls,mean_tokens,1,7,Openness low; Conscientiousness low; Extraversion high; Agreeableness high; Neuroticism high,0.6105448
neutral_controls,mean_tokens,1,8,Openness low; Conscientiousness high; Extraversion low; Agreeableness low; Neuroticism low,1.6636753
neutral_controls,mean_tokens,1,9,Openness low; Conscientiousness high; Extraversion low; Agreeableness low; Neuroticism high,1.3625739
neutral_controls,mean_tokens,1,10,Openness low; Conscientiousness high; Extraversion low; Agreeableness high; Neuroticism low,1.9361024
neutral_controls,mean_tokens,1,11,Openness low; Conscientiousness high; Extraversion low; Agreeableness high; Neuroticism high,1.3787186
neutral_controls,mean_tokens,1,12,Openness low; Conscientiousness high; Extraversion high; Agreeableness low; Neuroticism low,1.6507341
neutral_controls,mean_tokens,1,13,Openness low; Conscientiousness high; Extraversion high; Agreeableness low; Neuroticism high,0.806604
neutral_controls,mean_tokens,1,14,Openness low; Conscientiousness high; Extraversion high; Agreeableness high; Neuroticism low,1.338895
neutral_controls,mean_tokens,1,15,Openness low; Conscientiousness high; Extraversion high; Agreeableness high; Neuroticism high,1.8260217
neutral_controls,mean_tokens,1,16,Openness high; Conscientiousness low; Extraversion low; Agreeableness low; Neuroticism low,1.7342702
neutral_controls,mean_tokens,1,17,Openness high; Conscientiousness low; Extraversion low; Agreeableness low; Neuroticism high,1.6379439
neutral_controls,mean_tokens,1,18,Openness high; Conscientiousness low; Extraversion low; Agreeableness high; Neuroticism low,1.0922185
neutral_controls,mean_tokens,1,19,Openness high; Conscientiousness low; Extraversion low; Agreeableness high; Neuroticism high,1.7309347
neutral_controls,mean_tokens,1,20,Openness high; Conscientiousness low; Extraversion high; Agreeableness low; Neuroticism low,1.3536828
neutral_controls,mean_tokens,1,21,Openness high; Conscientiousness low; Extraversion high; Agreeableness low; Neuroticism high,1.9262733
neutral_controls,mean_tokens,1,22,Openness high; Conscientiousness low; Extraversion high; Agreeableness high; Neuroticism low,1.6417906
neutral_controls,mean_tokens,1,23,Openness high; Conscientiousness low; Extraversion high; Agreeableness high; Neuroticism high,0.46934265
neutral_controls,mean_tokens,1,24,Openness high; Conscientiousness high; Extraversion low; Agreeableness low; Neuroticism low,2.0584419
neutral_controls,mean_tokens,1,25,Openness high; Conscientiousness high; Extraversion low; Agreeableness low; Neuroticism high,0.8923653
neutral_controls,mean_tokens,1,26,Openness high; Conscientiousness high; Extraversion low; Agreeableness high; Neuroticism low,1.9581094
neutral_controls,mean_tokens,1,27,Openness high; Conscientiousness high; Extraversion low; Agreeableness high; Neuroticism high,1.759066
neutral_controls,mean_tokens,1,28,Openness high; Conscientiousness high; Extraversion high; Agreeableness low; Neuroticism low,1.9269804
neutral_controls,mean_tokens,1,29,Openness high; Conscientiousness high; Extraversion high; Agreeableness low; Neuroticism high,1.6465843
neutral_controls,mean_tokens,1,30,Openness high; Conscientiousness high; Extraversion high; Agreeableness high; Neuroticism low,1.6126133
neutral_controls,mean_tokens,1,31,Openness high; Conscientiousness high; Extraversion high; Agreeableness high; Neuroticism high,1.6567187
neutral_controls,mean_tokens,2,0,Openness low; Conscientiousness low; Extraversion low; Agreeableness low; Neuroticism low,1.6665392
neutral_controls,mean_tokens,2,1,Openness low; Conscientiousness low; Extraversion low; Agreeableness low; Neuroticism high,1.5785393
neutral_controls,mean_tokens,2,2,Openness low; Conscientiousness low; Extraversion low; Agreeableness high; Neuroticism low,1.0696914
neutral_controls,mean_tokens,2,3,Openness low; Conscientiousness low; Extraversion low; Agreeableness high; Neuroticism high,1.3367015
neutral_controls,mean_tokens,2,4,Openness low; Conscientiousness low; Extraversion high; Agreeableness low; Neuroticism low,2.0601146
neutral_controls,mean_tokens,2,5,Openness low; Conscientiousness low; Extraversion high; Agreeableness low; Neuroticism high,1.6175884
neutral_controls,mean_tokens,2,6,Openness low; Conscientiousness low; Extraversion high; Agreeableness high; Neuroticism low,1.6566439
neutral_controls,mean_tokens,2,7,Openness low; Conscientiousness low; Extraversion high; Agreeableness high; Neuroticism high,0.6198123
neutral_controls,mean_tokens,2,8,Openness low; Conscientiousness high; Extraversion low; Agreeableness low; Neuroticism low,1.673665
neutral_controls,mean_tokens,2,9,Openness low; Conscientiousness high; Extraversion low; Agreeableness low; Neuroticism high,1.3745528
neutral_controls,mean_tokens,2,10,Openness low; Conscientiousness high; Extraversion low; Agreeableness high; Neuroticism low,1.9506282
neutral_controls,mean_tokens,2,11,Openness low; Conscientiousness high; Extraversion low; Agreeableness high; Neuroticism high,1.3920134
neutral_controls,mean_tokens,2,12,Openness low; Conscientiousness high; Extraversion high; Agreeableness low; Neuroticism low,1.6605386
neutral_controls,mean_tokens,2,13,Openness low; Conscientiousness high; Extraversion high; Agreeableness low; Neuroticism high,0.83153385
neutral_controls,mean_tokens,2,14,Openness low; Conscientiousness high; Extraversion high; Agreeableness high; Neuroticism low,1.3502511
neutral_controls,mean_tokens,2,15,Openness low; Conscientiousness high; Extraversion high; Agreeableness high; Neuroticism high,1.8316191
neutral_controls,mean_tokens,2,16,Openness high; Conscientiousness low; Extraversion low; Agreeableness low; Neuroticism low,1.7454739
neutral_controls,mean_tokens,2,17,Openness high; Conscientiousness low; Extraversion low; Agreeableness low; Neuroticism high,1.6579391
neutral_controls,mean_tokens,2,18,Openness high; Conscientiousness low; Extraversion low; Agreeableness high; Neuroticism low,1.1053507
neutral_controls,mean_tokens,2,19,Openness high; Conscientiousness low; Extraversion low; Agreeableness high; Neuroticism high,1.7398736
neutral_controls,mean_tokens,2,20,Openness high; Conscientiousness low; Extraversion high; Agreeableness low; Neuroticism low,1.3679146
neutral_controls,mean_tokens,2,21,Openness high; Conscientiousness low; Extraversion high; Agreeableness low; Neuroticism high,1.9342353
neutral_controls,mean_tokens,2,22,Openness high; Conscientiousness low; Extraversion high; Agreeableness high; Neuroticism low,1.6520648
neutral_controls,mean_tokens,2,23,Openness high; Conscientiousness low; Extraversion high; Agreeableness high; Neuroticism high,0.4784355
neutral_controls,mean_tokens,2,24,Openness high; Conscientiousness high; Extraversion low; Agreeableness low; Neuroticism low,2.0635283
neutral_controls,mean_tokens,2,25,Openness high; Conscientiousness high; Extraversion low; Agreeableness low; Neuroticism high,0.9139683
neutral_controls,mean_tokens,2,26,Openness high; Conscientiousness high; Extraversion low; Agreeableness high; Neuroticism low,1.9635282
neutral_controls,mean_tokens,2,27,Openness high; Conscientiousness high; Extraversion low; Agreeableness high; Neuroticism high,1.7677842
neutral_controls,mean_tokens,2,28,Openness high; Conscientiousness high; Extraversion high; Agreeableness low; Neuroticism low,1.9398203
neutral_controls,mean_tokens,2,29,Openness high; Conscientiousness high; Extraversion high; Agreeableness low; Neuroticism high,1.6600968
neutral_controls,mean_tokens,2,30,Openness high; Conscientiousness high; Extraversion high; Agreeableness high; Neuroticism low,1.623299
neutral_controls,mean_tokens,2,31,Openness high; Conscientiousness high; Extraversion high; Agreeableness high; Neuroticism high,1.6664008
neutral_controls,mean_tokens,3,0,Openness low; Conscientiousness low; Extraversion low; Agreeableness low; Neuroticism low,1.7235495
neutral_controls,mean_tokens,3,1,Openness low; Conscientiousness low; Extraversion low; Agreeableness low; Neuroticism high,1.6391891
neutral_controls,mean_tokens,3,2,Openness low; Conscientiousness low; Extraversion low; Agreeableness high; Neuroticism low,1.1395421
neutral_controls,mean_tokens,3,3,Openness low; Conscientiousness low; Extraversion low; Agreeableness high; Neuroticism high,1.3901725
neutral_controls,mean_tokens,3,4,Openness low; Conscientiousness low; Extraversion high; Agreeableness low; Neuroticism low,2.1022875
neutral_controls,mean_tokens,3,5,Openness low; Conscientiousness low; Extraversion high; Agreeableness low; Neuroticism high,1.6648645
neutral_controls,mean_tokens,3,6,Openness low; Conscientiousness low; Extraversion high; Agreeableness high; Neuroticism low,1.7006023
neutral_controls,mean_tokens,3,7,Openness low; Conscientiousness low; Extraversion high; Agreeableness high; Neuroticism high,0.63982666
neutral_controls,mean_tokens,3,8,Openness low; Conscientiousness high; Extraversion low; Agreeableness low; Neuroticism low,1.728959
neutral_controls,mean_tokens,3,9,Openness low; Conscientiousness high; Extraversion low; Agreeableness low; Neuroticism high,1.446812
neutral_controls,mean_tokens,3,10,Openness low; Conscientiousness high; Extraversion low; Agreeableness high; Neuroticism low,1.9985272
neutral_controls,mean_tokens,3,11,Openness low; Conscientiousness high; Extraversion low; Agreeableness high; Neuroticism high,1.4473919
neutral_controls,mean_tokens,3,12,Openness low; Conscientiousness high; Extraversion high; Agreeableness low; Neuroticism low,1.7223645
neutral_controls,mean_tokens,3,13,Openness low; Conscientiousness high; Extraversion high; Agreeableness low; Neuroticism high,0.9124674
neutral_controls,mean_tokens,3,14,Openness low; Conscientiousness high; Extraversion high; Agreeableness high; Neuroticism low,1.4149865
neutral_controls,mean_tokens,3,15,Openness low; Conscientiousness high; Extraversion high; Agreeableness high; Neuroticism high,1.8734112
neutral_controls,mean_tokens,3,16,Openness high; Conscientiousness low; Extraversion low; Agreeableness low; Neuroticism low,1.7896287
neutral_controls,mean_tokens,3,17,Openness high; Conscientiousness low; Extraversion low; Agreeableness low; Neuroticism high,1.7144493
neutral_controls,mean_tokens,3,18,Openness high; Conscientiousness low; Extraversion low; Agreeableness high; Neuroticism low,1.1580356
neutral_controls,mean_tokens,3,19,Openness high; Conscientiousness low; Extraversion low; Agreeableness high; Neuroticism high,1.7851585
neutral_controls,mean_tokens,3,20,Openness high; Conscientiousness low; Extraversion high; Agreeableness low; Neuroticism low,1.4235257
neutral_controls,mean_tokens,3,21,Openness high; Conscientiousness low; Extraversion high; Agreeableness low; Neuroticism high,1.978892
neutral_controls,mean_tokens,3,22,Openness high; Conscientiousness low; Extraversion high; Agreeableness high; Neuroticism low,1.681319
neutral_controls,mean_tokens,3,23,Openness high; Conscientiousness low; Extraversion high; Agreeableness high; Neuroticism high,0.49950168
neutral_controls,mean_tokens,3,24,Openness high; Conscientiousness high; Extraversion low; Agreeableness low; Neuroticism low,2.105477
neutral_controls,mean_tokens,3,25,Openness high; Conscientiousness high; Extraversion low; Agreeableness low; Neuroticism high,1.0208391
neutral_controls,mean_tokens,3,26,Openness high; Conscientiousness high; Extraversion low; Agreeableness high; Neuroticism low,2.0115914
neutral_controls,mean_tokens,3,27,Openness high; Conscientiousness high; Extraversion low; Agreeableness high; Neuroticism high,1.8131092
neutral_controls,mean_tokens,3,28,Openness high; Conscientiousness high; Extraversion high; Agreeableness low; Neuroticism low,1.9788498
neutral_controls,mean_tokens,3,29,Openness high; Conscientiousness high; Extraversion high; Agreeableness low; Neuroticism high,1.7223905
neutral_controls,mean_tokens,3,30,Openness high; Conscientiousness high; Extraversion high; Agreeableness high; Neuroticism low,1.6794732
neutral_controls,mean_tokens,3,31,Openness high; Conscientiousness high; Extraversion high; Agreeableness high; Neuroticism high,1.7151648
neutral_controls,mean_tokens,4,0,Openness low; Conscientiousness low; Extraversion low; Agreeableness low; Neuroticism low,1.8060882
neutral_controls,mean_tokens,4,1,Openness low; Conscientiousness low; Extraversion low; Agreeableness low; Neuroticism high,1.7245264
neutral_controls,mean_tokens,4,2,Openness low; Conscientiousness low; Extraversion low; Agreeableness high; Neuroticism low,1.2609173
neutral_controls,mean_tokens,4,3,Openness low; Conscientiousness low; Extraversion low; Agreeableness high; Neuroticism high,1.4680624
neutral_controls,mean_tokens,4,4,Openness low; Conscientiousness low; Extraversion high; Agreeableness low; Neuroticism low,2.177511
neutral_controls,mean_tokens,4,5,Openness low; Conscientiousness low; Extraversion high; Agreeableness low; Neuroticism high,1.7384251
neutral_controls,mean_tokens,4,6,Openness low; Conscientiousness low; Extraversion high; Agreeableness high; Neuroticism low,1.772877
neutral_controls,mean_tokens,4,7,Openness low; Conscientiousness low; Extraversion high; Agreeableness high; Neuroticism high,0.653966
neutral_controls,mean_tokens,4,8,Openness low; Conscientiousness high; Extraversion low; Agreeableness low; Neuroticism low,1.8098676
neutral_controls,mean_tokens,4,9,Openness low; Conscientiousness high; Extraversion low; Agreeableness low; Neuroticism high,1.5382866
neutral_controls,mean_tokens,4,10,Openness low; Conscientiousness high; Extraversion low; Agreeableness high; Neuroticism low,2.0653086
neutral_controls,mean_tokens,4,11,Openness low; Conscientiousness high; Extraversion low; Agreeableness high; Neuroticism high,1.5247718
neutral_controls,mean_tokens,4,12,Openness low; Conscientiousness high; Extraversion high; Agreeableness low; Neuroticism low,1.8005084
neutral_controls,mean_tokens,4,13,Openness low; Conscientiousness high; Extraversion high; Agreeableness low; Neuroticism high,1.0109524
neutral_controls,mean_tokens,4,14,Openness low; Conscientiousness high; Extraversion high; Agreeableness high; Neuroticism low,1.5286709
neutral_controls,mean_tokens,4,15,Openness low; Conscientiousness high; Extraversion high; Agreeableness high; Neuroticism high,1.9288919
neutral_controls,mean_tokens,4,16,Openness high; Conscientiousness low; Extraversion low; Agreeableness low; Neuroticism low,1.8684846
neutral_controls,mean_tokens,4,17,Openness high; Conscientiousness low; Extraversion low; Agreeableness low; Neuroticism high,1.807924
neutral_controls,mean_tokens,4,18,Openness high; Conscientiousness low; Extraversion low; Agreeableness high; Neuroticism low,1.2405771
neutral_controls,mean_tokens,4,19,Openness high; Conscientiousness low; Extraversion low; Agreeableness high; Neuroticism high,1.844854
neutral_controls,mean_tokens,4,20,Openness high; Conscientiousness low; Extraversion high; Agreeableness low; Neuroticism low,1.5291533
neutral_controls,mean_tokens,4,21,Openness high; Conscientiousness low; Extraversion high; Agreeableness low; Neuroticism high,2.0486972
neutral_controls,mean_tokens,4,22,Openness high; Conscientiousness low; Extraversion high; Agreeableness high; Neuroticism low,1.7356532
neutral_controls,mean_tokens,4,23,Openness high; Conscientiousness low; Extraversion high; Agreeableness high; Neuroticism high,0.5185712
neutral_controls,mean_tokens,4,24,Openness high; Conscientiousness high; Extraversion low; Agreeableness low; Neuroticism low,2.1624932
neutral_controls,mean_tokens,4,25,Openness high; Conscientiousness high; Extraversion low; Agreeableness low; Neuroticism high,1.1150086
neutral_controls,mean_tokens,4,26,Openness high; Conscientiousness high; Extraversion low; Agreeableness high; Neuroticism low,2.0946934
neutral_controls,mean_tokens,4,27,Openness high; Conscientiousness high; Extraversion low; Agreeableness high; Neuroticism high,1.8876184
neutral_controls,mean_tokens,4,28,Openness high; Conscientiousness high; Extraversion high; Agreeableness low; Neuroticism low,2.0437405
neutral_controls,mean_tokens,4,29,Openness high; Conscientiousness high; Extraversion high; Agreeableness low; Neuroticism high,1.8009574
neutral_controls,mean_tokens,4,30,Openness high; Conscientiousness high; Extraversion high; Agreeableness high; Neuroticism low,1.7595431
neutral_controls,mean_tokens,4,31,Openness high; Conscientiousness high; Extraversion high; Agreeableness high; Neuroticism high,1.7826782
neutral_controls,mean_tokens,5,0,Openness low; Conscientiousness low; Extraversion low; Agreeableness low; Neuroticism low,1.8906066
neutral_controls,mean_tokens,5,1,Openness low; Conscientiousness low; Extraversion low; Agreeableness low; Neuroticism high,1.824525
neutral_controls,mean_tokens,5,2,Openness low; Conscientiousness low; Extraversion low; Agreeableness high; Neuroticism low,1.3608202
neutral_controls,mean_tokens,5,3,Openness low; Conscientiousness low; Extraversion low; Agreeableness high; Neuroticism high,1.5507219
neutral_controls,mean_tokens,5,4,Openness low; Conscientiousness low; Extraversion high; Agreeableness low; Neuroticism low,2.2578611
neutral_controls,mean_tokens,5,5,Openness low; Conscientiousness low; Extraversion high; Agreeableness low; Neuroticism high,1.8219471
neutral_controls,mean_tokens,5,6,Openness low; Conscientiousness low; Extraversion high; Agreeableness high; Neuroticism low,1.8546073
neutral_controls,mean_tokens,5,7,Openness low; Conscientiousness low; Extraversion high; Agreeableness high; Neuroticism high,0.67489934
neutral_controls,mean_tokens,5,8,Openness low; Conscientiousness high; Extraversion low; Agreeableness low; Neuroticism low,1.8972176
neutral_controls,mean_tokens,5,9,Openness low; Conscientiousness high; Extraversion low; Agreeableness low; Neuroticism high,1.6240718
neutral_controls,mean_tokens,5,10,Openness low; Conscientiousness high; Extraversion low; Agreeableness high; Neuroticism low,2.1366355
neutral_controls,mean_tokens,5,11,Openness low; Conscientiousness high; Extraversion low; Agreeableness high; Neuroticism high,1.6042666
neutral_controls,mean_tokens,5,12,Openness low; Conscientiousness high; Extraversion high; Agreeableness low; Neuroticism low,1.8767623
neutral_controls,mean_tokens,5,13,Openness low; Conscientiousness high; Extraversion high; Agreeableness low; Neuroticism high,1.1396098
neutral_controls,mean_tokens,5,14,Openness low; Conscientiousness high; Extraversion high; Agreeableness high; Neuroticism low,1.6113353
neutral_controls,mean_tokens,5,15,Openness low; Conscientiousness high; Extraversion high; Agreeableness high; Neuroticism high,1.9833778
neutral_controls,mean_tokens,5,16,Openness high; Conscientiousness low; Extraversion low; Agreeableness low; Neuroticism low,1.9348265
neutral_controls,mean_tokens,5,17,Openness high; Conscientiousness low; Extraversion low; Agreeableness low; Neuroticism high,1.8766335
neutral_controls,mean_tokens,5,18,Openness high; Conscientiousness low; Extraversion low; Agreeableness high; Neuroticism low,1.3392528
neutral_controls,mean_tokens,5,19,Openness high; Conscientiousness low; Extraversion low; Agreeableness high; Neuroticism high,1.9336951
neutral_controls,mean_tokens,5,20,Openness high; Conscientiousness low; Extraversion high; Agreeableness low; Neuroticism low,1.6304286
neutral_controls,mean_tokens,5,21,Openness high; Conscientiousness low; Extraversion high; Agreeableness low; Neuroticism high,2.1078095
neutral_controls,mean_tokens,5,22,Openness high; Conscientiousness low; Extraversion high; Agreeableness high; Neuroticism low,1.8026618
neutral_controls,mean_tokens,5,23,Openness high; Conscientiousness low; Extraversion high; Agreeableness high; Neuroticism high,0.55214155
neutral_controls,mean_tokens,5,24,Openness high; Conscientiousness high; Extraversion low; Agreeableness low; Neuroticism low,2.2211466
neutral_controls,mean_tokens,5,25,Openness high; Conscientiousness high; Extraversion low; Agreeableness low; Neuroticism high,1.2544038
neutral_controls,mean_tokens,5,26,Openness high; Conscientiousness high; Extraversion low; Agreeableness high; Neuroticism low,2.148087
neutral_controls,mean_tokens,5,27,Openness high; Conscientiousness high; Extraversion low; Agreeableness high; Neuroticism high,1.9562365
neutral_controls,mean_tokens,5,28,Openness high; Conscientiousness high; Extraversion high; Agreeableness low; Neuroticism low,2.111475
neutral_controls,mean_tokens,5,29,Openness high; Conscientiousness high; Extraversion high; Agreeableness low; Neuroticism high,1.8947271
neutral_controls,mean_tokens,5,30,Openness high; Conscientiousness high; Extraversion high; Agreeableness high; Neuroticism low,1.8313075
neutral_controls,mean_tokens,5,31,Openness high; Conscientiousness high; Extraversion high; Agreeableness high; Neuroticism high,1.844892
neutral_controls,mean_tokens,6,0,Openness low; Conscientiousness low; Extraversion low; Agreeableness low; Neuroticism low,1.98639
neutral_controls,mean_tokens,6,1,Openness low; Conscientiousness low; Extraversion low; Agreeableness low; Neuroticism high,1.9344136
neutral_controls,mean_tokens,6,2,Openness low; Conscientiousness low; Extraversion low; Agreeableness high; Neuroticism low,1.4873178
neutral_controls,mean_tokens,6,3,Openness low; Conscientiousness low; Extraversion low; Agreeableness high; Neuroticism high,1.6602113
neutral_controls,mean_tokens,6,4,Openness low; Conscientiousness low; Extraversion high; Agreeableness low; Neuroticism low,2.3380039
neutral_controls,mean_tokens,6,5,Openness low; Conscientiousness low; Extraversion high; Agreeableness low; Neuroticism high,1.9402685
neutral_controls,mean_tokens,6,6,Openness low; Conscientiousness low; Extraversion high; Agreeableness high; Neuroticism low,1.9772427
neutral_controls,mean_tokens,6,7,Openness low; Conscientiousness low; Extraversion high; Agreeableness high; Neuroticism high,0.70110655
neutral_controls,mean_tokens,6,8,Openness low; Conscientiousness high; Extraversion low; Agreeableness low; Neuroticism low,1.996184
neutral_controls,mean_tokens,6,9,Openness low; Conscientiousness high; Extraversion low; Agreeableness low; Neuroticism high,1.7354816
neutral_controls,mean_tokens,6,10,Openness low; Conscientiousness high; Extraversion low; Agreeableness high; Neuroticism low,2.2229066
neutral_controls,mean_tokens,6,11,Openness low; Conscientiousness high; Extraversion low; Agreeableness high; Neuroticism high,1.7133844
neutral_controls,mean_tokens,6,12,Openness low; Conscientiousness high; Extraversion high; Agreeableness low; Neuroticism low,1.9726775
neutral_controls,mean_tokens,6,13,Openness low; Conscientiousness high; Extraversion high; Agreeableness low; Neuroticism high,1.2878233
neutral_controls,mean_tokens,6,14,Openness low; Conscientiousness high; Extraversion high; Agreeableness high; Neuroticism low,1.7230897
neutral_controls,mean_tokens,6,15,Openness low; Conscientiousness high; Extraversion high; Agreeableness high; Neuroticism high,2.0552833
neutral_controls,mean_tokens,6,16,Openness high; Conscientiousness low; Extraversion low; Agreeableness low; Neuroticism low,2.0191092
neutral_controls,mean_tokens,6,17,Openness high; Conscientiousness low; Extraversion low; Agreeableness low; Neuroticism high,1.9797221
neutral_controls,mean_tokens,6,18,Openness high; Conscientiousness low; Extraversion low; Agreeableness high; Neuroticism low,1.4392571
neutral_controls,mean_tokens,6,19,Openness high; Conscientiousness low; Extraversion low; Agreeableness high; Neuroticism high,2.056179
neutral_controls,mean_tokens,6,20,Openness high; Conscientiousness low; Extraversion high; Agreeableness low; Neuroticism low,1.7370138
neutral_controls,mean_tokens,6,21,Openness high; Conscientiousness low; Extraversion high; Agreeableness low; Neuroticism high,2.2056696
neutral_controls,mean_tokens,6,22,Openness high; Conscientiousness low; Extraversion high; Agreeableness high; Neuroticism low,1.9036431
neutral_controls,mean_tokens,6,23,Openness high; Conscientiousness low; Extraversion high; Agreeableness high; Neuroticism high,0.5860898
neutral_controls,mean_tokens,6,24,Openness high; Conscientiousness high; Extraversion low; Agreeableness low; Neuroticism low,2.2897446
neutral_controls,mean_tokens,6,25,Openness high; Conscientiousness high; Extraversion low; Agreeableness low; Neuroticism high,1.384836
neutral_controls,mean_tokens,6,26,Openness high; Conscientiousness high; Extraversion low; Agreeableness high; Neuroticism low,2.2250862
neutral_controls,mean_tokens,6,27,Openness high; Conscientiousness high; Extraversion low; Agreeableness high; Neuroticism high,2.0843225
neutral_controls,mean_tokens,6,28,Openness high; Conscientiousness high; Extraversion high; Agreeableness low; Neuroticism low,2.187761
neutral_controls,mean_tokens,6,29,Openness high; Conscientiousness high; Extraversion high; Agreeableness low; Neuroticism high,1.9843487
neutral_controls,mean_tokens,6,30,Openness high; Conscientiousness high; Extraversion high; Agreeableness high; Neuroticism low,1.9358898
neutral_controls,mean_tokens,6,31,Openness high; Conscientiousness high; Extraversion high; Agreeableness high; Neuroticism high,1.9428055
neutral_controls,mean_tokens,7,0,Openness low; Conscientiousness low; Extraversion low; Agreeableness low; Neuroticism low,2.1501877
neutral_controls,mean_tokens,7,1,Openness low; Conscientiousness low; Extraversion low; Agreeableness low; Neuroticism high,2.1306102
neutral_controls,mean_tokens,7,2,Openness low; Conscientiousness low; Extraversion low; Agreeableness high; Neuroticism low,1.6728029
neutral_controls,mean_tokens,7,3,Openness low; Conscientiousness low; Extraversion low; Agreeableness high; Neuroticism high,1.8464371
neutral_controls,mean_tokens,7,4,Openness low; Conscientiousness low; Extraversion high; Agreeableness low; Neuroticism low,2.4961913
neutral_controls,mean_tokens,7,5,Openness low; Conscientiousness low; Extraversion high; Agreeableness low; Neuroticism high,2.1477346
neutral_controls,mean_tokens,7,6,Openness low; Conscientiousness low; Extraversion high; Agreeableness high; Neuroticism low,2.1565578
neutral_controls,mean_tokens,7,7,Openness low; Conscientiousness low; Extraversion high; Agreeableness high; Neuroticism high,0.757965
neutral_controls,mean_tokens,7,8,Openness low; Conscientiousness high; Extraversion low; Agreeableness low; Neuroticism low,2.165752
neutral_controls,mean_tokens,7,9,Openness low; Conscientiousness high; Extraversion low; Agreeableness low; Neuroticism high,1.9586843
neutral_controls,mean_tokens,7,10,Openness low; Conscientiousness high; Extraversion low; Agreeableness high; Neuroticism low,2.3889945
neutral_controls,mean_tokens,7,11,Openness low; Conscientiousness high; Extraversion low; Agreeableness high; Neuroticism high,1.9306126
neutral_controls,mean_tokens,7,12,Openness low; Conscientiousness high; Extraversion high; Agreeableness low; Neuroticism low,2.1500504
neutral_controls,mean_tokens,7,13,Openness low; Conscientiousness high; Extraversion high; Agreeableness low; Neuroticism high,1.5104033
neutral_controls,mean_tokens,7,14,Openness low; Conscientiousness high; Extraversion high; Agreeableness high; Neuroticism low,1.9104494
neutral_controls,mean_tokens,7,15,Openness low; Conscientiousness high; Extraversion high; Agreeableness high; Neuroticism high,2.2316241
neutral_controls,mean_tokens,7,16,Openness high; Conscientiousness low; Extraversion low; Agreeableness low; Neuroticism low,2.193328
neutral_controls,mean_tokens,7,17,Openness high; Conscientiousness low; Extraversion low; Agreeableness low; Neuroticism high,2.182894
neutral_controls,mean_tokens,7,18,Openness high; Conscientiousness low; Extraversion low; Agreeableness high; Neuroticism low,1.6353904
neutral_controls,mean_tokens,7,19,Openness high; Conscientiousness low; Extraversion low; Agreeableness high; Neuroticism high,2.2514248
neutral_controls,mean_tokens,7,20,Openness high; Conscientiousness low; Extraversion high; Agreeableness low; Neuroticism low,1.9954965
neutral_controls,mean_tokens,7,21,Openness high; Conscientiousness low; Extraversion high; Agreeableness low; Neuroticism high,2.3939118
neutral_controls,mean_tokens,7,22,Openness high; Conscientiousness low; Extraversion high; Agreeableness high; Neuroticism low,2.1077876
neutral_controls,mean_tokens,7,23,Openness high; Conscientiousness low; Extraversion high; Agreeableness high; Neuroticism high,0.64306754
neutral_controls,mean_tokens,7,24,Openness high; Conscientiousness high; Extraversion low; Agreeableness low; Neuroticism low,2.4602463
neutral_controls,mean_tokens,7,25,Openness high; Conscientiousness high; Extraversion low; Agreeableness low; Neuroticism high,1.6265339
neutral_controls,mean_tokens,7,26,Openness high; Conscientiousness high; Extraversion low; Agreeableness high; Neuroticism low,2.4054418
neutral_controls,mean_tokens,7,27,Openness high; Conscientiousness high; Extraversion low; Agreeableness high; Neuroticism high,2.257563
neutral_controls,mean_tokens,7,28,Openness high; Conscientiousness high; Extraversion high; Agreeableness low; Neuroticism low,2.3582084
neutral_controls,mean_tokens,7,29,Openness high; Conscientiousness high; Extraversion high; Agreeableness low; Neuroticism high,2.1563334
neutral_controls,mean_tokens,7,30,Openness high; Conscientiousness high; Extraversion high; Agreeableness high; Neuroticism low,2.1374443
neutral_controls,mean_tokens,7,31,Openness high; Conscientiousness high; Extraversion high; Agreeableness high; Neuroticism high,2.1249416
neutral_controls,mean_tokens,8,0,Openness low; Conscientiousness low; Extraversion low; Agreeableness low; Neuroticism low,2.313342
neutral_controls,mean_tokens,8,1,Openness low; Conscientiousness low; Extraversion low; Agreeableness low; Neuroticism high,2.3255198
neutral_controls,mean_tokens,8,2,Openness low; Conscientiousness low; Extraversion low; Agreeableness high; Neuroticism low,1.8829507
neutral_controls,mean_tokens,8,3,Openness low; Conscientiousness low; Extraversion low; Agreeableness high; Neuroticism high,2.0527506
neutral_controls,mean_tokens,8,4,Openness low; Conscientiousness low; Extraversion high; Agreeableness low; Neuroticism low,2.6819756
neutral_controls,mean_tokens,8,5,Openness low; Conscientiousness low; Extraversion high; Agreeableness low; Neuroticism high,2.331198
neutral_controls,mean_tokens,8,6,Openness low; Conscientiousness low; Extraversion high; Agreeableness high; Neuroticism low,2.3538911
neutral_controls,mean_tokens,8,7,Openness low; Conscientiousness low; Extraversion high; Agreeableness high; Neuroticism high,0.8353416
neutral_controls,mean_tokens,8,8,Openness low; Conscientiousness high; Extraversion low; Agreeableness low; Neuroticism low,2.342975
neutral_controls,mean_tokens,8,9,Openness low; Conscientiousness high; Extraversion low; Agreeableness low; Neuroticism high,2.1637795
neutral_controls,mean_tokens,8,10,Openness low; Conscientiousness high; Extraversion low; Agreeableness high; Neuroticism low,2.533905
neutral_controls,mean_tokens,8,11,Openness low; Conscientiousness high; Extraversion low; Agreeableness high; Neuroticism high,2.1529894
neutral_controls,mean_tokens,8,12,Openness low; Conscientiousness high; Extraversion high; Agreeableness low; Neuroticism low,2.3177443
neutral_controls,mean_tokens,8,13,Openness low; Conscientiousness high; Extraversion high; Agreeableness low; Neuroticism high,1.7842038
neutral_controls,mean_tokens,8,14,Openness low; Conscientiousness high; Extraversion high; Agreeableness high; Neuroticism low,2.1380825
neutral_controls,mean_tokens,8,15,Openness low; Conscientiousness high; Extraversion high; Agreeableness high; Neuroticism high,2.3957047
neutral_controls,mean_tokens,8,16,Openness high; Conscientiousness low; Extraversion low; Agreeableness low; Neuroticism low,2.3688138
neutral_controls,mean_tokens,8,17,Openness high; Conscientiousness low; Extraversion low; Agreeableness low; Neuroticism high,2.346472
neutral_controls,mean_tokens,8,18,Openness high; Conscientiousness low; Extraversion low; Agreeableness high; Neuroticism low,1.8442453
neutral_controls,mean_tokens,8,19,Openness high; Conscientiousness low; Extraversion low; Agreeableness high; Neuroticism high,2.4330575
neutral_controls,mean_tokens,8,20,Openness high; Conscientiousness low; Extraversion high; Agreeableness low; Neuroticism low,2.224297
neutral_controls,mean_tokens,8,21,Openness high; Conscientiousness low; Extraversion high; Agreeableness low; Neuroticism high,2.537146
neutral_controls,mean_tokens,8,22,Openness high; Conscientiousness low; Extraversion high; Agreeableness high; Neuroticism low,2.2707486
neutral_controls,mean_tokens,8,23,Openness high; Conscientiousness low; Extraversion high; Agreeableness high; Neuroticism high,0.725597
neutral_controls,mean_tokens,8,24,Openness high; Conscientiousness high; Extraversion low; Agreeableness low; Neuroticism low,2.5754468
neutral_controls,mean_tokens,8,25,Openness high; Conscientiousness high; Extraversion low; Agreeableness low; Neuroticism high,1.8365548
neutral_controls,mean_tokens,8,26,Openness high; Conscientiousness high; Extraversion low; Agreeableness high; Neuroticism low,2.5536673
neutral_controls,mean_tokens,8,27,Openness high; Conscientiousness high; Extraversion low; Agreeableness high; Neuroticism high,2.4504056
neutral_controls,mean_tokens,8,28,Openness high; Conscientiousness high; Extraversion high; Agreeableness low; Neuroticism low,2.5355036
neutral_controls,mean_tokens,8,29,Openness high; Conscientiousness high; Extraversion high; Agreeableness low; Neuroticism high,2.336953
neutral_controls,mean_tokens,8,30,Openness high; Conscientiousness high; Extraversion high; Agreeableness high; Neuroticism low,2.324286
neutral_controls,mean_tokens,8,31,Openness high; Conscientiousness high; Extraversion high; Agreeableness high; Neuroticism high,2.296854
neutral_controls,mean_tokens,9,0,Openness low; Conscientiousness low; Extraversion low; Agreeableness low; Neuroticism low,2.4158607
neutral_controls,mean_tokens,9,1,Openness low; Conscientiousness low; Extraversion low; Agreeableness low; Neuroticism high,2.4221728
neutral_controls,mean_tokens,9,2,Openness low; Conscientiousness low; Extraversion low; Agreeableness high; Neuroticism low,2.050846
neutral_controls,mean_tokens,9,3,Openness low; Conscientiousness low; Extraversion low; Agreeableness high; Neuroticism high,2.19253
neutral_controls,mean_tokens,9,4,Openness low; Conscientiousness low; Extraversion high; Agreeableness low; Neuroticism low,2.7859797
neutral_controls,mean_tokens,9,5,Openness low; Conscientiousness low; Extraversion high; Agreeableness low; Neuroticism high,2.4803205
neutral_controls,mean_tokens,9,6,Openness low; Conscientiousness low; Extraversion high; Agreeableness high; Neuroticism low,2.4694622
neutral_controls,mean_tokens,9,7,Openness low; Conscientiousness low; Extraversion high; Agreeableness high; Neuroticism high,0.91996044
neutral_controls,mean_tokens,9,8,Openness low; Conscientiousness high; Extraversion low; Agreeableness low; Neuroticism low,2.4492626
neutral_controls,mean_tokens,9,9,Openness low; Conscientiousness high; Extraversion low; Agreeableness low; Neuroticism high,2.275844
neutral_controls,mean_tokens,9,10,Openness low; Conscientiousness high; Extraversion low; Agreeableness high; Neuroticism low,2.6399558
neutral_controls,mean_tokens,9,11,Openness low; Conscientiousness high; Extraversion low; Agreeableness high; Neuroticism high,2.2415183
neutral_controls,mean_tokens,9,12,Openness low; Conscientiousness high; Extraversion high; Agreeableness low; Neuroticism low,2.4396663
neutral_controls,mean_tokens,9,13,Openness low; Conscientiousness high; Extraversion high; Agreeableness low; Neuroticism high,1.9010758
neutral_controls,mean_tokens,9,14,Openness low; Conscientiousness high; Extraversion high; Agreeableness high; Neuroticism low,2.2658627
neutral_controls,mean_tokens,9,15,Openness low; Conscientiousness high; Extraversion high; Agreeableness high; Neuroticism high,2.5190496
neutral_controls,mean_tokens,9,16,Openness high; Conscientiousness low; Extraversion low; Agreeableness low; Neuroticism low,2.4744458
neutral_controls,mean_tokens,9,17,Openness high; Conscientiousness low; Extraversion low; Agreeableness low; Neuroticism high,2.501343
neutral_controls,mean_tokens,9,18,Openness high; Conscientiousness low; Extraversion low; Agreeableness high; Neuroticism low,2.0203707
neutral_controls,mean_tokens,9,19,Openness high; Conscientiousness low; Extraversion low; Agreeableness high; Neuroticism high,2.5786798
neutral_controls,mean_tokens,9,20,Openness high; Conscientiousness low; Extraversion high; Agreeableness low; Neuroticism low,2.35773
neutral_controls,mean_tokens,9,21,Openness high; Conscientiousness low; Extraversion high; Agreeableness low; Neuroticism high,2.692411
neutral_controls,mean_tokens,9,22,Openness high; Conscientiousness low; Extraversion high; Agreeableness high; Neuroticism low,2.3693225
neutral_controls,mean_tokens,9,23,Openness high; Conscientiousness low; Extraversion high; Agreeableness high; Neuroticism high,0.8430815
neutral_controls,mean_tokens,9,24,Openness high; Conscientiousness high; Extraversion low; Agreeableness low; Neuroticism low,2.6693556
neutral_controls,mean_tokens,9,25,Openness high; Conscientiousness high; Extraversion low; Agreeableness low; Neuroticism high,1.9951319
neutral_controls,mean_tokens,9,26,Openness high; Conscientiousness high; Extraversion low; Agreeableness high; Neuroticism low,2.6814597
neutral_controls,mean_tokens,9,27,Openness high; Conscientiousness high; Extraversion low; Agreeableness high; Neuroticism high,2.5556111
neutral_controls,mean_tokens,9,28,Openness high; Conscientiousness high; Extraversion high; Agreeableness low; Neuroticism low,2.6241393
neutral_controls,mean_tokens,9,29,Openness high; Conscientiousness high; Extraversion high; Agreeableness low; Neuroticism high,2.4781992
neutral_controls,mean_tokens,9,30,Openness high; Conscientiousness high; Extraversion high; Agreeableness high; Neuroticism low,2.4597447
neutral_controls,mean_tokens,9,31,Openness high; Conscientiousness high; Extraversion high; Agreeableness high; Neuroticism high,2.4080198
neutral_controls,mean_tokens,10,0,Openness low; Conscientiousness low; Extraversion low; Agreeableness low; Neuroticism low,2.5035455
neutral_controls,mean_tokens,10,1,Openness low; Conscientiousness low; Extraversion low; Agreeableness low; Neuroticism high,2.5313342
neutral_controls,mean_tokens,10,2,Openness low; Conscientiousness low; Extraversion low; Agreeableness high; Neuroticism low,2.1488523
neutral_controls,mean_tokens,10,3,Openness low; Conscientiousness low; Extraversion low; Agreeableness high; Neuroticism high,2.3117595
neutral_controls,mean_tokens,10,4,Openness low; Conscientiousness low; Extraversion high; Agreeableness low; Neuroticism low,2.8791885
neutral_controls,mean_tokens,10,5,Openness low; Conscientiousness low; Extraversion high; Agreeableness low; Neuroticism high,2.589902
neutral_controls,mean_tokens,10,6,Openness low; Conscientiousness low; Extraversion high; Agreeableness high; Neuroticism low,2.540894
neutral_controls,mean_tokens,10,7,Openness low; Conscientiousness low; Extraversion high; Agreeableness high; Neuroticism high,1.0197562
neutral_controls,mean_tokens,10,8,Openness low; Conscientiousness high; Extraversion low; Agreeableness low; Neuroticism low,2.525215
neutral_controls,mean_tokens,10,9,Openness low; Conscientiousness high; Extraversion low; Agreeableness low; Neuroticism high,2.3537378
neutral_controls,mean_tokens,10,10,Openness low; Conscientiousness high; Extraversion low; Agreeableness high; Neuroticism low,2.7395597
neutral_controls,mean_tokens,10,11,Openness low; Conscientiousness high; Extraversion low; Agreeableness high; Neuroticism high,2.337341
neutral_controls,mean_tokens,10,12,Openness low; Conscientiousness high; Extraversion high; Agreeableness low; Neuroticism low,2.5149748
neutral_controls,mean_tokens,10,13,Openness low; Conscientiousness high; Extraversion high; Agreeableness low; Neuroticism high,2.0256815
neutral_controls,mean_tokens,10,14,Openness low; Conscientiousness high; Extraversion high; Agreeableness high; Neuroticism low,2.3926497
neutral_controls,mean_tokens,10,15,Openness low; Conscientiousness high; Extraversion high; Agreeableness high; Neuroticism high,2.6593971
neutral_controls,mean_tokens,10,16,Openness high; Conscientiousness low; Extraversion low; Agreeableness low; Neuroticism low,2.579634
neutral_controls,mean_tokens,10,17,Openness high; Conscientiousness low; Extraversion low; Agreeableness low; Neuroticism high,2.562141
neutral_controls,mean_tokens,10,18,Openness high; Conscientiousness low; Extraversion low; Agreeableness high; Neuroticism low,2.1928914
neutral_controls,mean_tokens,10,19,Openness high; Conscientiousness low; Extraversion low; Agreeableness high; Neuroticism high,2.6767173
neutral_controls,mean_tokens,10,20,Openness high; Conscientiousness low; Extraversion high; Agreeableness low; Neuroticism low,2.4321103
neutral_controls,mean_tokens,10,21,Openness high; Conscientiousness low; Extraversion high; Agreeableness low; Neuroticism high,2.7674916
neutral_controls,mean_tokens,10,22,Openness high; Conscientiousness low; Extraversion high; Agreeableness high; Neuroticism low,2.4639218
neutral_controls,mean_tokens,10,23,Openness high; Conscientiousness low; Extraversion high; Agreeableness high; Neuroticism high,0.9385451
neutral_controls,mean_tokens,10,24,Openness high; Conscientiousness high; Extraversion low; Agreeableness low; Neuroticism low,2.7322075
neutral_controls,mean_tokens,10,25,Openness high; Conscientiousness high; Extraversion low; Agreeableness low; Neuroticism high,2.1471357
neutral_controls,mean_tokens,10,26,Openness high; Conscientiousness high; Extraversion low; Agreeableness high; Neuroticism low,2.7554271
neutral_controls,mean_tokens,10,27,Openness high; Conscientiousness high; Extraversion low; Agreeableness high; Neuroticism high,2.6386964
neutral_controls,mean_tokens,10,28,Openness high; Conscientiousness high; Extraversion high; Agreeableness low; Neuroticism low,2.7017357
neutral_controls,mean_tokens,10,29,Openness high; Conscientiousness high; Extraversion high; Agreeableness low; Neuroticism high,2.580474
neutral_controls,mean_tokens,10,30,Openness high; Conscientiousness high; Extraversion high; Agreeableness high; Neuroticism low,2.5385199
neutral_controls,mean_tokens,10,31,Openness high; Conscientiousness high; Extraversion high; Agreeableness high; Neuroticism high,2.4708598
neutral_controls,mean_tokens,11,0,Openness low; Conscientiousness low; Extraversion low; Agreeableness low; Neuroticism low,2.5788803
neutral_controls,mean_tokens,11,1,Openness low; Conscientiousness low; Extraversion low; Agreeableness low; Neuroticism high,2.6164265
neutral_controls,mean_tokens,11,2,Openness low; Conscientiousness low; Extraversion low; Agreeableness high; Neuroticism low,2.2315917
neutral_controls,mean_tokens,11,3,Openness low; Conscientiousness low; Extraversion low; Agreeableness high; Neuroticism high,2.398689
neutral_controls,mean_tokens,11,4,Openness low; Conscientiousness low; Extraversion high; Agreeableness low; Neuroticism low,2.9499362
neutral_controls,mean_tokens,11,5,Openness low; Conscientiousness low; Extraversion high; Agreeableness low; Neuroticism high,2.6925921
neutral_controls,mean_tokens,11,6,Openness low; Conscientiousness low; Extraversion high; Agreeableness high; Neuroticism low,2.6149175
neutral_controls,mean_tokens,11,7,Openness low; Conscientiousness low; Extraversion high; Agreeableness high; Neuroticism high,1.1216586
neutral_controls,mean_tokens,11,8,Openness low; Conscientiousness high; Extraversion low; Agreeableness low; Neuroticism low,2.5596058
neutral_controls,mean_tokens,11,9,Openness low; Conscientiousness high; Extraversion low; Agreeableness low; Neuroticism high,2.4063113
neutral_controls,mean_tokens,11,10,Openness low; Conscientiousness high; Extraversion low; Agreeableness high; Neuroticism low,2.8004951
neutral_controls,mean_tokens,11,11,Openness low; Conscientiousness high; Extraversion low; Agreeableness high; Neuroticism high,2.431525
neutral_controls,mean_tokens,11,12,Openness low; Conscientiousness high; Extraversion high; Agreeableness low; Neuroticism low,2.5929697
neutral_controls,mean_tokens,11,13,Openness low; Conscientiousness high; Extraversion high; Agreeableness low; Neuroticism high,2.1143165
neutral_controls,mean_tokens,11,14,Openness low; Conscientiousness high; Extraversion high; Agreeableness high; Neuroticism low,2.435347
neutral_controls,mean_tokens,11,15,Openness low; Conscientiousness high; Extraversion high; Agreeableness high; Neuroticism high,2.7536128
neutral_controls,mean_tokens,11,16,Openness high; Conscientiousness low; Extraversion low; Agreeableness low; Neuroticism low,2.6457791
neutral_controls,mean_tokens,11,17,Openness high; Conscientiousness low; Extraversion low; Agreeableness low; Neuroticism high,2.6281788
neutral_controls,mean_tokens,11,18,Openness high; Conscientiousness low; Extraversion low; Agreeableness high; Neuroticism low,2.3489318
neutral_controls,mean_tokens,11,19,Openness high; Conscientiousness low; Extraversion low; Agreeableness high; Neuroticism high,2.753194
neutral_controls,mean_tokens,11,20,Openness high; Conscientiousness low; Extraversion high; Agreeableness low; Neuroticism low,2.5109468
neutral_controls,mean_tokens,11,21,Openness high; Conscientiousness low; Extraversion high; Agreeableness low; Neuroticism high,2.7986553
neutral_controls,mean_tokens,11,22,Openness high; Conscientiousness low; Extraversion high; Agreeableness high; Neuroticism low,2.5945354
neutral_controls,mean_tokens,11,23,Openness high; Conscientiousness low; Extraversion high; Agreeableness high; Neuroticism high,1.0406095
neutral_controls,mean_tokens,11,24,Openness high; Conscientiousness high; Extraversion low; Agreeableness low; Neuroticism low,2.7858994
neutral_controls,mean_tokens,11,25,Openness high; Conscientiousness high; Extraversion low; Agreeableness low; Neuroticism high,2.2096953
neutral_controls,mean_tokens,11,26,Openness high; Conscientiousness high; Extraversion low; Agreeableness high; Neuroticism low,2.7888682
neutral_controls,mean_tokens,11,27,Openness high; Conscientiousness high; Extraversion low; Agreeableness high; Neuroticism high,2.6561065
neutral_controls,mean_tokens,11,28,Openness high; Conscientiousness high; Extraversion high; Agreeableness low; Neuroticism low,2.7528007
neutral_controls,mean_tokens,11,29,Openness high; Conscientiousness high; Extraversion high; Agreeableness low; Neuroticism high,2.6550343
neutral_controls,mean_tokens,11,30,Openness high; Conscientiousness high; Extraversion high; Agreeableness high; Neuroticism low,2.5888343
neutral_controls,mean_tokens,11,31,Openness high; Conscientiousness high; Extraversion high; Agreeableness high; Neuroticism high,2.5491657
neutral_controls,mean_tokens,12,0,Openness low; Conscientiousness low; Extraversion low; Agreeableness low; Neuroticism low,2.7862525
neutral_controls,mean_tokens,12,1,Openness low; Conscientiousness low; Extraversion low; Agreeableness low; Neuroticism high,2.8175704
neutral_controls,mean_tokens,12,2,Openness low; Conscientiousness low; Extraversion low; Agreeableness high; Neuroticism low,2.4675024
neutral_controls,mean_tokens,12,3,Openness low; Conscientiousness low; Extraversion low; Agreeableness high; Neuroticism high,2.6162655
neutral_controls,mean_tokens,12,4,Openness low; Conscientiousness low; Extraversion high; Agreeableness low; Neuroticism low,3.1432815
neutral_controls,mean_tokens,12,5,Openness low; Conscientiousness low; Extraversion high; Agreeableness low; Neuroticism high,2.880066
neutral_controls,mean_tokens,12,6,Openness low; Conscientiousness low; Extraversion high; Agreeableness high; Neuroticism low,2.8244312
neutral_controls,mean_tokens,12,7,Openness low; Conscientiousness low; Extraversion high; Agreeableness high; Neuroticism high,1.2363791
neutral_controls,mean_tokens,12,8,Openness low; Conscientiousness high; Extraversion low; Agreeableness low; Neuroticism low,2.7687712
neutral_controls,mean_tokens,12,9,Openness low; Conscientiousness high; Extraversion low; Agreeableness low; Neuroticism high,2.6910567
neutral_controls,mean_tokens,12,10,Openness low; Conscientiousness high; Extraversion low; Agreeableness high; Neuroticism low,3.01723
neutral_controls,mean_tokens,12,11,Openness low; Conscientiousness high; Extraversion low; Agreeableness high; Neuroticism high,2.6685042
neutral_controls,mean_tokens,12,12,Openness low; Conscientiousness high; Extraversion high; Agreeableness low; Neuroticism low,2.7775397
neutral_controls,mean_tokens,12,13,Openness low; Conscientiousness high; Extraversion high; Agreeableness low; Neuroticism high,2.3506231
neutral_controls,mean_tokens,12,14,Openness low; Conscientiousness high; Extraversion high; Agreeableness high; Neuroticism low,2.742251
neutral_controls,mean_tokens,12,15,Openness low; Conscientiousness high; Extraversion high; Agreeableness high; Neuroticism high,2.9505103
neutral_controls,mean_tokens,12,16,Openness high; Conscientiousness low; Extraversion low; Agreeableness low; Neuroticism low,2.837759
neutral_controls,mean_tokens,12,17,Openness high; Conscientiousness low; Extraversion low; Agreeableness low; Neuroticism high,2.8325965
neutral_controls,mean_tokens,12,18,Openness high; Conscientiousness low; Extraversion low; Agreeableness high; Neuroticism low,2.587708
neutral_controls,mean_tokens,12,19,Openness high; Conscientiousness low; Extraversion low; Agreeableness high; Neuroticism high,2.9664528
neutral_controls,mean_tokens,12,20,Openness high; Conscientiousness low; Extraversion high; Agreeableness low; Neuroticism low,2.732179
neutral_controls,mean_tokens,12,21,Openness high; Conscientiousness low; Extraversion high; Agreeableness low; Neuroticism high,2.9563491
neutral_controls,mean_tokens,12,22,Openness high; Conscientiousness low; Extraversion high; Agreeableness high; Neuroticism low,2.7518594
neutral_controls,mean_tokens,12,23,Openness high; Conscientiousness low; Extraversion high; Agreeableness high; Neuroticism high,1.1559813
neutral_controls,mean_tokens,12,24,Openness high; Conscientiousness high; Extraversion low; Agreeableness low; Neuroticism low,2.9646823
neutral_controls,mean_tokens,12,25,Openness high; Conscientiousness high; Extraversion low; Agreeableness low; Neuroticism high,2.4151292
neutral_controls,mean_tokens,12,26,Openness high; Conscientiousness high; Extraversion low; Agreeableness high; Neuroticism low,2.9708822
neutral_controls,mean_tokens,12,27,Openness high; Conscientiousness high; Extraversion low; Agreeableness high; Neuroticism high,2.904995
neutral_controls,mean_tokens,12,28,Openness high; Conscientiousness high; Extraversion high; Agreeableness low; Neuroticism low,2.9339957
neutral_controls,mean_tokens,12,29,Openness high; Conscientiousness high; Extraversion high; Agreeableness low; Neuroticism high,2.8558228
neutral_controls,mean_tokens,12,30,Openness high; Conscientiousness high; Extraversion high; Agreeableness high; Neuroticism low,2.8450875
neutral_controls,mean_tokens,12,31,Openness high; Conscientiousness high; Extraversion high; Agreeableness high; Neuroticism high,2.773815
neutral_controls,mean_tokens,13,0,Openness low; Conscientiousness low; Extraversion low; Agreeableness low; Neuroticism low,2.9657874
neutral_controls,mean_tokens,13,1,Openness low; Conscientiousness low; Extraversion low; Agreeableness low; Neuroticism high,2.9842305
neutral_controls,mean_tokens,13,2,Openness low; Conscientiousness low; Extraversion low; Agreeableness high; Neuroticism low,2.6602798
neutral_controls,mean_tokens,13,3,Openness low; Conscientiousness low; Extraversion low; Agreeableness high; Neuroticism high,2.8390565
neutral_controls,mean_tokens,13,4,Openness low; Conscientiousness low; Extraversion high; Agreeableness low; Neuroticism low,3.2776744
neutral_controls,mean_tokens,13,5,Openness low; Conscientiousness low; Extraversion high; Agreeableness low; Neuroticism high,3.0522418
neutral_controls,mean_tokens,13,6,Openness low; Conscientiousness low; Extraversion high; Agreeableness high; Neuroticism low,3.0441575
neutral_controls,mean_tokens,13,7,Openness low; Conscientiousness low; Extraversion high; Agreeableness high; Neuroticism high,1.3485923
neutral_controls,mean_tokens,13,8,Openness low; Conscientiousness high; Extraversion low; Agreeableness low; Neuroticism low,2.9439125
neutral_controls,mean_tokens,13,9,Openness low; Conscientiousness high; Extraversion low; Agreeableness low; Neuroticism high,2.8673642
neutral_controls,mean_tokens,13,10,Openness low; Conscientiousness high; Extraversion low; Agreeableness high; Neuroticism low,3.1660547
neutral_controls,mean_tokens,13,11,Openness low; Conscientiousness high; Extraversion low; Agreeableness high; Neuroticism high,2.8990695
neutral_controls,mean_tokens,13,12,Openness low; Conscientiousness high; Extraversion high; Agreeableness low; Neuroticism low,2.994392
neutral_controls,mean_tokens,13,13,Openness low; Conscientiousness high; Extraversion high; Agreeableness low; Neuroticism high,2.6351073
neutral_controls,mean_tokens,13,14,Openness low; Conscientiousness high; Extraversion high; Agreeableness high; Neuroticism low,2.9565163
neutral_controls,mean_tokens,13,15,Openness low; Conscientiousness high; Extraversion high; Agreeableness high; Neuroticism high,3.1399415
neutral_controls,mean_tokens,13,16,Openness high; Conscientiousness low; Extraversion low; Agreeableness low; Neuroticism low,3.0079794
neutral_controls,mean_tokens,13,17,Openness high; Conscientiousness low; Extraversion low; Agreeableness low; Neuroticism high,3.082257
neutral_controls,mean_tokens,13,18,Openness high; Conscientiousness low; Extraversion low; Agreeableness high; Neuroticism low,2.7261007
neutral_controls,mean_tokens,13,19,Openness high; Conscientiousness low; Extraversion low; Agreeableness high; Neuroticism high,3.1093051
neutral_controls,mean_tokens,13,20,Openness high; Conscientiousness low; Extraversion high; Agreeableness low; Neuroticism low,2.9334066
neutral_controls,mean_tokens,13,21,Openness high; Conscientiousness low; Extraversion high; Agreeableness low; Neuroticism high,3.214282
neutral_controls,mean_tokens,13,22,Openness high; Conscientiousness low; Extraversion high; Agreeableness high; Neuroticism low,2.843098
neutral_controls,mean_tokens,13,23,Openness high; Conscientiousness low; Extraversion high; Agreeableness high; Neuroticism high,1.2843535
neutral_controls,mean_tokens,13,24,Openness high; Conscientiousness high; Extraversion low; Agreeableness low; Neuroticism low,3.143247
neutral_controls,mean_tokens,13,25,Openness high; Conscientiousness high; Extraversion low; Agreeableness low; Neuroticism high,2.6572802
neutral_controls,mean_tokens,13,26,Openness high; Conscientiousness high; Extraversion low; Agreeableness high; Neuroticism low,3.1215029
neutral_controls,mean_tokens,13,27,Openness high; Conscientiousness high; Extraversion low; Agreeableness high; Neuroticism high,3.0561576
neutral_controls,mean_tokens,13,28,Openness high; Conscientiousness high; Extraversion high; Agreeableness low; Neuroticism low,3.0908012
neutral_controls,mean_tokens,13,29,Openness high; Conscientiousness high; Extraversion high; Agreeableness low; Neuroticism high,3.0134618
neutral_controls,mean_tokens,13,30,Openness high; Conscientiousness high; Extraversion high; Agreeableness high; Neuroticism low,2.9871316
neutral_controls,mean_tokens,13,31,Openness high; Conscientiousness high; Extraversion high; Agreeableness high; Neuroticism high,2.9672751
neutral_controls,mean_tokens,14,0,Openness low; Conscientiousness low; Extraversion low; Agreeableness low; Neuroticism low,3.1262875
neutral_controls,mean_tokens,14,1,Openness low; Conscientiousness low; Extraversion low; Agreeableness low; Neuroticism high,3.1178734
neutral_controls,mean_tokens,14,2,Openness low; Conscientiousness low; Extraversion low; Agreeableness high; Neuroticism low,2.8217165
neutral_controls,mean_tokens,14,3,Openness low; Conscientiousness low; Extraversion low; Agreeableness high; Neuroticism high,2.9097395
neutral_controls,mean_tokens,14,4,Openness low; Conscientiousness low; Extraversion high; Agreeableness low; Neuroticism low,3.3630946
neutral_controls,mean_tokens,14,5,Openness low; Conscientiousness low; Extraversion high; Agreeableness low; Neuroticism high,3.2226043
neutral_controls,mean_tokens,14,6,Openness low; Conscientiousness low; Extraversion high; Agreeableness high; Neuroticism low,3.1279786
neutral_controls,mean_tokens,14,7,Openness low; Conscientiousness low; Extraversion high; Agreeableness high; Neuroticism high,1.48576
neutral_controls,mean_tokens,14,8,Openness low; Conscientiousness high; Extraversion low; Agreeableness low; Neuroticism low,3.0440044
neutral_controls,mean_tokens,14,9,Openness low; Conscientiousness high; Extraversion low; Agreeableness low; Neuroticism high,2.9967942
neutral_controls,mean_tokens,14,10,Openness low; Conscientiousness high; Extraversion low; Agreeableness high; Neuroticism low,3.3407657
neutral_controls,mean_tokens,14,11,Openness low; Conscientiousness high; Extraversion low; Agreeableness high; Neuroticism high,3.0163484
neutral_controls,mean_tokens,14,12,Openness low; Conscientiousness high; Extraversion high; Agreeableness low; Neuroticism low,3.135978
neutral_controls,mean_tokens,14,13,Openness low; Conscientiousness high; Extraversion high; Agreeableness low; Neuroticism high,2.7749715
neutral_controls,mean_tokens,14,14,Openness low; Conscientiousness high; Extraversion high; Agreeableness high; Neuroticism low,3.0449314
neutral_controls,mean_tokens,14,15,Openness low; Conscientiousness high; Extraversion high; Agreeableness high; Neuroticism high,3.2284794
neutral_controls,mean_tokens,14,16,Openness high; Conscientiousness low; Extraversion low; Agreeableness low; Neuroticism low,3.1332932
neutral_controls,mean_tokens,14,17,Openness high; Conscientiousness low; Extraversion low; Agreeableness low; Neuroticism high,3.2499504
neutral_controls,mean_tokens,14,18,Openness high; Conscientiousness low; Extraversion low; Agreeableness high; Neuroticism low,2.8714519
neutral_controls,mean_tokens,14,19,Openness high; Conscientiousness low; Extraversion low; Agreeableness high; Neuroticism high,3.3335705
neutral_controls,mean_tokens,14,20,Openness high; Conscientiousness low; Extraversion high; Agreeableness low; Neuroticism low,3.1192908
neutral_controls,mean_tokens,14,21,Openness high; Conscientiousness low; Extraversion high; Agreeableness low; Neuroticism high,3.3244867
neutral_controls,mean_tokens,14,22,Openness high; Conscientiousness low; Extraversion high; Agreeableness high; Neuroticism low,2.9411597
neutral_controls,mean_tokens,14,23,Openness high; Conscientiousness low; Extraversion high; Agreeableness high; Neuroticism high,1.4341236
neutral_controls,mean_tokens,14,24,Openness high; Conscientiousness high; Extraversion low; Agreeableness low; Neuroticism low,3.256549
neutral_controls,mean_tokens,14,25,Openness high; Conscientiousness high; Extraversion low; Agreeableness low; Neuroticism high,2.827031
neutral_controls,mean_tokens,14,26,Openness high; Conscientiousness high; Extraversion low; Agreeableness high; Neuroticism low,3.2100344
neutral_controls,mean_tokens,14,27,Openness high; Conscientiousness high; Extraversion low; Agreeableness high; Neuroticism high,3.1892016
neutral_controls,mean_tokens,14,28,Openness high; Conscientiousness high; Extraversion high; Agreeableness low; Neuroticism low,3.214909
neutral_controls,mean_tokens,14,29,Openness high; Conscientiousness high; Extraversion high; Agreeableness low; Neuroticism high,3.1326246
neutral_controls,mean_tokens,14,30,Openness high; Conscientiousness high; Extraversion high; Agreeableness high; Neuroticism low,3.1590512
neutral_controls,mean_tokens,14,31,Openness high; Conscientiousness high; Extraversion high; Agreeableness high; Neuroticism high,3.1202776
neutral_controls,mean_tokens,15,0,Openness low; Conscientiousness low; Extraversion low; Agreeableness low; Neuroticism low,3.3000102
neutral_controls,mean_tokens,15,1,Openness low; Conscientiousness low; Extraversion low; Agreeableness low; Neuroticism high,3.2911208
neutral_controls,mean_tokens,15,2,Openness low; Conscientiousness low; Extraversion low; Agreeableness high; Neuroticism low,3.0365627
neutral_controls,mean_tokens,15,3,Openness low; Conscientiousness low; Extraversion low; Agreeableness high; Neuroticism high,3.1120842
neutral_controls,mean_tokens,15,4,Openness low; Conscientiousness low; Extraversion high; Agreeableness low; Neuroticism low,3.5632885
neutral_controls,mean_tokens,15,5,Openness low; Conscientiousness low; Extraversion high; Agreeableness low; Neuroticism high,3.4136636
neutral_controls,mean_tokens,15,6,Openness low; Conscientiousness low; Extraversion high; Agreeableness high; Neuroticism low,3.320506
neutral_controls,mean_tokens,15,7,Openness low; Conscientiousness low; Extraversion high; Agreeableness high; Neuroticism high,1.6463122
neutral_controls,mean_tokens,15,8,Openness low; Conscientiousness high; Extraversion low; Agreeableness low; Neuroticism low,3.203101
neutral_controls,mean_tokens,15,9,Openness low; Conscientiousness high; Extraversion low; Agreeableness low; Neuroticism high,3.1415746
neutral_controls,mean_tokens,15,10,Openness low; Conscientiousness high; Extraversion low; Agreeableness high; Neuroticism low,3.5322566
neutral_controls,mean_tokens,15,11,Openness low; Conscientiousness high; Extraversion low; Agreeableness high; Neuroticism high,3.235309
neutral_controls,mean_tokens,15,12,Openness low; Conscientiousness high; Extraversion high; Agreeableness low; Neuroticism low,3.3032637
neutral_controls,mean_tokens,15,13,Openness low; Conscientiousness high; Extraversion high; Agreeableness low; Neuroticism high,2.931072
neutral_controls,mean_tokens,15,14,Openness low; Conscientiousness high; Extraversion high; Agreeableness high; Neuroticism low,3.2240908
neutral_controls,mean_tokens,15,15,Openness low; Conscientiousness high; Extraversion high; Agreeableness high; Neuroticism high,3.5193393
neutral_controls,mean_tokens,15,16,Openness high; Conscientiousness low; Extraversion low; Agreeableness low; Neuroticism low,3.2951853
neutral_controls,mean_tokens,15,17,Openness high; Conscientiousness low; Extraversion low; Agreeableness low; Neuroticism high,3.5383685
neutral_controls,mean_tokens,15,18,Openness high; Conscientiousness low; Extraversion low; Agreeableness high; Neuroticism low,3.107205
neutral_controls,mean_tokens,15,19,Openness high; Conscientiousness low; Extraversion low; Agreeableness high; Neuroticism high,3.477144
neutral_controls,mean_tokens,15,20,Openness high; Conscientiousness low; Extraversion high; Agreeableness low; Neuroticism low,3.3194807
neutral_controls,mean_tokens,15,21,Openness high; Conscientiousness low; Extraversion high; Agreeableness low; Neuroticism high,3.525517
neutral_controls,mean_tokens,15,22,Openness high; Conscientiousness low; Extraversion high; Agreeableness high; Neuroticism low,3.0953417
neutral_controls,mean_tokens,15,23,Openness high; Conscientiousness low; Extraversion high; Agreeableness high; Neuroticism high,1.5554479
neutral_controls,mean_tokens,15,24,Openness high; Conscientiousness high; Extraversion low; Agreeableness low; Neuroticism low,3.4108148
neutral_controls,mean_tokens,15,25,Openness high; Conscientiousness high; Extraversion low; Agreeableness low; Neuroticism high,3.0106552
neutral_controls,mean_tokens,15,26,Openness high; Conscientiousness high; Extraversion low; Agreeableness high; Neuroticism low,3.3858924
neutral_controls,mean_tokens,15,27,Openness high; Conscientiousness high; Extraversion low; Agreeableness high; Neuroticism high,3.3675992
neutral_controls,mean_tokens,15,28,Openness high; Conscientiousness high; Extraversion high; Agreeableness low; Neuroticism low,3.3691862
neutral_controls,mean_tokens,15,29,Openness high; Conscientiousness high; Extraversion high; Agreeableness low; Neuroticism high,3.3046286
neutral_controls,mean_tokens,15,30,Openness high; Conscientiousness high; Extraversion high; Agreeableness high; Neuroticism low,3.3417697
neutral_controls,mean_tokens,15,31,Openness high; Conscientiousness high; Extraversion high; Agreeableness high; Neuroticism high,3.3166814
neutral_controls,mean_tokens,16,0,Openness low; Conscientiousness low; Extraversion low; Agreeableness low; Neuroticism low,3.7976925
neutral_controls,mean_tokens,16,1,Openness low; Conscientiousness low; Extraversion low; Agreeableness low; Neuroticism high,3.7683697
neutral_controls,mean_tokens,16,2,Openness low; Conscientiousness low; Extraversion low; Agreeableness high; Neuroticism low,3.6259515
neutral_controls,mean_tokens,16,3,Openness low; Conscientiousness low; Extraversion low; Agreeableness high; Neuroticism high,3.58503
neutral_controls,mean_tokens,16,4,Openness low; Conscientiousness low; Extraversion high; Agreeableness low; Neuroticism low,4.0068717
neutral_controls,mean_tokens,16,5,Openness low; Conscientiousness low; Extraversion high; Agreeableness low; Neuroticism high,3.9707098
neutral_controls,mean_tokens,16,6,Openness low; Conscientiousness low; Extraversion high; Agreeableness high; Neuroticism low,3.7940602
neutral_controls,mean_tokens,16,7,Openness low; Conscientiousness low; Extraversion high; Agreeableness high; Neuroticism high,1.8547446
neutral_controls,mean_tokens,16,8,Openness low; Conscientiousness high; Extraversion low; Agreeableness low; Neuroticism low,3.6903224
neutral_controls,mean_tokens,16,9,Openness low; Conscientiousness high; Extraversion low; Agreeableness low; Neuroticism high,3.650405
neutral_controls,mean_tokens,16,10,Openness low; Conscientiousness high; Extraversion low; Agreeableness high; Neuroticism low,3.923705
neutral_controls,mean_tokens,16,11,Openness low; Conscientiousness high; Extraversion low; Agreeableness high; Neuroticism high,3.7413785
neutral_controls,mean_tokens,16,12,Openness low; Conscientiousness high; Extraversion high; Agreeableness low; Neuroticism low,3.7867653
neutral_controls,mean_tokens,16,13,Openness low; Conscientiousness high; Extraversion high; Agreeableness low; Neuroticism high,3.4801288
neutral_controls,mean_tokens,16,14,Openness low; Conscientiousness high; Extraversion high; Agreeableness high; Neuroticism low,3.7346044
neutral_controls,mean_tokens,16,15,Openness low; Conscientiousness high; Extraversion high; Agreeableness high; Neuroticism high,4.0900464
neutral_controls,mean_tokens,16,16,Openness high; Conscientiousness low; Extraversion low; Agreeableness low; Neuroticism low,3.801992
neutral_controls,mean_tokens,16,17,Openness high; Conscientiousness low; Extraversion low; Agreeableness low; Neuroticism high,3.9787445
neutral_controls,mean_tokens,16,18,Openness high; Conscientiousness low; Extraversion low; Agreeableness high; Neuroticism low,3.6931605
neutral_controls,mean_tokens,16,19,Openness high; Conscientiousness low; Extraversion low; Agreeableness high; Neuroticism high,3.971757
neutral_controls,mean_tokens,16,20,Openness high; Conscientiousness low; Extraversion high; Agreeableness low; Neuroticism low,3.8840673
neutral_controls,mean_tokens,16,21,Openness high; Conscientiousness low; Extraversion high; Agreeableness low; Neuroticism high,3.927525
neutral_controls,mean_tokens,16,22,Openness high; Conscientiousness low; Extraversion high; Agreeableness high; Neuroticism low,3.5402348
neutral_controls,mean_tokens,16,23,Openness high; Conscientiousness low; Extraversion high; Agreeableness high; Neuroticism high,1.7932925
neutral_controls,mean_tokens,16,24,Openness high; Conscientiousness high; Extraversion low; Agreeableness low; Neuroticism low,3.8047976
neutral_controls,mean_tokens,16,25,Openness high; Conscientiousness high; Extraversion low; Agreeableness low; Neuroticism high,3.5808623
neutral_controls,mean_tokens,16,26,Openness high; Conscientiousness high; Extraversion low; Agreeableness high; Neuroticism low,3.8306763
neutral_controls,mean_tokens,16,27,Openness high; Conscientiousness high; Extraversion low; Agreeableness high; Neuroticism high,3.9062939
neutral_controls,mean_tokens,16,28,Openness high; Conscientiousness high; Extraversion high; Agreeableness low; Neuroticism low,3.8389516
neutral_controls,mean_tokens,16,29,Openness high; Conscientiousness high; Extraversion high; Agreeableness low; Neuroticism high,3.8061872
neutral_controls,mean_tokens,16,30,Openness high; Conscientiousness high; Extraversion high; Agreeableness high; Neuroticism low,3.8448231
neutral_controls,mean_tokens,16,31,Openness high; Conscientiousness high; Extraversion high; Agreeableness high; Neuroticism high,3.8234332
neutral_controls,mean_tokens,17,0,Openness low; Conscientiousness low; Extraversion low; Agreeableness low; Neuroticism low,4.216025
neutral_controls,mean_tokens,17,1,Openness low; Conscientiousness low; Extraversion low; Agreeableness low; Neuroticism high,4.174876
neutral_controls,mean_tokens,17,2,Openness low; Conscientiousness low; Extraversion low; Agreeableness high; Neuroticism low,4.0657907
neutral_controls,mean_tokens,17,3,Openness low; Conscientiousness low; Extraversion low; Agreeableness high; Neuroticism high,4.1181936
neutral_controls,mean_tokens,17,4,Openness low; Conscientiousness low; Extraversion high; Agreeableness low; Neuroticism low,4.446937
neutral_controls,mean_tokens,17,5,Openness low; Conscientiousness low; Extraversion high; Agreeableness low; Neuroticism high,4.4357796
neutral_controls,mean_tokens,17,6,Openness low; Conscientiousness low; Extraversion high; Agreeableness high; Neuroticism low,4.2431545
neutral_controls,mean_tokens,17,7,Openness low; Conscientiousness low; Extraversion high; Agreeableness high; Neuroticism high,2.1103988
neutral_controls,mean_tokens,17,8,Openness low; Conscientiousness high; Extraversion low; Agreeableness low; Neuroticism low,4.152785
neutral_controls,mean_tokens,17,9,Openness low; Conscientiousness high; Extraversion low; Agreeableness low; Neuroticism high,4.118481
neutral_controls,mean_tokens,17,10,Openness low; Conscientiousness high; Extraversion low; Agreeableness high; Neuroticism low,4.3408613
neutral_controls,mean_tokens,17,11,Openness low; Conscientiousness high; Extraversion low; Agreeableness high; Neuroticism high,4.207285
neutral_controls,mean_tokens,17,12,Openness low; Conscientiousness high; Extraversion high; Agreeableness low; Neuroticism low,4.185298
neutral_controls,mean_tokens,17,13,Openness low; Conscientiousness high; Extraversion high; Agreeableness low; Neuroticism high,3.8427093
neutral_controls,mean_tokens,17,14,Openness low; Conscientiousness high; Extraversion high; Agreeableness high; Neuroticism low,4.183635
neutral_controls,mean_tokens,17,15,Openness low; Conscientiousness high; Extraversion high; Agreeableness high; Neuroticism high,4.5049224
neutral_controls,mean_tokens,17,16,Openness high; Conscientiousness low; Extraversion low; Agreeableness low; Neuroticism low,4.2325087
neutral_controls,mean_tokens,17,17,Openness high; Conscientiousness low; Extraversion low; Agreeableness low; Neuroticism high,4.5076575
neutral_controls,mean_tokens,17,18,Openness high; Conscientiousness low; Extraversion low; Agreeableness high; Neuroticism low,4.149309
neutral_controls,mean_tokens,17,19,Openness high; Conscientiousness low; Extraversion low; Agreeableness high; Neuroticism high,4.446698
neutral_controls,mean_tokens,17,20,Openness high; Conscientiousness low; Extraversion high; Agreeableness low; Neuroticism low,4.3579383
neutral_controls,mean_tokens,17,21,Openness high; Conscientiousness low; Extraversion high; Agreeableness low; Neuroticism high,4.364999
neutral_controls,mean_tokens,17,22,Openness high; Conscientiousness low; Extraversion high; Agreeableness high; Neuroticism low,3.9069002
neutral_controls,mean_tokens,17,23,Openness high; Conscientiousness low; Extraversion high; Agreeableness high; Neuroticism high,2.0634146
neutral_controls,mean_tokens,17,24,Openness high; Conscientiousness high; Extraversion low; Agreeableness low; Neuroticism low,4.187914
neutral_controls,mean_tokens,17,25,Openness high; Conscientiousness high; Extraversion low; Agreeableness low; Neuroticism high,4.0357027
neutral_controls,mean_tokens,17,26,Openness high; Conscientiousness high; Extraversion low; Agreeableness high; Neuroticism low,4.277012
neutral_controls,mean_tokens,17,27,Openness high; Conscientiousness high; Extraversion low; Agreeableness high; Neuroticism high,4.3432994
neutral_controls,mean_tokens,17,28,Openness high; Conscientiousness high; Extraversion high; Agreeableness low; Neuroticism low,4.2370234
neutral_controls,mean_tokens,17,29,Openness high; Conscientiousness high; Extraversion high; Agreeableness low; Neuroticism high,4.299908
neutral_controls,mean_tokens,17,30,Openness high; Conscientiousness high; Extraversion high; Agreeableness high; Neuroticism low,4.321845
neutral_controls,mean_tokens,17,31,Openness high; Conscientiousness high; Extraversion high; Agreeableness high; Neuroticism high,4.2611957
neutral_controls,mean_tokens,18,0,Openness low; Conscientiousness low; Extraversion low; Agreeableness low; Neuroticism low,4.6278358
neutral_controls,mean_tokens,18,1,Openness low; Conscientiousness low; Extraversion low; Agreeableness low; Neuroticism high,4.568993
neutral_controls,mean_tokens,18,2,Openness low; Conscientiousness low; Extraversion low; Agreeableness high; Neuroticism low,4.435996
neutral_controls,mean_tokens,18,3,Openness low; Conscientiousness low; Extraversion low; Agreeableness high; Neuroticism high,4.5031056
neutral_controls,mean_tokens,18,4,Openness low; Conscientiousness low; Extraversion high; Agreeableness low; Neuroticism low,4.8101845
neutral_controls,mean_tokens,18,5,Openness low; Conscientiousness low; Extraversion high; Agreeableness low; Neuroticism high,4.842488
neutral_controls,mean_tokens,18,6,Openness low; Conscientiousness low; Extraversion high; Agreeableness high; Neuroticism low,4.633106
neutral_controls,mean_tokens,18,7,Openness low; Conscientiousness low; Extraversion high; Agreeableness high; Neuroticism high,2.2940986
neutral_controls,mean_tokens,18,8,Openness low; Conscientiousness high; Extraversion low; Agreeableness low; Neuroticism low,4.522662
neutral_controls,mean_tokens,18,9,Openness low; Conscientiousness high; Extraversion low; Agreeableness low; Neuroticism high,4.584992
neutral_controls,mean_tokens,18,10,Openness low; Conscientiousness high; Extraversion low; Agreeableness high; Neuroticism low,4.7651052
neutral_controls,mean_tokens,18,11,Openness low; Conscientiousness high; Extraversion low; Agreeableness high; Neuroticism high,4.611592
neutral_controls,mean_tokens,18,12,Openness low; Conscientiousness high; Extraversion high; Agreeableness low; Neuroticism low,4.611475
neutral_controls,mean_tokens,18,13,Openness low; Conscientiousness high; Extraversion high; Agreeableness low; Neuroticism high,4.2537255
neutral_controls,mean_tokens,18,14,Openness low; Conscientiousness high; Extraversion high; Agreeableness high; Neuroticism low,4.6235304
neutral_controls,mean_tokens,18,15,Openness low; Conscientiousness high; Extraversion high; Agreeableness high; Neuroticism high,4.9332356
neutral_controls,mean_tokens,18,16,Openness high; Conscientiousness low; Extraversion low; Agreeableness low; Neuroticism low,4.6696754
neutral_controls,mean_tokens,18,17,Openness high; Conscientiousness low; Extraversion low; Agreeableness low; Neuroticism high,4.9559093
neutral_controls,mean_tokens,18,18,Openness high; Conscientiousness low; Extraversion low; Agreeableness high; Neuroticism low,4.6179776
neutral_controls,mean_tokens,18,19,Openness high; Conscientiousness low; Extraversion low; Agreeableness high; Neuroticism high,4.8131423
neutral_controls,mean_tokens,18,20,Openness high; Conscientiousness low; Extraversion high; Agreeableness low; Neuroticism low,4.8094387
neutral_controls,mean_tokens,18,21,Openness high; Conscientiousness low; Extraversion high; Agreeableness low; Neuroticism high,4.7533336
neutral_controls,mean_tokens,18,22,Openness high; Conscientiousness low; Extraversion high; Agreeableness high; Neuroticism low,4.2086425
neutral_controls,mean_tokens,18,23,Openness high; Conscientiousness low; Extraversion high; Agreeableness high; Neuroticism high,2.26236
neutral_controls,mean_tokens,18,24,Openness high; Conscientiousness high; Extraversion low; Agreeableness low; Neuroticism low,4.53922
neutral_controls,mean_tokens,18,25,Openness high; Conscientiousness high; Extraversion low; Agreeableness low; Neuroticism high,4.4570036
neutral_controls,mean_tokens,18,26,Openness high; Conscientiousness high; Extraversion low; Agreeableness high; Neuroticism low,4.658118
neutral_controls,mean_tokens,18,27,Openness high; Conscientiousness high; Extraversion low; Agreeableness high; Neuroticism high,4.6929655
neutral_controls,mean_tokens,18,28,Openness high; Conscientiousness high; Extraversion high; Agreeableness low; Neuroticism low,4.635037
neutral_controls,mean_tokens,18,29,Openness high; Conscientiousness high; Extraversion high; Agreeableness low; Neuroticism high,4.6852484
neutral_controls,mean_tokens,18,30,Openness high; Conscientiousness high; Extraversion high; Agreeableness high; Neuroticism low,4.735162
neutral_controls,mean_tokens,18,31,Openness high; Conscientiousness high; Extraversion high; Agreeableness high; Neuroticism high,4.661451
neutral_controls,mean_tokens,19,0,Openness low; Conscientiousness low; Extraversion low; Agreeableness low; Neuroticism low,4.865317
neutral_controls,mean_tokens,19,1,Openness low; Conscientiousness low; Extraversion low; Agreeableness low; Neuroticism high,4.7939763
neutral_controls,mean_tokens,19,2,Openness low; Conscientiousness low; Extraversion low; Agreeableness high; Neuroticism low,4.6619163
neutral_controls,mean_tokens,19,3,Openness low; Conscientiousness low; Extraversion low; Agreeableness high; Neuroticism high,4.7377157
neutral_controls,mean_tokens,19,4,Openness low; Conscientiousness low; Extraversion high; Agreeableness low; Neuroticism low,5.0388184
neutral_controls,mean_tokens,19,5,Openness low; Conscientiousness low; Extraversion high; Agreeableness low; Neuroticism high,5.1164694
neutral_controls,mean_tokens,19,6,Openness low; Conscientiousness low; Extraversion high; Agreeableness high; Neuroticism low,4.8521996
neutral_controls,mean_tokens,19,7,Openness low; Conscientiousness low; Extraversion high; Agreeableness high; Neuroticism high,2.4201972
neutral_controls,mean_tokens,19,8,Openness low; Conscientiousness high; Extraversion low; Agreeableness low; Neuroticism low,4.7696304
neutral_controls,mean_tokens,19,9,Openness low; Conscientiousness high; Extraversion low; Agreeableness low; Neuroticism high,4.8310184
neutral_controls,mean_tokens,19,10,Openness low; Conscientiousness high; Extraversion low; Agreeableness high; Neuroticism low,5.003732
neutral_controls,mean_tokens,19,11,Openness low; Conscientiousness high; Extraversion low; Agreeableness high; Neuroticism high,4.8379292
neutral_controls,mean_tokens,19,12,Openness low; Conscientiousness high; Extraversion high; Agreeableness low; Neuroticism low,4.868301
neutral_controls,mean_tokens,19,13,Openness low; Conscientiousness high; Extraversion high; Agreeableness low; Neuroticism high,4.4756637
neutral_controls,mean_tokens,19,14,Openness low; Conscientiousness high; Extraversion high; Agreeableness high; Neuroticism low,4.85851
neutral_controls,mean_tokens,19,15,Openness low; Conscientiousness high; Extraversion high; Agreeableness high; Neuroticism high,5.1745577
neutral_controls,mean_tokens,19,16,Openness high; Conscientiousness low; Extraversion low; Agreeableness low; Neuroticism low,4.8876033
neutral_controls,mean_tokens,19,17,Openness high; Conscientiousness low; Extraversion low; Agreeableness low; Neuroticism high,5.234087
neutral_controls,mean_tokens,19,18,Openness high; Conscientiousness low; Extraversion low; Agreeableness high; Neuroticism low,4.883353
neutral_controls,mean_tokens,19,19,Openness high; Conscientiousness low; Extraversion low; Agreeableness high; Neuroticism high,5.0730295
neutral_controls,mean_tokens,19,20,Openness high; Conscientiousness low; Extraversion high; Agreeableness low; Neuroticism low,5.0570087
neutral_controls,mean_tokens,19,21,Openness high; Conscientiousness low; Extraversion high; Agreeableness low; Neuroticism high,4.9800277
neutral_controls,mean_tokens,19,22,Openness high; Conscientiousness low; Extraversion high; Agreeableness high; Neuroticism low,4.433175
neutral_controls,mean_tokens,19,23,Openness high; Conscientiousness low; Extraversion high; Agreeableness high; Neuroticism high,2.4178677
neutral_controls,mean_tokens,19,24,Openness high; Conscientiousness high; Extraversion low; Agreeableness low; Neuroticism low,4.7304397
neutral_controls,mean_tokens,19,25,Openness high; Conscientiousness high; Extraversion low; Agreeableness low; Neuroticism high,4.7088766
neutral_controls,mean_tokens,19,26,Openness high; Conscientiousness high; Extraversion low; Agreeableness high; Neuroticism low,4.852971
neutral_controls,mean_tokens,19,27,Openness high; Conscientiousness high; Extraversion low; Agreeableness high; Neuroticism high,4.91215
neutral_controls,mean_tokens,19,28,Openness high; Conscientiousness high; Extraversion high; Agreeableness low; Neuroticism low,4.895083
neutral_controls,mean_tokens,19,29,Openness high; Conscientiousness high; Extraversion high; Agreeableness low; Neuroticism high,4.9191966
neutral_controls,mean_tokens,19,30,Openness high; Conscientiousness high; Extraversion high; Agreeableness high; Neuroticism low,4.9581685
neutral_controls,mean_tokens,19,31,Openness high; Conscientiousness high; Extraversion high; Agreeableness high; Neuroticism high,4.9037323
neutral_controls,mean_tokens,20,0,Openness low; Conscientiousness low; Extraversion low; Agreeableness low; Neuroticism low,5.102401
neutral_controls,mean_tokens,20,1,Openness low; Conscientiousness low; Extraversion low; Agreeableness low; Neuroticism high,5.0590205
neutral_controls,mean_tokens,20,2,Openness low; Conscientiousness low; Extraversion low; Agreeableness high; Neuroticism low,4.9475565
neutral_controls,mean_tokens,20,3,Openness low; Conscientiousness low; Extraversion low; Agreeableness high; Neuroticism high,4.974607
neutral_controls,mean_tokens,20,4,Openness low; Conscientiousness low; Extraversion high; Agreeableness low; Neuroticism low,5.2996597
neutral_controls,mean_tokens,20,5,Openness low; Conscientiousness low; Extraversion high; Agreeableness low; Neuroticism high,5.4290915
neutral_controls,mean_tokens,20,6,Openness low; Conscientiousness low; Extraversion high; Agreeableness high; Neuroticism low,5.1001344
neutral_controls,mean_tokens,20,7,Openness low; Conscientiousness low; Extraversion high; Agreeableness high; Neuroticism high,2.5436172
neutral_controls,mean_tokens,20,8,Openness low; Conscientiousness high; Extraversion low; Agreeableness low; Neuroticism low,5.010141
neutral_controls,mean_tokens,20,9,Openness low; Conscientiousness high; Extraversion low; Agreeableness low; Neuroticism high,5.083929
neutral_controls,mean_tokens,20,10,Openness low; Conscientiousness high; Extraversion low; Agreeableness high; Neuroticism low,5.3094277
neutral_controls,mean_tokens,20,11,Openness low; Conscientiousness high; Extraversion low; Agreeableness high; Neuroticism high,5.0922155
neutral_controls,mean_tokens,20,12,Openness low; Conscientiousness high; Extraversion high; Agreeableness low; Neuroticism low,5.129037
neutral_controls,mean_tokens,20,13,Openness low; Conscientiousness high; Extraversion high; Agreeableness low; Neuroticism high,4.742448
neutral_controls,mean_tokens,20,14,Openness low; Conscientiousness high; Extraversion high; Agreeableness high; Neuroticism low,5.146917
neutral_controls,mean_tokens,20,15,Openness low; Conscientiousness high; Extraversion high; Agreeableness high; Neuroticism high,5.4290004
neutral_controls,mean_tokens,20,16,Openness high; Conscientiousness low; Extraversion low; Agreeableness low; Neuroticism low,5.1635065
neutral_controls,mean_tokens,20,17,Openness high; Conscientiousness low; Extraversion low; Agreeableness low; Neuroticism high,5.5709944
neutral_controls,mean_tokens,20,18,Openness high; Conscientiousness low; Extraversion low; Agreeableness high; Neuroticism low,5.148624
neutral_controls,mean_tokens,20,19,Openness high; Conscientiousness low; Extraversion low; Agreeableness high; Neuroticism high,5.389385
neutral_controls,mean_tokens,20,20,Openness high; Conscientiousness low; Extraversion high; Agreeableness low; Neuroticism low,5.3306236
neutral_controls,mean_tokens,20,21,Openness high; Conscientiousness low; Extraversion high; Agreeableness low; Neuroticism high,5.2564306
neutral_controls,mean_tokens,20,22,Openness high; Conscientiousness low; Extraversion high; Agreeableness high; Neuroticism low,4.6561756
neutral_controls,mean_tokens,20,23,Openness high; Conscientiousness low; Extraversion high; Agreeableness high; Neuroticism high,2.5690362
neutral_controls,mean_tokens,20,24,Openness high; Conscientiousness high; Extraversion low; Agreeableness low; Neuroticism low,4.968635
neutral_controls,mean_tokens,20,25,Openness high; Conscientiousness high; Extraversion low; Agreeableness low; Neuroticism high,4.965746
neutral_controls,mean_tokens,20,26,Openness high; Conscientiousness high; Extraversion low; Agreeableness high; Neuroticism low,5.0678596
neutral_controls,mean_tokens,20,27,Openness high; Conscientiousness high; Extraversion low; Agreeableness high; Neuroticism high,5.162603
neutral_controls,mean_tokens,20,28,Openness high; Conscientiousness high; Extraversion high; Agreeableness low; Neuroticism low,5.147751
neutral_controls,mean_tokens,20,29,Openness high; Conscientiousness high; Extraversion high; Agreeableness low; Neuroticism high,5.188408
neutral_controls,mean_tokens,20,30,Openness high; Conscientiousness high; Extraversion high; Agreeableness high; Neuroticism low,5.245925
neutral_controls,mean_tokens,20,31,Openness high; Conscientiousness high; Extraversion high; Agreeableness high; Neuroticism high,5.199904
neutral_controls,mean_tokens,21,0,Openness low; Conscientiousness low; Extraversion low; Agreeableness low; Neuroticism low,6.002347
neutral_controls,mean_tokens,21,1,Openness low; Conscientiousness low; Extraversion low; Agreeableness low; Neuroticism high,5.9615545
neutral_controls,mean_tokens,21,2,Openness low; Conscientiousness low; Extraversion low; Agreeableness high; Neuroticism low,5.834891
neutral_controls,mean_tokens,21,3,Openness low; Conscientiousness low; Extraversion low; Agreeableness high; Neuroticism high,5.9367127
neutral_controls,mean_tokens,21,4,Openness low; Conscientiousness low; Extraversion high; Agreeableness low; Neuroticism low,6.1322794
neutral_controls,mean_tokens,21,5,Openness low; Conscientiousness low; Extraversion high; Agreeableness low; Neuroticism high,6.4107013
neutral_controls,mean_tokens,21,6,Openness low; Conscientiousness low; Extraversion high; Agreeableness high; Neuroticism low,5.9785423
neutral_controls,mean_tokens,21,7,Openness low; Conscientiousness low; Extraversion high; Agreeableness high; Neuroticism high,2.9743013
neutral_controls,mean_tokens,21,8,Openness low; Conscientiousness high; Extraversion low; Agreeableness low; Neuroticism low,5.8960576
neutral_controls,mean_tokens,21,9,Openness low; Conscientiousness high; Extraversion low; Agreeableness low; Neuroticism high,6.054479
neutral_controls,mean_tokens,21,10,Openness low; Conscientiousness high; Extraversion low; Agreeableness high; Neuroticism low,6.260647
neutral_controls,mean_tokens,21,11,Openness low; Conscientiousness high; Extraversion low; Agreeableness high; Neuroticism high,6.0113115
neutral_controls,mean_tokens,21,12,Openness low; Conscientiousness high; Extraversion high; Agreeableness low; Neuroticism low,6.0716558
neutral_controls,mean_tokens,21,13,Openness low; Conscientiousness high; Extraversion high; Agreeableness low; Neuroticism high,5.57784
neutral_controls,mean_tokens,21,14,Openness low; Conscientiousness high; Extraversion high; Agreeableness high; Neuroticism low,6.0763164
neutral_controls,mean_tokens,21,15,Openness low; Conscientiousness high; Extraversion high; Agreeableness high; Neuroticism high,6.3913894
neutral_controls,mean_tokens,21,16,Openness high; Conscientiousness low; Extraversion low; Agreeableness low; Neuroticism low,6.0922437
neutral_controls,mean_tokens,21,17,Openness high; Conscientiousness low; Extraversion low; Agreeableness low; Neuroticism high,6.556119
neutral_controls,mean_tokens,21,18,Openness high; Conscientiousness low; Extraversion low; Agreeableness high; Neuroticism low,6.0455575
neutral_controls,mean_tokens,21,19,Openness high; Conscientiousness low; Extraversion low; Agreeableness high; Neuroticism high,6.3346367
neutral_controls,mean_tokens,21,20,Openness high; Conscientiousness low; Extraversion high; Agreeableness low; Neuroticism low,6.2531366
neutral_controls,mean_tokens,21,21,Openness high; Conscientiousness low; Extraversion high; Agreeableness low; Neuroticism high,6.1687484
neutral_controls,mean_tokens,21,22,Openness high; Conscientiousness low; Extraversion high; Agreeableness high; Neuroticism low,5.4493456
neutral_controls,mean_tokens,21,23,Openness high; Conscientiousness low; Extraversion high; Agreeableness high; Neuroticism high,3.0111282
neutral_controls,mean_tokens,21,24,Openness high; Conscientiousness high; Extraversion low; Agreeableness low; Neuroticism low,5.7352767
neutral_controls,mean_tokens,21,25,Openness high; Conscientiousness high; Extraversion low; Agreeableness low; Neuroticism high,5.9250593
neutral_controls,mean_tokens,21,26,Openness high; Conscientiousness high; Extraversion low; Agreeableness high; Neuroticism low,5.911077
neutral_controls,mean_tokens,21,27,Openness high; Conscientiousness high; Extraversion low; Agreeableness high; Neuroticism high,6.0136523
neutral_controls,mean_tokens,21,28,Openness high; Conscientiousness high; Extraversion high; Agreeableness low; Neuroticism low,6.082923
neutral_controls,mean_tokens,21,29,Openness high; Conscientiousness high; Extraversion high; Agreeableness low; Neuroticism high,6.155062
neutral_controls,mean_tokens,21,30,Openness high; Conscientiousness high; Extraversion high; Agreeableness high; Neuroticism low,6.196182
neutral_controls,mean_tokens,21,31,Openness high; Conscientiousness high; Extraversion high; Agreeableness high; Neuroticism high,6.1742086
neutral_controls,mean_tokens,22,0,Openness low; Conscientiousness low; Extraversion low; Agreeableness low; Neuroticism low,6.546515
neutral_controls,mean_tokens,22,1,Openness low; Conscientiousness low; Extraversion low; Agreeableness low; Neuroticism high,6.49006
neutral_controls,mean_tokens,22,2,Openness low; Conscientiousness low; Extraversion low; Agreeableness high; Neuroticism low,6.3639255
neutral_controls,mean_tokens,22,3,Openness low; Conscientiousness low; Extraversion low; Agreeableness high; Neuroticism high,6.433663
neutral_controls,mean_tokens,22,4,Openness low; Conscientiousness low; Extraversion high; Agreeableness low; Neuroticism low,6.702305
neutral_controls,mean_tokens,22,5,Openness low; Conscientiousness low; Extraversion high; Agreeableness low; Neuroticism high,7.0034432
neutral_controls,mean_tokens,22,6,Openness low; Conscientiousness low; Extraversion high; Agreeableness high; Neuroticism low,6.5172405
neutral_controls,mean_tokens,22,7,Openness low; Conscientiousness low; Extraversion high; Agreeableness high; Neuroticism high,3.2263222
neutral_controls,mean_tokens,22,8,Openness low; Conscientiousness high; Extraversion low; Agreeableness low; Neuroticism low,6.406764
neutral_controls,mean_tokens,22,9,Openness low; Conscientiousness high; Extraversion low; Agreeableness low; Neuroticism high,6.60606
neutral_controls,mean_tokens,22,10,Openness low; Conscientiousness high; Extraversion low; Agreeableness high; Neuroticism low,6.7830057
neutral_controls,mean_tokens,22,11,Openness low; Conscientiousness high; Extraversion low; Agreeableness high; Neuroticism high,6.4980173
neutral_controls,mean_tokens,22,12,Openness low; Conscientiousness high; Extraversion high; Agreeableness low; Neuroticism low,6.631391
neutral_controls,mean_tokens,22,13,Openness low; Conscientiousness high; Extraversion high; Agreeableness low; Neuroticism high,6.1150284
neutral_controls,mean_tokens,22,14,Openness low; Conscientiousness high; Extraversion high; Agreeableness high; Neuroticism low,6.6208243
neutral_controls,mean_tokens,22,15,Openness low; Conscientiousness high; Extraversion high; Agreeableness high; Neuroticism high,6.930289
neutral_controls,mean_tokens,22,16,Openness high; Conscientiousness low; Extraversion low; Agreeableness low; Neuroticism low,6.682828
neutral_controls,mean_tokens,22,17,Openness high; Conscientiousness low; Extraversion low; Agreeableness low; Neuroticism high,7.103138
neutral_controls,mean_tokens,22,18,Openness high; Conscientiousness low; Extraversion low; Agreeableness high; Neuroticism low,6.5603304
neutral_controls,mean_tokens,22,19,Openness high; Conscientiousness low; Extraversion low; Agreeableness high; Neuroticism high,6.9557033
neutral_controls,mean_tokens,22,20,Openness high; Conscientiousness low; Extraversion high; Agreeableness low; Neuroticism low,6.825981
neutral_controls,mean_tokens,22,21,Openness high; Conscientiousness low; Extraversion high; Agreeableness low; Neuroticism high,6.700662
neutral_controls,mean_tokens,22,22,Openness high; Conscientiousness low; Extraversion high; Agreeableness high; Neuroticism low,5.9021044
neutral_controls,mean_tokens,22,23,Openness high; Conscientiousness low; Extraversion high; Agreeableness high; Neuroticism high,3.2768219
neutral_controls,mean_tokens,22,24,Openness high; Conscientiousness high; Extraversion low; Agreeableness low; Neuroticism low,6.2190237
neutral_controls,mean_tokens,22,25,Openness high; Conscientiousness high; Extraversion low; Agreeableness low; Neuroticism high,6.470342
neutral_controls,mean_tokens,22,26,Openness high; Conscientiousness high; Extraversion low; Agreeableness high; Neuroticism low,6.3934193
neutral_controls,mean_tokens,22,27,Openness high; Conscientiousness high; Extraversion low; Agreeableness high; Neuroticism high,6.537145
neutral_controls,mean_tokens,22,28,Openness high; Conscientiousness high; Extraversion high; Agreeableness low; Neuroticism low,6.6004066
neutral_controls,mean_tokens,22,29,Openness high; Conscientiousness high; Extraversion high; Agreeableness low; Neuroticism high,6.6909328
neutral_controls,mean_tokens,22,30,Openness high; Conscientiousness high; Extraversion high; Agreeableness high; Neuroticism low,6.739706
neutral_controls,mean_tokens,22,31,Openness high; Conscientiousness high; Extraversion high; Agreeableness high; Neuroticism high,6.743393
neutral_controls,mean_tokens,23,0,Openness low; Conscientiousness low; Extraversion low; Agreeableness low; Neuroticism low,7.1352434
neutral_controls,mean_tokens,23,1,Openness low; Conscientiousness low; Extraversion low; Agreeableness low; Neuroticism high,7.1128545
neutral_controls,mean_tokens,23,2,Openness low; Conscientiousness low; Extraversion low; Agreeableness high; Neuroticism low,6.9169154
neutral_controls,mean_tokens,23,3,Openness low; Conscientiousness low; Extraversion low; Agreeableness high; Neuroticism high,7.021174
neutral_controls,mean_tokens,23,4,Openness low; Conscientiousness low; Extraversion high; Agreeableness low; Neuroticism low,7.296727
neutral_controls,mean_tokens,23,5,Openness low; Conscientiousness low; Extraversion high; Agreeableness low; Neuroticism high,7.6952777
neutral_controls,mean_tokens,23,6,Openness low; Conscientiousness low; Extraversion high; Agreeableness high; Neuroticism low,7.1112666
neutral_controls,mean_tokens,23,7,Openness low; Conscientiousness low; Extraversion high; Agreeableness high; Neuroticism high,3.522582
neutral_controls,mean_tokens,23,8,Openness low; Conscientiousness high; Extraversion low; Agreeableness low; Neuroticism low,7.0123863
neutral_controls,mean_tokens,23,9,Openness low; Conscientiousness high; Extraversion low; Agreeableness low; Neuroticism high,7.2455435
neutral_controls,mean_tokens,23,10,Openness low; Conscientiousness high; Extraversion low; Agreeableness high; Neuroticism low,7.3932276
neutral_controls,mean_tokens,23,11,Openness low; Conscientiousness high; Extraversion low; Agreeableness high; Neuroticism high,7.044662
neutral_controls,mean_tokens,23,12,Openness low; Conscientiousness high; Extraversion high; Agreeableness low; Neuroticism low,7.284025
neutral_controls,mean_tokens,23,13,Openness low; Conscientiousness high; Extraversion high; Agreeableness low; Neuroticism high,6.658976
neutral_controls,mean_tokens,23,14,Openness low; Conscientiousness high; Extraversion high; Agreeableness high; Neuroticism low,7.2750163
neutral_controls,mean_tokens,23,15,Openness low; Conscientiousness high; Extraversion high; Agreeableness high; Neuroticism high,7.5993237
neutral_controls,mean_tokens,23,16,Openness high; Conscientiousness low; Extraversion low; Agreeableness low; Neuroticism low,7.291505
neutral_controls,mean_tokens,23,17,Openness high; Conscientiousness low; Extraversion low; Agreeableness low; Neuroticism high,7.756677
neutral_controls,mean_tokens,23,18,Openness high; Conscientiousness low; Extraversion low; Agreeableness high; Neuroticism low,7.2026963
neutral_controls,mean_tokens,23,19,Openness high; Conscientiousness low; Extraversion low; Agreeableness high; Neuroticism high,7.513267
neutral_controls,mean_tokens,23,20,Openness high; Conscientiousness low; Extraversion high; Agreeableness low; Neuroticism low,7.466665
neutral_controls,mean_tokens,23,21,Openness high; Conscientiousness low; Extraversion high; Agreeableness low; Neuroticism high,7.383272
neutral_controls,mean_tokens,23,22,Openness high; Conscientiousness low; Extraversion high; Agreeableness high; Neuroticism low,6.410219
neutral_controls,mean_tokens,23,23,Openness high; Conscientiousness low; Extraversion high; Agreeableness high; Neuroticism high,3.6227686
neutral_controls,mean_tokens,23,24,Openness high; Conscientiousness high; Extraversion low; Agreeableness low; Neuroticism low,6.7872148
neutral_controls,mean_tokens,23,25,Openness high; Conscientiousness high; Extraversion low; Agreeableness low; Neuroticism high,7.0922685
neutral_controls,mean_tokens,23,26,Openness high; Conscientiousness high; Extraversion low; Agreeableness high; Neuroticism low,6.916067
neutral_controls,mean_tokens,23,27,Openness high; Conscientiousness high; Extraversion low; Agreeableness high; Neuroticism high,7.137278
neutral_controls,mean_tokens,23,28,Openness high; Conscientiousness high; Extraversion high; Agreeableness low; Neuroticism low,7.1433806
neutral_controls,mean_tokens,23,29,Openness high; Conscientiousness high; Extraversion high; Agreeableness low; Neuroticism high,7.316054
neutral_controls,mean_tokens,23,30,Openness high; Conscientiousness high; Extraversion high; Agreeableness high; Neuroticism low,7.415931
neutral_controls,mean_tokens,23,31,Openness high; Conscientiousness high; Extraversion high; Agreeableness high; Neuroticism high,7.40269
neutral_controls,mean_tokens,24,0,Openness low; Conscientiousness low; Extraversion low; Agreeableness low; Neuroticism low,7.6494536
neutral_controls,mean_tokens,24,1,Openness low; Conscientiousness low; Extraversion low; Agreeableness low; Neuroticism high,7.595044
neutral_controls,mean_tokens,24,2,Openness low; Conscientiousness low; Extraversion low; Agreeableness high; Neuroticism low,7.389894
neutral_controls,mean_tokens,24,3,Openness low; Conscientiousness low; Extraversion low; Agreeableness high; Neuroticism high,7.482628
neutral_controls,mean_tokens,24,4,Openness low; Conscientiousness low; Extraversion high; Agreeableness low; Neuroticism low,7.805649
neutral_controls,mean_tokens,24,5,Openness low; Conscientiousness low; Extraversion high; Agreeableness low; Neuroticism high,8.193234
neutral_controls,mean_tokens,24,6,Openness low; Conscientiousness low; Extraversion high; Agreeableness high; Neuroticism low,7.5727625
neutral_controls,mean_tokens,24,7,Openness low; Conscientiousness low; Extraversion high; Agreeableness high; Neuroticism high,3.7748594
neutral_controls,mean_tokens,24,8,Openness low; Conscientiousness high; Extraversion low; Agreeableness low; Neuroticism low,7.4824853
neutral_controls,mean_tokens,24,9,Openness low; Conscientiousness high; Extraversion low; Agreeableness low; Neuroticism high,7.7371154
neutral_controls,mean_tokens,24,10,Openness low; Conscientiousness high; Extraversion low; Agreeableness high; Neuroticism low,7.873912
neutral_controls,mean_tokens,24,11,Openness low; Conscientiousness high; Extraversion low; Agreeableness high; Neuroticism high,7.4532146
neutral_controls,mean_tokens,24,12,Openness low; Conscientiousness high; Extraversion high; Agreeableness low; Neuroticism low,7.795588
neutral_controls,mean_tokens,24,13,Openness low; Conscientiousness high; Extraversion high; Agreeableness low; Neuroticism high,7.068792
neutral_controls,mean_tokens,24,14,Openness low; Conscientiousness high; Extraversion high; Agreeableness high; Neuroticism low,7.7850723
neutral_controls,mean_tokens,24,15,Openness low; Conscientiousness high; Extraversion high; Agreeableness high; Neuroticism high,8.144263
neutral_controls,mean_tokens,24,16,Openness high; Conscientiousness low; Extraversion low; Agreeableness low; Neuroticism low,7.8218064
neutral_controls,mean_tokens,24,17,Openness high; Conscientiousness low; Extraversion low; Agreeableness low; Neuroticism high,8.245302
neutral_controls,mean_tokens,24,18,Openness high; Conscientiousness low; Extraversion low; Agreeableness high; Neuroticism low,7.674213
neutral_controls,mean_tokens,24,19,Openness high; Conscientiousness low; Extraversion low; Agreeableness high; Neuroticism high,7.9597707
neutral_controls,mean_tokens,24,20,Openness high; Conscientiousness low; Extraversion high; Agreeableness low; Neuroticism low,8.025368
neutral_controls,mean_tokens,24,21,Openness high; Conscientiousness low; Extraversion high; Agreeableness low; Neuroticism high,7.8874865
neutral_controls,mean_tokens,24,22,Openness high; Conscientiousness low; Extraversion high; Agreeableness high; Neuroticism low,6.7719693
neutral_controls,mean_tokens,24,23,Openness high; Conscientiousness low; Extraversion high; Agreeableness high; Neuroticism high,3.8420959
neutral_controls,mean_tokens,24,24,Openness high; Conscientiousness high; Extraversion low; Agreeableness low; Neuroticism low,7.207014
neutral_controls,mean_tokens,24,25,Openness high; Conscientiousness high; Extraversion low; Agreeableness low; Neuroticism high,7.5583816
neutral_controls,mean_tokens,24,26,Openness high; Conscientiousness high; Extraversion low; Agreeableness high; Neuroticism low,7.335097
neutral_controls,mean_tokens,24,27,Openness high; Conscientiousness high; Extraversion low; Agreeableness high; Neuroticism high,7.5862737
neutral_controls,mean_tokens,24,28,Openness high; Conscientiousness high; Extraversion high; Agreeableness low; Neuroticism low,7.585562
neutral_controls,mean_tokens,24,29,Openness high; Conscientiousness high; Extraversion high; Agreeableness low; Neuroticism high,7.8189044
neutral_controls,mean_tokens,24,30,Openness high; Conscientiousness high; Extraversion high; Agreeableness high; Neuroticism low,7.925247
neutral_controls,mean_tokens,24,31,Openness high; Conscientiousness high; Extraversion high; Agreeableness high; Neuroticism high,7.883538
neutral_controls,mean_tokens,25,0,Openness low; Conscientiousness low; Extraversion low; Agreeableness low; Neuroticism low,8.274262
neutral_controls,mean_tokens,25,1,Openness low; Conscientiousness low; Extraversion low; Agreeableness low; Neuroticism high,8.239832
neutral_controls,mean_tokens,25,2,Openness low; Conscientiousness low; Extraversion low; Agreeableness high; Neuroticism low,8.032942
neutral_controls,mean_tokens,25,3,Openness low; Conscientiousness low; Extraversion low; Agreeableness high; Neuroticism high,8.121754
neutral_controls,mean_tokens,25,4,Openness low; Conscientiousness low; Extraversion high; Agreeableness low; Neuroticism low,8.3661785
neutral_controls,mean_tokens,25,5,Openness low; Conscientiousness low; Extraversion high; Agreeableness low; Neuroticism high,8.882981
neutral_controls,mean_tokens,25,6,Openness low; Conscientiousness low; Extraversion high; Agreeableness high; Neuroticism low,8.224008
neutral_controls,mean_tokens,25,7,Openness low; Conscientiousness low; Extraversion high; Agreeableness high; Neuroticism high,4.063075
neutral_controls,mean_tokens,25,8,Openness low; Conscientiousness high; Extraversion low; Agreeableness low; Neuroticism low,8.130074
neutral_controls,mean_tokens,25,9,Openness low; Conscientiousness high; Extraversion low; Agreeableness low; Neuroticism high,8.410939
neutral_controls,mean_tokens,25,10,Openness low; Conscientiousness high; Extraversion low; Agreeableness high; Neuroticism low,8.517464
neutral_controls,mean_tokens,25,11,Openness low; Conscientiousness high; Extraversion low; Agreeableness high; Neuroticism high,8.100549
neutral_controls,mean_tokens,25,12,Openness low; Conscientiousness high; Extraversion high; Agreeableness low; Neuroticism low,8.449338
neutral_controls,mean_tokens,25,13,Openness low; Conscientiousness high; Extraversion high; Agreeableness low; Neuroticism high,7.6986117
neutral_controls,mean_tokens,25,14,Openness low; Conscientiousness high; Extraversion high; Agreeableness high; Neuroticism low,8.456661
neutral_controls,mean_tokens,25,15,Openness low; Conscientiousness high; Extraversion high; Agreeableness high; Neuroticism high,8.840772
neutral_controls,mean_tokens,25,16,Openness high; Conscientiousness low; Extraversion low; Agreeableness low; Neuroticism low,8.453116
neutral_controls,mean_tokens,25,17,Openness high; Conscientiousness low; Extraversion low; Agreeableness low; Neuroticism high,8.935704
neutral_controls,mean_tokens,25,18,Openness high; Conscientiousness low; Extraversion low; Agreeableness high; Neuroticism low,8.324956
neutral_controls,mean_tokens,25,19,Openness high; Conscientiousness low; Extraversion low; Agreeableness high; Neuroticism high,8.740917
neutral_controls,mean_tokens,25,20,Openness high; Conscientiousness low; Extraversion high; Agreeableness low; Neuroticism low,8.672463
neutral_controls,mean_tokens,25,21,Openness high; Conscientiousness low; Extraversion high; Agreeableness low; Neuroticism high,8.520949
neutral_controls,mean_tokens,25,22,Openness high; Conscientiousness low; Extraversion high; Agreeableness high; Neuroticism low,7.38623
neutral_controls,mean_tokens,25,23,Openness high; Conscientiousness low; Extraversion high; Agreeableness high; Neuroticism high,4.157703
neutral_controls,mean_tokens,25,24,Openness high; Conscientiousness high; Extraversion low; Agreeableness low; Neuroticism low,7.8217144
neutral_controls,mean_tokens,25,25,Openness high; Conscientiousness high; Extraversion low; Agreeableness low; Neuroticism high,8.239638
neutral_controls,mean_tokens,25,26,Openness high; Conscientiousness high; Extraversion low; Agreeableness high; Neuroticism low,7.96899
neutral_controls,mean_tokens,25,27,Openness high; Conscientiousness high; Extraversion low; Agreeableness high; Neuroticism high,8.309394
neutral_controls,mean_tokens,25,28,Openness high; Conscientiousness high; Extraversion high; Agreeableness low; Neuroticism low,8.166499
neutral_controls,mean_tokens,25,29,Openness high; Conscientiousness high; Extraversion high; Agreeableness low; Neuroticism high,8.491115
neutral_controls,mean_tokens,25,30,Openness high; Conscientiousness high; Extraversion high; Agreeableness high; Neuroticism low,8.602737
neutral_controls,mean_tokens,25,31,Openness high; Conscientiousness high; Extraversion high; Agreeableness high; Neuroticism high,8.574467
neutral_controls,mean_tokens,26,0,Openness low; Conscientiousness low; Extraversion low; Agreeableness low; Neuroticism low,8.979998
neutral_controls,mean_tokens,26,1,Openness low; Conscientiousness low; Extraversion low; Agreeableness low; Neuroticism high,8.927731
neutral_controls,mean_tokens,26,2,Openness low; Conscientiousness low; Extraversion low; Agreeableness high; Neuroticism low,8.64767
neutral_controls,mean_tokens,26,3,Openness low; Conscientiousness low; Extraversion low; Agreeableness high; Neuroticism high,8.727408
neutral_controls,mean_tokens,26,4,Openness low; Conscientiousness low; Extraversion high; Agreeableness low; Neuroticism low,9.065191
neutral_controls,mean_tokens,26,5,Openness low; Conscientiousness low; Extraversion high; Agreeableness low; Neuroticism high,9.57819
neutral_controls,mean_tokens,26,6,Openness low; Conscientiousness low; Extraversion high; Agreeableness high; Neuroticism low,8.945918
neutral_controls,mean_tokens,26,7,Openness low; Conscientiousness low; Extraversion high; Agreeableness high; Neuroticism high,4.484299
neutral_controls,mean_tokens,26,8,Openness low; Conscientiousness high; Extraversion low; Agreeableness low; Neuroticism low,8.797357
neutral_controls,mean_tokens,26,9,Openness low; Conscientiousness high; Extraversion low; Agreeableness low; Neuroticism high,9.077466
neutral_controls,mean_tokens,26,10,Openness low; Conscientiousness high; Extraversion low; Agreeableness high; Neuroticism low,9.246859
neutral_controls,mean_tokens,26,11,Openness low; Conscientiousness high; Extraversion low; Agreeableness high; Neuroticism high,8.827403
neutral_controls,mean_tokens,26,12,Openness low; Conscientiousness high; Extraversion high; Agreeableness low; Neuroticism low,9.153376
neutral_controls,mean_tokens,26,13,Openness low; Conscientiousness high; Extraversion high; Agreeableness low; Neuroticism high,8.380189
neutral_controls,mean_tokens,26,14,Openness low; Conscientiousness high; Extraversion high; Agreeableness high; Neuroticism low,9.171205
neutral_controls,mean_tokens,26,15,Openness low; Conscientiousness high; Extraversion high; Agreeableness high; Neuroticism high,9.569856
neutral_controls,mean_tokens,26,16,Openness high; Conscientiousness low; Extraversion low; Agreeableness low; Neuroticism low,9.217754
neutral_controls,mean_tokens,26,17,Openness high; Conscientiousness low; Extraversion low; Agreeableness low; Neuroticism high,9.596524
neutral_controls,mean_tokens,26,18,Openness high; Conscientiousness low; Extraversion low; Agreeableness high; Neuroticism low,9.07397
neutral_controls,mean_tokens,26,19,Openness high; Conscientiousness low; Extraversion low; Agreeableness high; Neuroticism high,9.501228
neutral_controls,mean_tokens,26,20,Openness high; Conscientiousness low; Extraversion high; Agreeableness low; Neuroticism low,9.442096
neutral_controls,mean_tokens,26,21,Openness high; Conscientiousness low; Extraversion high; Agreeableness low; Neuroticism high,9.276991
neutral_controls,mean_tokens,26,22,Openness high; Conscientiousness low; Extraversion high; Agreeableness high; Neuroticism low,7.928571
neutral_controls,mean_tokens,26,23,Openness high; Conscientiousness low; Extraversion high; Agreeableness high; Neuroticism high,4.4834056
neutral_controls,mean_tokens,26,24,Openness high; Conscientiousness high; Extraversion low; Agreeableness low; Neuroticism low,8.548181
neutral_controls,mean_tokens,26,25,Openness high; Conscientiousness high; Extraversion low; Agreeableness low; Neuroticism high,9.0104885
neutral_controls,mean_tokens,26,26,Openness high; Conscientiousness high; Extraversion low; Agreeableness high; Neuroticism low,8.644614
neutral_controls,mean_tokens,26,27,Openness high; Conscientiousness high; Extraversion low; Agreeableness high; Neuroticism high,8.991023
neutral_controls,mean_tokens,26,28,Openness high; Conscientiousness high; Extraversion high; Agreeableness low; Neuroticism low,8.805882
neutral_controls,mean_tokens,26,29,Openness high; Conscientiousness high; Extraversion high; Agreeableness low; Neuroticism high,9.172085
neutral_controls,mean_tokens,26,30,Openness high; Conscientiousness high; Extraversion high; Agreeableness high; Neuroticism low,9.31393
neutral_controls,mean_tokens,26,31,Openness high; Conscientiousness high; Extraversion high; Agreeableness high; Neuroticism high,9.248673
neutral_controls,mean_tokens,27,0,Openness low; Conscientiousness low; Extraversion low; Agreeableness low; Neuroticism low,9.6692505
neutral_controls,mean_tokens,27,1,Openness low; Conscientiousness low; Extraversion low; Agreeableness low; Neuroticism high,9.601397
neutral_controls,mean_tokens,27,2,Openness low; Conscientiousness low; Extraversion low; Agreeableness high; Neuroticism low,9.34014
neutral_controls,mean_tokens,27,3,Openness low; Conscientiousness low; Extraversion low; Agreeableness high; Neuroticism high,9.52072
neutral_controls,mean_tokens,27,4,Openness low; Conscientiousness low; Extraversion high; Agreeableness low; Neuroticism low,9.836994
neutral_controls,mean_tokens,27,5,Openness low; Conscientiousness low; Extraversion high; Agreeableness low; Neuroticism high,10.33327
neutral_controls,mean_tokens,27,6,Openness low; Conscientiousness low; Extraversion high; Agreeableness high; Neuroticism low,9.621957
neutral_controls,mean_tokens,27,7,Openness low; Conscientiousness low; Extraversion high; Agreeableness high; Neuroticism high,4.877651
neutral_controls,mean_tokens,27,8,Openness low; Conscientiousness high; Extraversion low; Agreeableness low; Neuroticism low,9.546984
neutral_controls,mean_tokens,27,9,Openness low; Conscientiousness high; Extraversion low; Agreeableness low; Neuroticism high,9.839595
neutral_controls,mean_tokens,27,10,Openness low; Conscientiousness high; Extraversion low; Agreeableness high; Neuroticism low,10.020926
neutral_controls,mean_tokens,27,11,Openness low; Conscientiousness high; Extraversion low; Agreeableness high; Neuroticism high,9.624385
neutral_controls,mean_tokens,27,12,Openness low; Conscientiousness high; Extraversion high; Agreeableness low; Neuroticism low,9.879183
neutral_controls,mean_tokens,27,13,Openness low; Conscientiousness high; Extraversion high; Agreeableness low; Neuroticism high,9.020716
neutral_controls,mean_tokens,27,14,Openness low; Conscientiousness high; Extraversion high; Agreeableness high; Neuroticism low,9.960293
neutral_controls,mean_tokens,27,15,Openness low; Conscientiousness high; Extraversion high; Agreeableness high; Neuroticism high,10.410734
neutral_controls,mean_tokens,27,16,Openness high; Conscientiousness low; Extraversion low; Agreeableness low; Neuroticism low,9.952134
neutral_controls,mean_tokens,27,17,Openness high; Conscientiousness low; Extraversion low; Agreeableness low; Neuroticism high,10.360605
neutral_controls,mean_tokens,27,18,Openness high; Conscientiousness low; Extraversion low; Agreeableness high; Neuroticism low,9.806078
neutral_controls,mean_tokens,27,19,Openness high; Conscientiousness low; Extraversion low; Agreeableness high; Neuroticism high,10.331712
neutral_controls,mean_tokens,27,20,Openness high; Conscientiousness low; Extraversion high; Agreeableness low; Neuroticism low,10.116191
neutral_controls,mean_tokens,27,21,Openness high; Conscientiousness low; Extraversion high; Agreeableness low; Neuroticism high,10.094152
neutral_controls,mean_tokens,27,22,Openness high; Conscientiousness low; Extraversion high; Agreeableness high; Neuroticism low,8.623219
neutral_controls,mean_tokens,27,23,Openness high; Conscientiousness low; Extraversion high; Agreeableness high; Neuroticism high,4.9162073
neutral_controls,mean_tokens,27,24,Openness high; Conscientiousness high; Extraversion low; Agreeableness low; Neuroticism low,9.28963
neutral_controls,mean_tokens,27,25,Openness high; Conscientiousness high; Extraversion low; Agreeableness low; Neuroticism high,9.731886
neutral_controls,mean_tokens,27,26,Openness high; Conscientiousness high; Extraversion low; Agreeableness high; Neuroticism low,9.347721
neutral_controls,mean_tokens,27,27,Openness high; Conscientiousness high; Extraversion low; Agreeableness high; Neuroticism high,9.680158
neutral_controls,mean_tokens,27,28,Openness high; Conscientiousness high; Extraversion high; Agreeableness low; Neuroticism low,9.529949
neutral_controls,mean_tokens,27,29,Openness high; Conscientiousness high; Extraversion high; Agreeableness low; Neuroticism high,9.81876
neutral_controls,mean_tokens,27,30,Openness high; Conscientiousness high; Extraversion high; Agreeableness high; Neuroticism low,10.091851
neutral_controls,mean_tokens,27,31,Openness high; Conscientiousness high; Extraversion high; Agreeableness high; Neuroticism high,9.96112
neutral_controls,mean_tokens,28,0,Openness low; Conscientiousness low; Extraversion low; Agreeableness low; Neuroticism low,10.298021
neutral_controls,mean_tokens,28,1,Openness low; Conscientiousness low; Extraversion low; Agreeableness low; Neuroticism high,10.145383
neutral_controls,mean_tokens,28,2,Openness low; Conscientiousness low; Extraversion low; Agreeableness high; Neuroticism low,10.00407
neutral_controls,mean_tokens,28,3,Openness low; Conscientiousness low; Extraversion low; Agreeableness high; Neuroticism high,10.056905
neutral_controls,mean_tokens,28,4,Openness low; Conscientiousness low; Extraversion high; Agreeableness low; Neuroticism low,10.448376
neutral_controls,mean_tokens,28,5,Openness low; Conscientiousness low; Extraversion high; Agreeableness low; Neuroticism high,10.976205
neutral_controls,mean_tokens,28,6,Openness low; Conscientiousness low; Extraversion high; Agreeableness high; Neuroticism low,10.211991
neutral_controls,mean_tokens,28,7,Openness low; Conscientiousness low; Extraversion high; Agreeableness high; Neuroticism high,5.219588
neutral_controls,mean_tokens,28,8,Openness low; Conscientiousness high; Extraversion low; Agreeableness low; Neuroticism low,10.171629
neutral_controls,mean_tokens,28,9,Openness low; Conscientiousness high; Extraversion low; Agreeableness low; Neuroticism high,10.4390745
neutral_controls,mean_tokens,28,10,Openness low; Conscientiousness high; Extraversion low; Agreeableness high; Neuroticism low,10.613732
neutral_controls,mean_tokens,28,11,Openness low; Conscientiousness high; Extraversion low; Agreeableness high; Neuroticism high,10.207973
neutral_controls,mean_tokens,28,12,Openness low; Conscientiousness high; Extraversion high; Agreeableness low; Neuroticism low,10.49685
neutral_controls,mean_tokens,28,13,Openness low; Conscientiousness high; Extraversion high; Agreeableness low; Neuroticism high,9.658254
neutral_controls,mean_tokens,28,14,Openness low; Conscientiousness high; Extraversion high; Agreeableness high; Neuroticism low,10.556426
neutral_controls,mean_tokens,28,15,Openness low; Conscientiousness high; Extraversion high; Agreeableness high; Neuroticism high,11.124506
neutral_controls,mean_tokens,28,16,Openness high; Conscientiousness low; Extraversion low; Agreeableness low; Neuroticism low,10.621707
neutral_controls,mean_tokens,28,17,Openness high; Conscientiousness low; Extraversion low; Agreeableness low; Neuroticism high,11.014366
neutral_controls,mean_tokens,28,18,Openness high; Conscientiousness low; Extraversion low; Agreeableness high; Neuroticism low,10.409977
neutral_controls,mean_tokens,28,19,Openness high; Conscientiousness low; Extraversion low; Agreeableness high; Neuroticism high,11.098861
neutral_controls,mean_tokens,28,20,Openness high; Conscientiousness low; Extraversion high; Agreeableness low; Neuroticism low,10.689181
neutral_controls,mean_tokens,28,21,Openness high; Conscientiousness low; Extraversion high; Agreeableness low; Neuroticism high,10.711275
neutral_controls,mean_tokens,28,22,Openness high; Conscientiousness low; Extraversion high; Agreeableness high; Neuroticism low,9.162565
neutral_controls,mean_tokens,28,23,Openness high; Conscientiousness low; Extraversion high; Agreeableness high; Neuroticism high,5.237337
neutral_controls,mean_tokens,28,24,Openness high; Conscientiousness high; Extraversion low; Agreeableness low; Neuroticism low,9.873903
neutral_controls,mean_tokens,28,25,Openness high; Conscientiousness high; Extraversion low; Agreeableness low; Neuroticism high,10.359056
neutral_controls,mean_tokens,28,26,Openness high; Conscientiousness high; Extraversion low; Agreeableness high; Neuroticism low,9.957573
neutral_controls,mean_tokens,28,27,Openness high; Conscientiousness high; Extraversion low; Agreeableness high; Neuroticism high,10.205195
neutral_controls,mean_tokens,28,28,Openness high; Conscientiousness high; Extraversion high; Agreeableness low; Neuroticism low,10.111044
neutral_controls,mean_tokens,28,29,Openness high; Conscientiousness high; Extraversion high; Agreeableness low; Neuroticism high,10.391573
neutral_controls,mean_tokens,28,30,Openness high; Conscientiousness high; Extraversion high; Agreeableness high; Neuroticism low,10.725628
neutral_controls,mean_tokens,28,31,Openness high; Conscientiousness high; Extraversion high; Agreeableness high; Neuroticism high,10.565639
neutral_controls,mean_tokens,29,0,Openness low; Conscientiousness low; Extraversion low; Agreeableness low; Neuroticism low,11.824882
neutral_controls,mean_tokens,29,1,Openness low; Conscientiousness low; Extraversion low; Agreeableness low; Neuroticism high,11.5163355
neutral_controls,mean_tokens,29,2,Openness low; Conscientiousness low; Extraversion low; Agreeableness high; Neuroticism low,11.490535
neutral_controls,mean_tokens,29,3,Openness low; Conscientiousness low; Extraversion low; Agreeableness high; Neuroticism high,11.627027
neutral_controls,mean_tokens,29,4,Openness low; Conscientiousness low; Extraversion high; Agreeableness low; Neuroticism low,12.109716
neutral_controls,mean_tokens,29,5,Openness low; Conscientiousness low; Extraversion high; Agreeableness low; Neuroticism high,12.535215
neutral_controls,mean_tokens,29,6,Openness low; Conscientiousness low; Extraversion high; Agreeableness high; Neuroticism low,11.67161
neutral_controls,mean_tokens,29,7,Openness low; Conscientiousness low; Extraversion high; Agreeableness high; Neuroticism high,5.9735875
neutral_controls,mean_tokens,29,8,Openness low; Conscientiousness high; Extraversion low; Agreeableness low; Neuroticism low,11.712379
neutral_controls,mean_tokens,29,9,Openness low; Conscientiousness high; Extraversion low; Agreeableness low; Neuroticism high,11.896262
neutral_controls,mean_tokens,29,10,Openness low; Conscientiousness high; Extraversion low; Agreeableness high; Neuroticism low,12.26162
neutral_controls,mean_tokens,29,11,Openness low; Conscientiousness high; Extraversion low; Agreeableness high; Neuroticism high,11.477841
neutral_controls,mean_tokens,29,12,Openness low; Conscientiousness high; Extraversion high; Agreeableness low; Neuroticism low,11.99093
neutral_controls,mean_tokens,29,13,Openness low; Conscientiousness high; Extraversion high; Agreeableness low; Neuroticism high,11.080282
neutral_controls,mean_tokens,29,14,Openness low; Conscientiousness high; Extraversion high; Agreeableness high; Neuroticism low,12.055821
neutral_controls,mean_tokens,29,15,Openness low; Conscientiousness high; Extraversion high; Agreeableness high; Neuroticism high,12.872639
neutral_controls,mean_tokens,29,16,Openness high; Conscientiousness low; Extraversion low; Agreeableness low; Neuroticism low,12.200355
neutral_controls,mean_tokens,29,17,Openness high; Conscientiousness low; Extraversion low; Agreeableness low; Neuroticism high,12.861999
neutral_controls,mean_tokens,29,18,Openness high; Conscientiousness low; Extraversion low; Agreeableness high; Neuroticism low,11.951238
neutral_controls,mean_tokens,29,19,Openness high; Conscientiousness low; Extraversion low; Agreeableness high; Neuroticism high,12.576622
neutral_controls,mean_tokens,29,20,Openness high; Conscientiousness low; Extraversion high; Agreeableness low; Neuroticism low,12.235626
neutral_controls,mean_tokens,29,21,Openness high; Conscientiousness low; Extraversion high; Agreeableness low; Neuroticism high,12.3784
neutral_controls,mean_tokens,29,22,Openness high; Conscientiousness low; Extraversion high; Agreeableness high; Neuroticism low,10.518365
neutral_controls,mean_tokens,29,23,Openness high; Conscientiousness low; Extraversion high; Agreeableness high; Neuroticism high,5.9579973
neutral_controls,mean_tokens,29,24,Openness high; Conscientiousness high; Extraversion low; Agreeableness low; Neuroticism low,11.342495
neutral_controls,mean_tokens,29,25,Openness high; Conscientiousness high; Extraversion low; Agreeableness low; Neuroticism high,12.024263
neutral_controls,mean_tokens,29,26,Openness high; Conscientiousness high; Extraversion low; Agreeableness high; Neuroticism low,11.34556
neutral_controls,mean_tokens,29,27,Openness high; Conscientiousness high; Extraversion low; Agreeableness high; Neuroticism high,11.426259
neutral_controls,mean_tokens,29,28,Openness high; Conscientiousness high; Extraversion high; Agreeableness low; Neuroticism low,11.675414
neutral_controls,mean_tokens,29,29,Openness high; Conscientiousness high; Extraversion high; Agreeableness low; Neuroticism high,11.697664
neutral_controls,mean_tokens,29,30,Openness high; Conscientiousness high; Extraversion high; Agreeableness high; Neuroticism low,12.253407
neutral_controls,mean_tokens,29,31,Openness high; Conscientiousness high; Extraversion high; Agreeableness high; Neuroticism high,12.014129
neutral_controls,mean_tokens,30,0,Openness low; Conscientiousness low; Extraversion low; Agreeableness low; Neuroticism low,15.776483
neutral_controls,mean_tokens,30,1,Openness low; Conscientiousness low; Extraversion low; Agreeableness low; Neuroticism high,15.265369
neutral_controls,mean_tokens,30,2,Openness low; Conscientiousness low; Extraversion low; Agreeableness high; Neuroticism low,14.979955
neutral_controls,mean_tokens,30,3,Openness low; Conscientiousness low; Extraversion low; Agreeableness high; Neuroticism high,15.218975
neutral_controls,mean_tokens,30,4,Openness low; Conscientiousness low; Extraversion high; Agreeableness low; Neuroticism low,15.572253
neutral_controls,mean_tokens,30,5,Openness low; Conscientiousness low; Extraversion high; Agreeableness low; Neuroticism high,15.817245
neutral_controls,mean_tokens,30,6,Openness low; Conscientiousness low; Extraversion high; Agreeableness high; Neuroticism low,15.29364
neutral_controls,mean_tokens,30,7,Openness low; Conscientiousness low; Extraversion high; Agreeableness high; Neuroticism high,8.021021
neutral_controls,mean_tokens,30,8,Openness low; Conscientiousness high; Extraversion low; Agreeableness low; Neuroticism low,15.772182
neutral_controls,mean_tokens,30,9,Openness low; Conscientiousness high; Extraversion low; Agreeableness low; Neuroticism high,16.148783
neutral_controls,mean_tokens,30,10,Openness low; Conscientiousness high; Extraversion low; Agreeableness high; Neuroticism low,16.552187
neutral_controls,mean_tokens,30,11,Openness low; Conscientiousness high; Extraversion low; Agreeableness high; Neuroticism high,15.528685
neutral_controls,mean_tokens,30,12,Openness low; Conscientiousness high; Extraversion high; Agreeableness low; Neuroticism low,15.46393
neutral_controls,mean_tokens,30,13,Openness low; Conscientiousness high; Extraversion high; Agreeableness low; Neuroticism high,14.343419
neutral_controls,mean_tokens,30,14,Openness low; Conscientiousness high; Extraversion high; Agreeableness high; Neuroticism low,15.736914
neutral_controls,mean_tokens,30,15,Openness low; Conscientiousness high; Extraversion high; Agreeableness high; Neuroticism high,16.572739
neutral_controls,mean_tokens,30,16,Openness high; Conscientiousness low; Extraversion low; Agreeableness low; Neuroticism low,15.857519
neutral_controls,mean_tokens,30,17,Openness high; Conscientiousness low; Extraversion low; Agreeableness low; Neuroticism high,16.440052
neutral_controls,mean_tokens,30,18,Openness high; Conscientiousness low; Extraversion low; Agreeableness high; Neuroticism low,15.8504505
neutral_controls,mean_tokens,30,19,Openness high; Conscientiousness low; Extraversion low; Agreeableness high; Neuroticism high,16.536137
neutral_controls,mean_tokens,30,20,Openness high; Conscientiousness low; Extraversion high; Agreeableness low; Neuroticism low,15.969662
neutral_controls,mean_tokens,30,21,Openness high; Conscientiousness low; Extraversion high; Agreeableness low; Neuroticism high,15.751306
neutral_controls,mean_tokens,30,22,Openness high; Conscientiousness low; Extraversion high; Agreeableness high; Neuroticism low,13.326059
neutral_controls,mean_tokens,30,23,Openness high; Conscientiousness low; Extraversion high; Agreeableness high; Neuroticism high,7.6405225
neutral_controls,mean_tokens,30,24,Openness high; Conscientiousness high; Extraversion low; Agreeableness low; Neuroticism low,15.205303
neutral_controls,mean_tokens,30,25,Openness high; Conscientiousness high; Extraversion low; Agreeableness low; Neuroticism high,16.203781
neutral_controls,mean_tokens,30,26,Openness high; Conscientiousness high; Extraversion low; Agreeableness high; Neuroticism low,15.161426
neutral_controls,mean_tokens,30,27,Openness high; Conscientiousness high; Extraversion low; Agreeableness high; Neuroticism high,14.53497
neutral_controls,mean_tokens,30,28,Openness high; Conscientiousness high; Extraversion high; Agreeableness low; Neuroticism low,14.984405
neutral_controls,mean_tokens,30,29,Openness high; Conscientiousness high; Extraversion high; Agreeableness low; Neuroticism high,15.377732
neutral_controls,mean_tokens,30,30,Openness high; Conscientiousness high; Extraversion high; Agreeableness high; Neuroticism low,15.934541
neutral_controls,mean_tokens,30,31,Openness high; Conscientiousness high; Extraversion high; Agreeableness high; Neuroticism high,15.450591
neutral_controls,mean_tokens,31,0,Openness low; Conscientiousness low; Extraversion low; Agreeableness low; Neuroticism low,35.481804
neutral_controls,mean_tokens,31,1,Openness low; Conscientiousness low; Extraversion low; Agreeableness low; Neuroticism high,35.18026
neutral_controls,mean_tokens,31,2,Openness low; Conscientiousness low; Extraversion low; Agreeableness high; Neuroticism low,29.358736
neutral_controls,mean_tokens,31,3,Openness low; Conscientiousness low; Extraversion low; Agreeableness high; Neuroticism high,30.73115
neutral_controls,mean_tokens,31,4,Openness low; Conscientiousness low; Extraversion high; Agreeableness low; Neuroticism low,32.389854
neutral_controls,mean_tokens,31,5,Openness low; Conscientiousness low; Extraversion high; Agreeableness low; Neuroticism high,30.839119
neutral_controls,mean_tokens,31,6,Openness low; Conscientiousness low; Extraversion high; Agreeableness high; Neuroticism low,31.36324
neutral_controls,mean_tokens,31,7,Openness low; Conscientiousness low; Extraversion high; Agreeableness high; Neuroticism high,17.816113
neutral_controls,mean_tokens,31,8,Openness low; Conscientiousness high; Extraversion low; Agreeableness low; Neuroticism low,34.676735
neutral_controls,mean_tokens,31,9,Openness low; Conscientiousness high; Extraversion low; Agreeableness low; Neuroticism high,38.667652
neutral_controls,mean_tokens,31,10,Openness low; Conscientiousness high; Extraversion low; Agreeableness high; Neuroticism low,36.601093
neutral_controls,mean_tokens,31,11,Openness low; Conscientiousness high; Extraversion low; Agreeableness high; Neuroticism high,35.111
neutral_controls,mean_tokens,31,12,Openness low; Conscientiousness high; Extraversion high; Agreeableness low; Neuroticism low,32.295593
neutral_controls,mean_tokens,31,13,Openness low; Conscientiousness high; Extraversion high; Agreeableness low; Neuroticism high,30.150753
neutral_controls,mean_tokens,31,14,Openness low; Conscientiousness high; Extraversion high; Agreeableness high; Neuroticism low,32.156807
neutral_controls,mean_tokens,31,15,Openness low; Conscientiousness high; Extraversion high; Agreeableness high; Neuroticism high,33.978165
neutral_controls,mean_tokens,31,16,Openness high; Conscientiousness low; Extraversion low; Agreeableness low; Neuroticism low,32.103245
neutral_controls,mean_tokens,31,17,Openness high; Conscientiousness low; Extraversion low; Agreeableness low; Neuroticism high,35.66626
neutral_controls,mean_tokens,31,18,Openness high; Conscientiousness low; Extraversion low; Agreeableness high; Neuroticism low,31.826506
neutral_controls,mean_tokens,31,19,Openness high; Conscientiousness low; Extraversion low; Agreeableness high; Neuroticism high,32.34406
neutral_controls,mean_tokens,31,20,Openness high; Conscientiousness low; Extraversion high; Agreeableness low; Neuroticism low,32.315487
neutral_controls,mean_tokens,31,21,Openness high; Conscientiousness low; Extraversion high; Agreeableness low; Neuroticism high,31.136047
neutral_controls,mean_tokens,31,22,Openness high; Conscientiousness low; Extraversion high; Agreeableness high; Neuroticism low,24.655035
neutral_controls,mean_tokens,31,23,Openness high; Conscientiousness low; Extraversion high; Agreeableness high; Neuroticism high,13.795914
neutral_controls,mean_tokens,31,24,Openness high; Conscientiousness high; Extraversion low; Agreeableness low; Neuroticism low,32.01171
neutral_controls,mean_tokens,31,25,Openness high; Conscientiousness high; Extraversion low; Agreeableness low; Neuroticism high,37.68548
neutral_controls,mean_tokens,31,26,Openness high; Conscientiousness high; Extraversion low; Agreeableness high; Neuroticism low,31.844301
neutral_controls,mean_tokens,31,27,Openness high; Conscientiousness high; Extraversion low; Agreeableness high; Neuroticism high,29.528948
neutral_controls,mean_tokens,31,28,Openness high; Conscientiousness high; Extraversion high; Agreeableness low; Neuroticism low,30.288073
neutral_controls,mean_tokens,31,29,Openness high; Conscientiousness high; Extraversion high; Agreeableness low; Neuroticism high,32.345444
neutral_controls,mean_tokens,31,30,Openness high; Conscientiousness high; Extraversion high; Agreeableness high; Neuroticism low,33.473747
neutral_controls,mean_tokens,31,31,Openness high; Conscientiousness high; Extraversion high; Agreeableness high; Neuroticism high,31.51041
