representation,prompt_group,pooling_rule,layer,subset,profiles,pairs,target,pearson_r,spearman_rho
activation,ipip_stems,final_token,0,all_32,32,496,row_weighted_continuous,0.09085378075013827,0.07816321192059493
activation,ipip_stems,final_token,0,all_32,32,496,unique_tuple_weighted_continuous,0.12391182046515138,0.10407262735749787
activation,ipip_stems,final_token,0,rows_ge_1000,30,435,row_weighted_continuous,0.06061586784724366,0.04892373497857675
activation,ipip_stems,final_token,0,rows_ge_1000,30,435,unique_tuple_weighted_continuous,0.0753417736932815,0.06555485416299164
activation,ipip_stems,final_token,0,rows_ge_10000,30,435,row_weighted_continuous,0.06061586784724366,0.04892373497857675
activation,ipip_stems,final_token,0,rows_ge_10000,30,435,unique_tuple_weighted_continuous,0.0753417736932815,0.06555485416299164
activation,ipip_stems,final_token,0,rows_ge_50000,22,231,row_weighted_continuous,0.05363667185034731,0.03869915691504897
activation,ipip_stems,final_token,0,rows_ge_50000,22,231,unique_tuple_weighted_continuous,0.11721770646294484,0.09305282423723205
activation,ipip_stems,final_token,0,unique_tuples_ge_10,28,378,row_weighted_continuous,0.021192724144182586,0.011873295377981031
activation,ipip_stems,final_token,0,unique_tuples_ge_10,28,378,unique_tuple_weighted_continuous,0.0676696030068502,0.05913051959817496
activation,ipip_stems,final_token,0,unique_tuples_ge_25,24,276,row_weighted_continuous,0.061620470172480825,0.048097487193390506
activation,ipip_stems,final_token,0,unique_tuples_ge_25,24,276,unique_tuple_weighted_continuous,0.11568863651236974,0.09550548650846878
activation,ipip_stems,final_token,0,exposure_quartile_1,8,28,row_weighted_continuous,0.05892457397074692,-0.028461959496442254
activation,ipip_stems,final_token,0,exposure_quartile_1,8,28,unique_tuple_weighted_continuous,0.06191331008613553,0.013683634373289545
activation,ipip_stems,final_token,0,exposure_quartile_2,8,28,row_weighted_continuous,-0.002750593344421924,0.028461959496442254
activation,ipip_stems,final_token,0,exposure_quartile_2,8,28,unique_tuple_weighted_continuous,-0.1751529787750555,-0.13793103448275862
activation,ipip_stems,final_token,0,exposure_quartile_3,8,28,row_weighted_continuous,0.04686269798008573,0.06951286261631089
activation,ipip_stems,final_token,0,exposure_quartile_3,8,28,unique_tuple_weighted_continuous,0.1321918935253956,0.18664477285166942
activation,ipip_stems,final_token,0,exposure_quartile_4,8,28,row_weighted_continuous,-0.041857544273319815,-0.1986863711001642
activation,ipip_stems,final_token,0,exposure_quartile_4,8,28,unique_tuple_weighted_continuous,0.13492517831215978,-0.015873015873015872
activation,ipip_stems,final_token,0,pair_row_ratio_le_2_0,32,181,row_weighted_continuous,0.016080470204327263,-0.038712484568838156
activation,ipip_stems,final_token,0,pair_row_ratio_le_2_0,32,181,unique_tuple_weighted_continuous,0.12626408751070684,0.03829761398822172
activation,ipip_stems,final_token,0,pair_row_ratio_le_1_5,32,117,row_weighted_continuous,-0.03232220324878115,-0.015667850559726654
activation,ipip_stems,final_token,0,pair_row_ratio_le_1_5,32,117,unique_tuple_weighted_continuous,0.07491554123893254,0.03580901856763926
activation,ipip_stems,final_token,1,all_32,32,496,row_weighted_continuous,0.09257150084633481,0.08559135851275787
activation,ipip_stems,final_token,1,all_32,32,496,unique_tuple_weighted_continuous,0.14469444862879546,0.132215580875281
activation,ipip_stems,final_token,1,rows_ge_1000,30,435,row_weighted_continuous,0.03772411264120485,0.03367729106317344
activation,ipip_stems,final_token,1,rows_ge_1000,30,435,unique_tuple_weighted_continuous,0.09428283916231675,0.08894811039497796
activation,ipip_stems,final_token,1,rows_ge_10000,30,435,row_weighted_continuous,0.03772411264120485,0.03367729106317344
activation,ipip_stems,final_token,1,rows_ge_10000,30,435,unique_tuple_weighted_continuous,0.09428283916231675,0.08894811039497796
activation,ipip_stems,final_token,1,rows_ge_50000,22,231,row_weighted_continuous,0.07402853841694647,0.062092330458147556
activation,ipip_stems,final_token,1,rows_ge_50000,22,231,unique_tuple_weighted_continuous,0.14754355862550744,0.1404330302381277
activation,ipip_stems,final_token,1,unique_tuples_ge_10,28,378,row_weighted_continuous,0.03578860168115157,0.03712005904709025
activation,ipip_stems,final_token,1,unique_tuples_ge_10,28,378,unique_tuple_weighted_continuous,0.10349630770989265,0.1081527576841925
activation,ipip_stems,final_token,1,unique_tuples_ge_25,24,276,row_weighted_continuous,0.09113846906162461,0.07658851899944351
activation,ipip_stems,final_token,1,unique_tuples_ge_25,24,276,unique_tuple_weighted_continuous,0.15895301631060302,0.1515218104764487
activation,ipip_stems,final_token,1,exposure_quartile_1,8,28,row_weighted_continuous,-0.0618188716078019,-0.09523809523809523
activation,ipip_stems,final_token,1,exposure_quartile_1,8,28,unique_tuple_weighted_continuous,0.026860646047730613,-0.05747126436781609
activation,ipip_stems,final_token,1,exposure_quartile_2,8,28,row_weighted_continuous,-0.2664347929842485,-0.2233169129720854
activation,ipip_stems,final_token,1,exposure_quartile_2,8,28,unique_tuple_weighted_continuous,-0.20674431254156606,-0.11056376573617953
activation,ipip_stems,final_token,1,exposure_quartile_3,8,28,row_weighted_continuous,0.11014646941151515,0.11330049261083742
activation,ipip_stems,final_token,1,exposure_quartile_3,8,28,unique_tuple_weighted_continuous,0.19078421181730953,0.22769567597153803
activation,ipip_stems,final_token,1,exposure_quartile_4,8,28,row_weighted_continuous,0.05615454791378162,-0.05090311986863711
activation,ipip_stems,final_token,1,exposure_quartile_4,8,28,unique_tuple_weighted_continuous,0.1353756310597699,0.0755336617405583
activation,ipip_stems,final_token,1,pair_row_ratio_le_2_0,32,181,row_weighted_continuous,0.006900573029335822,-0.0308380385728452
activation,ipip_stems,final_token,1,pair_row_ratio_le_2_0,32,181,unique_tuple_weighted_continuous,0.1349512742542341,0.07314471900107258
activation,ipip_stems,final_token,1,pair_row_ratio_le_1_5,32,117,row_weighted_continuous,-0.02068643837667066,-0.04572224969653374
activation,ipip_stems,final_token,1,pair_row_ratio_le_1_5,32,117,unique_tuple_weighted_continuous,0.1252273698253783,0.06849345861619385
activation,ipip_stems,final_token,2,all_32,32,496,row_weighted_continuous,0.06755099068744455,0.0959506796399118
activation,ipip_stems,final_token,2,all_32,32,496,unique_tuple_weighted_continuous,0.09965938154686053,0.11922070054737025
activation,ipip_stems,final_token,2,rows_ge_1000,30,435,row_weighted_continuous,0.04344712748075792,0.06450694451531264
activation,ipip_stems,final_token,2,rows_ge_1000,30,435,unique_tuple_weighted_continuous,0.07081550498085853,0.09308712024573686
activation,ipip_stems,final_token,2,rows_ge_10000,30,435,row_weighted_continuous,0.04344712748075792,0.06450694451531264
activation,ipip_stems,final_token,2,rows_ge_10000,30,435,unique_tuple_weighted_continuous,0.07081550498085853,0.09308712024573686
activation,ipip_stems,final_token,2,rows_ge_50000,22,231,row_weighted_continuous,0.0036397494162537696,0.018868163320936937
activation,ipip_stems,final_token,2,rows_ge_50000,22,231,unique_tuple_weighted_continuous,0.05048840038832336,0.06825678070055882
activation,ipip_stems,final_token,2,unique_tuples_ge_10,28,378,row_weighted_continuous,0.020443756027875997,0.052259985387089376
activation,ipip_stems,final_token,2,unique_tuples_ge_10,28,378,unique_tuple_weighted_continuous,0.07350551479109436,0.10586539391925616
activation,ipip_stems,final_token,2,unique_tuples_ge_25,24,276,row_weighted_continuous,0.04318201405366845,0.04691314336268033
activation,ipip_stems,final_token,2,unique_tuples_ge_25,24,276,unique_tuple_weighted_continuous,0.08705810401841539,0.09637933248669396
activation,ipip_stems,final_token,2,exposure_quartile_1,8,28,row_weighted_continuous,-0.03875857699115941,-0.056376573617952924
activation,ipip_stems,final_token,2,exposure_quartile_1,8,28,unique_tuple_weighted_continuous,0.059822226936544015,0.05363984674329502
activation,ipip_stems,final_token,2,exposure_quartile_2,8,28,row_weighted_continuous,-0.0184071799583267,0.02353585112205802
activation,ipip_stems,final_token,2,exposure_quartile_2,8,28,unique_tuple_weighted_continuous,-0.056637410352979325,0.008210180623973728
activation,ipip_stems,final_token,2,exposure_quartile_3,8,28,row_weighted_continuous,0.09266286688957524,0.11330049261083742
activation,ipip_stems,final_token,2,exposure_quartile_3,8,28,unique_tuple_weighted_continuous,0.23051122850768854,0.2676518883415435
activation,ipip_stems,final_token,2,exposure_quartile_4,8,28,row_weighted_continuous,-0.002380668677612302,-0.002736726874657909
activation,ipip_stems,final_token,2,exposure_quartile_4,8,28,unique_tuple_weighted_continuous,0.10737422363439193,0.11494252873563218
activation,ipip_stems,final_token,2,pair_row_ratio_le_2_0,32,181,row_weighted_continuous,0.09553085357861836,0.04811284479792766
activation,ipip_stems,final_token,2,pair_row_ratio_le_2_0,32,181,unique_tuple_weighted_continuous,0.1299971096289278,0.11440511606257461
activation,ipip_stems,final_token,2,pair_row_ratio_le_1_5,32,117,row_weighted_continuous,-0.021542392976838003,-0.06551873997812045
activation,ipip_stems,final_token,2,pair_row_ratio_le_1_5,32,117,unique_tuple_weighted_continuous,0.06581830842092047,0.012865470784816195
activation,ipip_stems,final_token,3,all_32,32,496,row_weighted_continuous,0.0772608840786285,0.06949674587112116
activation,ipip_stems,final_token,3,all_32,32,496,unique_tuple_weighted_continuous,0.0552082557713108,0.033655402601336266
activation,ipip_stems,final_token,3,rows_ge_1000,30,435,row_weighted_continuous,0.04616431034711779,0.0370678356758711
activation,ipip_stems,final_token,3,rows_ge_1000,30,435,unique_tuple_weighted_continuous,0.019510520141738704,0.010142039283491049
activation,ipip_stems,final_token,3,rows_ge_10000,30,435,row_weighted_continuous,0.04616431034711779,0.0370678356758711
activation,ipip_stems,final_token,3,rows_ge_10000,30,435,unique_tuple_weighted_continuous,0.019510520141738704,0.010142039283491049
activation,ipip_stems,final_token,3,rows_ge_50000,22,231,row_weighted_continuous,0.0007005595609527477,0.006204365349792636
activation,ipip_stems,final_token,3,rows_ge_50000,22,231,unique_tuple_weighted_continuous,-0.022060046518128606,-0.021677797464903913
activation,ipip_stems,final_token,3,unique_tuples_ge_10,28,378,row_weighted_continuous,0.021755789017925405,0.027451364636334158
activation,ipip_stems,final_token,3,unique_tuples_ge_10,28,378,unique_tuple_weighted_continuous,0.030028324142604087,0.02309726383968946
activation,ipip_stems,final_token,3,unique_tuples_ge_25,24,276,row_weighted_continuous,0.011818248631467673,0.01223041908648564
activation,ipip_stems,final_token,3,unique_tuples_ge_25,24,276,unique_tuple_weighted_continuous,0.0010551438507921448,0.003933163054180163
activation,ipip_stems,final_token,3,exposure_quartile_1,8,28,row_weighted_continuous,-0.10754799024646987,-0.23535851122058019
activation,ipip_stems,final_token,3,exposure_quartile_1,8,28,unique_tuple_weighted_continuous,0.011115189239799966,-0.1510673234811166
activation,ipip_stems,final_token,3,exposure_quartile_2,8,28,row_weighted_continuous,0.15465013200386468,0.1592775041050903
activation,ipip_stems,final_token,3,exposure_quartile_2,8,28,unique_tuple_weighted_continuous,-0.040347030383659235,0.031198686371100168
activation,ipip_stems,final_token,3,exposure_quartile_3,8,28,row_weighted_continuous,-0.05452886595904753,0.0049261083743842365
activation,ipip_stems,final_token,3,exposure_quartile_3,8,28,unique_tuple_weighted_continuous,-0.004595310195782423,-0.031746031746031744
activation,ipip_stems,final_token,3,exposure_quartile_4,8,28,row_weighted_continuous,0.22420591997982664,0.2260536398467433
activation,ipip_stems,final_token,3,exposure_quartile_4,8,28,unique_tuple_weighted_continuous,0.23980570772660573,0.23590585659551178
activation,ipip_stems,final_token,3,pair_row_ratio_le_2_0,32,181,row_weighted_continuous,0.10171095327191572,0.0864671240361848
activation,ipip_stems,final_token,3,pair_row_ratio_le_2_0,32,181,unique_tuple_weighted_continuous,0.07469953506115391,0.0341630744945662
activation,ipip_stems,final_token,3,pair_row_ratio_le_1_5,32,117,row_weighted_continuous,-0.025819141400538977,-0.057628617242877905
activation,ipip_stems,final_token,3,pair_row_ratio_le_1_5,32,117,unique_tuple_weighted_continuous,-0.004221663355193098,-0.1042650122135803
activation,ipip_stems,final_token,4,all_32,32,496,row_weighted_continuous,0.10319082462382169,0.09760449303838671
activation,ipip_stems,final_token,4,all_32,32,496,unique_tuple_weighted_continuous,0.06404432259704049,0.0451240187950774
activation,ipip_stems,final_token,4,rows_ge_1000,30,435,row_weighted_continuous,0.08916632019659052,0.07407487859672243
activation,ipip_stems,final_token,4,rows_ge_1000,30,435,unique_tuple_weighted_continuous,0.0371230004890525,0.028087127535036015
activation,ipip_stems,final_token,4,rows_ge_10000,30,435,row_weighted_continuous,0.08916632019659052,0.07407487859672243
activation,ipip_stems,final_token,4,rows_ge_10000,30,435,unique_tuple_weighted_continuous,0.0371230004890525,0.028087127535036015
activation,ipip_stems,final_token,4,rows_ge_50000,22,231,row_weighted_continuous,0.03148289854363879,0.034075819233240524
activation,ipip_stems,final_token,4,rows_ge_50000,22,231,unique_tuple_weighted_continuous,0.0054653880779216325,0.003554391635351156
activation,ipip_stems,final_token,4,unique_tuples_ge_10,28,378,row_weighted_continuous,0.05865619222213578,0.06233216232306397
activation,ipip_stems,final_token,4,unique_tuples_ge_10,28,378,unique_tuple_weighted_continuous,0.03932844560820586,0.03706873500340882
activation,ipip_stems,final_token,4,unique_tuples_ge_25,24,276,row_weighted_continuous,0.019165020579013405,0.01991295786304419
activation,ipip_stems,final_token,4,unique_tuples_ge_25,24,276,unique_tuple_weighted_continuous,0.022023850757064246,0.020389549235884194
activation,ipip_stems,final_token,4,exposure_quartile_1,8,28,row_weighted_continuous,-0.08425557360066553,-0.1981390257252326
activation,ipip_stems,final_token,4,exposure_quartile_1,8,28,unique_tuple_weighted_continuous,0.054903098425075576,-0.06622879036672139
activation,ipip_stems,final_token,4,exposure_quartile_2,8,28,row_weighted_continuous,0.21376557949167824,0.13081554460864805
activation,ipip_stems,final_token,4,exposure_quartile_2,8,28,unique_tuple_weighted_continuous,0.06446165435388372,0.025177887246852767
activation,ipip_stems,final_token,4,exposure_quartile_3,8,28,row_weighted_continuous,-0.1754329769464246,-0.1647509578544061
activation,ipip_stems,final_token,4,exposure_quartile_3,8,28,unique_tuple_weighted_continuous,-0.07058928062092026,-0.13355227148330595
activation,ipip_stems,final_token,4,exposure_quartile_4,8,28,row_weighted_continuous,0.3620623582489978,0.2818828680897646
activation,ipip_stems,final_token,4,exposure_quartile_4,8,28,unique_tuple_weighted_continuous,0.3653976297966547,0.314176245210728
activation,ipip_stems,final_token,4,pair_row_ratio_le_2_0,32,181,row_weighted_continuous,0.14204975977003573,0.1281100115354259
activation,ipip_stems,final_token,4,pair_row_ratio_le_2_0,32,181,unique_tuple_weighted_continuous,0.12021616539380466,0.08199056928338695
activation,ipip_stems,final_token,4,pair_row_ratio_le_1_5,32,117,row_weighted_continuous,0.0650765801663211,0.03712029252648773
activation,ipip_stems,final_token,4,pair_row_ratio_le_1_5,32,117,unique_tuple_weighted_continuous,0.08759946688517271,-0.005462392662860225
activation,ipip_stems,final_token,5,all_32,32,496,row_weighted_continuous,0.10873305016857598,0.10926989109633362
activation,ipip_stems,final_token,5,all_32,32,496,unique_tuple_weighted_continuous,0.07434889270833485,0.06527817933996943
activation,ipip_stems,final_token,5,rows_ge_1000,30,435,row_weighted_continuous,0.09766168916763185,0.08898805575439143
activation,ipip_stems,final_token,5,rows_ge_1000,30,435,unique_tuple_weighted_continuous,0.06291678971870568,0.05648754914809961
activation,ipip_stems,final_token,5,rows_ge_10000,30,435,row_weighted_continuous,0.09766168916763185,0.08898805575439143
activation,ipip_stems,final_token,5,rows_ge_10000,30,435,unique_tuple_weighted_continuous,0.06291678971870568,0.05648754914809961
activation,ipip_stems,final_token,5,rows_ge_50000,22,231,row_weighted_continuous,0.04981065657852676,0.05136100780778442
activation,ipip_stems,final_token,5,rows_ge_50000,22,231,unique_tuple_weighted_continuous,0.018861462981285576,0.015730446465079147
activation,ipip_stems,final_token,5,unique_tuples_ge_10,28,378,row_weighted_continuous,0.0575043403261846,0.07117589494079349
activation,ipip_stems,final_token,5,unique_tuples_ge_10,28,378,unique_tuple_weighted_continuous,0.05463366376442566,0.05396723193102049
activation,ipip_stems,final_token,5,unique_tuples_ge_25,24,276,row_weighted_continuous,0.02956878959515464,0.03431572038070233
activation,ipip_stems,final_token,5,unique_tuples_ge_25,24,276,unique_tuple_weighted_continuous,0.038715475033381,0.034620510552075455
activation,ipip_stems,final_token,5,exposure_quartile_1,8,28,row_weighted_continuous,-0.11056547554682554,-0.24466338259441706
activation,ipip_stems,final_token,5,exposure_quartile_1,8,28,unique_tuple_weighted_continuous,0.011767286787658343,-0.1395730706075534
activation,ipip_stems,final_token,5,exposure_quartile_2,8,28,row_weighted_continuous,0.09743907638787015,0.0021893814997263274
activation,ipip_stems,final_token,5,exposure_quartile_2,8,28,unique_tuple_weighted_continuous,0.036119974969094595,-0.030103995621236997
activation,ipip_stems,final_token,5,exposure_quartile_3,8,28,row_weighted_continuous,-0.20254470286400691,-0.18500273672687464
activation,ipip_stems,final_token,5,exposure_quartile_3,8,28,unique_tuple_weighted_continuous,-0.08159855163319243,-0.08866995073891626
activation,ipip_stems,final_token,5,exposure_quartile_4,8,28,row_weighted_continuous,0.322924203942072,0.17788724685276408
activation,ipip_stems,final_token,5,exposure_quartile_4,8,28,unique_tuple_weighted_continuous,0.17142253789737394,0.07608100711548987
activation,ipip_stems,final_token,5,pair_row_ratio_le_2_0,32,181,row_weighted_continuous,0.0597144731036102,0.03468318053953413
activation,ipip_stems,final_token,5,pair_row_ratio_le_2_0,32,181,unique_tuple_weighted_continuous,0.04634198812623571,0.007158035334830914
activation,ipip_stems,final_token,5,pair_row_ratio_le_1_5,32,117,row_weighted_continuous,0.007003413073446173,-0.014431506541383804
activation,ipip_stems,final_token,5,pair_row_ratio_le_1_5,32,117,unique_tuple_weighted_continuous,0.02385978879895387,-0.03448275862068965
activation,ipip_stems,final_token,6,all_32,32,496,row_weighted_continuous,0.10354096563777443,0.09828059264678983
activation,ipip_stems,final_token,6,all_32,32,496,unique_tuple_weighted_continuous,0.07714199523619569,0.07425786389893613
activation,ipip_stems,final_token,6,rows_ge_1000,30,435,row_weighted_continuous,0.09127350331587512,0.076090515601287
activation,ipip_stems,final_token,6,rows_ge_1000,30,435,unique_tuple_weighted_continuous,0.07161498743199664,0.06804429561315398
activation,ipip_stems,final_token,6,rows_ge_10000,30,435,row_weighted_continuous,0.09127350331587512,0.076090515601287
activation,ipip_stems,final_token,6,rows_ge_10000,30,435,unique_tuple_weighted_continuous,0.07161498743199664,0.06804429561315398
activation,ipip_stems,final_token,6,rows_ge_50000,22,231,row_weighted_continuous,-0.0014425604738336605,0.006483771101462255
activation,ipip_stems,final_token,6,rows_ge_50000,22,231,unique_tuple_weighted_continuous,0.0284733305824359,0.021269884538250357
activation,ipip_stems,final_token,6,unique_tuples_ge_10,28,378,row_weighted_continuous,0.05036211828126576,0.05548184667464078
activation,ipip_stems,final_token,6,unique_tuples_ge_10,28,378,unique_tuple_weighted_continuous,0.06282721462998653,0.05966508950768799
activation,ipip_stems,final_token,6,unique_tuples_ge_25,24,276,row_weighted_continuous,-0.012322197720606545,0.0011227008747021303
activation,ipip_stems,final_token,6,unique_tuples_ge_25,24,276,unique_tuple_weighted_continuous,0.0311130910702782,0.03210684779041396
activation,ipip_stems,final_token,6,exposure_quartile_1,8,28,row_weighted_continuous,-0.12963565358837711,-0.2517788724685276
activation,ipip_stems,final_token,6,exposure_quartile_1,8,28,unique_tuple_weighted_continuous,0.00286958097371693,-0.1412151067323481
activation,ipip_stems,final_token,6,exposure_quartile_2,8,28,row_weighted_continuous,0.08346543242298093,-0.042692939244663386
activation,ipip_stems,final_token,6,exposure_quartile_2,8,28,unique_tuple_weighted_continuous,0.06144571748497477,-0.07115489874110564
activation,ipip_stems,final_token,6,exposure_quartile_3,8,28,row_weighted_continuous,-0.2001910906612364,-0.09031198686371099
activation,ipip_stems,final_token,6,exposure_quartile_3,8,28,unique_tuple_weighted_continuous,-0.09920273862637946,-0.046524356869184456
activation,ipip_stems,final_token,6,exposure_quartile_4,8,28,row_weighted_continuous,0.24058413275203377,0.20087575259989054
activation,ipip_stems,final_token,6,exposure_quartile_4,8,28,unique_tuple_weighted_continuous,0.2769589271609124,0.26327312534209085
activation,ipip_stems,final_token,6,pair_row_ratio_le_2_0,32,181,row_weighted_continuous,0.05934210196532653,0.03760144091635804
activation,ipip_stems,final_token,6,pair_row_ratio_le_2_0,32,181,unique_tuple_weighted_continuous,0.09796794677389163,0.062153684253131766
activation,ipip_stems,final_token,6,pair_row_ratio_le_1_5,32,117,row_weighted_continuous,0.00027195177580185016,-0.029350057696054182
activation,ipip_stems,final_token,6,pair_row_ratio_le_1_5,32,117,unique_tuple_weighted_continuous,0.06697332719297033,-0.0026899848641520176
activation,ipip_stems,final_token,7,all_32,32,496,row_weighted_continuous,0.1327392559317971,0.12483099968333952
activation,ipip_stems,final_token,7,all_32,32,496,unique_tuple_weighted_continuous,0.07415557223927174,0.058914975680082436
activation,ipip_stems,final_token,7,rows_ge_1000,30,435,row_weighted_continuous,0.13842893829807829,0.10769575048437392
activation,ipip_stems,final_token,7,rows_ge_1000,30,435,unique_tuple_weighted_continuous,0.06518381292269229,0.046646995277992
activation,ipip_stems,final_token,7,rows_ge_10000,30,435,row_weighted_continuous,0.13842893829807829,0.10769575048437392
activation,ipip_stems,final_token,7,rows_ge_10000,30,435,unique_tuple_weighted_continuous,0.06518381292269229,0.046646995277992
activation,ipip_stems,final_token,7,rows_ge_50000,22,231,row_weighted_continuous,0.06981842793631456,0.06118985961564673
activation,ipip_stems,final_token,7,rows_ge_50000,22,231,unique_tuple_weighted_continuous,0.0367109421898071,0.017264744251250998
activation,ipip_stems,final_token,7,unique_tuples_ge_10,28,378,row_weighted_continuous,0.0699939004504045,0.0659666155981323
activation,ipip_stems,final_token,7,unique_tuples_ge_10,28,378,unique_tuple_weighted_continuous,0.04229966835365023,0.033135224746543096
activation,ipip_stems,final_token,7,unique_tuples_ge_25,24,276,row_weighted_continuous,0.019127439715872857,0.028396284299596182
activation,ipip_stems,final_token,7,unique_tuples_ge_25,24,276,unique_tuple_weighted_continuous,0.018232583156649804,0.014113953853398212
activation,ipip_stems,final_token,7,exposure_quartile_1,8,28,row_weighted_continuous,-0.0904610051624845,-0.1926655719759168
activation,ipip_stems,final_token,7,exposure_quartile_1,8,28,unique_tuple_weighted_continuous,0.014382288211334235,-0.11494252873563218
activation,ipip_stems,final_token,7,exposure_quartile_2,8,28,row_weighted_continuous,0.10359736099836964,0.00875752599890531
activation,ipip_stems,final_token,7,exposure_quartile_2,8,28,unique_tuple_weighted_continuous,0.021153842164538715,-0.07717569786535304
activation,ipip_stems,final_token,7,exposure_quartile_3,8,28,row_weighted_continuous,-0.03617595629000997,0.042692939244663386
activation,ipip_stems,final_token,7,exposure_quartile_3,8,28,unique_tuple_weighted_continuous,0.011789308234181901,0.0180623973727422
activation,ipip_stems,final_token,7,exposure_quartile_4,8,28,row_weighted_continuous,0.035020001462198476,0.06349206349206349
activation,ipip_stems,final_token,7,exposure_quartile_4,8,28,unique_tuple_weighted_continuous,0.05808125033345893,0.12205801860974276
activation,ipip_stems,final_token,7,pair_row_ratio_le_2_0,32,181,row_weighted_continuous,0.10408985135011897,0.08225568170319551
activation,ipip_stems,final_token,7,pair_row_ratio_le_2_0,32,181,unique_tuple_weighted_continuous,0.09475699585533541,0.053366522979782643
activation,ipip_stems,final_token,7,pair_row_ratio_le_1_5,32,117,row_weighted_continuous,0.04332817328511408,0.019931364174496844
activation,ipip_stems,final_token,7,pair_row_ratio_le_1_5,32,117,unique_tuple_weighted_continuous,0.06938896508447366,-0.0036790600788262967
activation,ipip_stems,final_token,8,all_32,32,496,row_weighted_continuous,0.11023015900824416,0.09436806567656182
activation,ipip_stems,final_token,8,all_32,32,496,unique_tuple_weighted_continuous,0.0712350909340645,0.057147872572679476
activation,ipip_stems,final_token,8,rows_ge_1000,30,435,row_weighted_continuous,0.10416836528299413,0.07097532280661342
activation,ipip_stems,final_token,8,rows_ge_1000,30,435,unique_tuple_weighted_continuous,0.06579666412395144,0.04533229728094562
activation,ipip_stems,final_token,8,rows_ge_10000,30,435,row_weighted_continuous,0.10416836528299413,0.07097532280661342
activation,ipip_stems,final_token,8,rows_ge_10000,30,435,unique_tuple_weighted_continuous,0.06579666412395144,0.04533229728094562
activation,ipip_stems,final_token,8,rows_ge_50000,22,231,row_weighted_continuous,0.028004458053696408,0.036453201970443355
activation,ipip_stems,final_token,8,rows_ge_50000,22,231,unique_tuple_weighted_continuous,0.03662945817485658,0.0359596175938005
activation,ipip_stems,final_token,8,unique_tuples_ge_10,28,378,row_weighted_continuous,0.051511924276436555,0.04701337946720532
activation,ipip_stems,final_token,8,unique_tuples_ge_10,28,378,unique_tuple_weighted_continuous,0.04825041467596528,0.03868266510428279
activation,ipip_stems,final_token,8,unique_tuples_ge_25,24,276,row_weighted_continuous,0.01504884678220393,0.022236554843680884
activation,ipip_stems,final_token,8,unique_tuples_ge_25,24,276,unique_tuple_weighted_continuous,0.032366108702228044,0.027356915569127154
activation,ipip_stems,final_token,8,exposure_quartile_1,8,28,row_weighted_continuous,-0.14155195937679682,-0.20142309797482214
activation,ipip_stems,final_token,8,exposure_quartile_1,8,28,unique_tuple_weighted_continuous,-0.02668694517199625,-0.10673234811165844
activation,ipip_stems,final_token,8,exposure_quartile_2,8,28,row_weighted_continuous,0.07115266775727074,0.030103995621236997
activation,ipip_stems,final_token,8,exposure_quartile_2,8,28,unique_tuple_weighted_continuous,0.04331290139517,0.00875752599890531
activation,ipip_stems,final_token,8,exposure_quartile_3,8,28,row_weighted_continuous,-0.06052856282619605,-0.039956212370005476
activation,ipip_stems,final_token,8,exposure_quartile_3,8,28,unique_tuple_weighted_continuous,0.07734455015523761,0.01477832512315271
activation,ipip_stems,final_token,8,exposure_quartile_4,8,28,row_weighted_continuous,-0.08029140471144808,-0.0481663929939792
activation,ipip_stems,final_token,8,exposure_quartile_4,8,28,unique_tuple_weighted_continuous,-0.08682508002977549,-0.015873015873015872
activation,ipip_stems,final_token,8,pair_row_ratio_le_2_0,32,181,row_weighted_continuous,0.0814510743687366,0.05447554287333292
activation,ipip_stems,final_token,8,pair_row_ratio_le_2_0,32,181,unique_tuple_weighted_continuous,0.111268038515542,0.07324995446542408
activation,ipip_stems,final_token,8,pair_row_ratio_le_1_5,32,117,row_weighted_continuous,-0.01889232544516957,-0.03442281466828515
activation,ipip_stems,final_token,8,pair_row_ratio_le_1_5,32,117,unique_tuple_weighted_continuous,0.03663376320217189,-0.008384660342579685
activation,ipip_stems,final_token,9,all_32,32,496,row_weighted_continuous,0.09850131281274649,0.07247473108445393
activation,ipip_stems,final_token,9,all_32,32,496,unique_tuple_weighted_continuous,0.07795689199487361,0.06075888370300002
activation,ipip_stems,final_token,9,rows_ge_1000,30,435,row_weighted_continuous,0.06688573974269706,0.03828616913798206
activation,ipip_stems,final_token,9,rows_ge_1000,30,435,unique_tuple_weighted_continuous,0.05605120427712924,0.04483050192656177
activation,ipip_stems,final_token,9,rows_ge_10000,30,435,row_weighted_continuous,0.06688573974269706,0.03828616913798206
activation,ipip_stems,final_token,9,rows_ge_10000,30,435,unique_tuple_weighted_continuous,0.05605120427712924,0.04483050192656177
activation,ipip_stems,final_token,9,rows_ge_50000,22,231,row_weighted_continuous,0.03164214226189426,0.03692731556299772
activation,ipip_stems,final_token,9,rows_ge_50000,22,231,unique_tuple_weighted_continuous,0.03525048397944955,0.04387157070815242
activation,ipip_stems,final_token,9,unique_tuples_ge_10,28,378,row_weighted_continuous,0.029503555751132747,0.027719760501127073
activation,ipip_stems,final_token,9,unique_tuples_ge_10,28,378,unique_tuple_weighted_continuous,0.0383061843080648,0.038874185994557206
activation,ipip_stems,final_token,9,unique_tuples_ge_25,24,276,row_weighted_continuous,-0.003264118371730546,0.0038863600690629417
activation,ipip_stems,final_token,9,unique_tuples_ge_25,24,276,unique_tuple_weighted_continuous,0.01937111886110086,0.027655998059388422
activation,ipip_stems,final_token,9,exposure_quartile_1,8,28,row_weighted_continuous,-0.13853620851200465,-0.20361247947454844
activation,ipip_stems,final_token,9,exposure_quartile_1,8,28,unique_tuple_weighted_continuous,-0.007390511069617009,-0.09031198686371099
activation,ipip_stems,final_token,9,exposure_quartile_2,8,28,row_weighted_continuous,0.07819143789312595,0.06458675424192666
activation,ipip_stems,final_token,9,exposure_quartile_2,8,28,unique_tuple_weighted_continuous,0.05598612272696417,0.05309250136836344
activation,ipip_stems,final_token,9,exposure_quartile_3,8,28,row_weighted_continuous,0.045935811743113085,-0.014230979748221127
activation,ipip_stems,final_token,9,exposure_quartile_3,8,28,unique_tuple_weighted_continuous,0.17361358881563976,0.05309250136836344
activation,ipip_stems,final_token,9,exposure_quartile_4,8,28,row_weighted_continuous,-0.02378590921157151,-0.039956212370005476
activation,ipip_stems,final_token,9,exposure_quartile_4,8,28,unique_tuple_weighted_continuous,-0.03746132187302553,-0.020251778872468526
activation,ipip_stems,final_token,9,pair_row_ratio_le_2_0,32,181,row_weighted_continuous,0.03648312731431576,0.02372250217554085
activation,ipip_stems,final_token,9,pair_row_ratio_le_2_0,32,181,unique_tuple_weighted_continuous,0.0876683651800118,0.06730010321170542
activation,ipip_stems,final_token,9,pair_row_ratio_le_1_5,32,117,row_weighted_continuous,-0.03041928227352116,-0.0235579732949692
activation,ipip_stems,final_token,9,pair_row_ratio_le_1_5,32,117,unique_tuple_weighted_continuous,0.041911182014199015,0.02770159900493039
activation,ipip_stems,final_token,10,all_32,32,496,row_weighted_continuous,0.12368428747996356,0.10231614516030689
activation,ipip_stems,final_token,10,all_32,32,496,unique_tuple_weighted_continuous,0.09644668058001604,0.08297536932248427
activation,ipip_stems,final_token,10,rows_ge_1000,30,435,row_weighted_continuous,0.10903911985262653,0.07795118210564526
activation,ipip_stems,final_token,10,rows_ge_1000,30,435,unique_tuple_weighted_continuous,0.08723132536025185,0.07383127021869357
activation,ipip_stems,final_token,10,rows_ge_10000,30,435,row_weighted_continuous,0.10903911985262653,0.07795118210564526
activation,ipip_stems,final_token,10,rows_ge_10000,30,435,unique_tuple_weighted_continuous,0.08723132536025185,0.07383127021869357
activation,ipip_stems,final_token,10,rows_ge_50000,22,231,row_weighted_continuous,0.059228377050217024,0.0562725130941023
activation,ipip_stems,final_token,10,rows_ge_50000,22,231,unique_tuple_weighted_continuous,0.06082443844341746,0.05845226737280711
activation,ipip_stems,final_token,10,unique_tuples_ge_10,28,378,row_weighted_continuous,0.06859223322885993,0.06069357001938204
activation,ipip_stems,final_token,10,unique_tuples_ge_10,28,378,unique_tuple_weighted_continuous,0.06788949688298308,0.061993556943970914
activation,ipip_stems,final_token,10,unique_tuples_ge_25,24,276,row_weighted_continuous,0.04380012274355286,0.04032647935959819
activation,ipip_stems,final_token,10,unique_tuples_ge_25,24,276,unique_tuple_weighted_continuous,0.05462321874628641,0.050991281517101646
activation,ipip_stems,final_token,10,exposure_quartile_1,8,28,row_weighted_continuous,-0.10262970799538267,-0.16310892172961136
activation,ipip_stems,final_token,10,exposure_quartile_1,8,28,unique_tuple_weighted_continuous,0.022145993662167428,-0.07936507936507936
activation,ipip_stems,final_token,10,exposure_quartile_2,8,28,row_weighted_continuous,0.20270871747939095,0.1384783798576902
activation,ipip_stems,final_token,10,exposure_quartile_2,8,28,unique_tuple_weighted_continuous,0.10849357708759069,0.06787082649151616
activation,ipip_stems,final_token,10,exposure_quartile_3,8,28,row_weighted_continuous,0.15705939664956475,0.13026819923371646
activation,ipip_stems,final_token,10,exposure_quartile_3,8,28,unique_tuple_weighted_continuous,0.2623367443021163,0.20799124247400108
activation,ipip_stems,final_token,10,exposure_quartile_4,8,28,row_weighted_continuous,-0.0964918621053457,-0.09578544061302681
activation,ipip_stems,final_token,10,exposure_quartile_4,8,28,unique_tuple_weighted_continuous,-0.042586834756261245,-0.03667214012041598
activation,ipip_stems,final_token,10,pair_row_ratio_le_2_0,32,181,row_weighted_continuous,0.09487251783921173,0.07238783316131381
activation,ipip_stems,final_token,10,pair_row_ratio_le_2_0,32,181,unique_tuple_weighted_continuous,0.13261022826611954,0.10901382227349077
activation,ipip_stems,final_token,10,pair_row_ratio_le_1_5,32,117,row_weighted_continuous,0.03287648024167917,0.023925130003446773
activation,ipip_stems,final_token,10,pair_row_ratio_le_1_5,32,117,unique_tuple_weighted_continuous,0.0822685422069312,0.06276881116156392
activation,ipip_stems,final_token,11,all_32,32,496,row_weighted_continuous,0.13879451390753367,0.11027169861790488
activation,ipip_stems,final_token,11,all_32,32,496,unique_tuple_weighted_continuous,0.09326276535811573,0.08023792805710116
activation,ipip_stems,final_token,11,rows_ge_1000,30,435,row_weighted_continuous,0.1292044383864732,0.08629932486511152
activation,ipip_stems,final_token,11,rows_ge_1000,30,435,unique_tuple_weighted_continuous,0.08812732807739088,0.07153645305618445
activation,ipip_stems,final_token,11,rows_ge_10000,30,435,row_weighted_continuous,0.1292044383864732,0.08629932486511152
activation,ipip_stems,final_token,11,rows_ge_10000,30,435,unique_tuple_weighted_continuous,0.08812732807739088,0.07153645305618445
activation,ipip_stems,final_token,11,rows_ge_50000,22,231,row_weighted_continuous,0.07478541899003056,0.07019509725656653
activation,ipip_stems,final_token,11,rows_ge_50000,22,231,unique_tuple_weighted_continuous,0.0796491549303823,0.08297864054985495
activation,ipip_stems,final_token,11,unique_tuples_ge_10,28,378,row_weighted_continuous,0.06963143069629367,0.06606015422319671
activation,ipip_stems,final_token,11,unique_tuples_ge_10,28,378,unique_tuple_weighted_continuous,0.07359333054616184,0.07642538922677218
activation,ipip_stems,final_token,11,unique_tuples_ge_25,24,276,row_weighted_continuous,0.050782577654700095,0.05157974343973403
activation,ipip_stems,final_token,11,unique_tuples_ge_25,24,276,unique_tuple_weighted_continuous,0.068668712802579,0.07398296257188111
activation,ipip_stems,final_token,11,exposure_quartile_1,8,28,row_weighted_continuous,-0.06507137309735445,-0.07991242474001095
activation,ipip_stems,final_token,11,exposure_quartile_1,8,28,unique_tuple_weighted_continuous,0.022466572326919156,-0.0120415982484948
activation,ipip_stems,final_token,11,exposure_quartile_2,8,28,row_weighted_continuous,0.14465399637488635,0.12424740010946908
activation,ipip_stems,final_token,11,exposure_quartile_2,8,28,unique_tuple_weighted_continuous,0.04360780750364364,0.06841817186644773
activation,ipip_stems,final_token,11,exposure_quartile_3,8,28,row_weighted_continuous,0.14112404409239418,0.09250136836343732
activation,ipip_stems,final_token,11,exposure_quartile_3,8,28,unique_tuple_weighted_continuous,0.2538148582806269,0.17679255610290093
activation,ipip_stems,final_token,11,exposure_quartile_4,8,28,row_weighted_continuous,-0.09848373548622413,-0.10071154898741107
activation,ipip_stems,final_token,11,exposure_quartile_4,8,28,unique_tuple_weighted_continuous,-0.07586390773951984,-0.0421455938697318
activation,ipip_stems,final_token,11,pair_row_ratio_le_2_0,32,181,row_weighted_continuous,0.10841178642422387,0.08685366199178353
activation,ipip_stems,final_token,11,pair_row_ratio_le_2_0,32,181,unique_tuple_weighted_continuous,0.1181963201010585,0.10742112399570963
activation,ipip_stems,final_token,11,pair_row_ratio_le_1_5,32,117,row_weighted_continuous,0.05131758030558173,0.02817365763011584
activation,ipip_stems,final_token,11,pair_row_ratio_le_1_5,32,117,unique_tuple_weighted_continuous,0.08128496268506888,0.058805017308816245
activation,ipip_stems,final_token,12,all_32,32,496,row_weighted_continuous,0.13155379493451916,0.11253768947998843
activation,ipip_stems,final_token,12,all_32,32,496,unique_tuple_weighted_continuous,0.09735086858062958,0.09453377154422134
activation,ipip_stems,final_token,12,rows_ge_1000,30,435,row_weighted_continuous,0.12127210755045559,0.09083545573427297
activation,ipip_stems,final_token,12,rows_ge_1000,30,435,unique_tuple_weighted_continuous,0.09584019553204623,0.09087496373573667
activation,ipip_stems,final_token,12,rows_ge_10000,30,435,row_weighted_continuous,0.12127210755045559,0.09083545573427297
activation,ipip_stems,final_token,12,rows_ge_10000,30,435,unique_tuple_weighted_continuous,0.09584019553204623,0.09087496373573667
activation,ipip_stems,final_token,12,rows_ge_50000,22,231,row_weighted_continuous,0.07508375887674656,0.08312272435210966
activation,ipip_stems,final_token,12,rows_ge_50000,22,231,unique_tuple_weighted_continuous,0.09484830186373552,0.10768219786210792
activation,ipip_stems,final_token,12,unique_tuples_ge_10,28,378,row_weighted_continuous,0.06720412861681632,0.0723459053911242
activation,ipip_stems,final_token,12,unique_tuples_ge_10,28,378,unique_tuple_weighted_continuous,0.08026870052829661,0.0913240259068664
activation,ipip_stems,final_token,12,unique_tuples_ge_25,24,276,row_weighted_continuous,0.049909894967925174,0.0600162668911688
activation,ipip_stems,final_token,12,unique_tuples_ge_25,24,276,unique_tuple_weighted_continuous,0.08058683910662473,0.09337652145374638
activation,ipip_stems,final_token,12,exposure_quartile_1,8,28,row_weighted_continuous,-0.08734647982713753,-0.11767925561029009
activation,ipip_stems,final_token,12,exposure_quartile_1,8,28,unique_tuple_weighted_continuous,0.006889309104748446,-0.031198686371100168
activation,ipip_stems,final_token,12,exposure_quartile_2,8,28,row_weighted_continuous,0.11593665957542242,0.08812260536398467
activation,ipip_stems,final_token,12,exposure_quartile_2,8,28,unique_tuple_weighted_continuous,0.009074310993571281,-0.022988505747126436
activation,ipip_stems,final_token,12,exposure_quartile_3,8,28,row_weighted_continuous,0.07784208027671388,0.04542966611932129
activation,ipip_stems,final_token,12,exposure_quartile_3,8,28,unique_tuple_weighted_continuous,0.18452962065577985,0.13355227148330595
activation,ipip_stems,final_token,12,exposure_quartile_4,8,28,row_weighted_continuous,-0.07073064125477123,-0.11767925561029009
activation,ipip_stems,final_token,12,exposure_quartile_4,8,28,unique_tuple_weighted_continuous,-0.04233352289412877,-0.039956212370005476
activation,ipip_stems,final_token,12,pair_row_ratio_le_2_0,32,181,row_weighted_continuous,0.1028883372969008,0.08495335235666726
activation,ipip_stems,final_token,12,pair_row_ratio_le_2_0,32,181,unique_tuple_weighted_continuous,0.12467296677256794,0.12081233683443628
activation,ipip_stems,final_token,12,pair_row_ratio_le_1_5,32,117,row_weighted_continuous,0.030567407299461107,0.008826746991562887
activation,ipip_stems,final_token,12,pair_row_ratio_le_1_5,32,117,unique_tuple_weighted_continuous,0.07181377510986944,0.051686672960781666
activation,ipip_stems,final_token,13,all_32,32,496,row_weighted_continuous,0.09501191745926645,0.08103262782953831
activation,ipip_stems,final_token,13,all_32,32,496,unique_tuple_weighted_continuous,0.09054788454926208,0.08712303144379473
activation,ipip_stems,final_token,13,rows_ge_1000,30,435,row_weighted_continuous,0.06803638178403514,0.054343766264248757
activation,ipip_stems,final_token,13,rows_ge_1000,30,435,unique_tuple_weighted_continuous,0.08474678638745221,0.08283107632333582
activation,ipip_stems,final_token,13,rows_ge_10000,30,435,row_weighted_continuous,0.06803638178403514,0.054343766264248757
activation,ipip_stems,final_token,13,rows_ge_10000,30,435,unique_tuple_weighted_continuous,0.08474678638745221,0.08283107632333582
activation,ipip_stems,final_token,13,rows_ge_50000,22,231,row_weighted_continuous,0.073195059244383,0.0771383788625168
activation,ipip_stems,final_token,13,rows_ge_50000,22,231,unique_tuple_weighted_continuous,0.11045739563160357,0.11029712416519014
activation,ipip_stems,final_token,13,unique_tuples_ge_10,28,378,row_weighted_continuous,0.05828019490307235,0.06684934471305137
activation,ipip_stems,final_token,13,unique_tuples_ge_10,28,378,unique_tuple_weighted_continuous,0.08273351029788087,0.09241227337851848
activation,ipip_stems,final_token,13,unique_tuples_ge_25,24,276,row_weighted_continuous,0.03831644639332089,0.043686591230147974
activation,ipip_stems,final_token,13,unique_tuples_ge_25,24,276,unique_tuple_weighted_continuous,0.08848909543366804,0.08952269516702104
activation,ipip_stems,final_token,13,exposure_quartile_1,8,28,row_weighted_continuous,-0.16454645471212226,-0.2047071702244116
activation,ipip_stems,final_token,13,exposure_quartile_1,8,28,unique_tuple_weighted_continuous,-0.016831850222433525,-0.04707170224411604
activation,ipip_stems,final_token,13,exposure_quartile_2,8,28,row_weighted_continuous,0.07469982052402244,0.0071154898741105635
activation,ipip_stems,final_token,13,exposure_quartile_2,8,28,unique_tuple_weighted_continuous,-0.00275305358358905,-0.0421455938697318
activation,ipip_stems,final_token,13,exposure_quartile_3,8,28,row_weighted_continuous,0.04856846545585532,0.041050903119868636
activation,ipip_stems,final_token,13,exposure_quartile_3,8,28,unique_tuple_weighted_continuous,0.17591596761049866,0.12534209085933223
activation,ipip_stems,final_token,13,exposure_quartile_4,8,28,row_weighted_continuous,0.04262305751556891,0.008210180623973728
activation,ipip_stems,final_token,13,exposure_quartile_4,8,28,unique_tuple_weighted_continuous,0.09665183460470393,0.0782703886152162
activation,ipip_stems,final_token,13,pair_row_ratio_le_2_0,32,181,row_weighted_continuous,0.0877886211605599,0.06493230526379697
activation,ipip_stems,final_token,13,pair_row_ratio_le_2_0,32,181,unique_tuple_weighted_continuous,0.11574735277566292,0.10363467103798596
activation,ipip_stems,final_token,13,pair_row_ratio_le_1_5,32,117,row_weighted_continuous,0.017644075201488398,-0.002038094381753061
activation,ipip_stems,final_token,13,pair_row_ratio_le_1_5,32,117,unique_tuple_weighted_continuous,0.06450624402868173,0.042148091534415316
activation,ipip_stems,final_token,14,all_32,32,496,row_weighted_continuous,0.07006318428013142,0.06047674119005332
activation,ipip_stems,final_token,14,all_32,32,496,unique_tuple_weighted_continuous,0.07261114872786574,0.07110374859125428
activation,ipip_stems,final_token,14,rows_ge_1000,30,435,row_weighted_continuous,0.03790023228096687,0.03195337181111385
activation,ipip_stems,final_token,14,rows_ge_1000,30,435,unique_tuple_weighted_continuous,0.0688679094699418,0.06606466774645485
activation,ipip_stems,final_token,14,rows_ge_10000,30,435,row_weighted_continuous,0.03790023228096687,0.03195337181111385
activation,ipip_stems,final_token,14,rows_ge_10000,30,435,unique_tuple_weighted_continuous,0.0688679094699418,0.06606466774645485
activation,ipip_stems,final_token,14,rows_ge_50000,22,231,row_weighted_continuous,0.062390791099978804,0.06545980256624935
activation,ipip_stems,final_token,14,rows_ge_50000,22,231,unique_tuple_weighted_continuous,0.09229727598796562,0.08312661850892734
activation,ipip_stems,final_token,14,unique_tuples_ge_10,28,378,row_weighted_continuous,0.04430855510325112,0.052940084511370104
activation,ipip_stems,final_token,14,unique_tuples_ge_10,28,378,unique_tuple_weighted_continuous,0.06756742231513252,0.07005787508016605
activation,ipip_stems,final_token,14,unique_tuples_ge_25,24,276,row_weighted_continuous,0.031853342592314565,0.037001755111941904
activation,ipip_stems,final_token,14,unique_tuples_ge_25,24,276,unique_tuple_weighted_continuous,0.07650306570004425,0.0712193033775203
activation,ipip_stems,final_token,14,exposure_quartile_1,8,28,row_weighted_continuous,-0.15270428403451114,-0.17843459222769564
activation,ipip_stems,final_token,14,exposure_quartile_1,8,28,unique_tuple_weighted_continuous,0.00010930144408677258,0.0120415982484948
activation,ipip_stems,final_token,14,exposure_quartile_2,8,28,row_weighted_continuous,0.09592712242796211,0.044882320744389706
activation,ipip_stems,final_token,14,exposure_quartile_2,8,28,unique_tuple_weighted_continuous,-0.011264577516561236,-0.03721948549534756
activation,ipip_stems,final_token,14,exposure_quartile_3,8,28,row_weighted_continuous,0.026247631498805803,0.054187192118226604
activation,ipip_stems,final_token,14,exposure_quartile_3,8,28,unique_tuple_weighted_continuous,0.16437165922254776,0.12698412698412698
activation,ipip_stems,final_token,14,exposure_quartile_4,8,28,row_weighted_continuous,0.10859894858798323,0.09250136836343732
activation,ipip_stems,final_token,14,exposure_quartile_4,8,28,unique_tuple_weighted_continuous,0.14007396151478269,0.15544608648056923
activation,ipip_stems,final_token,14,pair_row_ratio_le_2_0,32,181,row_weighted_continuous,0.08048416524727167,0.042519175115860196
activation,ipip_stems,final_token,14,pair_row_ratio_le_2_0,32,181,unique_tuple_weighted_continuous,0.1047110655990469,0.07257199522392892
activation,ipip_stems,final_token,14,pair_row_ratio_le_1_5,32,117,row_weighted_continuous,-0.0071543900356515495,-0.04330950561225254
activation,ipip_stems,final_token,14,pair_row_ratio_le_1_5,32,117,unique_tuple_weighted_continuous,0.030730282676906938,-0.008924155914220204
activation,ipip_stems,final_token,15,all_32,32,496,row_weighted_continuous,0.04882167210227879,0.0437189117107336
activation,ipip_stems,final_token,15,all_32,32,496,unique_tuple_weighted_continuous,0.05733943177399215,0.055470358809749994
activation,ipip_stems,final_token,15,rows_ge_1000,30,435,row_weighted_continuous,0.018371575128402325,0.016123055032750824
activation,ipip_stems,final_token,15,rows_ge_1000,30,435,unique_tuple_weighted_continuous,0.05345670402303665,0.049400017785889955
activation,ipip_stems,final_token,15,rows_ge_10000,30,435,row_weighted_continuous,0.018371575128402325,0.016123055032750824
activation,ipip_stems,final_token,15,rows_ge_10000,30,435,unique_tuple_weighted_continuous,0.05345670402303665,0.049400017785889955
activation,ipip_stems,final_token,15,rows_ge_50000,22,231,row_weighted_continuous,0.0528881162370982,0.05233065285539049
activation,ipip_stems,final_token,15,rows_ge_50000,22,231,unique_tuple_weighted_continuous,0.08115561373369556,0.06447750150898578
activation,ipip_stems,final_token,15,unique_tuples_ge_10,28,378,row_weighted_continuous,0.04082773111162201,0.042659056488553344
activation,ipip_stems,final_token,15,unique_tuples_ge_10,28,378,unique_tuple_weighted_continuous,0.059115588379301344,0.05413764553060341
activation,ipip_stems,final_token,15,unique_tuples_ge_25,24,276,row_weighted_continuous,0.03771111383949882,0.03692755525748777
activation,ipip_stems,final_token,15,unique_tuples_ge_25,24,276,unique_tuple_weighted_continuous,0.07786349873685967,0.06476163296756611
activation,ipip_stems,final_token,15,exposure_quartile_1,8,28,row_weighted_continuous,-0.10067447201782569,-0.03667214012041598
activation,ipip_stems,final_token,15,exposure_quartile_1,8,28,unique_tuple_weighted_continuous,0.09064833655834081,0.174055829228243
activation,ipip_stems,final_token,15,exposure_quartile_2,8,28,row_weighted_continuous,0.10409916690429753,0.08757525998905309
activation,ipip_stems,final_token,15,exposure_quartile_2,8,28,unique_tuple_weighted_continuous,-0.04050460994714231,-0.07443897099069512
activation,ipip_stems,final_token,15,exposure_quartile_3,8,28,row_weighted_continuous,0.022499429064350596,0.005473453749315818
activation,ipip_stems,final_token,15,exposure_quartile_3,8,28,unique_tuple_weighted_continuous,0.1527735538760841,0.08264915161466885
activation,ipip_stems,final_token,15,exposure_quartile_4,8,28,row_weighted_continuous,0.1107301703443632,0.12807881773399013
activation,ipip_stems,final_token,15,exposure_quartile_4,8,28,unique_tuple_weighted_continuous,0.12428339556424768,0.1565407772304324
activation,ipip_stems,final_token,15,pair_row_ratio_le_2_0,32,181,row_weighted_continuous,0.07527432217247416,0.049387812923724524
activation,ipip_stems,final_token,15,pair_row_ratio_le_2_0,32,181,unique_tuple_weighted_continuous,0.09919410081204766,0.06808329791755205
activation,ipip_stems,final_token,15,pair_row_ratio_le_1_5,32,117,row_weighted_continuous,-0.02053487489051755,-0.04457582160679764
activation,ipip_stems,final_token,15,pair_row_ratio_le_1_5,32,117,unique_tuple_weighted_continuous,0.01496035478300034,-0.027858951879992204
activation,ipip_stems,final_token,16,all_32,32,496,row_weighted_continuous,0.05320953566873806,0.04933402959300279
activation,ipip_stems,final_token,16,all_32,32,496,unique_tuple_weighted_continuous,0.05269254136243515,0.052687286967159755
activation,ipip_stems,final_token,16,rows_ge_1000,30,435,row_weighted_continuous,0.017309600238815857,0.01831494729107775
activation,ipip_stems,final_token,16,rows_ge_1000,30,435,unique_tuple_weighted_continuous,0.047878151584310163,0.04435159497154986
activation,ipip_stems,final_token,16,rows_ge_10000,30,435,row_weighted_continuous,0.017309600238815857,0.01831494729107775
activation,ipip_stems,final_token,16,rows_ge_10000,30,435,unique_tuple_weighted_continuous,0.047878151584310163,0.04435159497154986
activation,ipip_stems,final_token,16,rows_ge_50000,22,231,row_weighted_continuous,0.042214888619705175,0.0547236122198641
activation,ipip_stems,final_token,16,rows_ge_50000,22,231,unique_tuple_weighted_continuous,0.071497889363305,0.061435191495161516
activation,ipip_stems,final_token,16,unique_tuples_ge_10,28,378,row_weighted_continuous,0.04854243044471197,0.05171986092739436
activation,ipip_stems,final_token,16,unique_tuples_ge_10,28,378,unique_tuple_weighted_continuous,0.055755977953910525,0.05420230049472157
activation,ipip_stems,final_token,16,unique_tuples_ge_25,24,276,row_weighted_continuous,0.043670329030417794,0.04507298697221787
activation,ipip_stems,final_token,16,unique_tuples_ge_25,24,276,unique_tuple_weighted_continuous,0.08091829454280083,0.06743796464091552
activation,ipip_stems,final_token,16,exposure_quartile_1,8,28,row_weighted_continuous,-0.08497542136915624,-0.03940886699507389
activation,ipip_stems,final_token,16,exposure_quartile_1,8,28,unique_tuple_weighted_continuous,0.1216326446549624,0.1718664477285167
activation,ipip_stems,final_token,16,exposure_quartile_2,8,28,row_weighted_continuous,0.18604603272449483,0.1423097974822113
activation,ipip_stems,final_token,16,exposure_quartile_2,8,28,unique_tuple_weighted_continuous,0.028118394883515665,0.004378762999452655
activation,ipip_stems,final_token,16,exposure_quartile_3,8,28,row_weighted_continuous,-0.02977828961949206,-0.043787629994526546
activation,ipip_stems,final_token,16,exposure_quartile_3,8,28,unique_tuple_weighted_continuous,0.11038071161832728,0.02079912424740011
activation,ipip_stems,final_token,16,exposure_quartile_4,8,28,row_weighted_continuous,0.14600623886129716,0.19594964422550626
activation,ipip_stems,final_token,16,exposure_quartile_4,8,28,unique_tuple_weighted_continuous,0.19461736317194323,0.2463054187192118
activation,ipip_stems,final_token,16,pair_row_ratio_le_2_0,32,181,row_weighted_continuous,0.11278767938816638,0.08514763321393155
activation,ipip_stems,final_token,16,pair_row_ratio_le_2_0,32,181,unique_tuple_weighted_continuous,0.12293374748925381,0.09138081071782729
activation,ipip_stems,final_token,16,pair_row_ratio_le_1_5,32,117,row_weighted_continuous,0.02223409677806084,-0.011838930599889101
activation,ipip_stems,final_token,16,pair_row_ratio_le_1_5,32,117,unique_tuple_weighted_continuous,0.040749226387001444,-0.010362810771928247
activation,ipip_stems,final_token,17,all_32,32,496,row_weighted_continuous,0.037416002473156844,0.03719491927124821
activation,ipip_stems,final_token,17,all_32,32,496,unique_tuple_weighted_continuous,0.043846365649810856,0.04863422962014511
activation,ipip_stems,final_token,17,rows_ge_1000,30,435,row_weighted_continuous,-0.0006768213117198216,0.008270730402354735
activation,ipip_stems,final_token,17,rows_ge_1000,30,435,unique_tuple_weighted_continuous,0.04061720810744332,0.043808396397919926
activation,ipip_stems,final_token,17,rows_ge_10000,30,435,row_weighted_continuous,-0.0006768213117198216,0.008270730402354735
activation,ipip_stems,final_token,17,rows_ge_10000,30,435,unique_tuple_weighted_continuous,0.04061720810744332,0.043808396397919926
activation,ipip_stems,final_token,17,rows_ge_50000,22,231,row_weighted_continuous,0.039431999248198374,0.05511205436242917
activation,ipip_stems,final_token,17,rows_ge_50000,22,231,unique_tuple_weighted_continuous,0.08479488760331051,0.07553982748885299
activation,ipip_stems,final_token,17,unique_tuples_ge_10,28,378,row_weighted_continuous,0.039198567815010264,0.04749573660500783
activation,ipip_stems,final_token,17,unique_tuples_ge_10,28,378,unique_tuple_weighted_continuous,0.05372643095272482,0.056978686857678755
activation,ipip_stems,final_token,17,unique_tuples_ge_25,24,276,row_weighted_continuous,0.03903939522364461,0.04830353448152852
activation,ipip_stems,final_token,17,unique_tuples_ge_25,24,276,unique_tuple_weighted_continuous,0.08733751996959936,0.07871234714116523
activation,ipip_stems,final_token,17,exposure_quartile_1,8,28,row_weighted_continuous,-0.0646266423272015,0.0071154898741105635
activation,ipip_stems,final_token,17,exposure_quartile_1,8,28,unique_tuple_weighted_continuous,0.14397866322283298,0.20361247947454844
activation,ipip_stems,final_token,17,exposure_quartile_2,8,28,row_weighted_continuous,0.1208984334820205,0.12424740010946908
activation,ipip_stems,final_token,17,exposure_quartile_2,8,28,unique_tuple_weighted_continuous,-0.05077656407894439,-0.025725232621784347
activation,ipip_stems,final_token,17,exposure_quartile_3,8,28,row_weighted_continuous,-0.05301757324388344,-0.021346469622331693
activation,ipip_stems,final_token,17,exposure_quartile_3,8,28,unique_tuple_weighted_continuous,0.122598790816667,0.08757525998905309
activation,ipip_stems,final_token,17,exposure_quartile_4,8,28,row_weighted_continuous,0.09534933137274285,0.14012041598248495
activation,ipip_stems,final_token,17,exposure_quartile_4,8,28,unique_tuple_weighted_continuous,0.1929552149941044,0.20744389709906952
activation,ipip_stems,final_token,17,pair_row_ratio_le_2_0,32,181,row_weighted_continuous,0.10692533413550749,0.08841802764454697
activation,ipip_stems,final_token,17,pair_row_ratio_le_2_0,32,181,unique_tuple_weighted_continuous,0.12891763158968192,0.10875882864833142
activation,ipip_stems,final_token,17,pair_row_ratio_le_1_5,32,117,row_weighted_continuous,-0.0030898894183214558,-0.03679809378231353
activation,ipip_stems,final_token,17,pair_row_ratio_le_1_5,32,117,unique_tuple_weighted_continuous,0.02560813167678926,-0.018537667281092178
activation,ipip_stems,final_token,18,all_32,32,496,row_weighted_continuous,0.034178477268774786,0.042782599802136376
activation,ipip_stems,final_token,18,all_32,32,496,unique_tuple_weighted_continuous,0.039982420161470855,0.05075418296681358
activation,ipip_stems,final_token,18,rows_ge_1000,30,435,row_weighted_continuous,8.975430128443799e-05,0.01718729271055505
activation,ipip_stems,final_token,18,rows_ge_1000,30,435,unique_tuple_weighted_continuous,0.03887762046751859,0.04790483674156665
activation,ipip_stems,final_token,18,rows_ge_10000,30,435,row_weighted_continuous,8.975430128443799e-05,0.01718729271055505
activation,ipip_stems,final_token,18,rows_ge_10000,30,435,unique_tuple_weighted_continuous,0.03887762046751859,0.04790483674156665
activation,ipip_stems,final_token,18,rows_ge_50000,22,231,row_weighted_continuous,0.05487188734157898,0.0706448723690103
activation,ipip_stems,final_token,18,rows_ge_50000,22,231,unique_tuple_weighted_continuous,0.10117863141399663,0.09284253976907651
activation,ipip_stems,final_token,18,unique_tuples_ge_10,28,378,row_weighted_continuous,0.04843292879228124,0.06171271888677038
activation,ipip_stems,final_token,18,unique_tuples_ge_10,28,378,unique_tuple_weighted_continuous,0.059661411901588635,0.06973460025957524
activation,ipip_stems,final_token,18,unique_tuples_ge_25,24,276,row_weighted_continuous,0.054348243053755026,0.06820678928668256
activation,ipip_stems,final_token,18,unique_tuples_ge_25,24,276,unique_tuple_weighted_continuous,0.10098822784519601,0.09715215250923932
activation,ipip_stems,final_token,18,exposure_quartile_1,8,28,row_weighted_continuous,-0.056240020696191204,0.01477832512315271
activation,ipip_stems,final_token,18,exposure_quartile_1,8,28,unique_tuple_weighted_continuous,0.16128133546716925,0.2194854953475643
activation,ipip_stems,final_token,18,exposure_quartile_2,8,28,row_weighted_continuous,0.21419999446034707,0.20306513409961688
activation,ipip_stems,final_token,18,exposure_quartile_2,8,28,unique_tuple_weighted_continuous,0.001617640416612531,0.03503010399562124
activation,ipip_stems,final_token,18,exposure_quartile_3,8,28,row_weighted_continuous,-0.06143721673504533,-0.025725232621784347
activation,ipip_stems,final_token,18,exposure_quartile_3,8,28,unique_tuple_weighted_continuous,0.11452663412704303,0.09304871373836891
activation,ipip_stems,final_token,18,exposure_quartile_4,8,28,row_weighted_continuous,0.1397327588413928,0.2019704433497537
activation,ipip_stems,final_token,18,exposure_quartile_4,8,28,unique_tuple_weighted_continuous,0.22980635976677433,0.26436781609195403
activation,ipip_stems,final_token,18,pair_row_ratio_le_2_0,32,181,row_weighted_continuous,0.12168123472268781,0.11334061886548073
activation,ipip_stems,final_token,18,pair_row_ratio_le_2_0,32,181,unique_tuple_weighted_continuous,0.1388571426625523,0.12733693562422843
activation,ipip_stems,final_token,18,pair_row_ratio_le_1_5,32,117,row_weighted_continuous,0.015393866336209202,-0.003469256245410541
activation,ipip_stems,final_token,18,pair_row_ratio_le_1_5,32,117,unique_tuple_weighted_continuous,0.039608648480919835,0.008054968604354928
activation,ipip_stems,final_token,19,all_32,32,496,row_weighted_continuous,0.026590140060924264,0.042704221418442226
activation,ipip_stems,final_token,19,all_32,32,496,unique_tuple_weighted_continuous,0.029227715422309918,0.04378873436120142
activation,ipip_stems,final_token,19,rows_ge_1000,30,435,row_weighted_continuous,-0.006582624634334497,0.020340060384554267
activation,ipip_stems,final_token,19,rows_ge_1000,30,435,unique_tuple_weighted_continuous,0.026595574907936285,0.04166111465047081
activation,ipip_stems,final_token,19,rows_ge_10000,30,435,row_weighted_continuous,-0.006582624634334497,0.020340060384554267
activation,ipip_stems,final_token,19,rows_ge_10000,30,435,unique_tuple_weighted_continuous,0.026595574907936285,0.04166111465047081
activation,ipip_stems,final_token,19,rows_ge_50000,22,231,row_weighted_continuous,0.04510468990613322,0.06329854553242859
activation,ipip_stems,final_token,19,rows_ge_50000,22,231,unique_tuple_weighted_continuous,0.08928664806483082,0.08569968262621935
activation,ipip_stems,final_token,19,unique_tuples_ge_10,28,378,row_weighted_continuous,0.04797210847478986,0.0649174721597613
activation,ipip_stems,final_token,19,unique_tuples_ge_10,28,378,unique_tuple_weighted_continuous,0.05137691235414356,0.06565356114987632
activation,ipip_stems,final_token,19,unique_tuples_ge_25,24,276,row_weighted_continuous,0.050570020531186255,0.0705640615858792
activation,ipip_stems,final_token,19,unique_tuples_ge_25,24,276,unique_tuple_weighted_continuous,0.08965823506448446,0.09357686106077254
activation,ipip_stems,final_token,19,exposure_quartile_1,8,28,row_weighted_continuous,-0.0709753598456864,-0.02079912424740011
activation,ipip_stems,final_token,19,exposure_quartile_1,8,28,unique_tuple_weighted_continuous,0.16248922006476757,0.19430760810071154
activation,ipip_stems,final_token,19,exposure_quartile_2,8,28,row_weighted_continuous,0.2865589110347754,0.2785987958401751
activation,ipip_stems,final_token,19,exposure_quartile_2,8,28,unique_tuple_weighted_continuous,0.05301133397739177,0.0810071154898741
activation,ipip_stems,final_token,19,exposure_quartile_3,8,28,row_weighted_continuous,-0.06786764088433898,-0.029009304871373837
activation,ipip_stems,final_token,19,exposure_quartile_3,8,28,unique_tuple_weighted_continuous,0.11142988018797266,0.08866995073891626
activation,ipip_stems,final_token,19,exposure_quartile_4,8,28,row_weighted_continuous,0.14814049033157267,0.2430213464696223
activation,ipip_stems,final_token,19,exposure_quartile_4,8,28,unique_tuple_weighted_continuous,0.2352327321235444,0.3021346469622332
activation,ipip_stems,final_token,19,pair_row_ratio_le_2_0,32,181,row_weighted_continuous,0.10992469976618609,0.11167911278408515
activation,ipip_stems,final_token,19,pair_row_ratio_le_2_0,32,181,unique_tuple_weighted_continuous,0.11211116837162513,0.11401048307125655
activation,ipip_stems,final_token,19,pair_row_ratio_le_1_5,32,117,row_weighted_continuous,0.008990893729568546,-0.020021280103103598
activation,ipip_stems,final_token,19,pair_row_ratio_le_1_5,32,117,unique_tuple_weighted_continuous,0.022461977613986238,-0.017780874881985344
activation,ipip_stems,final_token,20,all_32,32,496,row_weighted_continuous,0.006989553129193731,0.041090531458546
activation,ipip_stems,final_token,20,all_32,32,496,unique_tuple_weighted_continuous,0.02534059311607304,0.04633313074930521
activation,ipip_stems,final_token,20,rows_ge_1000,30,435,row_weighted_continuous,-0.02691860226782967,0.0233903405123211
activation,ipip_stems,final_token,20,rows_ge_1000,30,435,unique_tuple_weighted_continuous,0.021248216539349885,0.04482729463493002
activation,ipip_stems,final_token,20,rows_ge_10000,30,435,row_weighted_continuous,-0.02691860226782967,0.0233903405123211
activation,ipip_stems,final_token,20,rows_ge_10000,30,435,unique_tuple_weighted_continuous,0.021248216539349885,0.04482729463493002
activation,ipip_stems,final_token,20,rows_ge_50000,22,231,row_weighted_continuous,0.050170373343454755,0.06942405420666291
activation,ipip_stems,final_token,20,rows_ge_50000,22,231,unique_tuple_weighted_continuous,0.10469623125834576,0.10055978504254368
activation,ipip_stems,final_token,20,unique_tuples_ge_10,28,378,row_weighted_continuous,0.053483322448870066,0.0727409450000661
activation,ipip_stems,final_token,20,unique_tuples_ge_10,28,378,unique_tuple_weighted_continuous,0.059292417574948235,0.07493010431778514
activation,ipip_stems,final_token,20,unique_tuples_ge_25,24,276,row_weighted_continuous,0.057633371904577936,0.08314778613318875
activation,ipip_stems,final_token,20,unique_tuples_ge_25,24,276,unique_tuple_weighted_continuous,0.10237813457716351,0.10917024585836389
activation,ipip_stems,final_token,20,exposure_quartile_1,8,28,row_weighted_continuous,-0.14061163416080866,-0.11220580186097427
activation,ipip_stems,final_token,20,exposure_quartile_1,8,28,unique_tuple_weighted_continuous,0.13172317925386348,0.1319102353585112
activation,ipip_stems,final_token,20,exposure_quartile_2,8,28,row_weighted_continuous,0.2852961519282522,0.25068418171866447
activation,ipip_stems,final_token,20,exposure_quartile_2,8,28,unique_tuple_weighted_continuous,0.06176262179978313,0.06349206349206349
activation,ipip_stems,final_token,20,exposure_quartile_3,8,28,row_weighted_continuous,-0.02470410745859715,0.01477832512315271
activation,ipip_stems,final_token,20,exposure_quartile_3,8,28,unique_tuple_weighted_continuous,0.15568232625378847,0.13245758073344277
activation,ipip_stems,final_token,20,exposure_quartile_4,8,28,row_weighted_continuous,0.14716259037662358,0.1691297208538588
activation,ipip_stems,final_token,20,exposure_quartile_4,8,28,unique_tuple_weighted_continuous,0.25779289926296745,0.25670498084291193
activation,ipip_stems,final_token,20,pair_row_ratio_le_2_0,32,181,row_weighted_continuous,0.09773559444382882,0.12654159836480278
activation,ipip_stems,final_token,20,pair_row_ratio_le_2_0,32,181,unique_tuple_weighted_continuous,0.09940226404558129,0.13296096169024343
activation,ipip_stems,final_token,20,pair_row_ratio_le_1_5,32,117,row_weighted_continuous,0.02295611810495343,-0.0007268204229045842
activation,ipip_stems,final_token,20,pair_row_ratio_le_1_5,32,117,unique_tuple_weighted_continuous,0.04284110178451389,0.009943203105096733
activation,ipip_stems,final_token,21,all_32,32,496,row_weighted_continuous,0.020155597005215152,0.05820966856859632
activation,ipip_stems,final_token,21,all_32,32,496,unique_tuple_weighted_continuous,0.024207421604079814,0.04798202705971902
activation,ipip_stems,final_token,21,rows_ge_1000,30,435,row_weighted_continuous,-0.005661694705643881,0.04579021105436796
activation,ipip_stems,final_token,21,rows_ge_1000,30,435,unique_tuple_weighted_continuous,0.025543766793575565,0.05062564054716395
activation,ipip_stems,final_token,21,rows_ge_10000,30,435,row_weighted_continuous,-0.005661694705643881,0.04579021105436796
activation,ipip_stems,final_token,21,rows_ge_10000,30,435,unique_tuple_weighted_continuous,0.025543766793575565,0.05062564054716395
activation,ipip_stems,final_token,21,rows_ge_50000,22,231,row_weighted_continuous,0.06373906357527861,0.08547382153079304
activation,ipip_stems,final_token,21,rows_ge_50000,22,231,unique_tuple_weighted_continuous,0.11107799084237716,0.1082760567768064
activation,ipip_stems,final_token,21,unique_tuples_ge_10,28,378,row_weighted_continuous,0.07142010179351631,0.0912398189261077
activation,ipip_stems,final_token,21,unique_tuples_ge_10,28,378,unique_tuple_weighted_continuous,0.06292566442905019,0.08240986159282948
activation,ipip_stems,final_token,21,unique_tuples_ge_25,24,276,row_weighted_continuous,0.07309204478576378,0.09946947104065297
activation,ipip_stems,final_token,21,unique_tuples_ge_25,24,276,unique_tuple_weighted_continuous,0.11175281367342776,0.11947261026526448
activation,ipip_stems,final_token,21,exposure_quartile_1,8,28,row_weighted_continuous,-0.12007346032056485,-0.10344827586206896
activation,ipip_stems,final_token,21,exposure_quartile_1,8,28,unique_tuple_weighted_continuous,0.14577375742487947,0.1357416529830323
activation,ipip_stems,final_token,21,exposure_quartile_2,8,28,row_weighted_continuous,0.30206584274109954,0.2857142857142857
activation,ipip_stems,final_token,21,exposure_quartile_2,8,28,unique_tuple_weighted_continuous,0.06973380342976153,0.0842911877394636
activation,ipip_stems,final_token,21,exposure_quartile_3,8,28,row_weighted_continuous,0.0315249371796278,0.06403940886699507
activation,ipip_stems,final_token,21,exposure_quartile_3,8,28,unique_tuple_weighted_continuous,0.20091288068458318,0.17952928297755882
activation,ipip_stems,final_token,21,exposure_quartile_4,8,28,row_weighted_continuous,0.20921876022597244,0.26053639846743293
activation,ipip_stems,final_token,21,exposure_quartile_4,8,28,unique_tuple_weighted_continuous,0.3214453566285772,0.34099616858237547
activation,ipip_stems,final_token,21,pair_row_ratio_le_2_0,32,181,row_weighted_continuous,0.12177305792388454,0.16279319207495999
activation,ipip_stems,final_token,21,pair_row_ratio_le_2_0,32,181,unique_tuple_weighted_continuous,0.10536078469684991,0.15398781697124236
activation,ipip_stems,final_token,21,pair_row_ratio_le_1_5,32,117,row_weighted_continuous,0.057180528121826654,0.03775719702078557
activation,ipip_stems,final_token,21,pair_row_ratio_le_1_5,32,117,unique_tuple_weighted_continuous,0.06018956233899825,0.034437800656386276
activation,ipip_stems,final_token,22,all_32,32,496,row_weighted_continuous,-0.004052166143418745,0.04554147957146594
activation,ipip_stems,final_token,22,all_32,32,496,unique_tuple_weighted_continuous,0.012706255573146683,0.04001772118537225
activation,ipip_stems,final_token,22,rows_ge_1000,30,435,row_weighted_continuous,-0.025620829879965574,0.03699989940767155
activation,ipip_stems,final_token,22,rows_ge_1000,30,435,unique_tuple_weighted_continuous,0.015406666922486234,0.04451677049058441
activation,ipip_stems,final_token,22,rows_ge_10000,30,435,row_weighted_continuous,-0.025620829879965574,0.03699989940767155
activation,ipip_stems,final_token,22,rows_ge_10000,30,435,unique_tuple_weighted_continuous,0.015406666922486234,0.04451677049058441
activation,ipip_stems,final_token,22,rows_ge_50000,22,231,row_weighted_continuous,0.05418552016490877,0.09050020444323292
activation,ipip_stems,final_token,22,rows_ge_50000,22,231,unique_tuple_weighted_continuous,0.10325703684050828,0.11414649817948169
activation,ipip_stems,final_token,22,unique_tuples_ge_10,28,378,row_weighted_continuous,0.06254351764884299,0.08524046036556271
activation,ipip_stems,final_token,22,unique_tuples_ge_10,28,378,unique_tuple_weighted_continuous,0.054877745623955164,0.0767484418653557
activation,ipip_stems,final_token,22,unique_tuples_ge_25,24,276,row_weighted_continuous,0.06371125391461126,0.09870464177166423
activation,ipip_stems,final_token,22,unique_tuples_ge_25,24,276,unique_tuple_weighted_continuous,0.10450557164550334,0.1190274111385397
activation,ipip_stems,final_token,22,exposure_quartile_1,8,28,row_weighted_continuous,-0.14918175959219962,-0.10563765736179528
activation,ipip_stems,final_token,22,exposure_quartile_1,8,28,unique_tuple_weighted_continuous,0.13976225303279374,0.16420361247947454
activation,ipip_stems,final_token,22,exposure_quartile_2,8,28,row_weighted_continuous,0.2972681240104765,0.27586206896551724
activation,ipip_stems,final_token,22,exposure_quartile_2,8,28,unique_tuple_weighted_continuous,0.06392620683716853,0.07498631636562669
activation,ipip_stems,final_token,22,exposure_quartile_3,8,28,row_weighted_continuous,0.033388554708148596,0.1111111111111111
activation,ipip_stems,final_token,22,exposure_quartile_3,8,28,unique_tuple_weighted_continuous,0.19480591641134254,0.22386425834701695
activation,ipip_stems,final_token,22,exposure_quartile_4,8,28,row_weighted_continuous,0.32216237563319855,0.3355227148330596
activation,ipip_stems,final_token,22,exposure_quartile_4,8,28,unique_tuple_weighted_continuous,0.45663845714935414,0.428024083196497
activation,ipip_stems,final_token,22,pair_row_ratio_le_2_0,32,181,row_weighted_continuous,0.09930584638536383,0.16188047679760387
activation,ipip_stems,final_token,22,pair_row_ratio_le_2_0,32,181,unique_tuple_weighted_continuous,0.09150421395730025,0.16240463036043146
activation,ipip_stems,final_token,22,pair_row_ratio_le_1_5,32,117,row_weighted_continuous,0.04462942656490516,0.05132700924635465
activation,ipip_stems,final_token,22,pair_row_ratio_le_1_5,32,117,unique_tuple_weighted_continuous,0.06291054116983978,0.05925459695185001
activation,ipip_stems,final_token,23,all_32,32,496,row_weighted_continuous,0.013271126338592072,0.05702238848535986
activation,ipip_stems,final_token,23,all_32,32,496,unique_tuple_weighted_continuous,0.01774466585639907,0.04435941160157425
activation,ipip_stems,final_token,23,rows_ge_1000,30,435,row_weighted_continuous,-0.006310528619082231,0.0483448188390479
activation,ipip_stems,final_token,23,rows_ge_1000,30,435,unique_tuple_weighted_continuous,0.023556940155380856,0.050213649358468775
activation,ipip_stems,final_token,23,rows_ge_10000,30,435,row_weighted_continuous,-0.006310528619082231,0.0483448188390479
activation,ipip_stems,final_token,23,rows_ge_10000,30,435,unique_tuple_weighted_continuous,0.023556940155380856,0.050213649358468775
activation,ipip_stems,final_token,23,rows_ge_50000,22,231,row_weighted_continuous,0.05828531966311545,0.09344710761502367
activation,ipip_stems,final_token,23,rows_ge_50000,22,231,unique_tuple_weighted_continuous,0.10770152149377439,0.11541112560602816
activation,ipip_stems,final_token,23,unique_tuples_ge_10,28,378,row_weighted_continuous,0.06925285823884701,0.0927068867201703
activation,ipip_stems,final_token,23,unique_tuples_ge_10,28,378,unique_tuple_weighted_continuous,0.059594582211556876,0.08372029107176046
activation,ipip_stems,final_token,23,unique_tuples_ge_25,24,276,row_weighted_continuous,0.07000860406762642,0.104392345999629
activation,ipip_stems,final_token,23,unique_tuples_ge_25,24,276,unique_tuple_weighted_continuous,0.11054488037200473,0.12376535722949161
activation,ipip_stems,final_token,23,exposure_quartile_1,8,28,row_weighted_continuous,-0.11185955013222304,-0.07443897099069512
activation,ipip_stems,final_token,23,exposure_quartile_1,8,28,unique_tuple_weighted_continuous,0.16712129658164632,0.1713191023535851
activation,ipip_stems,final_token,23,exposure_quartile_2,8,28,row_weighted_continuous,0.2982997698856143,0.30158730158730157
activation,ipip_stems,final_token,23,exposure_quartile_2,8,28,unique_tuple_weighted_continuous,0.0689430706482443,0.11986863711001641
activation,ipip_stems,final_token,23,exposure_quartile_3,8,28,row_weighted_continuous,0.04756144215500225,0.11767925561029009
activation,ipip_stems,final_token,23,exposure_quartile_3,8,28,unique_tuple_weighted_continuous,0.20164429746201318,0.21674876847290642
activation,ipip_stems,final_token,23,exposure_quartile_4,8,28,row_weighted_continuous,0.29321831499983375,0.314176245210728
activation,ipip_stems,final_token,23,exposure_quartile_4,8,28,unique_tuple_weighted_continuous,0.4287468542320124,0.41543513957307066
activation,ipip_stems,final_token,23,pair_row_ratio_le_2_0,32,181,row_weighted_continuous,0.12127848062167645,0.17907230890656303
activation,ipip_stems,final_token,23,pair_row_ratio_le_2_0,32,181,unique_tuple_weighted_continuous,0.1030745168589158,0.16696213547042274
activation,ipip_stems,final_token,23,pair_row_ratio_le_1_5,32,117,row_weighted_continuous,0.0697121443274726,0.06682252094291838
activation,ipip_stems,final_token,23,pair_row_ratio_le_1_5,32,117,unique_tuple_weighted_continuous,0.07627002292094859,0.06315095385814262
activation,ipip_stems,final_token,24,all_32,32,496,row_weighted_continuous,0.0238821774367165,0.06523235207923986
activation,ipip_stems,final_token,24,all_32,32,496,unique_tuple_weighted_continuous,0.022432421278335113,0.04659245797364834
activation,ipip_stems,final_token,24,rows_ge_1000,30,435,row_weighted_continuous,0.008118264833659542,0.06008073627752986
activation,ipip_stems,final_token,24,rows_ge_1000,30,435,unique_tuple_weighted_continuous,0.03075227734296263,0.05510710167260258
activation,ipip_stems,final_token,24,rows_ge_10000,30,435,row_weighted_continuous,0.008118264833659542,0.06008073627752986
activation,ipip_stems,final_token,24,rows_ge_10000,30,435,unique_tuple_weighted_continuous,0.03075227734296263,0.05510710167260258
activation,ipip_stems,final_token,24,rows_ge_50000,22,231,row_weighted_continuous,0.07119112207018302,0.10472847991588621
activation,ipip_stems,final_token,24,rows_ge_50000,22,231,unique_tuple_weighted_continuous,0.11652932546385766,0.12264938959091883
activation,ipip_stems,final_token,24,unique_tuples_ge_10,28,378,row_weighted_continuous,0.0790757891339923,0.10460451102794838
activation,ipip_stems,final_token,24,unique_tuples_ge_10,28,378,unique_tuple_weighted_continuous,0.06713460104339616,0.09129780843000748
activation,ipip_stems,final_token,24,unique_tuples_ge_25,24,276,row_weighted_continuous,0.0810743683416719,0.1154178736034018
activation,ipip_stems,final_token,24,unique_tuples_ge_25,24,276,unique_tuple_weighted_continuous,0.11835983360633023,0.1310221029951057
activation,ipip_stems,final_token,24,exposure_quartile_1,8,28,row_weighted_continuous,-0.10440768798848646,-0.05856595511767926
activation,ipip_stems,final_token,24,exposure_quartile_1,8,28,unique_tuple_weighted_continuous,0.16899638793238325,0.18609742747673783
activation,ipip_stems,final_token,24,exposure_quartile_2,8,28,row_weighted_continuous,0.23975346912874873,0.24028461959496444
activation,ipip_stems,final_token,24,exposure_quartile_2,8,28,unique_tuple_weighted_continuous,0.038325117305984514,0.07608100711548987
activation,ipip_stems,final_token,24,exposure_quartile_3,8,28,row_weighted_continuous,0.0808797748743863,0.1652983032293377
activation,ipip_stems,final_token,24,exposure_quartile_3,8,28,unique_tuple_weighted_continuous,0.21976163376506672,0.2556102900930487
activation,ipip_stems,final_token,24,exposure_quartile_4,8,28,row_weighted_continuous,0.30701535865194424,0.3399014778325123
activation,ipip_stems,final_token,24,exposure_quartile_4,8,28,unique_tuple_weighted_continuous,0.4214842763409022,0.43130815544608647
activation,ipip_stems,final_token,24,pair_row_ratio_le_2_0,32,181,row_weighted_continuous,0.1394183922553258,0.19347540121020781
activation,ipip_stems,final_token,24,pair_row_ratio_le_2_0,32,181,unique_tuple_weighted_continuous,0.11353466514099543,0.17411207576953433
activation,ipip_stems,final_token,24,pair_row_ratio_le_1_5,32,117,row_weighted_continuous,0.08266031220360401,0.08290997916947654
activation,ipip_stems,final_token,24,pair_row_ratio_le_1_5,32,117,unique_tuple_weighted_continuous,0.08283882210842303,0.07372356846348663
activation,ipip_stems,final_token,25,all_32,32,496,row_weighted_continuous,0.024465148716914617,0.06123672632077903
activation,ipip_stems,final_token,25,all_32,32,496,unique_tuple_weighted_continuous,0.02074023312484087,0.043595394458638435
activation,ipip_stems,final_token,25,rows_ge_1000,30,435,row_weighted_continuous,0.010979230049646498,0.0562235307324142
activation,ipip_stems,final_token,25,rows_ge_1000,30,435,unique_tuple_weighted_continuous,0.02889872524328625,0.05135908982894931
activation,ipip_stems,final_token,25,rows_ge_10000,30,435,row_weighted_continuous,0.010979230049646498,0.0562235307324142
activation,ipip_stems,final_token,25,rows_ge_10000,30,435,unique_tuple_weighted_continuous,0.02889872524328625,0.05135908982894931
activation,ipip_stems,final_token,25,rows_ge_50000,22,231,row_weighted_continuous,0.05718635015297661,0.08939523744621197
activation,ipip_stems,final_token,25,rows_ge_50000,22,231,unique_tuple_weighted_continuous,0.10239868261224319,0.10783114936038475
activation,ipip_stems,final_token,25,unique_tuples_ge_10,28,378,row_weighted_continuous,0.07177913178393956,0.0970116631111991
activation,ipip_stems,final_token,25,unique_tuples_ge_10,28,378,unique_tuple_weighted_continuous,0.06343887955234599,0.08588834309878801
activation,ipip_stems,final_token,25,unique_tuples_ge_25,24,276,row_weighted_continuous,0.07198896079774499,0.1054174455273184
activation,ipip_stems,final_token,25,unique_tuples_ge_25,24,276,unique_tuple_weighted_continuous,0.10680501084258569,0.11991038940654387
activation,ipip_stems,final_token,25,exposure_quartile_1,8,28,row_weighted_continuous,-0.06843468396903422,-0.03338806787082649
activation,ipip_stems,final_token,25,exposure_quartile_1,8,28,unique_tuple_weighted_continuous,0.20778763982622545,0.2129173508483853
activation,ipip_stems,final_token,25,exposure_quartile_2,8,28,row_weighted_continuous,0.22315288015744927,0.22495894909688013
activation,ipip_stems,final_token,25,exposure_quartile_2,8,28,unique_tuple_weighted_continuous,0.003970700095829355,0.04433497536945813
activation,ipip_stems,final_token,25,exposure_quartile_3,8,28,row_weighted_continuous,0.07482771360510126,0.1538040503557745
activation,ipip_stems,final_token,25,exposure_quartile_3,8,28,unique_tuple_weighted_continuous,0.21101481374949735,0.2370005473453749
activation,ipip_stems,final_token,25,exposure_quartile_4,8,28,row_weighted_continuous,0.2815321258475473,0.3234811165845649
activation,ipip_stems,final_token,25,exposure_quartile_4,8,28,unique_tuple_weighted_continuous,0.40597478077139937,0.4126984126984127
activation,ipip_stems,final_token,25,pair_row_ratio_le_2_0,32,181,row_weighted_continuous,0.14146606480562565,0.1889786088681116
activation,ipip_stems,final_token,25,pair_row_ratio_le_2_0,32,181,unique_tuple_weighted_continuous,0.11464409968908183,0.17207819804504884
activation,ipip_stems,final_token,25,pair_row_ratio_le_1_5,32,117,row_weighted_continuous,0.0842235102489724,0.08262524539555514
activation,ipip_stems,final_token,25,pair_row_ratio_le_1_5,32,117,unique_tuple_weighted_continuous,0.08342406790877545,0.07032924215858172
activation,ipip_stems,final_token,26,all_32,32,496,row_weighted_continuous,0.032343342773091976,0.06886086804305797
activation,ipip_stems,final_token,26,all_32,32,496,unique_tuple_weighted_continuous,0.029361481544238493,0.052892132855785735
activation,ipip_stems,final_token,26,rows_ge_1000,30,435,row_weighted_continuous,0.01794593016506982,0.06308042866910518
activation,ipip_stems,final_token,26,rows_ge_1000,30,435,unique_tuple_weighted_continuous,0.03654638261661316,0.05874519088487718
activation,ipip_stems,final_token,26,rows_ge_10000,30,435,row_weighted_continuous,0.01794593016506982,0.06308042866910518
activation,ipip_stems,final_token,26,rows_ge_10000,30,435,unique_tuple_weighted_continuous,0.03654638261661316,0.05874519088487718
activation,ipip_stems,final_token,26,rows_ge_50000,22,231,row_weighted_continuous,0.059404230577228614,0.09433302829104928
activation,ipip_stems,final_token,26,rows_ge_50000,22,231,unique_tuple_weighted_continuous,0.10218942859450902,0.11048307015323508
activation,ipip_stems,final_token,26,unique_tuples_ge_10,28,378,row_weighted_continuous,0.08065141825039789,0.10712960954067312
activation,ipip_stems,final_token,26,unique_tuples_ge_10,28,378,unique_tuple_weighted_continuous,0.07144420554458404,0.0946649767503193
activation,ipip_stems,final_token,26,unique_tuples_ge_25,24,276,row_weighted_continuous,0.08275191512279334,0.11622608124884064
activation,ipip_stems,final_token,26,unique_tuples_ge_25,24,276,unique_tuple_weighted_continuous,0.11226054383509833,0.1259884990225596
activation,ipip_stems,final_token,26,exposure_quartile_1,8,28,row_weighted_continuous,-0.07361890067623827,-0.061850027367268745
activation,ipip_stems,final_token,26,exposure_quartile_1,8,28,unique_tuple_weighted_continuous,0.20558504730571886,0.18883415435139572
activation,ipip_stems,final_token,26,exposure_quartile_2,8,28,row_weighted_continuous,0.1932600493220375,0.16967706622879036
activation,ipip_stems,final_token,26,exposure_quartile_2,8,28,unique_tuple_weighted_continuous,-0.02315766391857085,-0.026272577996715927
activation,ipip_stems,final_token,26,exposure_quartile_3,8,28,row_weighted_continuous,0.07542780148933204,0.12205801860974276
activation,ipip_stems,final_token,26,exposure_quartile_3,8,28,unique_tuple_weighted_continuous,0.20585322265857353,0.19649698960043788
activation,ipip_stems,final_token,26,exposure_quartile_4,8,28,row_weighted_continuous,0.24719712236817448,0.29775588396278047
activation,ipip_stems,final_token,26,exposure_quartile_4,8,28,unique_tuple_weighted_continuous,0.37222305983597404,0.3946360153256705
activation,ipip_stems,final_token,26,pair_row_ratio_le_2_0,32,181,row_weighted_continuous,0.14723611325994318,0.18971323335964219
activation,ipip_stems,final_token,26,pair_row_ratio_le_2_0,32,181,unique_tuple_weighted_continuous,0.11806729724955145,0.16823507983728977
activation,ipip_stems,final_token,26,pair_row_ratio_le_1_5,32,117,row_weighted_continuous,0.08962180336644056,0.07618876350612176
activation,ipip_stems,final_token,26,pair_row_ratio_le_1_5,32,117,unique_tuple_weighted_continuous,0.08629134738221259,0.05912721605299046
activation,ipip_stems,final_token,27,all_32,32,496,row_weighted_continuous,0.007598170590399574,0.04670299411326217
activation,ipip_stems,final_token,27,all_32,32,496,unique_tuple_weighted_continuous,0.019367018821888925,0.04172227893263786
activation,ipip_stems,final_token,27,rows_ge_1000,30,435,row_weighted_continuous,-0.006279062858506931,0.04051917304358855
activation,ipip_stems,final_token,27,rows_ge_1000,30,435,unique_tuple_weighted_continuous,0.024730188043590538,0.04653444849891462
activation,ipip_stems,final_token,27,rows_ge_10000,30,435,row_weighted_continuous,-0.006279062858506931,0.04051917304358855
activation,ipip_stems,final_token,27,rows_ge_10000,30,435,unique_tuple_weighted_continuous,0.024730188043590538,0.04653444849891462
activation,ipip_stems,final_token,27,rows_ge_50000,22,231,row_weighted_continuous,0.04037066174777783,0.0852635370626375
activation,ipip_stems,final_token,27,rows_ge_50000,22,231,unique_tuple_weighted_continuous,0.09234725205081344,0.11075858174808699
activation,ipip_stems,final_token,27,unique_tuples_ge_10,28,378,row_weighted_continuous,0.05817187835436392,0.0853882114004032
activation,ipip_stems,final_token,27,unique_tuples_ge_10,28,378,unique_tuple_weighted_continuous,0.05896605518366861,0.08209436314249342
activation,ipip_stems,final_token,27,unique_tuples_ge_25,24,276,row_weighted_continuous,0.06021936851325739,0.09230461894093979
activation,ipip_stems,final_token,27,unique_tuples_ge_25,24,276,unique_tuple_weighted_continuous,0.1012766068341318,0.11276037727772151
activation,ipip_stems,final_token,27,exposure_quartile_1,8,28,row_weighted_continuous,-0.08747975232352367,-0.05856595511767926
activation,ipip_stems,final_token,27,exposure_quartile_1,8,28,unique_tuple_weighted_continuous,0.20413955267785783,0.21729611384783798
activation,ipip_stems,final_token,27,exposure_quartile_2,8,28,row_weighted_continuous,0.11782284781282189,0.1395730706075534
activation,ipip_stems,final_token,27,exposure_quartile_2,8,28,unique_tuple_weighted_continuous,-0.06973490981449744,-0.03338806787082649
activation,ipip_stems,final_token,27,exposure_quartile_3,8,28,row_weighted_continuous,0.021891588581294835,0.11986863711001641
activation,ipip_stems,final_token,27,exposure_quartile_3,8,28,unique_tuple_weighted_continuous,0.17042450278839436,0.21346469622331687
activation,ipip_stems,final_token,27,exposure_quartile_4,8,28,row_weighted_continuous,0.24914302260203364,0.29666119321291734
activation,ipip_stems,final_token,27,exposure_quartile_4,8,28,unique_tuple_weighted_continuous,0.3955284316013339,0.4055829228243021
activation,ipip_stems,final_token,27,pair_row_ratio_le_2_0,32,181,row_weighted_continuous,0.12464360206664438,0.17130309837492158
activation,ipip_stems,final_token,27,pair_row_ratio_le_2_0,32,181,unique_tuple_weighted_continuous,0.11326440474319013,0.16510432477283304
activation,ipip_stems,final_token,27,pair_row_ratio_le_1_5,32,117,row_weighted_continuous,0.05883744495566681,0.04576720766083711
activation,ipip_stems,final_token,27,pair_row_ratio_le_1_5,32,117,unique_tuple_weighted_continuous,0.07574329451244512,0.04783527401879242
activation,ipip_stems,final_token,28,all_32,32,496,row_weighted_continuous,0.007179692347306206,0.04583827500683475
activation,ipip_stems,final_token,28,all_32,32,496,unique_tuple_weighted_continuous,0.024733932213192682,0.04474481296380433
activation,ipip_stems,final_token,28,rows_ge_1000,30,435,row_weighted_continuous,-0.004499691367408621,0.040132840187947286
activation,ipip_stems,final_token,28,rows_ge_1000,30,435,unique_tuple_weighted_continuous,0.029453887673771155,0.04827280056331704
activation,ipip_stems,final_token,28,rows_ge_10000,30,435,row_weighted_continuous,-0.004499691367408621,0.040132840187947286
activation,ipip_stems,final_token,28,rows_ge_10000,30,435,unique_tuple_weighted_continuous,0.029453887673771155,0.04827280056331704
activation,ipip_stems,final_token,28,rows_ge_50000,22,231,row_weighted_continuous,0.04709935498627102,0.09592963258630426
activation,ipip_stems,final_token,28,rows_ge_50000,22,231,unique_tuple_weighted_continuous,0.09841565497249767,0.12117642477462567
activation,ipip_stems,final_token,28,unique_tuples_ge_10,28,378,row_weighted_continuous,0.06116899947566392,0.08852964280131961
activation,ipip_stems,final_token,28,unique_tuples_ge_10,28,378,unique_tuple_weighted_continuous,0.06261243210893652,0.08303619267134871
activation,ipip_stems,final_token,28,unique_tuples_ge_25,24,276,row_weighted_continuous,0.0680607823802758,0.10312238695224099
activation,ipip_stems,final_token,28,unique_tuples_ge_25,24,276,unique_tuple_weighted_continuous,0.10390593799099052,0.11971233287196244
activation,ipip_stems,final_token,28,exposure_quartile_1,8,28,row_weighted_continuous,-0.06501037410532465,-0.059660645867542425
activation,ipip_stems,final_token,28,exposure_quartile_1,8,28,unique_tuple_weighted_continuous,0.2259816783333935,0.2255062944718117
activation,ipip_stems,final_token,28,exposure_quartile_2,8,28,row_weighted_continuous,0.11967278024732089,0.08155446086480568
activation,ipip_stems,final_token,28,exposure_quartile_2,8,28,unique_tuple_weighted_continuous,-0.06878001119807162,-0.10016420361247948
activation,ipip_stems,final_token,28,exposure_quartile_3,8,28,row_weighted_continuous,0.013972633135098812,0.09578544061302681
activation,ipip_stems,final_token,28,exposure_quartile_3,8,28,unique_tuple_weighted_continuous,0.15810779347472434,0.1839080459770115
activation,ipip_stems,final_token,28,exposure_quartile_4,8,28,row_weighted_continuous,0.22333966977207345,0.2370005473453749
activation,ipip_stems,final_token,28,exposure_quartile_4,8,28,unique_tuple_weighted_continuous,0.3697997148191589,0.36507936507936506
activation,ipip_stems,final_token,28,pair_row_ratio_le_2_0,32,181,row_weighted_continuous,0.13604802677057737,0.18238115475684533
activation,ipip_stems,final_token,28,pair_row_ratio_le_2_0,32,181,unique_tuple_weighted_continuous,0.13142565559139188,0.17997085787141032
activation,ipip_stems,final_token,28,pair_row_ratio_le_1_5,32,117,row_weighted_continuous,0.06638600322729292,0.05986902246399616
activation,ipip_stems,final_token,28,pair_row_ratio_le_1_5,32,117,unique_tuple_weighted_continuous,0.09037363885902834,0.06742945346101395
activation,ipip_stems,final_token,29,all_32,32,496,row_weighted_continuous,0.02682279626961938,0.05754497660449501
activation,ipip_stems,final_token,29,all_32,32,496,unique_tuple_weighted_continuous,0.03343811676371348,0.049379266803165026
activation,ipip_stems,final_token,29,rows_ge_1000,30,435,row_weighted_continuous,0.01405475249133173,0.04990122999634077
activation,ipip_stems,final_token,29,rows_ge_1000,30,435,unique_tuple_weighted_continuous,0.0346654973890011,0.04833111495662138
activation,ipip_stems,final_token,29,rows_ge_10000,30,435,row_weighted_continuous,0.01405475249133173,0.04990122999634077
activation,ipip_stems,final_token,29,rows_ge_10000,30,435,unique_tuple_weighted_continuous,0.0346654973890011,0.04833111495662138
activation,ipip_stems,final_token,29,rows_ge_50000,22,231,row_weighted_continuous,0.04428929536470736,0.0889376740201328
activation,ipip_stems,final_token,29,rows_ge_50000,22,231,unique_tuple_weighted_continuous,0.09088460968335174,0.11169512646274266
activation,ipip_stems,final_token,29,unique_tuples_ge_10,28,378,row_weighted_continuous,0.06870346413253513,0.09368693155427757
activation,ipip_stems,final_token,29,unique_tuples_ge_10,28,378,unique_tuple_weighted_continuous,0.0667050154397081,0.08198927105305051
activation,ipip_stems,final_token,29,unique_tuples_ge_25,24,276,row_weighted_continuous,0.07363294644798793,0.10550990996133049
activation,ipip_stems,final_token,29,unique_tuples_ge_25,24,276,unique_tuple_weighted_continuous,0.10264113833373953,0.11556341947175414
activation,ipip_stems,final_token,29,exposure_quartile_1,8,28,row_weighted_continuous,-0.030928958872156607,-0.034482758620689655
activation,ipip_stems,final_token,29,exposure_quartile_1,8,28,unique_tuple_weighted_continuous,0.24243532738726353,0.2227695675971538
activation,ipip_stems,final_token,29,exposure_quartile_2,8,28,row_weighted_continuous,0.1169050171930362,0.13519430760810072
activation,ipip_stems,final_token,29,exposure_quartile_2,8,28,unique_tuple_weighted_continuous,-0.07952114362370631,-0.08593322386425835
activation,ipip_stems,final_token,29,exposure_quartile_3,8,28,row_weighted_continuous,0.013867164435244862,0.07936507936507936
activation,ipip_stems,final_token,29,exposure_quartile_3,8,28,unique_tuple_weighted_continuous,0.16673469891425147,0.17843459222769564
activation,ipip_stems,final_token,29,exposure_quartile_4,8,28,row_weighted_continuous,0.23690802758889445,0.27805145046524354
activation,ipip_stems,final_token,29,exposure_quartile_4,8,28,unique_tuple_weighted_continuous,0.3706496601527199,0.39244663382594414
activation,ipip_stems,final_token,29,pair_row_ratio_le_2_0,32,181,row_weighted_continuous,0.14529766224405516,0.18288911824823426
activation,ipip_stems,final_token,29,pair_row_ratio_le_2_0,32,181,unique_tuple_weighted_continuous,0.1335308932437077,0.17363851617995263
activation,ipip_stems,final_token,29,pair_row_ratio_le_1_5,32,117,row_weighted_continuous,0.07485552082078793,0.06702483178228355
activation,ipip_stems,final_token,29,pair_row_ratio_le_1_5,32,117,unique_tuple_weighted_continuous,0.09240360820515278,0.06838855669948597
activation,ipip_stems,final_token,30,all_32,32,496,row_weighted_continuous,0.03370560970668783,0.05701766808082119
activation,ipip_stems,final_token,30,all_32,32,496,unique_tuple_weighted_continuous,0.043529748713402414,0.05329110538106449
activation,ipip_stems,final_token,30,rows_ge_1000,30,435,row_weighted_continuous,0.007650476861097975,0.04048884955907029
activation,ipip_stems,final_token,30,rows_ge_1000,30,435,unique_tuple_weighted_continuous,0.03372969033128536,0.04450350396610768
activation,ipip_stems,final_token,30,rows_ge_10000,30,435,row_weighted_continuous,0.007650476861097975,0.04048884955907029
activation,ipip_stems,final_token,30,rows_ge_10000,30,435,unique_tuple_weighted_continuous,0.03372969033128536,0.04450350396610768
activation,ipip_stems,final_token,30,rows_ge_50000,22,231,row_weighted_continuous,0.05445131438810737,0.09536011215171636
activation,ipip_stems,final_token,30,rows_ge_50000,22,231,unique_tuple_weighted_continuous,0.10553811394116173,0.12244105220117217
activation,ipip_stems,final_token,30,unique_tuples_ge_10,28,378,row_weighted_continuous,0.06227931679712409,0.08440727783826683
activation,ipip_stems,final_token,30,unique_tuples_ge_10,28,378,unique_tuple_weighted_continuous,0.06775930647956378,0.07834126467553817
activation,ipip_stems,final_token,30,unique_tuples_ge_25,24,276,row_weighted_continuous,0.07208618591223472,0.10028566943964841
activation,ipip_stems,final_token,30,unique_tuples_ge_25,24,276,unique_tuple_weighted_continuous,0.10592993904056783,0.11678942937458087
activation,ipip_stems,final_token,30,exposure_quartile_1,8,28,row_weighted_continuous,-0.11379342663174266,-0.1395730706075534
activation,ipip_stems,final_token,30,exposure_quartile_1,8,28,unique_tuple_weighted_continuous,0.14801731696442197,0.10454296661193212
activation,ipip_stems,final_token,30,exposure_quartile_2,8,28,row_weighted_continuous,0.07591758502899704,0.058018609742747675
activation,ipip_stems,final_token,30,exposure_quartile_2,8,28,unique_tuple_weighted_continuous,-0.1004249572888483,-0.13245758073344277
activation,ipip_stems,final_token,30,exposure_quartile_3,8,28,row_weighted_continuous,0.04337380432574261,0.10618500273672687
activation,ipip_stems,final_token,30,exposure_quartile_3,8,28,unique_tuple_weighted_continuous,0.18731792504837527,0.1986863711001642
activation,ipip_stems,final_token,30,exposure_quartile_4,8,28,row_weighted_continuous,0.21702103475139553,0.26655719759168034
activation,ipip_stems,final_token,30,exposure_quartile_4,8,28,unique_tuple_weighted_continuous,0.35287818372815033,0.3519430760810071
activation,ipip_stems,final_token,30,pair_row_ratio_le_2_0,32,181,row_weighted_continuous,0.15327437995108487,0.18422682290085604
activation,ipip_stems,final_token,30,pair_row_ratio_le_2_0,32,181,unique_tuple_weighted_continuous,0.14676202979860234,0.17610952583328274
activation,ipip_stems,final_token,30,pair_row_ratio_le_1_5,32,117,row_weighted_continuous,0.07418397139696387,0.05938947084476015
activation,ipip_stems,final_token,30,pair_row_ratio_le_1_5,32,117,unique_tuple_weighted_continuous,0.09123344259242419,0.05895487718982751
activation,ipip_stems,final_token,31,all_32,32,496,row_weighted_continuous,0.06892215432886911,0.08921053200925985
activation,ipip_stems,final_token,31,all_32,32,496,unique_tuple_weighted_continuous,0.06667673774957225,0.06447679232776915
activation,ipip_stems,final_token,31,rows_ge_1000,30,435,row_weighted_continuous,0.03002929686699108,0.073279907630001
activation,ipip_stems,final_token,31,rows_ge_1000,30,435,unique_tuple_weighted_continuous,0.0447642714457882,0.060452782106811556
activation,ipip_stems,final_token,31,rows_ge_10000,30,435,row_weighted_continuous,0.03002929686699108,0.073279907630001
activation,ipip_stems,final_token,31,rows_ge_10000,30,435,unique_tuple_weighted_continuous,0.0447642714457882,0.060452782106811556
activation,ipip_stems,final_token,31,rows_ge_50000,22,231,row_weighted_continuous,0.10388344727884312,0.1166738059541658
activation,ipip_stems,final_token,31,rows_ge_50000,22,231,unique_tuple_weighted_continuous,0.1464488763354549,0.13890749430479565
activation,ipip_stems,final_token,31,unique_tuples_ge_10,28,378,row_weighted_continuous,0.07984909471463816,0.10490312364573125
activation,ipip_stems,final_token,31,unique_tuples_ge_10,28,378,unique_tuple_weighted_continuous,0.09470171830260181,0.099699398853252
activation,ipip_stems,final_token,31,unique_tuples_ge_25,24,276,row_weighted_continuous,0.10467888202618487,0.12232645082119263
activation,ipip_stems,final_token,31,unique_tuples_ge_25,24,276,unique_tuple_weighted_continuous,0.12934286109754234,0.13258600761975428
activation,ipip_stems,final_token,31,exposure_quartile_1,8,28,row_weighted_continuous,-0.18717862608710872,-0.2917350848385331
activation,ipip_stems,final_token,31,exposure_quartile_1,8,28,unique_tuple_weighted_continuous,-0.18222797827929635,-0.24575807334428024
activation,ipip_stems,final_token,31,exposure_quartile_2,8,28,row_weighted_continuous,0.044555142776723844,-0.0481663929939792
activation,ipip_stems,final_token,31,exposure_quartile_2,8,28,unique_tuple_weighted_continuous,-0.06338108218054743,-0.12753147235905857
activation,ipip_stems,final_token,31,exposure_quartile_3,8,28,row_weighted_continuous,0.15721432877363903,0.1839080459770115
activation,ipip_stems,final_token,31,exposure_quartile_3,8,28,unique_tuple_weighted_continuous,0.27034173485151625,0.2545155993431856
activation,ipip_stems,final_token,31,exposure_quartile_4,8,28,row_weighted_continuous,0.08677377750655654,0.18007662835249041
activation,ipip_stems,final_token,31,exposure_quartile_4,8,28,unique_tuple_weighted_continuous,0.23527110019416986,0.29720853858784896
activation,ipip_stems,final_token,31,pair_row_ratio_le_2_0,32,181,row_weighted_continuous,0.1848699237654398,0.21309979155283018
activation,ipip_stems,final_token,31,pair_row_ratio_le_2_0,32,181,unique_tuple_weighted_continuous,0.1308716241952971,0.18107178272924127
activation,ipip_stems,final_token,31,pair_row_ratio_le_1_5,32,117,row_weighted_continuous,0.11178190434968176,0.09932712913425946
activation,ipip_stems,final_token,31,pair_row_ratio_le_1_5,32,117,unique_tuple_weighted_continuous,0.05821115291442822,0.062176864631569476
activation,ipip_stems,mean_tokens,0,all_32,32,496,row_weighted_continuous,0.0817637524195235,0.06053328770275613
activation,ipip_stems,mean_tokens,0,all_32,32,496,unique_tuple_weighted_continuous,0.045126856822021,0.0400656136230875
activation,ipip_stems,mean_tokens,0,rows_ge_1000,30,435,row_weighted_continuous,0.036796376290901434,0.018363494023503617
activation,ipip_stems,mean_tokens,0,rows_ge_1000,30,435,unique_tuple_weighted_continuous,0.01476796551659004,0.014338780383621236
activation,ipip_stems,mean_tokens,0,rows_ge_10000,30,435,row_weighted_continuous,0.036796376290901434,0.018363494023503617
activation,ipip_stems,mean_tokens,0,rows_ge_10000,30,435,unique_tuple_weighted_continuous,0.01476796551659004,0.014338780383621236
activation,ipip_stems,mean_tokens,0,rows_ge_50000,22,231,row_weighted_continuous,-0.08216983448343156,-0.07196791214782218
activation,ipip_stems,mean_tokens,0,rows_ge_50000,22,231,unique_tuple_weighted_continuous,0.01654885182611225,0.02191047333476119
activation,ipip_stems,mean_tokens,0,unique_tuples_ge_10,28,378,row_weighted_continuous,-0.010044803360028231,-0.03441810365657149
activation,ipip_stems,mean_tokens,0,unique_tuples_ge_10,28,378,unique_tuple_weighted_continuous,0.02574258034141537,0.02030976837636832
activation,ipip_stems,mean_tokens,0,unique_tuples_ge_25,24,276,row_weighted_continuous,-0.0506982466260501,-0.05204720252279505
activation,ipip_stems,mean_tokens,0,unique_tuples_ge_25,24,276,unique_tuple_weighted_continuous,0.017913173965517015,0.019354175882193465
activation,ipip_stems,mean_tokens,0,exposure_quartile_1,8,28,row_weighted_continuous,-0.18992499417812234,-0.20853858784893267
activation,ipip_stems,mean_tokens,0,exposure_quartile_1,8,28,unique_tuple_weighted_continuous,-0.19087916449597878,-0.2676518883415435
activation,ipip_stems,mean_tokens,0,exposure_quartile_2,8,28,row_weighted_continuous,0.0014164315860150933,-0.21127531472359057
activation,ipip_stems,mean_tokens,0,exposure_quartile_2,8,28,unique_tuple_weighted_continuous,-0.02929616062668338,-0.1592775041050903
activation,ipip_stems,mean_tokens,0,exposure_quartile_3,8,28,row_weighted_continuous,-0.26462825475207274,-0.2129173508483853
activation,ipip_stems,mean_tokens,0,exposure_quartile_3,8,28,unique_tuple_weighted_continuous,-0.06133796146879696,-0.02955665024630542
activation,ipip_stems,mean_tokens,0,exposure_quartile_4,8,28,row_weighted_continuous,0.18666271887732788,0.08483853311439518
activation,ipip_stems,mean_tokens,0,exposure_quartile_4,8,28,unique_tuple_weighted_continuous,0.2997211187980738,0.2370005473453749
activation,ipip_stems,mean_tokens,0,pair_row_ratio_le_2_0,32,181,row_weighted_continuous,-0.07298995167453844,-0.09014834152955699
activation,ipip_stems,mean_tokens,0,pair_row_ratio_le_2_0,32,181,unique_tuple_weighted_continuous,0.02683371486591838,0.0026774330641733957
activation,ipip_stems,mean_tokens,0,pair_row_ratio_le_1_5,32,117,row_weighted_continuous,-0.21391566819391739,-0.25960976486984666
activation,ipip_stems,mean_tokens,0,pair_row_ratio_le_1_5,32,117,unique_tuple_weighted_continuous,-0.11128065876208025,-0.1892730297172144
activation,ipip_stems,mean_tokens,1,all_32,32,496,row_weighted_continuous,0.025593572909926608,0.03545358170528548
activation,ipip_stems,mean_tokens,1,all_32,32,496,unique_tuple_weighted_continuous,0.011593314019098327,0.014290336348491731
activation,ipip_stems,mean_tokens,1,rows_ge_1000,30,435,row_weighted_continuous,-0.03404193820347602,0.0016848486085456827
activation,ipip_stems,mean_tokens,1,rows_ge_1000,30,435,unique_tuple_weighted_continuous,-0.025379085110302388,-0.0009432353116977215
activation,ipip_stems,mean_tokens,1,rows_ge_10000,30,435,row_weighted_continuous,-0.03404193820347602,0.0016848486085456827
activation,ipip_stems,mean_tokens,1,rows_ge_10000,30,435,unique_tuple_weighted_continuous,-0.025379085110302388,-0.0009432353116977215
activation,ipip_stems,mean_tokens,1,rows_ge_50000,22,231,row_weighted_continuous,-0.009572226424611472,-0.006184894565704161
activation,ipip_stems,mean_tokens,1,rows_ge_50000,22,231,unique_tuple_weighted_continuous,-0.005579673938473774,0.010608656710605737
activation,ipip_stems,mean_tokens,1,unique_tuples_ge_10,28,378,row_weighted_continuous,-0.05021819078939612,-0.017258098506392563
activation,ipip_stems,mean_tokens,1,unique_tuples_ge_10,28,378,unique_tuple_weighted_continuous,-0.03265124942615265,0.0015624949661888975
activation,ipip_stems,mean_tokens,1,unique_tuples_ge_25,24,276,row_weighted_continuous,-0.04116549798723308,-0.02431814614517487
activation,ipip_stems,mean_tokens,1,unique_tuples_ge_25,24,276,unique_tuple_weighted_continuous,-0.03094271693631478,-0.002252821734849674
activation,ipip_stems,mean_tokens,1,exposure_quartile_1,8,28,row_weighted_continuous,-0.35641774687148103,-0.294471811713191
activation,ipip_stems,mean_tokens,1,exposure_quartile_1,8,28,unique_tuple_weighted_continuous,-0.3389290826892058,-0.3765736179529283
activation,ipip_stems,mean_tokens,1,exposure_quartile_2,8,28,row_weighted_continuous,-0.04997421894951344,-0.09359605911330049
activation,ipip_stems,mean_tokens,1,exposure_quartile_2,8,28,unique_tuple_weighted_continuous,-0.029045992570325425,-0.11001642036124794
activation,ipip_stems,mean_tokens,1,exposure_quartile_3,8,28,row_weighted_continuous,0.08388085100565153,0.16146688560481665
activation,ipip_stems,mean_tokens,1,exposure_quartile_3,8,28,unique_tuple_weighted_continuous,0.07298063821055384,0.1926655719759168
activation,ipip_stems,mean_tokens,1,exposure_quartile_4,8,28,row_weighted_continuous,0.2696886126222174,0.3579638752052545
activation,ipip_stems,mean_tokens,1,exposure_quartile_4,8,28,unique_tuple_weighted_continuous,0.19098597628720002,0.24740010946907498
activation,ipip_stems,mean_tokens,1,pair_row_ratio_le_2_0,32,181,row_weighted_continuous,0.09471412837408015,0.07736425636978123
activation,ipip_stems,mean_tokens,1,pair_row_ratio_le_2_0,32,181,unique_tuple_weighted_continuous,0.06939460254783186,0.043336773723514056
activation,ipip_stems,mean_tokens,1,pair_row_ratio_le_1_5,32,117,row_weighted_continuous,0.12423536880316582,0.08847727374904464
activation,ipip_stems,mean_tokens,1,pair_row_ratio_le_1_5,32,117,unique_tuple_weighted_continuous,0.11227388290079904,0.09148945735737085
activation,ipip_stems,mean_tokens,2,all_32,32,496,row_weighted_continuous,0.027222698422087556,0.0391594926351855
activation,ipip_stems,mean_tokens,2,all_32,32,496,unique_tuple_weighted_continuous,0.01246153803089894,0.01700220875595705
activation,ipip_stems,mean_tokens,2,rows_ge_1000,30,435,row_weighted_continuous,-0.031677990566036165,0.006235703862016483
activation,ipip_stems,mean_tokens,2,rows_ge_1000,30,435,unique_tuple_weighted_continuous,-0.024336245827637423,0.002379373032800388
activation,ipip_stems,mean_tokens,2,rows_ge_10000,30,435,row_weighted_continuous,-0.031677990566036165,0.006235703862016483
activation,ipip_stems,mean_tokens,2,rows_ge_10000,30,435,unique_tuple_weighted_continuous,-0.024336245827637423,0.002379373032800388
activation,ipip_stems,mean_tokens,2,rows_ge_50000,22,231,row_weighted_continuous,-0.009182886770982054,-0.0029556650246305416
activation,ipip_stems,mean_tokens,2,rows_ge_50000,22,231,unique_tuple_weighted_continuous,-0.005005410011959564,0.01412897447380206
activation,ipip_stems,mean_tokens,2,unique_tuples_ge_10,28,378,row_weighted_continuous,-0.04855843292265923,-0.012621382196489101
activation,ipip_stems,mean_tokens,2,unique_tuples_ge_10,28,378,unique_tuple_weighted_continuous,-0.03098159690964884,0.005924816497102913
activation,ipip_stems,mean_tokens,2,unique_tuples_ge_25,24,276,row_weighted_continuous,-0.03970504108251204,-0.02042607839500007
activation,ipip_stems,mean_tokens,2,unique_tuples_ge_25,24,276,unique_tuple_weighted_continuous,-0.029666276381981813,0.0017625319273412196
activation,ipip_stems,mean_tokens,2,exposure_quartile_1,8,28,row_weighted_continuous,-0.3554560856482175,-0.2895457033388068
activation,ipip_stems,mean_tokens,2,exposure_quartile_1,8,28,unique_tuple_weighted_continuous,-0.3379185407834978,-0.37055281882868085
activation,ipip_stems,mean_tokens,2,exposure_quartile_2,8,28,row_weighted_continuous,-0.044741581171418826,-0.09195402298850575
activation,ipip_stems,mean_tokens,2,exposure_quartile_2,8,28,unique_tuple_weighted_continuous,-0.026061339755541417,-0.10837438423645321
activation,ipip_stems,mean_tokens,2,exposure_quartile_3,8,28,row_weighted_continuous,0.08741213935787161,0.15325670498084293
activation,ipip_stems,mean_tokens,2,exposure_quartile_3,8,28,unique_tuple_weighted_continuous,0.07941236257043477,0.18336070060207993
activation,ipip_stems,mean_tokens,2,exposure_quartile_4,8,28,row_weighted_continuous,0.272067975547236,0.36453201970443344
activation,ipip_stems,mean_tokens,2,exposure_quartile_4,8,28,unique_tuple_weighted_continuous,0.19476495762446858,0.2556102900930487
activation,ipip_stems,mean_tokens,2,pair_row_ratio_le_2_0,32,181,row_weighted_continuous,0.09911455955239784,0.08678283042923926
activation,ipip_stems,mean_tokens,2,pair_row_ratio_le_2_0,32,181,unique_tuple_weighted_continuous,0.07218687868911884,0.05178596725558051
activation,ipip_stems,mean_tokens,2,pair_row_ratio_le_1_5,32,117,row_weighted_continuous,0.1262458609341101,0.09782103733009635
activation,ipip_stems,mean_tokens,2,pair_row_ratio_le_1_5,32,117,unique_tuple_weighted_continuous,0.11335883413962027,0.0990798603305909
activation,ipip_stems,mean_tokens,3,all_32,32,496,row_weighted_continuous,0.03083451938548854,0.04388333913549724
activation,ipip_stems,mean_tokens,3,all_32,32,496,unique_tuple_weighted_continuous,0.01449918874929024,0.0183134978000948
activation,ipip_stems,mean_tokens,3,rows_ge_1000,30,435,row_weighted_continuous,-0.026837999234897825,0.01161127042279393
activation,ipip_stems,mean_tokens,3,rows_ge_1000,30,435,unique_tuple_weighted_continuous,-0.02222617313487956,0.003515045842402436
activation,ipip_stems,mean_tokens,3,rows_ge_10000,30,435,row_weighted_continuous,-0.026837999234897825,0.01161127042279393
activation,ipip_stems,mean_tokens,3,rows_ge_10000,30,435,unique_tuple_weighted_continuous,-0.02222617313487956,0.003515045842402436
activation,ipip_stems,mean_tokens,3,rows_ge_50000,22,231,row_weighted_continuous,-0.006062308030970615,0.004223213068790281
activation,ipip_stems,mean_tokens,3,rows_ge_50000,22,231,unique_tuple_weighted_continuous,-0.0033598862559980954,0.01778169356880002
activation,ipip_stems,mean_tokens,3,unique_tuples_ge_10,28,378,row_weighted_continuous,-0.044885504765357756,-0.0059923598273157
activation,ipip_stems,mean_tokens,3,unique_tuples_ge_10,28,378,unique_tuple_weighted_continuous,-0.0290930624767311,0.008843399344718606
activation,ipip_stems,mean_tokens,3,unique_tuples_ge_25,24,276,row_weighted_continuous,-0.03702045756295855,-0.01638846477647294
activation,ipip_stems,mean_tokens,3,unique_tuples_ge_25,24,276,unique_tuple_weighted_continuous,-0.028415970273591322,0.002892652787488763
activation,ipip_stems,mean_tokens,3,exposure_quartile_1,8,28,row_weighted_continuous,-0.35418576426702825,-0.2895457033388068
activation,ipip_stems,mean_tokens,3,exposure_quartile_1,8,28,unique_tuple_weighted_continuous,-0.3341599561495485,-0.37055281882868085
activation,ipip_stems,mean_tokens,3,exposure_quartile_2,8,28,row_weighted_continuous,-0.03488407933831572,-0.09414340448823208
activation,ipip_stems,mean_tokens,3,exposure_quartile_2,8,28,unique_tuple_weighted_continuous,-0.019266085138598656,-0.11986863711001641
activation,ipip_stems,mean_tokens,3,exposure_quartile_3,8,28,row_weighted_continuous,0.09111461191109449,0.20634920634920634
activation,ipip_stems,mean_tokens,3,exposure_quartile_3,8,28,unique_tuple_weighted_continuous,0.07858852660324592,0.2233169129720854
activation,ipip_stems,mean_tokens,3,exposure_quartile_4,8,28,row_weighted_continuous,0.27055641572859923,0.36836343732895455
activation,ipip_stems,mean_tokens,3,exposure_quartile_4,8,28,unique_tuple_weighted_continuous,0.19371271439557372,0.2583470169677066
activation,ipip_stems,mean_tokens,3,pair_row_ratio_le_2_0,32,181,row_weighted_continuous,0.10451973358926264,0.09963572339262944
activation,ipip_stems,mean_tokens,3,pair_row_ratio_le_2_0,32,181,unique_tuple_weighted_continuous,0.07480178280482791,0.05896221642077995
activation,ipip_stems,mean_tokens,3,pair_row_ratio_le_1_5,32,117,row_weighted_continuous,0.1328244983205035,0.11581920903954801
activation,ipip_stems,mean_tokens,3,pair_row_ratio_le_1_5,32,117,unique_tuple_weighted_continuous,0.11790458485983754,0.11012453356112034
activation,ipip_stems,mean_tokens,4,all_32,32,496,row_weighted_continuous,0.03554311008453375,0.049648624887152826
activation,ipip_stems,mean_tokens,4,all_32,32,496,unique_tuple_weighted_continuous,0.016135300947439788,0.019753614551433724
activation,ipip_stems,mean_tokens,4,rows_ge_1000,30,435,row_weighted_continuous,-0.019784369410004596,0.018338856192332532
activation,ipip_stems,mean_tokens,4,rows_ge_1000,30,435,unique_tuple_weighted_continuous,-0.02022435292868383,0.004855402172502722
activation,ipip_stems,mean_tokens,4,rows_ge_10000,30,435,row_weighted_continuous,-0.019784369410004596,0.018338856192332532
activation,ipip_stems,mean_tokens,4,rows_ge_10000,30,435,unique_tuple_weighted_continuous,-0.02022435292868383,0.004855402172502722
activation,ipip_stems,mean_tokens,4,rows_ge_50000,22,231,row_weighted_continuous,-0.0019452514912752343,0.010217293950427385
activation,ipip_stems,mean_tokens,4,rows_ge_50000,22,231,unique_tuple_weighted_continuous,0.000987317011581528,0.02573648240814658
activation,ipip_stems,mean_tokens,4,unique_tuples_ge_10,28,378,row_weighted_continuous,-0.03997851789393878,0.0013538660613540059
activation,ipip_stems,mean_tokens,4,unique_tuples_ge_10,28,378,unique_tuple_weighted_continuous,-0.02612678109468517,0.014000688097676543
activation,ipip_stems,mean_tokens,4,unique_tuples_ge_25,24,276,row_weighted_continuous,-0.03395353236600231,-0.010255561421783367
activation,ipip_stems,mean_tokens,4,unique_tuples_ge_25,24,276,unique_tuple_weighted_continuous,-0.025333175040589823,0.011133973544898047
activation,ipip_stems,mean_tokens,4,exposure_quartile_1,8,28,row_weighted_continuous,-0.35261366525177007,-0.28078817733990147
activation,ipip_stems,mean_tokens,4,exposure_quartile_1,8,28,unique_tuple_weighted_continuous,-0.33150239102279544,-0.36015325670498083
activation,ipip_stems,mean_tokens,4,exposure_quartile_2,8,28,row_weighted_continuous,-0.0225645098248734,-0.07006020799124248
activation,ipip_stems,mean_tokens,4,exposure_quartile_2,8,28,unique_tuple_weighted_continuous,-0.00784471545079749,-0.09085933223864258
activation,ipip_stems,mean_tokens,4,exposure_quartile_3,8,28,row_weighted_continuous,0.10121438638142341,0.19704433497536944
activation,ipip_stems,mean_tokens,4,exposure_quartile_3,8,28,unique_tuple_weighted_continuous,0.08746218038344077,0.22386425834701695
activation,ipip_stems,mean_tokens,4,exposure_quartile_4,8,28,row_weighted_continuous,0.2766402980988941,0.3886152162014231
activation,ipip_stems,mean_tokens,4,exposure_quartile_4,8,28,unique_tuple_weighted_continuous,0.20059245313279528,0.2796934865900383
activation,ipip_stems,mean_tokens,4,pair_row_ratio_le_2_0,32,181,row_weighted_continuous,0.11455783219754803,0.11191994009673566
activation,ipip_stems,mean_tokens,4,pair_row_ratio_le_2_0,32,181,unique_tuple_weighted_continuous,0.08158351255871636,0.06868233056078359
activation,ipip_stems,mean_tokens,4,pair_row_ratio_le_1_5,32,117,row_weighted_continuous,0.13994036033453622,0.12083202205937447
activation,ipip_stems,mean_tokens,4,pair_row_ratio_le_1_5,32,117,unique_tuple_weighted_continuous,0.12348547739482252,0.11265716555021053
activation,ipip_stems,mean_tokens,5,all_32,32,496,row_weighted_continuous,0.04057700188067612,0.053381088092582865
activation,ipip_stems,mean_tokens,5,all_32,32,496,unique_tuple_weighted_continuous,0.017494875950593552,0.01985490656549266
activation,ipip_stems,mean_tokens,5,rows_ge_1000,30,435,row_weighted_continuous,-0.012298352600357826,0.02258399823890532
activation,ipip_stems,mean_tokens,5,rows_ge_1000,30,435,unique_tuple_weighted_continuous,-0.01890829045899018,0.004255055493434528
activation,ipip_stems,mean_tokens,5,rows_ge_10000,30,435,row_weighted_continuous,-0.012298352600357826,0.02258399823890532
activation,ipip_stems,mean_tokens,5,rows_ge_10000,30,435,unique_tuple_weighted_continuous,-0.01890829045899018,0.004255055493434528
activation,ipip_stems,mean_tokens,5,rows_ge_50000,22,231,row_weighted_continuous,-0.0024762798990083275,0.006467220934987051
activation,ipip_stems,mean_tokens,5,rows_ge_50000,22,231,unique_tuple_weighted_continuous,0.00022904552366277437,0.022574427072178195
activation,ipip_stems,mean_tokens,5,unique_tuples_ge_10,28,378,row_weighted_continuous,-0.03788848418592617,0.001001929761824221
activation,ipip_stems,mean_tokens,5,unique_tuples_ge_10,28,378,unique_tuple_weighted_continuous,-0.024928782681570155,0.012183905824156939
activation,ipip_stems,mean_tokens,5,unique_tuples_ge_25,24,276,row_weighted_continuous,-0.03286319219853172,-0.009142563604971392
activation,ipip_stems,mean_tokens,5,unique_tuples_ge_25,24,276,unique_tuple_weighted_continuous,-0.02459491597826475,0.012500963171187625
activation,ipip_stems,mean_tokens,5,exposure_quartile_1,8,28,row_weighted_continuous,-0.34577526157806954,-0.2698412698412698
activation,ipip_stems,mean_tokens,5,exposure_quartile_1,8,28,unique_tuple_weighted_continuous,-0.3258925487724165,-0.3470169677066229
activation,ipip_stems,mean_tokens,5,exposure_quartile_2,8,28,row_weighted_continuous,-0.016158654193408985,-0.03776683087027915
activation,ipip_stems,mean_tokens,5,exposure_quartile_2,8,28,unique_tuple_weighted_continuous,-0.003993562822647059,-0.06841817186644773
activation,ipip_stems,mean_tokens,5,exposure_quartile_3,8,28,row_weighted_continuous,0.08172457234119146,0.1724137931034483
activation,ipip_stems,mean_tokens,5,exposure_quartile_3,8,28,unique_tuple_weighted_continuous,0.082001623950434,0.21237000547345375
activation,ipip_stems,mean_tokens,5,exposure_quartile_4,8,28,row_weighted_continuous,0.27664373026540173,0.3864258347016967
activation,ipip_stems,mean_tokens,5,exposure_quartile_4,8,28,unique_tuple_weighted_continuous,0.19571131407957765,0.2676518883415435
activation,ipip_stems,mean_tokens,5,pair_row_ratio_le_2_0,32,181,row_weighted_continuous,0.11936994921828364,0.11007831947058465
activation,ipip_stems,mean_tokens,5,pair_row_ratio_le_2_0,32,181,unique_tuple_weighted_continuous,0.08190542066862663,0.06491611519235828
activation,ipip_stems,mean_tokens,5,pair_row_ratio_le_1_5,32,117,row_weighted_continuous,0.14152904122661897,0.11529469945600863
activation,ipip_stems,mean_tokens,5,pair_row_ratio_le_1_5,32,117,unique_tuple_weighted_continuous,0.1229128990980938,0.11051416925174962
activation,ipip_stems,mean_tokens,6,all_32,32,496,row_weighted_continuous,0.04217039664842126,0.05225989367288776
activation,ipip_stems,mean_tokens,6,all_32,32,496,unique_tuple_weighted_continuous,0.018172879027410178,0.018991269218438685
activation,ipip_stems,mean_tokens,6,rows_ge_1000,30,435,row_weighted_continuous,-0.010287259992157778,0.02139977869687741
activation,ipip_stems,mean_tokens,6,rows_ge_1000,30,435,unique_tuple_weighted_continuous,-0.017528026971411672,0.002893705981744679
activation,ipip_stems,mean_tokens,6,rows_ge_10000,30,435,row_weighted_continuous,-0.010287259992157778,0.02139977869687741
activation,ipip_stems,mean_tokens,6,rows_ge_10000,30,435,unique_tuple_weighted_continuous,-0.017528026971411672,0.002893705981744679
activation,ipip_stems,mean_tokens,6,rows_ge_50000,22,231,row_weighted_continuous,-0.006647453359999707,-0.0029215911524757107
activation,ipip_stems,mean_tokens,6,rows_ge_50000,22,231,unique_tuple_weighted_continuous,0.0010722153078960251,0.023798165852138866
activation,ipip_stems,mean_tokens,6,unique_tuples_ge_10,28,378,row_weighted_continuous,-0.03778864405521338,-0.003368390321351835
activation,ipip_stems,mean_tokens,6,unique_tuples_ge_10,28,378,unique_tuple_weighted_continuous,-0.022904449732023074,0.009903874065460819
activation,ipip_stems,mean_tokens,6,unique_tuples_ge_25,24,276,row_weighted_continuous,-0.03583924961435373,-0.016528302963713416
activation,ipip_stems,mean_tokens,6,unique_tuples_ge_25,24,276,unique_tuple_weighted_continuous,-0.023701213310869055,0.011259542529358886
activation,ipip_stems,mean_tokens,6,exposure_quartile_1,8,28,row_weighted_continuous,-0.345823823642146,-0.24904214559386975
activation,ipip_stems,mean_tokens,6,exposure_quartile_1,8,28,unique_tuple_weighted_continuous,-0.31990131980326514,-0.29392446633825947
activation,ipip_stems,mean_tokens,6,exposure_quartile_2,8,28,row_weighted_continuous,-0.009513784141697568,-0.008210180623973728
activation,ipip_stems,mean_tokens,6,exposure_quartile_2,8,28,unique_tuple_weighted_continuous,0.00917324387459615,-0.0180623973727422
activation,ipip_stems,mean_tokens,6,exposure_quartile_3,8,28,row_weighted_continuous,0.06111252823442079,0.09250136836343732
activation,ipip_stems,mean_tokens,6,exposure_quartile_3,8,28,unique_tuple_weighted_continuous,0.06985191796737063,0.12479474548440067
activation,ipip_stems,mean_tokens,6,exposure_quartile_4,8,28,row_weighted_continuous,0.27762099118233124,0.38970990695128627
activation,ipip_stems,mean_tokens,6,exposure_quartile_4,8,28,unique_tuple_weighted_continuous,0.20315218820406228,0.26491516146688554
activation,ipip_stems,mean_tokens,6,pair_row_ratio_le_2_0,32,181,row_weighted_continuous,0.12275347611412993,0.1172545686357841
activation,ipip_stems,mean_tokens,6,pair_row_ratio_le_2_0,32,181,unique_tuple_weighted_continuous,0.08794771153002902,0.07896100216542204
activation,ipip_stems,mean_tokens,6,pair_row_ratio_le_1_5,32,117,row_weighted_continuous,0.1472524069693795,0.125552608311229
activation,ipip_stems,mean_tokens,6,pair_row_ratio_le_1_5,32,117,unique_tuple_weighted_continuous,0.13236870591756839,0.1274408428119708
activation,ipip_stems,mean_tokens,7,all_32,32,496,row_weighted_continuous,0.05299548798876478,0.06693169771316068
activation,ipip_stems,mean_tokens,7,all_32,32,496,unique_tuple_weighted_continuous,0.020386351517798676,0.022083625900072967
activation,ipip_stems,mean_tokens,7,rows_ge_1000,30,435,row_weighted_continuous,0.008575772592266061,0.03905941799319762
activation,ipip_stems,mean_tokens,7,rows_ge_1000,30,435,unique_tuple_weighted_continuous,-0.014101330044172439,0.005150764574589212
activation,ipip_stems,mean_tokens,7,rows_ge_10000,30,435,row_weighted_continuous,0.008575772592266061,0.03905941799319762
activation,ipip_stems,mean_tokens,7,rows_ge_10000,30,435,unique_tuple_weighted_continuous,-0.014101330044172439,0.005150764574589212
activation,ipip_stems,mean_tokens,7,rows_ge_50000,22,231,row_weighted_continuous,0.003865294342448201,0.023624875873751436
activation,ipip_stems,mean_tokens,7,rows_ge_50000,22,231,unique_tuple_weighted_continuous,0.004428217257953555,0.031225296442687747
activation,ipip_stems,mean_tokens,7,unique_tuples_ge_10,28,378,row_weighted_continuous,-0.026683502491232296,0.012298773921920131
activation,ipip_stems,mean_tokens,7,unique_tuples_ge_10,28,378,unique_tuple_weighted_continuous,-0.01901753636309119,0.012568502878756722
activation,ipip_stems,mean_tokens,7,unique_tuples_ge_25,24,276,row_weighted_continuous,-0.027503900412832454,0.007181975143048759
activation,ipip_stems,mean_tokens,7,unique_tuples_ge_25,24,276,unique_tuple_weighted_continuous,-0.021581624213272265,0.018861603002240265
activation,ipip_stems,mean_tokens,7,exposure_quartile_1,8,28,row_weighted_continuous,-0.3375226337564987,-0.21729611384783798
activation,ipip_stems,mean_tokens,7,exposure_quartile_1,8,28,unique_tuple_weighted_continuous,-0.3118332975841866,-0.2517788724685276
activation,ipip_stems,mean_tokens,7,exposure_quartile_2,8,28,row_weighted_continuous,0.0034156118817397878,0.02079912424740011
activation,ipip_stems,mean_tokens,7,exposure_quartile_2,8,28,unique_tuple_weighted_continuous,0.010926251947019069,-0.013136288998357963
activation,ipip_stems,mean_tokens,7,exposure_quartile_3,8,28,row_weighted_continuous,0.0993561972908275,0.21346469622331687
activation,ipip_stems,mean_tokens,7,exposure_quartile_3,8,28,unique_tuple_weighted_continuous,0.09829838701266921,0.21729611384783798
activation,ipip_stems,mean_tokens,7,exposure_quartile_4,8,28,row_weighted_continuous,0.28024445973037504,0.391351943076081
activation,ipip_stems,mean_tokens,7,exposure_quartile_4,8,28,unique_tuple_weighted_continuous,0.20041508598752775,0.27038861521620144
activation,ipip_stems,mean_tokens,7,pair_row_ratio_le_2_0,32,181,row_weighted_continuous,0.14068592945940345,0.15050695161192398
activation,ipip_stems,mean_tokens,7,pair_row_ratio_le_2_0,32,181,unique_tuple_weighted_continuous,0.09277006077986362,0.0935806366745593
activation,ipip_stems,mean_tokens,7,pair_row_ratio_le_1_5,32,117,row_weighted_continuous,0.16073412030912218,0.14693761333153502
activation,ipip_stems,mean_tokens,7,pair_row_ratio_le_1_5,32,117,unique_tuple_weighted_continuous,0.13527038310702102,0.13470155404696607
activation,ipip_stems,mean_tokens,8,all_32,32,496,row_weighted_continuous,0.05573496943616545,0.06953854111964061
activation,ipip_stems,mean_tokens,8,all_32,32,496,unique_tuple_weighted_continuous,0.023868533431230188,0.027974395739048172
activation,ipip_stems,mean_tokens,8,rows_ge_1000,30,435,row_weighted_continuous,0.013913111880234991,0.04203870034711642
activation,ipip_stems,mean_tokens,8,rows_ge_1000,30,435,unique_tuple_weighted_continuous,-0.0069815742701586,0.012112919991194527
activation,ipip_stems,mean_tokens,8,rows_ge_10000,30,435,row_weighted_continuous,0.013913111880234991,0.04203870034711642
activation,ipip_stems,mean_tokens,8,rows_ge_10000,30,435,unique_tuple_weighted_continuous,-0.0069815742701586,0.012112919991194527
activation,ipip_stems,mean_tokens,8,rows_ge_50000,22,231,row_weighted_continuous,0.01201222589352876,0.0394419673280243
activation,ipip_stems,mean_tokens,8,rows_ge_50000,22,231,unique_tuple_weighted_continuous,0.015005541360469186,0.05320002336494091
activation,ipip_stems,mean_tokens,8,unique_tuples_ge_10,28,378,row_weighted_continuous,-0.015570482561911146,0.027129422907787023
activation,ipip_stems,mean_tokens,8,unique_tuples_ge_10,28,378,unique_tuple_weighted_continuous,-0.00825284683291029,0.027368712929626407
activation,ipip_stems,mean_tokens,8,unique_tuples_ge_25,24,276,row_weighted_continuous,-0.016070693598283496,0.02747049842325309
activation,ipip_stems,mean_tokens,8,unique_tuples_ge_25,24,276,unique_tuple_weighted_continuous,-0.009333144371249212,0.0405918865312995
activation,ipip_stems,mean_tokens,8,exposure_quartile_1,8,28,row_weighted_continuous,-0.3420848051974445,-0.20908593322386423
activation,ipip_stems,mean_tokens,8,exposure_quartile_1,8,28,unique_tuple_weighted_continuous,-0.3057638306047671,-0.24192665571975916
activation,ipip_stems,mean_tokens,8,exposure_quartile_2,8,28,row_weighted_continuous,0.007012571419202467,0.007662835249042145
activation,ipip_stems,mean_tokens,8,exposure_quartile_2,8,28,unique_tuple_weighted_continuous,0.005402354245622164,-0.034482758620689655
activation,ipip_stems,mean_tokens,8,exposure_quartile_3,8,28,row_weighted_continuous,0.12434927650060025,0.1992337164750958
activation,ipip_stems,mean_tokens,8,exposure_quartile_3,8,28,unique_tuple_weighted_continuous,0.14828142917093512,0.23316912972085385
activation,ipip_stems,mean_tokens,8,exposure_quartile_4,8,28,row_weighted_continuous,0.28483770939488073,0.3995621237000547
activation,ipip_stems,mean_tokens,8,exposure_quartile_4,8,28,unique_tuple_weighted_continuous,0.210666407168714,0.2895457033388068
activation,ipip_stems,mean_tokens,8,pair_row_ratio_le_2_0,32,181,row_weighted_continuous,0.15588324566855946,0.18052536781818548
activation,ipip_stems,mean_tokens,8,pair_row_ratio_le_2_0,32,181,unique_tuple_weighted_continuous,0.10618292022906431,0.12771335478517795
activation,ipip_stems,mean_tokens,8,pair_row_ratio_le_1_5,32,117,row_weighted_continuous,0.17366281190507663,0.17359768616343715
activation,ipip_stems,mean_tokens,8,pair_row_ratio_le_1_5,32,117,unique_tuple_weighted_continuous,0.14724744921183086,0.16431386653478997
activation,ipip_stems,mean_tokens,9,all_32,32,496,row_weighted_continuous,0.05650489996244475,0.06754623537903866
activation,ipip_stems,mean_tokens,9,all_32,32,496,unique_tuple_weighted_continuous,0.026212091390742227,0.03245612482323068
activation,ipip_stems,mean_tokens,9,rows_ge_1000,30,435,row_weighted_continuous,0.01693274301156742,0.039870862776027534
activation,ipip_stems,mean_tokens,9,rows_ge_1000,30,435,unique_tuple_weighted_continuous,0.0008223651775838593,0.01868378582872771
activation,ipip_stems,mean_tokens,9,rows_ge_10000,30,435,row_weighted_continuous,0.01693274301156742,0.039870862776027534
activation,ipip_stems,mean_tokens,9,rows_ge_10000,30,435,unique_tuple_weighted_continuous,0.0008223651775838593,0.01868378582872771
activation,ipip_stems,mean_tokens,9,rows_ge_50000,22,231,row_weighted_continuous,0.01927569196829442,0.050633774022079865
activation,ipip_stems,mean_tokens,9,rows_ge_50000,22,231,unique_tuple_weighted_continuous,0.023587935168099455,0.0693753772464417
activation,ipip_stems,mean_tokens,9,unique_tuples_ge_10,28,378,row_weighted_continuous,-0.010268958550522747,0.028556497940539428
activation,ipip_stems,mean_tokens,9,unique_tuples_ge_10,28,378,unique_tuple_weighted_continuous,0.0010294665303233076,0.03622688737782906
activation,ipip_stems,mean_tokens,9,unique_tuples_ge_25,24,276,row_weighted_continuous,-0.012933599945016735,0.028279847604914317
activation,ipip_stems,mean_tokens,9,unique_tuples_ge_25,24,276,unique_tuple_weighted_continuous,-0.0025303028625513167,0.05162711719296244
activation,ipip_stems,mean_tokens,9,exposure_quartile_1,8,28,row_weighted_continuous,-0.34512141695330445,-0.22003284072249588
activation,ipip_stems,mean_tokens,9,exposure_quartile_1,8,28,unique_tuple_weighted_continuous,-0.30632124655005016,-0.24794745484400657
activation,ipip_stems,mean_tokens,9,exposure_quartile_2,8,28,row_weighted_continuous,0.005280286267483145,-0.06787082649151616
activation,ipip_stems,mean_tokens,9,exposure_quartile_2,8,28,unique_tuple_weighted_continuous,0.011765024750710566,-0.08757525998905309
activation,ipip_stems,mean_tokens,9,exposure_quartile_3,8,28,row_weighted_continuous,0.09641706445309864,0.11275314723590585
activation,ipip_stems,mean_tokens,9,exposure_quartile_3,8,28,unique_tuple_weighted_continuous,0.1413427273526686,0.1724137931034483
activation,ipip_stems,mean_tokens,9,exposure_quartile_4,8,28,row_weighted_continuous,0.30315778627356715,0.3962780514504652
activation,ipip_stems,mean_tokens,9,exposure_quartile_4,8,28,unique_tuple_weighted_continuous,0.22460346638083853,0.2714833059660646
activation,ipip_stems,mean_tokens,9,pair_row_ratio_le_2_0,32,181,row_weighted_continuous,0.16120178908472255,0.18435634347236557
activation,ipip_stems,mean_tokens,9,pair_row_ratio_le_2_0,32,181,unique_tuple_weighted_continuous,0.11246618537733508,0.13770060510392002
activation,ipip_stems,mean_tokens,9,pair_row_ratio_le_1_5,32,117,row_weighted_continuous,0.17453424634020834,0.15366632198894034
activation,ipip_stems,mean_tokens,9,pair_row_ratio_le_1_5,32,117,unique_tuple_weighted_continuous,0.14849382049862747,0.14716989614710244
activation,ipip_stems,mean_tokens,10,all_32,32,496,row_weighted_continuous,0.06316753519204397,0.07725099374349714
activation,ipip_stems,mean_tokens,10,all_32,32,496,unique_tuple_weighted_continuous,0.030266158042282793,0.03815434149373268
activation,ipip_stems,mean_tokens,10,rows_ge_1000,30,435,row_weighted_continuous,0.03149131614266675,0.052471728453196136
activation,ipip_stems,mean_tokens,10,rows_ge_1000,30,435,unique_tuple_weighted_continuous,0.010193770309899815,0.026313349476701213
activation,ipip_stems,mean_tokens,10,rows_ge_10000,30,435,row_weighted_continuous,0.03149131614266675,0.052471728453196136
activation,ipip_stems,mean_tokens,10,rows_ge_10000,30,435,unique_tuple_weighted_continuous,0.010193770309899815,0.026313349476701213
activation,ipip_stems,mean_tokens,10,rows_ge_50000,22,231,row_weighted_continuous,0.027577726491002073,0.06019684962713448
activation,ipip_stems,mean_tokens,10,rows_ge_50000,22,231,unique_tuple_weighted_continuous,0.03212533077162466,0.07951284098210636
activation,ipip_stems,mean_tokens,10,unique_tuples_ge_10,28,378,row_weighted_continuous,0.001979238525448038,0.038851079065800195
activation,ipip_stems,mean_tokens,10,unique_tuples_ge_10,28,378,unique_tuple_weighted_continuous,0.011021917084928794,0.04346357753691026
activation,ipip_stems,mean_tokens,10,unique_tuples_ge_25,24,276,row_weighted_continuous,-0.0021092557038030974,0.0439160400108446
activation,ipip_stems,mean_tokens,10,unique_tuples_ge_25,24,276,unique_tuple_weighted_continuous,0.007796918383054649,0.06541630399109602
activation,ipip_stems,mean_tokens,10,exposure_quartile_1,8,28,row_weighted_continuous,-0.3359350773236864,-0.1899288451012589
activation,ipip_stems,mean_tokens,10,exposure_quartile_1,8,28,unique_tuple_weighted_continuous,-0.2984394294344295,-0.2260536398467433
activation,ipip_stems,mean_tokens,10,exposure_quartile_2,8,28,row_weighted_continuous,0.02549425222492981,-0.03503010399562124
activation,ipip_stems,mean_tokens,10,exposure_quartile_2,8,28,unique_tuple_weighted_continuous,0.01867828385187207,-0.07279693486590037
activation,ipip_stems,mean_tokens,10,exposure_quartile_3,8,28,row_weighted_continuous,0.19864766744715417,0.18664477285166942
activation,ipip_stems,mean_tokens,10,exposure_quartile_3,8,28,unique_tuple_weighted_continuous,0.24354745697319374,0.2375478927203065
activation,ipip_stems,mean_tokens,10,exposure_quartile_4,8,28,row_weighted_continuous,0.32545686293094417,0.40777230432402845
activation,ipip_stems,mean_tokens,10,exposure_quartile_4,8,28,unique_tuple_weighted_continuous,0.2486408695864527,0.2884510125889437
activation,ipip_stems,mean_tokens,10,pair_row_ratio_le_2_0,32,181,row_weighted_continuous,0.18411970360116942,0.21664946471576307
activation,ipip_stems,mean_tokens,10,pair_row_ratio_le_2_0,32,181,unique_tuple_weighted_continuous,0.13052817449600979,0.16517110881751762
activation,ipip_stems,mean_tokens,10,pair_row_ratio_le_1_5,32,117,row_weighted_continuous,0.19820268242684394,0.18349593130423053
activation,ipip_stems,mean_tokens,10,pair_row_ratio_le_1_5,32,117,unique_tuple_weighted_continuous,0.16569917393025776,0.1731106415501506
activation,ipip_stems,mean_tokens,11,all_32,32,496,row_weighted_continuous,0.07196876153281731,0.08749191139013947
activation,ipip_stems,mean_tokens,11,all_32,32,496,unique_tuple_weighted_continuous,0.03010219564392053,0.04112082072100246
activation,ipip_stems,mean_tokens,11,rows_ge_1000,30,435,row_weighted_continuous,0.05170400196978114,0.06546242584960427
activation,ipip_stems,mean_tokens,11,rows_ge_1000,30,435,unique_tuple_weighted_continuous,0.01454179555538393,0.030580796778712914
activation,ipip_stems,mean_tokens,11,rows_ge_10000,30,435,row_weighted_continuous,0.05170400196978114,0.06546242584960427
activation,ipip_stems,mean_tokens,11,rows_ge_10000,30,435,unique_tuple_weighted_continuous,0.01454179555538393,0.030580796778712914
activation,ipip_stems,mean_tokens,11,rows_ge_50000,22,231,row_weighted_continuous,0.03349287723120651,0.07382250433224945
activation,ipip_stems,mean_tokens,11,rows_ge_50000,22,231,unique_tuple_weighted_continuous,0.03742684647319226,0.09095874140851654
activation,ipip_stems,mean_tokens,11,unique_tuples_ge_10,28,378,row_weighted_continuous,0.011957109344354393,0.049838868053771156
activation,ipip_stems,mean_tokens,11,unique_tuples_ge_10,28,378,unique_tuple_weighted_continuous,0.01736003634362784,0.0496688988182028
activation,ipip_stems,mean_tokens,11,unique_tuples_ge_25,24,276,row_weighted_continuous,0.006920427942406203,0.058130449051811486
activation,ipip_stems,mean_tokens,11,unique_tuples_ge_25,24,276,unique_tuple_weighted_continuous,0.01616425603115018,0.07620325052439321
activation,ipip_stems,mean_tokens,11,exposure_quartile_1,8,28,row_weighted_continuous,-0.3220795051184301,-0.16639299397920088
activation,ipip_stems,mean_tokens,11,exposure_quartile_1,8,28,unique_tuple_weighted_continuous,-0.2971245887577691,-0.2129173508483853
activation,ipip_stems,mean_tokens,11,exposure_quartile_2,8,28,row_weighted_continuous,0.03919986411281964,-0.021893814997263273
activation,ipip_stems,mean_tokens,11,exposure_quartile_2,8,28,unique_tuple_weighted_continuous,0.022398446569380406,-0.07334428024083196
activation,ipip_stems,mean_tokens,11,exposure_quartile_3,8,28,row_weighted_continuous,0.16711010184201874,0.14942528735632182
activation,ipip_stems,mean_tokens,11,exposure_quartile_3,8,28,unique_tuple_weighted_continuous,0.2158517950232164,0.20142309797482214
activation,ipip_stems,mean_tokens,11,exposure_quartile_4,8,28,row_weighted_continuous,0.31660037603967944,0.38970990695128627
activation,ipip_stems,mean_tokens,11,exposure_quartile_4,8,28,unique_tuple_weighted_continuous,0.24674934007914423,0.27805145046524354
activation,ipip_stems,mean_tokens,11,pair_row_ratio_le_2_0,32,181,row_weighted_continuous,0.19536082278705444,0.22293930746969418
activation,ipip_stems,mean_tokens,11,pair_row_ratio_le_2_0,32,181,unique_tuple_weighted_continuous,0.12832759621450365,0.16635298403254203
activation,ipip_stems,mean_tokens,11,pair_row_ratio_le_1_5,32,117,row_weighted_continuous,0.20585734851195142,0.2039068470979634
activation,ipip_stems,mean_tokens,11,pair_row_ratio_le_1_5,32,117,unique_tuple_weighted_continuous,0.16437243718645925,0.1902546119378381
activation,ipip_stems,mean_tokens,12,all_32,32,496,row_weighted_continuous,0.07128756867062197,0.08335693535602667
activation,ipip_stems,mean_tokens,12,all_32,32,496,unique_tuple_weighted_continuous,0.03024818916446271,0.03751020295772681
activation,ipip_stems,mean_tokens,12,rows_ge_1000,30,435,row_weighted_continuous,0.04945331958958539,0.06019182519677463
activation,ipip_stems,mean_tokens,12,rows_ge_1000,30,435,unique_tuple_weighted_continuous,0.013658314470120971,0.02627559090703665
activation,ipip_stems,mean_tokens,12,rows_ge_10000,30,435,row_weighted_continuous,0.04945331958958539,0.06019182519677463
activation,ipip_stems,mean_tokens,12,rows_ge_10000,30,435,unique_tuple_weighted_continuous,0.013658314470120971,0.02627559090703665
activation,ipip_stems,mean_tokens,12,rows_ge_50000,22,231,row_weighted_continuous,0.02595815605668274,0.056609357658832925
activation,ipip_stems,mean_tokens,12,rows_ge_50000,22,231,unique_tuple_weighted_continuous,0.03295130411377254,0.0787778188827664
activation,ipip_stems,mean_tokens,12,unique_tuples_ge_10,28,378,row_weighted_continuous,0.01070419567917018,0.0445795977594722
activation,ipip_stems,mean_tokens,12,unique_tuples_ge_10,28,378,unique_tuple_weighted_continuous,0.016456721207470548,0.04472712661230539
activation,ipip_stems,mean_tokens,12,unique_tuples_ge_25,24,276,row_weighted_continuous,0.0037568666722690887,0.04889370870849446
activation,ipip_stems,mean_tokens,12,unique_tuples_ge_25,24,276,unique_tuple_weighted_continuous,0.014787262696421034,0.06879582197742613
activation,ipip_stems,mean_tokens,12,exposure_quartile_1,8,28,row_weighted_continuous,-0.326163436230129,-0.1839080459770115
activation,ipip_stems,mean_tokens,12,exposure_quartile_1,8,28,unique_tuple_weighted_continuous,-0.3004717329433503,-0.2370005473453749
activation,ipip_stems,mean_tokens,12,exposure_quartile_2,8,28,row_weighted_continuous,0.041300875752526583,0.0071154898741105635
activation,ipip_stems,mean_tokens,12,exposure_quartile_2,8,28,unique_tuple_weighted_continuous,0.02116079041215577,-0.05747126436781609
activation,ipip_stems,mean_tokens,12,exposure_quartile_3,8,28,row_weighted_continuous,0.08982059398887693,0.041050903119868636
activation,ipip_stems,mean_tokens,12,exposure_quartile_3,8,28,unique_tuple_weighted_continuous,0.1626767280890571,0.12096332785987958
activation,ipip_stems,mean_tokens,12,exposure_quartile_4,8,28,row_weighted_continuous,0.3164400218857822,0.37328954570333883
activation,ipip_stems,mean_tokens,12,exposure_quartile_4,8,28,unique_tuple_weighted_continuous,0.24274379092786097,0.25779967159277506
activation,ipip_stems,mean_tokens,12,pair_row_ratio_le_2_0,32,181,row_weighted_continuous,0.18919681237912692,0.20525772569971462
activation,ipip_stems,mean_tokens,12,pair_row_ratio_le_2_0,32,181,unique_tuple_weighted_continuous,0.12319080417546427,0.15288689211341142
activation,ipip_stems,mean_tokens,12,pair_row_ratio_le_1_5,32,117,row_weighted_continuous,0.19475182549555325,0.1738149829909035
activation,ipip_stems,mean_tokens,12,pair_row_ratio_le_1_5,32,117,unique_tuple_weighted_continuous,0.15457044249140872,0.1666142157083127
activation,ipip_stems,mean_tokens,13,all_32,32,496,row_weighted_continuous,0.07041287341094976,0.0807865767429602
activation,ipip_stems,mean_tokens,13,all_32,32,496,unique_tuple_weighted_continuous,0.029415232264118744,0.035547694770775184
activation,ipip_stems,mean_tokens,13,rows_ge_1000,30,435,row_weighted_continuous,0.048269949627252305,0.05688875217403347
activation,ipip_stems,mean_tokens,13,rows_ge_1000,30,435,unique_tuple_weighted_continuous,0.013482459108078625,0.02425660082485709
activation,ipip_stems,mean_tokens,13,rows_ge_10000,30,435,row_weighted_continuous,0.048269949627252305,0.05688875217403347
activation,ipip_stems,mean_tokens,13,rows_ge_10000,30,435,unique_tuple_weighted_continuous,0.013482459108078625,0.02425660082485709
activation,ipip_stems,mean_tokens,13,rows_ge_50000,22,231,row_weighted_continuous,0.02990498950304239,0.05961467318288908
activation,ipip_stems,mean_tokens,13,rows_ge_50000,22,231,unique_tuple_weighted_continuous,0.036796327708743845,0.07939212212075782
activation,ipip_stems,mean_tokens,13,unique_tuples_ge_10,28,378,row_weighted_continuous,0.015163152400238408,0.046670108265959416
activation,ipip_stems,mean_tokens,13,unique_tuples_ge_10,28,378,unique_tuple_weighted_continuous,0.01923371544621978,0.04497530391443593
activation,ipip_stems,mean_tokens,13,unique_tuples_ge_25,24,276,row_weighted_continuous,0.004330293263188087,0.04672307758165552
activation,ipip_stems,mean_tokens,13,unique_tuples_ge_25,24,276,unique_tuple_weighted_continuous,0.016753653531566944,0.0674431015539162
activation,ipip_stems,mean_tokens,13,exposure_quartile_1,8,28,row_weighted_continuous,-0.33832611609881524,-0.21072796934865898
activation,ipip_stems,mean_tokens,13,exposure_quartile_1,8,28,unique_tuple_weighted_continuous,-0.3117607763802621,-0.25287356321839083
activation,ipip_stems,mean_tokens,13,exposure_quartile_2,8,28,row_weighted_continuous,0.04886143011299772,0.03229337712096333
activation,ipip_stems,mean_tokens,13,exposure_quartile_2,8,28,unique_tuple_weighted_continuous,0.021027268829905577,-0.03338806787082649
activation,ipip_stems,mean_tokens,13,exposure_quartile_3,8,28,row_weighted_continuous,0.10419348807515064,0.07936507936507936
activation,ipip_stems,mean_tokens,13,exposure_quartile_3,8,28,unique_tuple_weighted_continuous,0.18939556884574593,0.15216201423097975
activation,ipip_stems,mean_tokens,13,exposure_quartile_4,8,28,row_weighted_continuous,0.33427339404555184,0.3760262725779967
activation,ipip_stems,mean_tokens,13,exposure_quartile_4,8,28,unique_tuple_weighted_continuous,0.2613202817495779,0.25889436234263824
activation,ipip_stems,mean_tokens,13,pair_row_ratio_le_2_0,32,181,row_weighted_continuous,0.1915043629516091,0.20788254103171228
activation,ipip_stems,mean_tokens,13,pair_row_ratio_le_2_0,32,181,unique_tuple_weighted_continuous,0.1197975327475651,0.14905389270030153
activation,ipip_stems,mean_tokens,13,pair_row_ratio_le_1_5,32,117,row_weighted_continuous,0.19515504159474986,0.17493143910443734
activation,ipip_stems,mean_tokens,13,pair_row_ratio_le_1_5,32,117,unique_tuple_weighted_continuous,0.15044224296924294,0.16109187909304798
activation,ipip_stems,mean_tokens,14,all_32,32,496,row_weighted_continuous,0.069792602676776,0.07680953757737037
activation,ipip_stems,mean_tokens,14,all_32,32,496,unique_tuple_weighted_continuous,0.02849278409118887,0.0312577321209761
activation,ipip_stems,mean_tokens,14,rows_ge_1000,30,435,row_weighted_continuous,0.04773730036608214,0.05228410189273942
activation,ipip_stems,mean_tokens,14,rows_ge_1000,30,435,unique_tuple_weighted_continuous,0.01370039327073239,0.02007808297263451
activation,ipip_stems,mean_tokens,14,rows_ge_10000,30,435,row_weighted_continuous,0.04773730036608214,0.05228410189273942
activation,ipip_stems,mean_tokens,14,rows_ge_10000,30,435,unique_tuple_weighted_continuous,0.01370039327073239,0.02007808297263451
activation,ipip_stems,mean_tokens,14,rows_ge_50000,22,231,row_weighted_continuous,0.02972485479502448,0.05241535076617536
activation,ipip_stems,mean_tokens,14,rows_ge_50000,22,231,unique_tuple_weighted_continuous,0.04122481841170747,0.07856266671858876
activation,ipip_stems,mean_tokens,14,unique_tuples_ge_10,28,378,row_weighted_continuous,0.014472781987394715,0.04147016056760393
activation,ipip_stems,mean_tokens,14,unique_tuples_ge_10,28,378,unique_tuple_weighted_continuous,0.018915240911015447,0.041381732128706925
activation,ipip_stems,mean_tokens,14,unique_tuples_ge_25,24,276,row_weighted_continuous,0.00590655850181553,0.039302521368131164
activation,ipip_stems,mean_tokens,14,unique_tuples_ge_25,24,276,unique_tuple_weighted_continuous,0.02224494456295481,0.06510352306616629
activation,ipip_stems,mean_tokens,14,exposure_quartile_1,8,28,row_weighted_continuous,-0.33632291366764344,-0.20525451559934318
activation,ipip_stems,mean_tokens,14,exposure_quartile_1,8,28,unique_tuple_weighted_continuous,-0.308568303701694,-0.24083196496989598
activation,ipip_stems,mean_tokens,14,exposure_quartile_2,8,28,row_weighted_continuous,0.052600217435414334,0.062397372742200335
activation,ipip_stems,mean_tokens,14,exposure_quartile_2,8,28,unique_tuple_weighted_continuous,0.030232187028758954,-0.004378762999452655
activation,ipip_stems,mean_tokens,14,exposure_quartile_3,8,28,row_weighted_continuous,0.05046486327012021,0.05473453749315818
activation,ipip_stems,mean_tokens,14,exposure_quartile_3,8,28,unique_tuple_weighted_continuous,0.16820652572698463,0.1510673234811166
activation,ipip_stems,mean_tokens,14,exposure_quartile_4,8,28,row_weighted_continuous,0.33996416524517714,0.39244663382594414
activation,ipip_stems,mean_tokens,14,exposure_quartile_4,8,28,unique_tuple_weighted_continuous,0.2675391253197142,0.28078817733990147
activation,ipip_stems,mean_tokens,14,pair_row_ratio_le_2_0,32,181,row_weighted_continuous,0.19067019122764933,0.20595389877157833
activation,ipip_stems,mean_tokens,14,pair_row_ratio_le_2_0,32,181,unique_tuple_weighted_continuous,0.12503163030662387,0.1534596158905551
activation,ipip_stems,mean_tokens,14,pair_row_ratio_le_1_5,32,117,row_weighted_continuous,0.18328733009205522,0.15966821022344105
activation,ipip_stems,mean_tokens,14,pair_row_ratio_le_1_5,32,117,unique_tuple_weighted_continuous,0.14476926369631038,0.15392857678071
activation,ipip_stems,mean_tokens,15,all_32,32,496,row_weighted_continuous,0.07383310393882685,0.08223288902525612
activation,ipip_stems,mean_tokens,15,all_32,32,496,unique_tuple_weighted_continuous,0.028511593699311718,0.03381746982383057
activation,ipip_stems,mean_tokens,15,rows_ge_1000,30,435,row_weighted_continuous,0.05710898353289086,0.05938723235515798
activation,ipip_stems,mean_tokens,15,rows_ge_1000,30,435,unique_tuple_weighted_continuous,0.01734763823979178,0.023951470761892125
activation,ipip_stems,mean_tokens,15,rows_ge_10000,30,435,row_weighted_continuous,0.05710898353289086,0.05938723235515798
activation,ipip_stems,mean_tokens,15,rows_ge_10000,30,435,unique_tuple_weighted_continuous,0.01734763823979178,0.023951470761892125
activation,ipip_stems,mean_tokens,15,rows_ge_50000,22,231,row_weighted_continuous,0.04130207038415585,0.06617243326388754
activation,ipip_stems,mean_tokens,15,rows_ge_50000,22,231,unique_tuple_weighted_continuous,0.054428048059237864,0.09009910629101034
activation,ipip_stems,mean_tokens,15,unique_tuples_ge_10,28,378,row_weighted_continuous,0.024025445781149797,0.04937428547655097
activation,ipip_stems,mean_tokens,15,unique_tuples_ge_10,28,378,unique_tuple_weighted_continuous,0.023917041280892618,0.04611887470590045
activation,ipip_stems,mean_tokens,15,unique_tuples_ge_25,24,276,row_weighted_continuous,0.018123741111539478,0.051563191164509636
activation,ipip_stems,mean_tokens,15,unique_tuples_ge_25,24,276,unique_tuple_weighted_continuous,0.03476651999391539,0.07397268874587977
activation,ipip_stems,mean_tokens,15,exposure_quartile_1,8,28,row_weighted_continuous,-0.32344718379309884,-0.18336070060207993
activation,ipip_stems,mean_tokens,15,exposure_quartile_1,8,28,unique_tuple_weighted_continuous,-0.2941749256349446,-0.22112753147235906
activation,ipip_stems,mean_tokens,15,exposure_quartile_2,8,28,row_weighted_continuous,0.07088225100727279,0.09140667761357417
activation,ipip_stems,mean_tokens,15,exposure_quartile_2,8,28,unique_tuple_weighted_continuous,0.03969984430685915,0.01696770662287904
activation,ipip_stems,mean_tokens,15,exposure_quartile_3,8,28,row_weighted_continuous,0.03605094980026197,0.05363984674329502
activation,ipip_stems,mean_tokens,15,exposure_quartile_3,8,28,unique_tuple_weighted_continuous,0.14828671807891927,0.12807881773399013
activation,ipip_stems,mean_tokens,15,exposure_quartile_4,8,28,row_weighted_continuous,0.32985354781656856,0.38970990695128627
activation,ipip_stems,mean_tokens,15,exposure_quartile_4,8,28,unique_tuple_weighted_continuous,0.25247728706129946,0.27203065134099613
activation,ipip_stems,mean_tokens,15,pair_row_ratio_le_2_0,32,181,row_weighted_continuous,0.20049563634943765,0.21166089895371662
activation,ipip_stems,mean_tokens,15,pair_row_ratio_le_2_0,32,181,unique_tuple_weighted_continuous,0.1325828890416333,0.15756379900026307
activation,ipip_stems,mean_tokens,15,pair_row_ratio_le_1_5,32,117,row_weighted_continuous,0.18762586723993493,0.16029012872963777
activation,ipip_stems,mean_tokens,15,pair_row_ratio_le_1_5,32,117,unique_tuple_weighted_continuous,0.14556010524568344,0.14866849495721499
activation,ipip_stems,mean_tokens,16,all_32,32,496,row_weighted_continuous,0.07760100940683315,0.0826487763334651
activation,ipip_stems,mean_tokens,16,all_32,32,496,unique_tuple_weighted_continuous,0.027387014728472395,0.029250871799713234
activation,ipip_stems,mean_tokens,16,rows_ge_1000,30,435,row_weighted_continuous,0.062053788204572614,0.05979222581665663
activation,ipip_stems,mean_tokens,16,rows_ge_1000,30,435,unique_tuple_weighted_continuous,0.014859584154763718,0.01813548474568364
activation,ipip_stems,mean_tokens,16,rows_ge_10000,30,435,row_weighted_continuous,0.062053788204572614,0.05979222581665663
activation,ipip_stems,mean_tokens,16,rows_ge_10000,30,435,unique_tuple_weighted_continuous,0.014859584154763718,0.01813548474568364
activation,ipip_stems,mean_tokens,16,rows_ge_50000,22,231,row_weighted_continuous,0.03863041295235335,0.05954555189937499
activation,ipip_stems,mean_tokens,16,rows_ge_50000,22,231,unique_tuple_weighted_continuous,0.0509579989302554,0.07991393913432895
activation,ipip_stems,mean_tokens,16,unique_tuples_ge_10,28,378,row_weighted_continuous,0.030005291433331818,0.04906834085252791
activation,ipip_stems,mean_tokens,16,unique_tuples_ge_10,28,378,unique_tuple_weighted_continuous,0.024048474017100863,0.039907110146396835
activation,ipip_stems,mean_tokens,16,unique_tuples_ge_25,24,276,row_weighted_continuous,0.018744796272015588,0.046748762146658865
activation,ipip_stems,mean_tokens,16,unique_tuples_ge_25,24,276,unique_tuple_weighted_continuous,0.03388475750364335,0.06493685877770008
activation,ipip_stems,mean_tokens,16,exposure_quartile_1,8,28,row_weighted_continuous,-0.32366764499556827,-0.20032840722495895
activation,ipip_stems,mean_tokens,16,exposure_quartile_1,8,28,unique_tuple_weighted_continuous,-0.28943880898166147,-0.23535851122058019
activation,ipip_stems,mean_tokens,16,exposure_quartile_2,8,28,row_weighted_continuous,0.10783084569136747,0.10509031198686371
activation,ipip_stems,mean_tokens,16,exposure_quartile_2,8,28,unique_tuple_weighted_continuous,0.06288254145068074,0.021893814997263273
activation,ipip_stems,mean_tokens,16,exposure_quartile_3,8,28,row_weighted_continuous,0.014329795934981116,0.06349206349206349
activation,ipip_stems,mean_tokens,16,exposure_quartile_3,8,28,unique_tuple_weighted_continuous,0.13245837634236207,0.1346469622331691
activation,ipip_stems,mean_tokens,16,exposure_quartile_4,8,28,row_weighted_continuous,0.33676312179752466,0.35851122058018614
activation,ipip_stems,mean_tokens,16,exposure_quartile_4,8,28,unique_tuple_weighted_continuous,0.27019452645437797,0.25287356321839083
activation,ipip_stems,mean_tokens,16,pair_row_ratio_le_2_0,32,181,row_weighted_continuous,0.20333843938529633,0.2155971100722482
activation,ipip_stems,mean_tokens,16,pair_row_ratio_le_2_0,32,181,unique_tuple_weighted_continuous,0.12943315705532787,0.15621395179406228
activation,ipip_stems,mean_tokens,16,pair_row_ratio_le_1_5,32,117,row_weighted_continuous,0.19782105331930103,0.17235384915104376
activation,ipip_stems,mean_tokens,16,pair_row_ratio_le_1_5,32,117,unique_tuple_weighted_continuous,0.15059486027192465,0.15518739978120455
activation,ipip_stems,mean_tokens,17,all_32,32,496,row_weighted_continuous,0.07747149784891809,0.08202902655424237
activation,ipip_stems,mean_tokens,17,all_32,32,496,unique_tuple_weighted_continuous,0.028099798890109613,0.032318643041041956
activation,ipip_stems,mean_tokens,17,rows_ge_1000,30,435,row_weighted_continuous,0.0627746545694719,0.059683761045110556
activation,ipip_stems,mean_tokens,17,rows_ge_1000,30,435,unique_tuple_weighted_continuous,0.02104586338068145,0.023460026212319792
activation,ipip_stems,mean_tokens,17,rows_ge_10000,30,435,row_weighted_continuous,0.0627746545694719,0.059683761045110556
activation,ipip_stems,mean_tokens,17,rows_ge_10000,30,435,unique_tuple_weighted_continuous,0.02104586338068145,0.023460026212319792
activation,ipip_stems,mean_tokens,17,rows_ge_50000,22,231,row_weighted_continuous,0.05358222876263522,0.07169824178819681
activation,ipip_stems,mean_tokens,17,rows_ge_50000,22,231,unique_tuple_weighted_continuous,0.0673494765738391,0.09430966335014311
activation,ipip_stems,mean_tokens,17,unique_tuples_ge_10,28,378,row_weighted_continuous,0.04473326361719215,0.05950978428460005
activation,ipip_stems,mean_tokens,17,unique_tuples_ge_10,28,378,unique_tuple_weighted_continuous,0.035528761025953516,0.04908544886708839
activation,ipip_stems,mean_tokens,17,unique_tuples_ge_25,24,276,row_weighted_continuous,0.03617227884354239,0.05960417231489277
activation,ipip_stems,mean_tokens,17,unique_tuples_ge_25,24,276,unique_tuple_weighted_continuous,0.050427306088539674,0.07607825230804355
activation,ipip_stems,mean_tokens,17,exposure_quartile_1,8,28,row_weighted_continuous,-0.3241448845473541,-0.21346469622331687
activation,ipip_stems,mean_tokens,17,exposure_quartile_1,8,28,unique_tuple_weighted_continuous,-0.2778135940550691,-0.23097974822112752
activation,ipip_stems,mean_tokens,17,exposure_quartile_2,8,28,row_weighted_continuous,0.1440777215483546,0.1598248494800219
activation,ipip_stems,mean_tokens,17,exposure_quartile_2,8,28,unique_tuple_weighted_continuous,0.08179024878912154,0.03503010399562124
activation,ipip_stems,mean_tokens,17,exposure_quartile_3,8,28,row_weighted_continuous,0.0368264392003729,0.058018609742747675
activation,ipip_stems,mean_tokens,17,exposure_quartile_3,8,28,unique_tuple_weighted_continuous,0.17632995376194452,0.15216201423097975
activation,ipip_stems,mean_tokens,17,exposure_quartile_4,8,28,row_weighted_continuous,0.36273512536269825,0.4039408866995074
activation,ipip_stems,mean_tokens,17,exposure_quartile_4,8,28,unique_tuple_weighted_continuous,0.30045878986669194,0.29337712096332785
activation,ipip_stems,mean_tokens,17,pair_row_ratio_le_2_0,32,181,row_weighted_continuous,0.20912561405785424,0.22580697387327223
activation,ipip_stems,mean_tokens,17,pair_row_ratio_le_2_0,32,181,unique_tuple_weighted_continuous,0.13289904893121954,0.1668265436221237
activation,ipip_stems,mean_tokens,17,pair_row_ratio_le_1_5,32,117,row_weighted_continuous,0.19875621073009508,0.1806111285947639
activation,ipip_stems,mean_tokens,17,pair_row_ratio_le_1_5,32,117,unique_tuple_weighted_continuous,0.14645164226456936,0.1614290638253233
activation,ipip_stems,mean_tokens,18,all_32,32,496,row_weighted_continuous,0.08646538214568698,0.09344601332334182
activation,ipip_stems,mean_tokens,18,all_32,32,496,unique_tuple_weighted_continuous,0.029942932268350715,0.03829634699693764
activation,ipip_stems,mean_tokens,18,rows_ge_1000,30,435,row_weighted_continuous,0.08050267040911024,0.07509494312159862
activation,ipip_stems,mean_tokens,18,rows_ge_1000,30,435,unique_tuple_weighted_continuous,0.027755391947201988,0.03190584558057081
activation,ipip_stems,mean_tokens,18,rows_ge_10000,30,435,row_weighted_continuous,0.08050267040911024,0.07509494312159862
activation,ipip_stems,mean_tokens,18,rows_ge_10000,30,435,unique_tuple_weighted_continuous,0.027755391947201988,0.03190584558057081
activation,ipip_stems,mean_tokens,18,rows_ge_50000,22,231,row_weighted_continuous,0.07283375613004407,0.0820304133647462
activation,ipip_stems,mean_tokens,18,rows_ge_50000,22,231,unique_tuple_weighted_continuous,0.08672447988541346,0.10374715239782706
activation,ipip_stems,mean_tokens,18,unique_tuples_ge_10,28,378,row_weighted_continuous,0.0644817335981564,0.07551333208689227
activation,ipip_stems,mean_tokens,18,unique_tuples_ge_10,28,378,unique_tuple_weighted_continuous,0.05018238473810307,0.06107305688781441
activation,ipip_stems,mean_tokens,18,unique_tuples_ge_25,24,276,row_weighted_continuous,0.059642817178089065,0.07406800702044777
activation,ipip_stems,mean_tokens,18,unique_tuples_ge_25,24,276,unique_tuple_weighted_continuous,0.07309726211143643,0.08814314864228535
activation,ipip_stems,mean_tokens,18,exposure_quartile_1,8,28,row_weighted_continuous,-0.3122574204821487,-0.22933771209633277
activation,ipip_stems,mean_tokens,18,exposure_quartile_1,8,28,unique_tuple_weighted_continuous,-0.27119885826740064,-0.2660098522167488
activation,ipip_stems,mean_tokens,18,exposure_quartile_2,8,28,row_weighted_continuous,0.19606339797325284,0.21784345922276957
activation,ipip_stems,mean_tokens,18,exposure_quartile_2,8,28,unique_tuple_weighted_continuous,0.12023698214450758,0.09742747673782157
activation,ipip_stems,mean_tokens,18,exposure_quartile_3,8,28,row_weighted_continuous,0.042910030626207546,0.07279693486590037
activation,ipip_stems,mean_tokens,18,exposure_quartile_3,8,28,unique_tuple_weighted_continuous,0.18374226817897144,0.17296113847837985
activation,ipip_stems,mean_tokens,18,exposure_quartile_4,8,28,row_weighted_continuous,0.3892068451007039,0.43349753694581283
activation,ipip_stems,mean_tokens,18,exposure_quartile_4,8,28,unique_tuple_weighted_continuous,0.32144614500563073,0.3223864258347017
activation,ipip_stems,mean_tokens,18,pair_row_ratio_le_2_0,32,181,row_weighted_continuous,0.21569250451061642,0.2322182421629935
activation,ipip_stems,mean_tokens,18,pair_row_ratio_le_2_0,32,181,unique_tuple_weighted_continuous,0.13307559363537863,0.17128690830348287
activation,ipip_stems,mean_tokens,18,pair_row_ratio_le_1_5,32,117,row_weighted_continuous,0.20065848520552387,0.18072352350552232
activation,ipip_stems,mean_tokens,18,pair_row_ratio_le_1_5,32,117,unique_tuple_weighted_continuous,0.14360322519620375,0.1613466408907671
activation,ipip_stems,mean_tokens,19,all_32,32,496,row_weighted_continuous,0.0895969113962832,0.09972159447397974
activation,ipip_stems,mean_tokens,19,all_32,32,496,unique_tuple_weighted_continuous,0.029466047524410486,0.04191689727809673
activation,ipip_stems,mean_tokens,19,rows_ge_1000,30,435,row_weighted_continuous,0.08649519502559581,0.08315792849780665
activation,ipip_stems,mean_tokens,19,rows_ge_1000,30,435,unique_tuple_weighted_continuous,0.029064280760610454,0.03681504278089678
activation,ipip_stems,mean_tokens,19,rows_ge_10000,30,435,row_weighted_continuous,0.08649519502559581,0.08315792849780665
activation,ipip_stems,mean_tokens,19,rows_ge_10000,30,435,unique_tuple_weighted_continuous,0.029064280760610454,0.03681504278089678
activation,ipip_stems,mean_tokens,19,rows_ge_50000,22,231,row_weighted_continuous,0.08258613102173734,0.09488502501995756
activation,ipip_stems,mean_tokens,19,rows_ge_50000,22,231,unique_tuple_weighted_continuous,0.09465704959388935,0.11447068673455481
activation,ipip_stems,mean_tokens,19,unique_tuples_ge_10,28,378,row_weighted_continuous,0.07549341593796488,0.0876924609978927
activation,ipip_stems,mean_tokens,19,unique_tuples_ge_10,28,378,unique_tuple_weighted_continuous,0.05634698233084524,0.06898429162099437
activation,ipip_stems,mean_tokens,19,unique_tuples_ge_25,24,276,row_weighted_continuous,0.07239695556195833,0.09130977012314323
activation,ipip_stems,mean_tokens,19,unique_tuples_ge_25,24,276,unique_tuple_weighted_continuous,0.08225286968964554,0.10017836503474552
activation,ipip_stems,mean_tokens,19,exposure_quartile_1,8,28,row_weighted_continuous,-0.31254317716290836,-0.23152709359605914
activation,ipip_stems,mean_tokens,19,exposure_quartile_1,8,28,unique_tuple_weighted_continuous,-0.272829391485864,-0.2747673782156541
activation,ipip_stems,mean_tokens,19,exposure_quartile_2,8,28,row_weighted_continuous,0.23651074984892675,0.2194854953475643
activation,ipip_stems,mean_tokens,19,exposure_quartile_2,8,28,unique_tuple_weighted_continuous,0.14190920860546666,0.09578544061302681
activation,ipip_stems,mean_tokens,19,exposure_quartile_3,8,28,row_weighted_continuous,0.06115868752331423,0.07498631636562669
activation,ipip_stems,mean_tokens,19,exposure_quartile_3,8,28,unique_tuple_weighted_continuous,0.20231728705099158,0.19157088122605362
activation,ipip_stems,mean_tokens,19,exposure_quartile_4,8,28,row_weighted_continuous,0.3912761422305526,0.4220032840722496
activation,ipip_stems,mean_tokens,19,exposure_quartile_4,8,28,unique_tuple_weighted_continuous,0.3235921251210432,0.3054187192118227
activation,ipip_stems,mean_tokens,19,pair_row_ratio_le_2_0,32,181,row_weighted_continuous,0.21511384424888869,0.23667051180863335
activation,ipip_stems,mean_tokens,19,pair_row_ratio_le_2_0,32,181,unique_tuple_weighted_continuous,0.1247727837391586,0.17040252565114442
activation,ipip_stems,mean_tokens,19,pair_row_ratio_le_1_5,32,117,row_weighted_continuous,0.1966989814890222,0.1814053859641235
activation,ipip_stems,mean_tokens,19,pair_row_ratio_le_1_5,32,117,unique_tuple_weighted_continuous,0.13198159400626508,0.1559591781684125
activation,ipip_stems,mean_tokens,20,all_32,32,496,row_weighted_continuous,0.07961282310256315,0.09307910021222152
activation,ipip_stems,mean_tokens,20,all_32,32,496,unique_tuple_weighted_continuous,0.027163155469019172,0.043592050838756884
activation,ipip_stems,mean_tokens,20,rows_ge_1000,30,435,row_weighted_continuous,0.06803951565743077,0.07504275173959124
activation,ipip_stems,mean_tokens,20,rows_ge_1000,30,435,unique_tuple_weighted_continuous,0.0256738842545576,0.039347928454070855
activation,ipip_stems,mean_tokens,20,rows_ge_10000,30,435,row_weighted_continuous,0.06803951565743077,0.07504275173959124
activation,ipip_stems,mean_tokens,20,rows_ge_10000,30,435,unique_tuple_weighted_continuous,0.0256738842545576,0.039347928454070855
activation,ipip_stems,mean_tokens,20,rows_ge_50000,22,231,row_weighted_continuous,0.08950480947111739,0.0997663505909383
activation,ipip_stems,mean_tokens,20,rows_ge_50000,22,231,unique_tuple_weighted_continuous,0.10456827422899637,0.120674078545143
activation,ipip_stems,mean_tokens,20,unique_tuples_ge_10,28,378,row_weighted_continuous,0.078751080216716,0.09260646045288026
activation,ipip_stems,mean_tokens,20,unique_tuples_ge_10,28,378,unique_tuple_weighted_continuous,0.061546847562073126,0.07501008984040555
activation,ipip_stems,mean_tokens,20,unique_tuples_ge_25,24,276,row_weighted_continuous,0.07926986041569743,0.09556998330503275
activation,ipip_stems,mean_tokens,20,unique_tuples_ge_25,24,276,unique_tuple_weighted_continuous,0.09121238509052289,0.1057273726116922
activation,ipip_stems,mean_tokens,20,exposure_quartile_1,8,28,row_weighted_continuous,-0.33523610255678227,-0.25123152709359603
activation,ipip_stems,mean_tokens,20,exposure_quartile_1,8,28,unique_tuple_weighted_continuous,-0.27205275079995506,-0.23152709359605914
activation,ipip_stems,mean_tokens,20,exposure_quartile_2,8,28,row_weighted_continuous,0.22482092485466662,0.2380952380952381
activation,ipip_stems,mean_tokens,20,exposure_quartile_2,8,28,unique_tuple_weighted_continuous,0.1263405420084584,0.11330049261083742
activation,ipip_stems,mean_tokens,20,exposure_quartile_3,8,28,row_weighted_continuous,0.07254036780382864,0.10180623973727422
activation,ipip_stems,mean_tokens,20,exposure_quartile_3,8,28,unique_tuple_weighted_continuous,0.21509539130460079,0.20908593322386423
activation,ipip_stems,mean_tokens,20,exposure_quartile_4,8,28,row_weighted_continuous,0.4032417690196171,0.4428024083196497
activation,ipip_stems,mean_tokens,20,exposure_quartile_4,8,28,unique_tuple_weighted_continuous,0.33731281999391727,0.3333333333333333
activation,ipip_stems,mean_tokens,20,pair_row_ratio_le_2_0,32,181,row_weighted_continuous,0.20046293183283156,0.2384979661222755
activation,ipip_stems,mean_tokens,20,pair_row_ratio_le_2_0,32,181,unique_tuple_weighted_continuous,0.11272821902659703,0.17394815129621757
activation,ipip_stems,mean_tokens,20,pair_row_ratio_le_1_5,32,117,row_weighted_continuous,0.1886064728656908,0.18608850724572523
activation,ipip_stems,mean_tokens,20,pair_row_ratio_le_1_5,32,117,unique_tuple_weighted_continuous,0.12704341592378118,0.16045497459875016
activation,ipip_stems,mean_tokens,21,all_32,32,496,row_weighted_continuous,0.09341301182282385,0.10628384185858061
activation,ipip_stems,mean_tokens,21,all_32,32,496,unique_tuple_weighted_continuous,0.029193721436127022,0.04761383550570284
activation,ipip_stems,mean_tokens,21,rows_ge_1000,30,435,row_weighted_continuous,0.09082102706589568,0.09220861391060695
activation,ipip_stems,mean_tokens,21,rows_ge_1000,30,435,unique_tuple_weighted_continuous,0.032380510002086624,0.04553144093407995
activation,ipip_stems,mean_tokens,21,rows_ge_10000,30,435,row_weighted_continuous,0.09082102706589568,0.09220861391060695
activation,ipip_stems,mean_tokens,21,rows_ge_10000,30,435,unique_tuple_weighted_continuous,0.032380510002086624,0.04553144093407995
activation,ipip_stems,mean_tokens,21,rows_ge_50000,22,231,row_weighted_continuous,0.10922888098702323,0.11769212796199305
activation,ipip_stems,mean_tokens,21,rows_ge_50000,22,231,unique_tuple_weighted_continuous,0.1208256529845762,0.13109484218929496
activation,ipip_stems,mean_tokens,21,unique_tuples_ge_10,28,378,row_weighted_continuous,0.09617447439784452,0.10791813348450598
activation,ipip_stems,mean_tokens,21,unique_tuples_ge_10,28,378,unique_tuple_weighted_continuous,0.07190987384126135,0.08451770229588444
activation,ipip_stems,mean_tokens,21,unique_tuples_ge_25,24,276,row_weighted_continuous,0.10229385984029618,0.11077010887401723
activation,ipip_stems,mean_tokens,21,unique_tuples_ge_25,24,276,unique_tuple_weighted_continuous,0.11039811774260443,0.11503260512835148
activation,ipip_stems,mean_tokens,21,exposure_quartile_1,8,28,row_weighted_continuous,-0.3005591266024238,-0.24740010946907498
activation,ipip_stems,mean_tokens,21,exposure_quartile_1,8,28,unique_tuple_weighted_continuous,-0.25025484289605476,-0.25123152709359603
activation,ipip_stems,mean_tokens,21,exposure_quartile_2,8,28,row_weighted_continuous,0.26116848460682873,0.2775041050903119
activation,ipip_stems,mean_tokens,21,exposure_quartile_2,8,28,unique_tuple_weighted_continuous,0.14820875942924613,0.14395183360700603
activation,ipip_stems,mean_tokens,21,exposure_quartile_3,8,28,row_weighted_continuous,0.11771458352062127,0.14012041598248495
activation,ipip_stems,mean_tokens,21,exposure_quartile_3,8,28,unique_tuple_weighted_continuous,0.24958343108692788,0.24083196496989598
activation,ipip_stems,mean_tokens,21,exposure_quartile_4,8,28,row_weighted_continuous,0.44022976459566937,0.4564860426929392
activation,ipip_stems,mean_tokens,21,exposure_quartile_4,8,28,unique_tuple_weighted_continuous,0.3684861848188893,0.3470169677066229
activation,ipip_stems,mean_tokens,21,pair_row_ratio_le_2_0,32,181,row_weighted_continuous,0.21262478534946028,0.2532248598546941
activation,ipip_stems,mean_tokens,21,pair_row_ratio_le_2_0,32,181,unique_tuple_weighted_continuous,0.11597539739896638,0.18217675510493186
activation,ipip_stems,mean_tokens,21,pair_row_ratio_le_1_5,32,117,row_weighted_continuous,0.19685883882518318,0.19910383791155267
activation,ipip_stems,mean_tokens,21,pair_row_ratio_le_1_5,32,117,unique_tuple_weighted_continuous,0.127735467211293,0.165632633487689
activation,ipip_stems,mean_tokens,22,all_32,32,496,row_weighted_continuous,0.09328704651152821,0.11042334161370962
activation,ipip_stems,mean_tokens,22,all_32,32,496,unique_tuple_weighted_continuous,0.02710412681249167,0.05133941478784732
activation,ipip_stems,mean_tokens,22,rows_ge_1000,30,435,row_weighted_continuous,0.09102298936538349,0.0980012741694937
activation,ipip_stems,mean_tokens,22,rows_ge_1000,30,435,unique_tuple_weighted_continuous,0.031698565001102054,0.051032529226444995
activation,ipip_stems,mean_tokens,22,rows_ge_10000,30,435,row_weighted_continuous,0.09102298936538349,0.0980012741694937
activation,ipip_stems,mean_tokens,22,rows_ge_10000,30,435,unique_tuple_weighted_continuous,0.031698565001102054,0.051032529226444995
activation,ipip_stems,mean_tokens,22,rows_ge_50000,22,231,row_weighted_continuous,0.11629192841653495,0.127499561907358
activation,ipip_stems,mean_tokens,22,rows_ge_50000,22,231,unique_tuple_weighted_continuous,0.12889323075175435,0.14057906111879126
activation,ipip_stems,mean_tokens,22,unique_tuples_ge_10,28,378,row_weighted_continuous,0.10185731139099749,0.11635216248081319
activation,ipip_stems,mean_tokens,22,unique_tuples_ge_10,28,378,unique_tuple_weighted_continuous,0.07532514832937354,0.0913293582750411
activation,ipip_stems,mean_tokens,22,unique_tuples_ge_25,24,276,row_weighted_continuous,0.11232110629059004,0.12374937572237839
activation,ipip_stems,mean_tokens,22,unique_tuples_ge_25,24,276,unique_tuple_weighted_continuous,0.12086169558955104,0.12768710492144805
activation,ipip_stems,mean_tokens,22,exposure_quartile_1,8,28,row_weighted_continuous,-0.2956552793556657,-0.21674876847290642
activation,ipip_stems,mean_tokens,22,exposure_quartile_1,8,28,unique_tuple_weighted_continuous,-0.2388699141381518,-0.1954022988505747
activation,ipip_stems,mean_tokens,22,exposure_quartile_2,8,28,row_weighted_continuous,0.26411570985802785,0.294471811713191
activation,ipip_stems,mean_tokens,22,exposure_quartile_2,8,28,unique_tuple_weighted_continuous,0.14504405317916158,0.174055829228243
activation,ipip_stems,mean_tokens,22,exposure_quartile_3,8,28,row_weighted_continuous,0.14778731156249278,0.18828680897646416
activation,ipip_stems,mean_tokens,22,exposure_quartile_3,8,28,unique_tuple_weighted_continuous,0.2758701690548872,0.2889983579638752
activation,ipip_stems,mean_tokens,22,exposure_quartile_4,8,28,row_weighted_continuous,0.4674195173356762,0.4937055281882868
activation,ipip_stems,mean_tokens,22,exposure_quartile_4,8,28,unique_tuple_weighted_continuous,0.4060537033616431,0.38970990695128627
activation,ipip_stems,mean_tokens,22,pair_row_ratio_le_2_0,32,181,row_weighted_continuous,0.2107530625726942,0.26051848703782404
activation,ipip_stems,mean_tokens,22,pair_row_ratio_le_2_0,32,181,unique_tuple_weighted_continuous,0.11381318904621275,0.1909618926193512
activation,ipip_stems,mean_tokens,22,pair_row_ratio_le_1_5,32,117,row_weighted_continuous,0.19156493308157763,0.1961665842437321
activation,ipip_stems,mean_tokens,22,pair_row_ratio_le_1_5,32,117,unique_tuple_weighted_continuous,0.12414556791963156,0.1664568628332509
activation,ipip_stems,mean_tokens,23,all_32,32,496,row_weighted_continuous,0.10465228902896112,0.12157696914625583
activation,ipip_stems,mean_tokens,23,all_32,32,496,unique_tuple_weighted_continuous,0.029276735472750726,0.056452006270270694
activation,ipip_stems,mean_tokens,23,rows_ge_1000,30,435,row_weighted_continuous,0.10879495048716395,0.11189496994621954
activation,ipip_stems,mean_tokens,23,rows_ge_1000,30,435,unique_tuple_weighted_continuous,0.03874152749392705,0.0585916782445035
activation,ipip_stems,mean_tokens,23,rows_ge_10000,30,435,row_weighted_continuous,0.10879495048716395,0.11189496994621954
activation,ipip_stems,mean_tokens,23,rows_ge_10000,30,435,unique_tuple_weighted_continuous,0.03874152749392705,0.0585916782445035
activation,ipip_stems,mean_tokens,23,rows_ge_50000,22,231,row_weighted_continuous,0.12616066660993872,0.13856772912245174
activation,ipip_stems,mean_tokens,23,rows_ge_50000,22,231,unique_tuple_weighted_continuous,0.13921087093577694,0.15188963959578655
activation,ipip_stems,mean_tokens,23,unique_tuples_ge_10,28,378,row_weighted_continuous,0.11159004597164442,0.12717153750726673
activation,ipip_stems,mean_tokens,23,unique_tuples_ge_10,28,378,unique_tuple_weighted_continuous,0.08281080213027117,0.10042260128694483
activation,ipip_stems,mean_tokens,23,unique_tuples_ge_25,24,276,row_weighted_continuous,0.12826902500706167,0.1382537349638276
activation,ipip_stems,mean_tokens,23,unique_tuples_ge_25,24,276,unique_tuple_weighted_continuous,0.13466977219106072,0.13933020362152368
activation,ipip_stems,mean_tokens,23,exposure_quartile_1,8,28,row_weighted_continuous,-0.2561113082527603,-0.20142309797482214
activation,ipip_stems,mean_tokens,23,exposure_quartile_1,8,28,unique_tuple_weighted_continuous,-0.2146165439025756,-0.21839080459770116
activation,ipip_stems,mean_tokens,23,exposure_quartile_2,8,28,row_weighted_continuous,0.2907299401770322,0.29720853858784896
activation,ipip_stems,mean_tokens,23,exposure_quartile_2,8,28,unique_tuple_weighted_continuous,0.1689348107623165,0.17460317460317462
activation,ipip_stems,mean_tokens,23,exposure_quartile_3,8,28,row_weighted_continuous,0.16884986903432844,0.18555008210180626
activation,ipip_stems,mean_tokens,23,exposure_quartile_3,8,28,unique_tuple_weighted_continuous,0.29241146062015444,0.2742200328407225
activation,ipip_stems,mean_tokens,23,exposure_quartile_4,8,28,row_weighted_continuous,0.46871485595177254,0.4838533114395183
activation,ipip_stems,mean_tokens,23,exposure_quartile_4,8,28,unique_tuple_weighted_continuous,0.40947032528533156,0.3875205254515599
activation,ipip_stems,mean_tokens,23,pair_row_ratio_le_2_0,32,181,row_weighted_continuous,0.2225122032381883,0.26717867767591524
activation,ipip_stems,mean_tokens,23,pair_row_ratio_le_2_0,32,181,unique_tuple_weighted_continuous,0.1212279871889128,0.19753708538238926
activation,ipip_stems,mean_tokens,23,pair_row_ratio_le_1_5,32,117,row_weighted_continuous,0.19668636404932482,0.20028773097154157
activation,ipip_stems,mean_tokens,23,pair_row_ratio_le_1_5,32,117,unique_tuple_weighted_continuous,0.1254150235819483,0.16848746422095337
activation,ipip_stems,mean_tokens,24,all_32,32,496,row_weighted_continuous,0.10471482297846653,0.12301964278338652
activation,ipip_stems,mean_tokens,24,all_32,32,496,unique_tuple_weighted_continuous,0.029399239012488323,0.05774303691159665
activation,ipip_stems,mean_tokens,24,rows_ge_1000,30,435,row_weighted_continuous,0.10986453777262681,0.11411747726103125
activation,ipip_stems,mean_tokens,24,rows_ge_1000,30,435,unique_tuple_weighted_continuous,0.04115440278990071,0.0611196071942467
activation,ipip_stems,mean_tokens,24,rows_ge_10000,30,435,row_weighted_continuous,0.10986453777262681,0.11411747726103125
activation,ipip_stems,mean_tokens,24,rows_ge_10000,30,435,unique_tuple_weighted_continuous,0.04115440278990071,0.0611196071942467
activation,ipip_stems,mean_tokens,24,rows_ge_50000,22,231,row_weighted_continuous,0.1321569709173425,0.1403424910921163
activation,ipip_stems,mean_tokens,24,rows_ge_50000,22,231,unique_tuple_weighted_continuous,0.14580860121774866,0.15283689324169086
activation,ipip_stems,mean_tokens,24,unique_tuples_ge_10,28,378,row_weighted_continuous,0.11899767382145615,0.13216929957899842
activation,ipip_stems,mean_tokens,24,unique_tuples_ge_10,28,378,unique_tuple_weighted_continuous,0.08651973185402845,0.10273707125676919
activation,ipip_stems,mean_tokens,24,unique_tuples_ge_25,24,276,row_weighted_continuous,0.13709850295907905,0.14150825473380804
activation,ipip_stems,mean_tokens,24,unique_tuples_ge_25,24,276,unique_tuple_weighted_continuous,0.14262108576456223,0.14103451720152396
activation,ipip_stems,mean_tokens,24,exposure_quartile_1,8,28,row_weighted_continuous,-0.25869364642908765,-0.1992337164750958
activation,ipip_stems,mean_tokens,24,exposure_quartile_1,8,28,unique_tuple_weighted_continuous,-0.20437185662375787,-0.21127531472359057
activation,ipip_stems,mean_tokens,24,exposure_quartile_2,8,28,row_weighted_continuous,0.2914245003095365,0.2884510125889437
activation,ipip_stems,mean_tokens,24,exposure_quartile_2,8,28,unique_tuple_weighted_continuous,0.16756655330634146,0.16365626710454295
activation,ipip_stems,mean_tokens,24,exposure_quartile_3,8,28,row_weighted_continuous,0.17632108833520863,0.2463054187192118
activation,ipip_stems,mean_tokens,24,exposure_quartile_3,8,28,unique_tuple_weighted_continuous,0.2936731478677107,0.3295019157088122
activation,ipip_stems,mean_tokens,24,exposure_quartile_4,8,28,row_weighted_continuous,0.45321706698214304,0.48494800218938144
activation,ipip_stems,mean_tokens,24,exposure_quartile_4,8,28,unique_tuple_weighted_continuous,0.4003335478522124,0.3995621237000547
activation,ipip_stems,mean_tokens,24,pair_row_ratio_le_2_0,32,181,row_weighted_continuous,0.2209747302373894,0.26210916155667535
activation,ipip_stems,mean_tokens,24,pair_row_ratio_le_2_0,32,181,unique_tuple_weighted_continuous,0.11983505900061078,0.19219031428976177
activation,ipip_stems,mean_tokens,24,pair_row_ratio_le_1_5,32,117,row_weighted_continuous,0.1925606799926857,0.18993990618771447
activation,ipip_stems,mean_tokens,24,pair_row_ratio_le_1_5,32,117,unique_tuple_weighted_continuous,0.12249290537671197,0.15882150189572747
activation,ipip_stems,mean_tokens,25,all_32,32,496,row_weighted_continuous,0.10408408130631255,0.1221808859019218
activation,ipip_stems,mean_tokens,25,all_32,32,496,unique_tuple_weighted_continuous,0.03036001656001007,0.05814800828430996
activation,ipip_stems,mean_tokens,25,rows_ge_1000,30,435,row_weighted_continuous,0.10859119984551471,0.11425641130307884
activation,ipip_stems,mean_tokens,25,rows_ge_1000,30,435,unique_tuple_weighted_continuous,0.04266288474666061,0.06285927133249845
activation,ipip_stems,mean_tokens,25,rows_ge_10000,30,435,row_weighted_continuous,0.10859119984551471,0.11425641130307884
activation,ipip_stems,mean_tokens,25,rows_ge_10000,30,435,unique_tuple_weighted_continuous,0.04266288474666061,0.06285927133249845
activation,ipip_stems,mean_tokens,25,rows_ge_50000,22,231,row_weighted_continuous,0.13339818192040215,0.13890554722638682
activation,ipip_stems,mean_tokens,25,rows_ge_50000,22,231,unique_tuple_weighted_continuous,0.1511938140800527,0.153441461087638
activation,ipip_stems,mean_tokens,25,unique_tuples_ge_10,28,378,row_weighted_continuous,0.12077773997424433,0.13421959514216816
activation,ipip_stems,mean_tokens,25,unique_tuples_ge_10,28,378,unique_tuple_weighted_continuous,0.0906918830761563,0.10606780172788725
activation,ipip_stems,mean_tokens,25,unique_tuples_ge_25,24,276,row_weighted_continuous,0.14255817721966293,0.1452941596153023
activation,ipip_stems,mean_tokens,25,unique_tuples_ge_25,24,276,unique_tuple_weighted_continuous,0.14931443804022765,0.1455772605984504
activation,ipip_stems,mean_tokens,25,exposure_quartile_1,8,28,row_weighted_continuous,-0.24160076598452393,-0.18336070060207993
activation,ipip_stems,mean_tokens,25,exposure_quartile_1,8,28,unique_tuple_weighted_continuous,-0.17981990642922613,-0.19376026272577995
activation,ipip_stems,mean_tokens,25,exposure_quartile_2,8,28,row_weighted_continuous,0.29024565567816646,0.27257799671592775
activation,ipip_stems,mean_tokens,25,exposure_quartile_2,8,28,unique_tuple_weighted_continuous,0.1560517232055394,0.12807881773399013
activation,ipip_stems,mean_tokens,25,exposure_quartile_3,8,28,row_weighted_continuous,0.16153011771321388,0.22879036672140118
activation,ipip_stems,mean_tokens,25,exposure_quartile_3,8,28,unique_tuple_weighted_continuous,0.2768220240463617,0.30979748221127534
activation,ipip_stems,mean_tokens,25,exposure_quartile_4,8,28,row_weighted_continuous,0.454058985389419,0.46360153256704983
activation,ipip_stems,mean_tokens,25,exposure_quartile_4,8,28,unique_tuple_weighted_continuous,0.41710413385511824,0.3875205254515599
activation,ipip_stems,mean_tokens,25,pair_row_ratio_le_2_0,32,181,row_weighted_continuous,0.2210538379794982,0.2633294881913666
activation,ipip_stems,mean_tokens,25,pair_row_ratio_le_2_0,32,181,unique_tuple_weighted_continuous,0.1211768302671895,0.1965090158460324
activation,ipip_stems,mean_tokens,25,pair_row_ratio_le_1_5,32,117,row_weighted_continuous,0.18764352807164733,0.18515188298940488
activation,ipip_stems,mean_tokens,25,pair_row_ratio_le_1_5,32,117,unique_tuple_weighted_continuous,0.11711211829464682,0.1544905513345022
activation,ipip_stems,mean_tokens,26,all_32,32,496,row_weighted_continuous,0.10608807223432931,0.1262960952420289
activation,ipip_stems,mean_tokens,26,all_32,32,496,unique_tuple_weighted_continuous,0.031760850304684896,0.059456838784417154
activation,ipip_stems,mean_tokens,26,rows_ge_1000,30,435,row_weighted_continuous,0.11080314215565569,0.12023407397472362
activation,ipip_stems,mean_tokens,26,rows_ge_1000,30,435,unique_tuple_weighted_continuous,0.04478000943856632,0.06527465350316428
activation,ipip_stems,mean_tokens,26,rows_ge_10000,30,435,row_weighted_continuous,0.11080314215565569,0.12023407397472362
activation,ipip_stems,mean_tokens,26,rows_ge_10000,30,435,unique_tuple_weighted_continuous,0.04478000943856632,0.06527465350316428
activation,ipip_stems,mean_tokens,26,rows_ge_50000,22,231,row_weighted_continuous,0.14665215100472234,0.15093946533226896
activation,ipip_stems,mean_tokens,26,rows_ge_50000,22,231,unique_tuple_weighted_continuous,0.15572640352165687,0.15268794174341402
activation,ipip_stems,mean_tokens,26,unique_tuples_ge_10,28,378,row_weighted_continuous,0.12750675622686902,0.143663441361558
activation,ipip_stems,mean_tokens,26,unique_tuples_ge_10,28,378,unique_tuple_weighted_continuous,0.09376221250606619,0.10907125810228348
activation,ipip_stems,mean_tokens,26,unique_tuples_ge_25,24,276,row_weighted_continuous,0.15993619088984815,0.16038013156204964
activation,ipip_stems,mean_tokens,26,unique_tuples_ge_25,24,276,unique_tuple_weighted_continuous,0.15739572263836646,0.14752072601703745
activation,ipip_stems,mean_tokens,26,exposure_quartile_1,8,28,row_weighted_continuous,-0.23481937391469718,-0.16584564860426929
activation,ipip_stems,mean_tokens,26,exposure_quartile_1,8,28,unique_tuple_weighted_continuous,-0.1604595984571205,-0.16420361247947454
activation,ipip_stems,mean_tokens,26,exposure_quartile_2,8,28,row_weighted_continuous,0.2910993149436426,0.2791461412151068
activation,ipip_stems,mean_tokens,26,exposure_quartile_2,8,28,unique_tuple_weighted_continuous,0.1424454711611893,0.11330049261083742
activation,ipip_stems,mean_tokens,26,exposure_quartile_3,8,28,row_weighted_continuous,0.1609311713750883,0.21893814997263272
activation,ipip_stems,mean_tokens,26,exposure_quartile_3,8,28,unique_tuple_weighted_continuous,0.2696172056238389,0.30487137383689106
activation,ipip_stems,mean_tokens,26,exposure_quartile_4,8,28,row_weighted_continuous,0.46238621122076573,0.47454844006568137
activation,ipip_stems,mean_tokens,26,exposure_quartile_4,8,28,unique_tuple_weighted_continuous,0.4143454363498698,0.39244663382594414
activation,ipip_stems,mean_tokens,26,pair_row_ratio_le_2_0,32,181,row_weighted_continuous,0.22094308170405505,0.2654078886123085
activation,ipip_stems,mean_tokens,26,pair_row_ratio_le_2_0,32,181,unique_tuple_weighted_continuous,0.11715473226575315,0.19217210045939326
activation,ipip_stems,mean_tokens,26,pair_row_ratio_le_1_5,32,117,row_weighted_continuous,0.18743571483686483,0.18501700909649477
activation,ipip_stems,mean_tokens,26,pair_row_ratio_le_1_5,32,117,unique_tuple_weighted_continuous,0.11109842800469849,0.14578369224774834
activation,ipip_stems,mean_tokens,27,all_32,32,496,row_weighted_continuous,0.10078926186752842,0.11900228349569557
activation,ipip_stems,mean_tokens,27,all_32,32,496,unique_tuple_weighted_continuous,0.03022443333257481,0.05484697038536203
activation,ipip_stems,mean_tokens,27,rows_ge_1000,30,435,row_weighted_continuous,0.1030975771734094,0.11311272026439745
activation,ipip_stems,mean_tokens,27,rows_ge_1000,30,435,unique_tuple_weighted_continuous,0.04268176208260492,0.061134185792572786
activation,ipip_stems,mean_tokens,27,rows_ge_10000,30,435,row_weighted_continuous,0.1030975771734094,0.11311272026439745
activation,ipip_stems,mean_tokens,27,rows_ge_10000,30,435,unique_tuple_weighted_continuous,0.04268176208260492,0.061134185792572786
activation,ipip_stems,mean_tokens,27,rows_ge_50000,22,231,row_weighted_continuous,0.14316398186078652,0.14261862575205903
activation,ipip_stems,mean_tokens,27,rows_ge_50000,22,231,unique_tuple_weighted_continuous,0.15599773689817198,0.1437479312291906
activation,ipip_stems,mean_tokens,27,unique_tuples_ge_10,28,378,row_weighted_continuous,0.12293583605098629,0.13788782008234288
activation,ipip_stems,mean_tokens,27,unique_tuples_ge_10,28,378,unique_tuple_weighted_continuous,0.09199840570240639,0.10512063983085727
activation,ipip_stems,mean_tokens,27,unique_tuples_ge_25,24,276,row_weighted_continuous,0.15644330883067745,0.15411994691856568
activation,ipip_stems,mean_tokens,27,unique_tuples_ge_25,24,276,unique_tuple_weighted_continuous,0.15876892647878,0.1429237596495484
activation,ipip_stems,mean_tokens,27,exposure_quartile_1,8,28,row_weighted_continuous,-0.21775142562996777,-0.15216201423097975
activation,ipip_stems,mean_tokens,27,exposure_quartile_1,8,28,unique_tuple_weighted_continuous,-0.13061414078687522,-0.1417624521072797
activation,ipip_stems,mean_tokens,27,exposure_quartile_2,8,28,row_weighted_continuous,0.2733758251856431,0.26491516146688554
activation,ipip_stems,mean_tokens,27,exposure_quartile_2,8,28,unique_tuple_weighted_continuous,0.1327869154973731,0.11384783798576902
activation,ipip_stems,mean_tokens,27,exposure_quartile_3,8,28,row_weighted_continuous,0.14277767439945718,0.20634920634920634
activation,ipip_stems,mean_tokens,27,exposure_quartile_3,8,28,unique_tuple_weighted_continuous,0.26031467691992366,0.30651340996168586
activation,ipip_stems,mean_tokens,27,exposure_quartile_4,8,28,row_weighted_continuous,0.44806015603785815,0.4466338259441708
activation,ipip_stems,mean_tokens,27,exposure_quartile_4,8,28,unique_tuple_weighted_continuous,0.41068320978069794,0.38697318007662834
activation,ipip_stems,mean_tokens,27,pair_row_ratio_le_2_0,32,181,row_weighted_continuous,0.21350998643780433,0.25000910691518424
activation,ipip_stems,mean_tokens,27,pair_row_ratio_le_2_0,32,181,unique_tuple_weighted_continuous,0.11540945396753181,0.17875053123671908
activation,ipip_stems,mean_tokens,27,pair_row_ratio_le_1_5,32,117,row_weighted_continuous,0.17506767715496,0.1589563757886376
activation,ipip_stems,mean_tokens,27,pair_row_ratio_le_1_5,32,117,unique_tuple_weighted_continuous,0.10587013141268001,0.11930345127305969
activation,ipip_stems,mean_tokens,28,all_32,32,496,row_weighted_continuous,0.09589462884263053,0.11456588996343653
activation,ipip_stems,mean_tokens,28,all_32,32,496,unique_tuple_weighted_continuous,0.031514590163841734,0.05333191721197174
activation,ipip_stems,mean_tokens,28,rows_ge_1000,30,435,row_weighted_continuous,0.09652898510371057,0.11028243118537126
activation,ipip_stems,mean_tokens,28,rows_ge_1000,30,435,unique_tuple_weighted_continuous,0.04413167121782804,0.061102841806171704
activation,ipip_stems,mean_tokens,28,rows_ge_10000,30,435,row_weighted_continuous,0.09652898510371057,0.11028243118537126
activation,ipip_stems,mean_tokens,28,rows_ge_10000,30,435,unique_tuple_weighted_continuous,0.04413167121782804,0.061102841806171704
activation,ipip_stems,mean_tokens,28,rows_ge_50000,22,231,row_weighted_continuous,0.15020835612732855,0.14939056445803073
activation,ipip_stems,mean_tokens,28,rows_ge_50000,22,231,unique_tuple_weighted_continuous,0.1596940462801419,0.14353764676103506
activation,ipip_stems,mean_tokens,28,unique_tuples_ge_10,28,378,row_weighted_continuous,0.12609052213923005,0.14110479336573414
activation,ipip_stems,mean_tokens,28,unique_tuples_ge_10,28,378,unique_tuple_weighted_continuous,0.09535156166567513,0.1065088330123359
activation,ipip_stems,mean_tokens,28,unique_tuples_ge_25,24,276,row_weighted_continuous,0.1634558017958791,0.1608144860946619
activation,ipip_stems,mean_tokens,28,unique_tuples_ge_25,24,276,unique_tuple_weighted_continuous,0.16258982520902607,0.14489348040125
activation,ipip_stems,mean_tokens,28,exposure_quartile_1,8,28,row_weighted_continuous,-0.20791101459880956,-0.14066776135741652
activation,ipip_stems,mean_tokens,28,exposure_quartile_1,8,28,unique_tuple_weighted_continuous,-0.08095956222583739,-0.09359605911330049
activation,ipip_stems,mean_tokens,28,exposure_quartile_2,8,28,row_weighted_continuous,0.2633129931758647,0.25013683634373285
activation,ipip_stems,mean_tokens,28,exposure_quartile_2,8,28,unique_tuple_weighted_continuous,0.1099454623236844,0.09852216748768472
activation,ipip_stems,mean_tokens,28,exposure_quartile_3,8,28,row_weighted_continuous,0.1468306422850526,0.18555008210180626
activation,ipip_stems,mean_tokens,28,exposure_quartile_3,8,28,unique_tuple_weighted_continuous,0.26228041288330056,0.2676518883415435
activation,ipip_stems,mean_tokens,28,exposure_quartile_4,8,28,row_weighted_continuous,0.47281349451887417,0.46360153256704983
activation,ipip_stems,mean_tokens,28,exposure_quartile_4,8,28,unique_tuple_weighted_continuous,0.44540813780503113,0.4055829228243021
activation,ipip_stems,mean_tokens,28,pair_row_ratio_le_2_0,32,181,row_weighted_continuous,0.21732355206318665,0.25856151215267237
activation,ipip_stems,mean_tokens,28,pair_row_ratio_le_2_0,32,181,unique_tuple_weighted_continuous,0.12515852977599695,0.1873373403760144
activation,ipip_stems,mean_tokens,28,pair_row_ratio_le_1_5,32,117,row_weighted_continuous,0.17561730392730573,0.16285273269493022
activation,ipip_stems,mean_tokens,28,pair_row_ratio_le_1_5,32,117,unique_tuple_weighted_continuous,0.11293915770663769,0.12037494942229016
activation,ipip_stems,mean_tokens,29,all_32,32,496,row_weighted_continuous,0.11337938744173462,0.12508059107332165
activation,ipip_stems,mean_tokens,29,all_32,32,496,unique_tuple_weighted_continuous,0.0414001757299814,0.058258642765685015
activation,ipip_stems,mean_tokens,29,rows_ge_1000,30,435,row_weighted_continuous,0.11519945321398946,0.11953925797850239
activation,ipip_stems,mean_tokens,29,rows_ge_1000,30,435,unique_tuple_weighted_continuous,0.05200694630585604,0.06430124049293157
activation,ipip_stems,mean_tokens,29,rows_ge_10000,30,435,row_weighted_continuous,0.11519945321398946,0.11953925797850239
activation,ipip_stems,mean_tokens,29,rows_ge_10000,30,435,unique_tuple_weighted_continuous,0.05200694630585604,0.06430124049293157
activation,ipip_stems,mean_tokens,29,rows_ge_50000,22,231,row_weighted_continuous,0.15045988892755818,0.14547596331704277
activation,ipip_stems,mean_tokens,29,rows_ge_50000,22,231,unique_tuple_weighted_continuous,0.158214937051847,0.13998520220409275
activation,ipip_stems,mean_tokens,29,unique_tuples_ge_10,28,378,row_weighted_continuous,0.13574997106006978,0.1462942985097475
activation,ipip_stems,mean_tokens,29,unique_tuples_ge_10,28,378,unique_tuple_weighted_continuous,0.1043701738288113,0.11012217899671271
activation,ipip_stems,mean_tokens,29,unique_tuples_ge_25,24,276,row_weighted_continuous,0.17193093725996,0.16692341718868167
activation,ipip_stems,mean_tokens,29,unique_tuples_ge_25,24,276,unique_tuple_weighted_continuous,0.16999730907296487,0.15027011600861861
activation,ipip_stems,mean_tokens,29,exposure_quartile_1,8,28,row_weighted_continuous,-0.16639219137029948,-0.11494252873563218
activation,ipip_stems,mean_tokens,29,exposure_quartile_1,8,28,unique_tuple_weighted_continuous,-0.044447202226403026,-0.10290093048713739
activation,ipip_stems,mean_tokens,29,exposure_quartile_2,8,28,row_weighted_continuous,0.24560581745422955,0.2463054187192118
activation,ipip_stems,mean_tokens,29,exposure_quartile_2,8,28,unique_tuple_weighted_continuous,0.10183190895424084,0.08866995073891626
activation,ipip_stems,mean_tokens,29,exposure_quartile_3,8,28,row_weighted_continuous,0.16771877389445533,0.17296113847837985
activation,ipip_stems,mean_tokens,29,exposure_quartile_3,8,28,unique_tuple_weighted_continuous,0.2879951736718016,0.26108374384236455
activation,ipip_stems,mean_tokens,29,exposure_quartile_4,8,28,row_weighted_continuous,0.4594040953906357,0.4373289545703339
activation,ipip_stems,mean_tokens,29,exposure_quartile_4,8,28,unique_tuple_weighted_continuous,0.4172661515414423,0.3918992884510125
activation,ipip_stems,mean_tokens,29,pair_row_ratio_le_2_0,32,181,row_weighted_continuous,0.21568240261776703,0.25034100337967735
activation,ipip_stems,mean_tokens,29,pair_row_ratio_le_2_0,32,181,unique_tuple_weighted_continuous,0.12337357390545593,0.1823507983728978
activation,ipip_stems,mean_tokens,29,pair_row_ratio_le_1_5,32,117,row_weighted_continuous,0.1765610764754655,0.15495511696563713
activation,ipip_stems,mean_tokens,29,pair_row_ratio_le_1_5,32,117,unique_tuple_weighted_continuous,0.1130659700401363,0.11548951730132324
activation,ipip_stems,mean_tokens,30,all_32,32,496,row_weighted_continuous,0.129269318336717,0.13330884623478897
activation,ipip_stems,mean_tokens,30,all_32,32,496,unique_tuple_weighted_continuous,0.06764822979445352,0.07562737126571747
activation,ipip_stems,mean_tokens,30,rows_ge_1000,30,435,row_weighted_continuous,0.12158386491882976,0.12058293983266684
activation,ipip_stems,mean_tokens,30,rows_ge_1000,30,435,unique_tuple_weighted_continuous,0.06256253642830481,0.06970756789617705
activation,ipip_stems,mean_tokens,30,rows_ge_10000,30,435,row_weighted_continuous,0.12158386491882976,0.12058293983266684
activation,ipip_stems,mean_tokens,30,rows_ge_10000,30,435,unique_tuple_weighted_continuous,0.06256253642830481,0.06970756789617705
activation,ipip_stems,mean_tokens,30,rows_ge_50000,22,231,row_weighted_continuous,0.17428278648314044,0.16424677271753735
activation,ipip_stems,mean_tokens,30,rows_ge_50000,22,231,unique_tuple_weighted_continuous,0.1806264772553553,0.15491539944313557
activation,ipip_stems,mean_tokens,30,unique_tuples_ge_10,28,378,row_weighted_continuous,0.142036876170676,0.147587619974118
activation,ipip_stems,mean_tokens,30,unique_tuples_ge_10,28,378,unique_tuple_weighted_continuous,0.11680030848565792,0.11536367473042936
activation,ipip_stems,mean_tokens,30,unique_tuples_ge_25,24,276,row_weighted_continuous,0.1768507482671688,0.16613746949957908
activation,ipip_stems,mean_tokens,30,unique_tuples_ge_25,24,276,unique_tuple_weighted_continuous,0.18107733574418058,0.15346470512692456
activation,ipip_stems,mean_tokens,30,exposure_quartile_1,8,28,row_weighted_continuous,-0.21336383273042314,-0.18007662835249041
activation,ipip_stems,mean_tokens,30,exposure_quartile_1,8,28,unique_tuple_weighted_continuous,-0.07443821447430479,-0.1395730706075534
activation,ipip_stems,mean_tokens,30,exposure_quartile_2,8,28,row_weighted_continuous,0.24682735532399358,0.2326217843459223
activation,ipip_stems,mean_tokens,30,exposure_quartile_2,8,28,unique_tuple_weighted_continuous,0.09351903545564448,0.06787082649151616
activation,ipip_stems,mean_tokens,30,exposure_quartile_3,8,28,row_weighted_continuous,0.1676734877601969,0.17296113847837985
activation,ipip_stems,mean_tokens,30,exposure_quartile_3,8,28,unique_tuple_weighted_continuous,0.3003871376165946,0.2785987958401751
activation,ipip_stems,mean_tokens,30,exposure_quartile_4,8,28,row_weighted_continuous,0.45866510004875155,0.40448823207443896
activation,ipip_stems,mean_tokens,30,exposure_quartile_4,8,28,unique_tuple_weighted_continuous,0.4369899899204486,0.3880678708264915
activation,ipip_stems,mean_tokens,30,pair_row_ratio_le_2_0,32,181,row_weighted_continuous,0.21869372899652775,0.25904721429583305
activation,ipip_stems,mean_tokens,30,pair_row_ratio_le_2_0,32,181,unique_tuple_weighted_continuous,0.1437794549403712,0.20678161617388133
activation,ipip_stems,mean_tokens,30,pair_row_ratio_le_1_5,32,117,row_weighted_continuous,0.18420983143638642,0.15939096944357026
activation,ipip_stems,mean_tokens,30,pair_row_ratio_le_1_5,32,117,unique_tuple_weighted_continuous,0.1374125392530666,0.1364249426785955
activation,ipip_stems,mean_tokens,31,all_32,32,496,row_weighted_continuous,0.1907566370162987,0.16434304753250684
activation,ipip_stems,mean_tokens,31,all_32,32,496,unique_tuple_weighted_continuous,0.14144940410670964,0.10965293225629436
activation,ipip_stems,mean_tokens,31,rows_ge_1000,30,435,row_weighted_continuous,0.1900719955554593,0.14861116983046546
activation,ipip_stems,mean_tokens,31,rows_ge_1000,30,435,unique_tuple_weighted_continuous,0.12776767652476362,0.09840787127680822
activation,ipip_stems,mean_tokens,31,rows_ge_10000,30,435,row_weighted_continuous,0.1900719955554593,0.14861116983046546
activation,ipip_stems,mean_tokens,31,rows_ge_10000,30,435,unique_tuple_weighted_continuous,0.12776767652476362,0.09840787127680822
activation,ipip_stems,mean_tokens,31,rows_ge_50000,22,231,row_weighted_continuous,0.28425146519138783,0.2577347689791468
activation,ipip_stems,mean_tokens,31,rows_ge_50000,22,231,unique_tuple_weighted_continuous,0.24729957211517592,0.2219795946182753
activation,ipip_stems,mean_tokens,31,unique_tuples_ge_10,28,378,row_weighted_continuous,0.1653968774245751,0.16223585753200892
activation,ipip_stems,mean_tokens,31,unique_tuples_ge_10,28,378,unique_tuple_weighted_continuous,0.1420900157017934,0.12609795404809507
activation,ipip_stems,mean_tokens,31,unique_tuples_ge_25,24,276,row_weighted_continuous,0.19825695491284903,0.18624962543342705
activation,ipip_stems,mean_tokens,31,unique_tuples_ge_25,24,276,unique_tuple_weighted_continuous,0.1800781273384574,0.1634354532612263
activation,ipip_stems,mean_tokens,31,exposure_quartile_1,8,28,row_weighted_continuous,-0.35346123919282857,-0.3366174055829228
activation,ipip_stems,mean_tokens,31,exposure_quartile_1,8,28,unique_tuple_weighted_continuous,-0.20223544440265143,-0.28790366721401206
activation,ipip_stems,mean_tokens,31,exposure_quartile_2,8,28,row_weighted_continuous,0.17861836575912107,0.21565407772304324
activation,ipip_stems,mean_tokens,31,exposure_quartile_2,8,28,unique_tuple_weighted_continuous,0.09491832044711884,0.11877394636015325
activation,ipip_stems,mean_tokens,31,exposure_quartile_3,8,28,row_weighted_continuous,0.3135124905504668,0.2681992337164751
activation,ipip_stems,mean_tokens,31,exposure_quartile_3,8,28,unique_tuple_weighted_continuous,0.37125302575195945,0.32567049808429116
activation,ipip_stems,mean_tokens,31,exposure_quartile_4,8,28,row_weighted_continuous,0.19680712644216738,0.17843459222769564
activation,ipip_stems,mean_tokens,31,exposure_quartile_4,8,28,unique_tuple_weighted_continuous,0.15992216699106737,0.1718664477285167
activation,ipip_stems,mean_tokens,31,pair_row_ratio_le_2_0,32,181,row_weighted_continuous,0.19199446654352048,0.2517940622912998
activation,ipip_stems,mean_tokens,31,pair_row_ratio_le_2_0,32,181,unique_tuple_weighted_continuous,0.12637599592232185,0.18961002165422053
activation,ipip_stems,mean_tokens,31,pair_row_ratio_le_1_5,32,117,row_weighted_continuous,0.23553496059014972,0.22296902396259496
activation,ipip_stems,mean_tokens,31,pair_row_ratio_le_1_5,32,117,unique_tuple_weighted_continuous,0.1931549158670753,0.19463801345741727
activation,naturalistic_behavioral,final_token,0,all_32,32,496,row_weighted_continuous,0.12240756523459866,0.0762783937250089
activation,naturalistic_behavioral,final_token,0,all_32,32,496,unique_tuple_weighted_continuous,0.07550676940598897,0.039536633289472906
activation,naturalistic_behavioral,final_token,0,rows_ge_1000,30,435,row_weighted_continuous,0.10018467314710462,0.048320035221893556
activation,naturalistic_behavioral,final_token,0,rows_ge_1000,30,435,unique_tuple_weighted_continuous,0.040231309735893936,0.012806715485532928
activation,naturalistic_behavioral,final_token,0,rows_ge_10000,30,435,row_weighted_continuous,0.10018467314710462,0.048320035221893556
activation,naturalistic_behavioral,final_token,0,rows_ge_10000,30,435,unique_tuple_weighted_continuous,0.040231309735893936,0.012806715485532928
activation,naturalistic_behavioral,final_token,0,rows_ge_50000,22,231,row_weighted_continuous,0.03608532627662566,0.011629899336046265
activation,naturalistic_behavioral,final_token,0,rows_ge_50000,22,231,unique_tuple_weighted_continuous,0.06598332340852915,0.04035806771938706
activation,naturalistic_behavioral,final_token,0,unique_tuples_ge_10,28,378,row_weighted_continuous,-0.011817715392381486,-0.039714478346086025
activation,naturalistic_behavioral,final_token,0,unique_tuples_ge_10,28,378,unique_tuple_weighted_continuous,0.030728405980961233,0.003320399007779592
activation,naturalistic_behavioral,final_token,0,unique_tuples_ge_25,24,276,row_weighted_continuous,0.030967324340419638,0.0016198398995448126
activation,naturalistic_behavioral,final_token,0,unique_tuples_ge_25,24,276,unique_tuple_weighted_continuous,0.06304227938093379,0.031210741855852514
activation,naturalistic_behavioral,final_token,0,exposure_quartile_1,8,28,row_weighted_continuous,0.056665088227045746,0.009852216748768473
activation,naturalistic_behavioral,final_token,0,exposure_quartile_1,8,28,unique_tuple_weighted_continuous,-0.09031584969863472,-0.1620142309797482
activation,naturalistic_behavioral,final_token,0,exposure_quartile_2,8,28,row_weighted_continuous,-0.0616668871320942,-0.009852216748768473
activation,naturalistic_behavioral,final_token,0,exposure_quartile_2,8,28,unique_tuple_weighted_continuous,-0.23479076631329865,-0.10618500273672687
activation,naturalistic_behavioral,final_token,0,exposure_quartile_3,8,28,row_weighted_continuous,-0.23770213368403986,-0.21674876847290642
activation,naturalistic_behavioral,final_token,0,exposure_quartile_3,8,28,unique_tuple_weighted_continuous,-0.09205556292546485,-0.054187192118226604
activation,naturalistic_behavioral,final_token,0,exposure_quartile_4,8,28,row_weighted_continuous,-0.016184078988645927,0.03229337712096333
activation,naturalistic_behavioral,final_token,0,exposure_quartile_4,8,28,unique_tuple_weighted_continuous,0.08466519710165785,0.13026819923371646
activation,naturalistic_behavioral,final_token,0,pair_row_ratio_le_2_0,32,181,row_weighted_continuous,-0.07234379652320566,-0.0839617104810475
activation,naturalistic_behavioral,final_token,0,pair_row_ratio_le_2_0,32,181,unique_tuple_weighted_continuous,-0.011772624325078748,-0.04963268775423471
activation,naturalistic_behavioral,final_token,0,pair_row_ratio_le_1_5,32,117,row_weighted_continuous,-0.128160002992132,-0.1270736861034932
activation,naturalistic_behavioral,final_token,0,pair_row_ratio_le_1_5,32,117,unique_tuple_weighted_continuous,-0.04939263294117588,-0.09227622173267992
activation,naturalistic_behavioral,final_token,1,all_32,32,496,row_weighted_continuous,0.0953473011353865,0.05365526492287055
activation,naturalistic_behavioral,final_token,1,all_32,32,496,unique_tuple_weighted_continuous,0.07417377785191005,0.027115872163577755
activation,naturalistic_behavioral,final_token,1,rows_ge_1000,30,435,row_weighted_continuous,0.03477773259060647,0.002519036004764286
activation,naturalistic_behavioral,final_token,1,rows_ge_1000,30,435,unique_tuple_weighted_continuous,-0.00014929463119242332,-0.019456888897960014
activation,naturalistic_behavioral,final_token,1,rows_ge_10000,30,435,row_weighted_continuous,0.03477773259060647,0.002519036004764286
activation,naturalistic_behavioral,final_token,1,rows_ge_10000,30,435,unique_tuple_weighted_continuous,-0.00014929463119242332,-0.019456888897960014
activation,naturalistic_behavioral,final_token,1,rows_ge_50000,22,231,row_weighted_continuous,-0.017560029112553534,-0.02171089779785432
activation,naturalistic_behavioral,final_token,1,rows_ge_50000,22,231,unique_tuple_weighted_continuous,-0.009216934884999809,-0.016369088183181134
activation,naturalistic_behavioral,final_token,1,unique_tuples_ge_10,28,378,row_weighted_continuous,-0.03307193885910861,-0.04713224684109953
activation,naturalistic_behavioral,final_token,1,unique_tuples_ge_10,28,378,unique_tuple_weighted_continuous,-0.017703875742549103,-0.03226138291191517
activation,naturalistic_behavioral,final_token,1,unique_tuples_ge_25,24,276,row_weighted_continuous,-0.027546797109549166,-0.03348354047459368
activation,naturalistic_behavioral,final_token,1,unique_tuples_ge_25,24,276,unique_tuple_weighted_continuous,-0.012947035097368005,-0.018576218946647453
activation,naturalistic_behavioral,final_token,1,exposure_quartile_1,8,28,row_weighted_continuous,0.039346506009355936,-0.03776683087027915
activation,naturalistic_behavioral,final_token,1,exposure_quartile_1,8,28,unique_tuple_weighted_continuous,0.03221508604021126,-0.15325670498084293
activation,naturalistic_behavioral,final_token,1,exposure_quartile_2,8,28,row_weighted_continuous,0.004393506829221835,-0.06403940886699507
activation,naturalistic_behavioral,final_token,1,exposure_quartile_2,8,28,unique_tuple_weighted_continuous,-0.013979308349408005,-0.05309250136836344
activation,naturalistic_behavioral,final_token,1,exposure_quartile_3,8,28,row_weighted_continuous,-0.33600581758704634,-0.32129173508483855
activation,naturalistic_behavioral,final_token,1,exposure_quartile_3,8,28,unique_tuple_weighted_continuous,-0.19904792805502924,-0.19430760810071154
activation,naturalistic_behavioral,final_token,1,exposure_quartile_4,8,28,row_weighted_continuous,-0.09047162628579272,-0.04324028461959496
activation,naturalistic_behavioral,final_token,1,exposure_quartile_4,8,28,unique_tuple_weighted_continuous,-0.19662477968491437,-0.14285714285714285
activation,naturalistic_behavioral,final_token,1,pair_row_ratio_le_2_0,32,181,row_weighted_continuous,-0.14352303630657057,-0.1499160140044118
activation,naturalistic_behavioral,final_token,1,pair_row_ratio_le_2_0,32,181,unique_tuple_weighted_continuous,-0.08381670359920332,-0.11953939246756926
activation,naturalistic_behavioral,final_token,1,pair_row_ratio_le_1_5,32,117,row_weighted_continuous,-0.15023506528834005,-0.16011029687242426
activation,naturalistic_behavioral,final_token,1,pair_row_ratio_le_1_5,32,117,unique_tuple_weighted_continuous,-0.07878163736232527,-0.13620015285707862
activation,naturalistic_behavioral,final_token,2,all_32,32,496,row_weighted_continuous,0.05858465821452961,0.01401212750599393
activation,naturalistic_behavioral,final_token,2,all_32,32,496,unique_tuple_weighted_continuous,0.04391282851924725,-0.005574502734884379
activation,naturalistic_behavioral,final_token,2,rows_ge_1000,30,435,row_weighted_continuous,-0.020868100098243598,-0.05106912150824346
activation,naturalistic_behavioral,final_token,2,rows_ge_1000,30,435,unique_tuple_weighted_continuous,-0.04233592439658535,-0.06477052557304826
activation,naturalistic_behavioral,final_token,2,rows_ge_10000,30,435,row_weighted_continuous,-0.020868100098243598,-0.05106912150824346
activation,naturalistic_behavioral,final_token,2,rows_ge_10000,30,435,unique_tuple_weighted_continuous,-0.04233592439658535,-0.06477052557304826
activation,naturalistic_behavioral,final_token,2,rows_ge_50000,22,231,row_weighted_continuous,-0.04366077520593713,-0.025834809867793376
activation,naturalistic_behavioral,final_token,2,rows_ge_50000,22,231,unique_tuple_weighted_continuous,-0.05531973217625679,-0.0352956638563835
activation,naturalistic_behavioral,final_token,2,unique_tuples_ge_10,28,378,row_weighted_continuous,-0.07269556243017984,-0.07055956205260182
activation,naturalistic_behavioral,final_token,2,unique_tuples_ge_10,28,378,unique_tuple_weighted_continuous,-0.05283258183275433,-0.05771322057374282
activation,naturalistic_behavioral,final_token,2,unique_tuples_ge_25,24,276,row_weighted_continuous,-0.08384922012522811,-0.07194360811061487
activation,naturalistic_behavioral,final_token,2,unique_tuples_ge_25,24,276,unique_tuple_weighted_continuous,-0.07723908323165993,-0.06248940511693612
activation,naturalistic_behavioral,final_token,2,exposure_quartile_1,8,28,row_weighted_continuous,-0.11594082243390468,-0.1839080459770115
activation,naturalistic_behavioral,final_token,2,exposure_quartile_1,8,28,unique_tuple_weighted_continuous,-0.04837923705252549,-0.16967706622879036
activation,naturalistic_behavioral,final_token,2,exposure_quartile_2,8,28,row_weighted_continuous,-0.04373724186300534,-0.060207991242473995
activation,naturalistic_behavioral,final_token,2,exposure_quartile_2,8,28,unique_tuple_weighted_continuous,-0.040799555901818406,-0.07060755336617405
activation,naturalistic_behavioral,final_token,2,exposure_quartile_3,8,28,row_weighted_continuous,-0.2639428584743218,-0.26655719759168034
activation,naturalistic_behavioral,final_token,2,exposure_quartile_3,8,28,unique_tuple_weighted_continuous,-0.17129691514156425,-0.19704433497536944
activation,naturalistic_behavioral,final_token,2,exposure_quartile_4,8,28,row_weighted_continuous,-0.09465488327701117,-0.15435139573070608
activation,naturalistic_behavioral,final_token,2,exposure_quartile_4,8,28,unique_tuple_weighted_continuous,-0.16163116636509328,-0.17077175697865354
activation,naturalistic_behavioral,final_token,2,pair_row_ratio_le_2_0,32,181,row_weighted_continuous,-0.1514923151069607,-0.1526379697650416
activation,naturalistic_behavioral,final_token,2,pair_row_ratio_le_2_0,32,181,unique_tuple_weighted_continuous,-0.12429596963812123,-0.13638516179952645
activation,naturalistic_behavioral,final_token,2,pair_row_ratio_le_1_5,32,117,row_weighted_continuous,-0.12144113692788369,-0.12451857513225134
activation,naturalistic_behavioral,final_token,2,pair_row_ratio_le_1_5,32,117,unique_tuple_weighted_continuous,-0.07241969246030107,-0.116950651141183
activation,naturalistic_behavioral,final_token,3,all_32,32,496,row_weighted_continuous,0.06085602193014971,0.03634308293554091
activation,naturalistic_behavioral,final_token,3,all_32,32,496,unique_tuple_weighted_continuous,0.04574443512783445,0.012532674050166098
activation,naturalistic_behavioral,final_token,3,rows_ge_1000,30,435,row_weighted_continuous,0.008609460962861084,-0.008292889871810386
activation,naturalistic_behavioral,final_token,3,rows_ge_1000,30,435,unique_tuple_weighted_continuous,-0.01432495417390705,-0.03206970902575601
activation,naturalistic_behavioral,final_token,3,rows_ge_10000,30,435,row_weighted_continuous,0.008609460962861084,-0.008292889871810386
activation,naturalistic_behavioral,final_token,3,rows_ge_10000,30,435,unique_tuple_weighted_continuous,-0.01432495417390705,-0.03206970902575601
activation,naturalistic_behavioral,final_token,3,rows_ge_50000,22,231,row_weighted_continuous,0.04600261991378727,0.02549601822465391
activation,naturalistic_behavioral,final_token,3,rows_ge_50000,22,231,unique_tuple_weighted_continuous,0.018614789025829512,0.002030802780427968
activation,naturalistic_behavioral,final_token,3,unique_tuples_ge_10,28,378,row_weighted_continuous,0.008974249440001738,-0.007021729067038866
activation,naturalistic_behavioral,final_token,3,unique_tuples_ge_10,28,378,unique_tuple_weighted_continuous,-0.0002542209628570392,-0.02285486326974817
activation,naturalistic_behavioral,final_token,3,unique_tuples_ge_25,24,276,row_weighted_continuous,0.004558914305253266,-0.014569426806124343
activation,naturalistic_behavioral,final_token,3,unique_tuples_ge_25,24,276,unique_tuple_weighted_continuous,-0.005836104268841097,-0.02132846277878455
activation,naturalistic_behavioral,final_token,3,exposure_quartile_1,8,28,row_weighted_continuous,-0.16594258781946578,-0.2627257799671593
activation,naturalistic_behavioral,final_token,3,exposure_quartile_1,8,28,unique_tuple_weighted_continuous,0.0004760336189679106,-0.10563765736179528
activation,naturalistic_behavioral,final_token,3,exposure_quartile_2,8,28,row_weighted_continuous,0.08952555196126048,0.03065134099616858
activation,naturalistic_behavioral,final_token,3,exposure_quartile_2,8,28,unique_tuple_weighted_continuous,0.0011585510639988512,-0.12479474548440067
activation,naturalistic_behavioral,final_token,3,exposure_quartile_3,8,28,row_weighted_continuous,-0.3454273175626444,-0.41981390257252327
activation,naturalistic_behavioral,final_token,3,exposure_quartile_3,8,28,unique_tuple_weighted_continuous,-0.2893790875268816,-0.39518336070060206
activation,naturalistic_behavioral,final_token,3,exposure_quartile_4,8,28,row_weighted_continuous,0.3281478201028866,0.19321291735084836
activation,naturalistic_behavioral,final_token,3,exposure_quartile_4,8,28,unique_tuple_weighted_continuous,0.19969142862731443,0.13738368910782706
activation,naturalistic_behavioral,final_token,3,pair_row_ratio_le_2_0,32,181,row_weighted_continuous,-0.06500623205257985,-0.09450144698763482
activation,naturalistic_behavioral,final_token,3,pair_row_ratio_le_2_0,32,181,unique_tuple_weighted_continuous,-0.07180612104662551,-0.11013498472062007
activation,naturalistic_behavioral,final_token,3,pair_row_ratio_le_1_5,32,117,row_weighted_continuous,-0.05193989071512984,-0.08586221882539824
activation,naturalistic_behavioral,final_token,3,pair_row_ratio_le_1_5,32,117,unique_tuple_weighted_continuous,-0.0416938924714829,-0.11605898484916603
activation,naturalistic_behavioral,final_token,4,all_32,32,496,row_weighted_continuous,0.047258550869043264,0.03191140980782053
activation,naturalistic_behavioral,final_token,4,all_32,32,496,unique_tuple_weighted_continuous,0.05996306736108802,0.03769144682365946
activation,naturalistic_behavioral,final_token,4,rows_ge_1000,30,435,row_weighted_continuous,-0.009065937249163679,-0.010777374598541849
activation,naturalistic_behavioral,final_token,4,rows_ge_1000,30,435,unique_tuple_weighted_continuous,0.008814286981143513,0.0032845582028670274
activation,naturalistic_behavioral,final_token,4,rows_ge_10000,30,435,row_weighted_continuous,-0.009065937249163679,-0.010777374598541849
activation,naturalistic_behavioral,final_token,4,rows_ge_10000,30,435,unique_tuple_weighted_continuous,0.008814286981143513,0.0032845582028670274
activation,naturalistic_behavioral,final_token,4,rows_ge_50000,22,231,row_weighted_continuous,0.06326075376575938,0.05450164528125548
activation,naturalistic_behavioral,final_token,4,rows_ge_50000,22,231,unique_tuple_weighted_continuous,0.05156569190173525,0.04796919721957204
activation,naturalistic_behavioral,final_token,4,unique_tuples_ge_10,28,378,row_weighted_continuous,0.02235901939224112,0.015128928330638822
activation,naturalistic_behavioral,final_token,4,unique_tuples_ge_10,28,378,unique_tuple_weighted_continuous,0.029735613463035795,0.022349399203188666
activation,naturalistic_behavioral,final_token,4,unique_tuples_ge_25,24,276,row_weighted_continuous,0.022406008801864895,0.01591301493985531
activation,naturalistic_behavioral,final_token,4,unique_tuples_ge_25,24,276,unique_tuple_weighted_continuous,0.033641901614686755,0.03174954695281175
activation,naturalistic_behavioral,final_token,4,exposure_quartile_1,8,28,row_weighted_continuous,-0.2022750955162884,-0.32457580733442803
activation,naturalistic_behavioral,final_token,4,exposure_quartile_1,8,28,unique_tuple_weighted_continuous,0.011285827264063198,-0.1023535851122058
activation,naturalistic_behavioral,final_token,4,exposure_quartile_2,8,28,row_weighted_continuous,0.13471822167041964,0.09250136836343732
activation,naturalistic_behavioral,final_token,4,exposure_quartile_2,8,28,unique_tuple_weighted_continuous,0.1634158149301083,0.150519978106185
activation,naturalistic_behavioral,final_token,4,exposure_quartile_3,8,28,row_weighted_continuous,-0.2446868826137313,-0.32457580733442803
activation,naturalistic_behavioral,final_token,4,exposure_quartile_3,8,28,unique_tuple_weighted_continuous,-0.22189296777699724,-0.31143951833607003
activation,naturalistic_behavioral,final_token,4,exposure_quartile_4,8,28,row_weighted_continuous,0.35189421990868824,0.19047619047619047
activation,naturalistic_behavioral,final_token,4,exposure_quartile_4,8,28,unique_tuple_weighted_continuous,0.2414066924286557,0.1691297208538588
activation,naturalistic_behavioral,final_token,4,pair_row_ratio_le_2_0,32,181,row_weighted_continuous,-0.02186787146023826,-0.06777163904235727
activation,naturalistic_behavioral,final_token,4,pair_row_ratio_le_2_0,32,181,unique_tuple_weighted_continuous,-0.006252656888801901,-0.056058122356464894
activation,naturalistic_behavioral,final_token,4,pair_row_ratio_le_1_5,32,117,row_weighted_continuous,0.012684259061904126,-0.032032549566155644
activation,naturalistic_behavioral,final_token,4,pair_row_ratio_le_1_5,32,117,unique_tuple_weighted_continuous,0.04452506361649877,-0.02958234051162163
activation,naturalistic_behavioral,final_token,5,all_32,32,496,row_weighted_continuous,0.0725914480213619,0.05581376823993815
activation,naturalistic_behavioral,final_token,5,all_32,32,496,unique_tuple_weighted_continuous,0.0792815657137,0.05601782739447437
activation,naturalistic_behavioral,final_token,5,rows_ge_1000,30,435,row_weighted_continuous,0.01487973882841977,0.01192908386630259
activation,naturalistic_behavioral,final_token,5,rows_ge_1000,30,435,unique_tuple_weighted_continuous,0.02941678664761214,0.022824982469235512
activation,naturalistic_behavioral,final_token,5,rows_ge_10000,30,435,row_weighted_continuous,0.01487973882841977,0.01192908386630259
activation,naturalistic_behavioral,final_token,5,rows_ge_10000,30,435,unique_tuple_weighted_continuous,0.02941678664761214,0.022824982469235512
activation,naturalistic_behavioral,final_token,5,rows_ge_50000,22,231,row_weighted_continuous,0.12138283995730628,0.14916859751942213
activation,naturalistic_behavioral,final_token,5,rows_ge_50000,22,231,unique_tuple_weighted_continuous,0.07342786816476053,0.10202982924122354
activation,naturalistic_behavioral,final_token,5,unique_tuples_ge_10,28,378,row_weighted_continuous,0.06097009715514632,0.058743478541495094
activation,naturalistic_behavioral,final_token,5,unique_tuples_ge_10,28,378,unique_tuple_weighted_continuous,0.04483061478838476,0.042705714710081916
activation,naturalistic_behavioral,final_token,5,unique_tuples_ge_25,24,276,row_weighted_continuous,0.06977431537525214,0.08354789457912987
activation,naturalistic_behavioral,final_token,5,unique_tuples_ge_25,24,276,unique_tuple_weighted_continuous,0.053034296863162085,0.06999785961958306
activation,naturalistic_behavioral,final_token,5,exposure_quartile_1,8,28,row_weighted_continuous,-0.2081720481373029,-0.32129173508483855
activation,naturalistic_behavioral,final_token,5,exposure_quartile_1,8,28,unique_tuple_weighted_continuous,0.015498592726979237,-0.0755336617405583
activation,naturalistic_behavioral,final_token,5,exposure_quartile_2,8,28,row_weighted_continuous,0.17254316537946546,0.1899288451012589
activation,naturalistic_behavioral,final_token,5,exposure_quartile_2,8,28,unique_tuple_weighted_continuous,0.12466070184128018,0.1652983032293377
activation,naturalistic_behavioral,final_token,5,exposure_quartile_3,8,28,row_weighted_continuous,-0.007217235964879798,0.03557744937055282
activation,naturalistic_behavioral,final_token,5,exposure_quartile_3,8,28,unique_tuple_weighted_continuous,-0.08439042943579515,-0.015873015873015872
activation,naturalistic_behavioral,final_token,5,exposure_quartile_4,8,28,row_weighted_continuous,0.36279737634248554,0.14395183360700603
activation,naturalistic_behavioral,final_token,5,exposure_quartile_4,8,28,unique_tuple_weighted_continuous,0.24524613153905322,0.1111111111111111
activation,naturalistic_behavioral,final_token,5,pair_row_ratio_le_2_0,32,181,row_weighted_continuous,0.026862912316651513,0.014951530973630419
activation,naturalistic_behavioral,final_token,5,pair_row_ratio_le_2_0,32,181,unique_tuple_weighted_continuous,0.023289841450279243,-0.006429482120089855
activation,naturalistic_behavioral,final_token,5,pair_row_ratio_le_1_5,32,117,row_weighted_continuous,0.09419916580065167,0.10278139939156887
activation,naturalistic_behavioral,final_token,5,pair_row_ratio_le_1_5,32,117,unique_tuple_weighted_continuous,0.09650540066223069,0.07269702827855955
activation,naturalistic_behavioral,final_token,6,all_32,32,496,row_weighted_continuous,0.08137530178446138,0.06969087250777391
activation,naturalistic_behavioral,final_token,6,all_32,32,496,unique_tuple_weighted_continuous,0.09021788142938439,0.07806968890567255
activation,naturalistic_behavioral,final_token,6,rows_ge_1000,30,435,row_weighted_continuous,0.028786480477438245,0.027550489330652815
activation,naturalistic_behavioral,final_token,6,rows_ge_1000,30,435,unique_tuple_weighted_continuous,0.0536185947443234,0.05395262247115989
activation,naturalistic_behavioral,final_token,6,rows_ge_10000,30,435,row_weighted_continuous,0.028786480477438245,0.027550489330652815
activation,naturalistic_behavioral,final_token,6,rows_ge_10000,30,435,unique_tuple_weighted_continuous,0.0536185947443234,0.05395262247115989
activation,naturalistic_behavioral,final_token,6,rows_ge_50000,22,231,row_weighted_continuous,0.13963422701988676,0.17341556494480034
activation,naturalistic_behavioral,final_token,6,rows_ge_50000,22,231,unique_tuple_weighted_continuous,0.08173118177980418,0.12444459588387626
activation,naturalistic_behavioral,final_token,6,unique_tuples_ge_10,28,378,row_weighted_continuous,0.060906875905632624,0.06253079303757131
activation,naturalistic_behavioral,final_token,6,unique_tuples_ge_10,28,378,unique_tuple_weighted_continuous,0.05161784261293637,0.06137855714782291
activation,naturalistic_behavioral,final_token,6,unique_tuples_ge_25,24,276,row_weighted_continuous,0.07253900172001142,0.0773476405873204
activation,naturalistic_behavioral,final_token,6,unique_tuples_ge_25,24,276,unique_tuple_weighted_continuous,0.05692332284524473,0.07481171786932264
activation,naturalistic_behavioral,final_token,6,exposure_quartile_1,8,28,row_weighted_continuous,-0.1971355347477019,-0.2851669403393541
activation,naturalistic_behavioral,final_token,6,exposure_quartile_1,8,28,unique_tuple_weighted_continuous,-0.024944304776824862,-0.0782703886152162
activation,naturalistic_behavioral,final_token,6,exposure_quartile_2,8,28,row_weighted_continuous,-0.00688307634742645,0.07060755336617405
activation,naturalistic_behavioral,final_token,6,exposure_quartile_2,8,28,unique_tuple_weighted_continuous,0.03392054872570987,0.16146688560481665
activation,naturalistic_behavioral,final_token,6,exposure_quartile_3,8,28,row_weighted_continuous,0.1420436381757138,0.18226600985221672
activation,naturalistic_behavioral,final_token,6,exposure_quartile_3,8,28,unique_tuple_weighted_continuous,0.01272496482847824,0.0722495894909688
activation,naturalistic_behavioral,final_token,6,exposure_quartile_4,8,28,row_weighted_continuous,0.36672674750139134,0.15489874110563767
activation,naturalistic_behavioral,final_token,6,exposure_quartile_4,8,28,unique_tuple_weighted_continuous,0.2493983138387311,0.1412151067323481
activation,naturalistic_behavioral,final_token,6,pair_row_ratio_le_2_0,32,181,row_weighted_continuous,0.019632483694569262,0.017896100216542206
activation,naturalistic_behavioral,final_token,6,pair_row_ratio_le_2_0,32,181,unique_tuple_weighted_continuous,0.035313988437779546,0.01806811972557829
activation,naturalistic_behavioral,final_token,6,pair_row_ratio_le_1_5,32,117,row_weighted_continuous,0.11697154966647824,0.12277270751847023
activation,naturalistic_behavioral,final_token,6,pair_row_ratio_le_1_5,32,117,unique_tuple_weighted_continuous,0.12433251758814015,0.11118104572224968
activation,naturalistic_behavioral,final_token,7,all_32,32,496,row_weighted_continuous,0.08446780418034901,0.06761949999114923
activation,naturalistic_behavioral,final_token,7,all_32,32,496,unique_tuple_weighted_continuous,0.08026218387880453,0.0626624851749795
activation,naturalistic_behavioral,final_token,7,rows_ge_1000,30,435,row_weighted_continuous,0.04563032420127564,0.030519420879760093
activation,naturalistic_behavioral,final_token,7,rows_ge_1000,30,435,unique_tuple_weighted_continuous,0.060858832316466785,0.045658420525500155
activation,naturalistic_behavioral,final_token,7,rows_ge_10000,30,435,row_weighted_continuous,0.04563032420127564,0.030519420879760093
activation,naturalistic_behavioral,final_token,7,rows_ge_10000,30,435,unique_tuple_weighted_continuous,0.060858832316466785,0.045658420525500155
activation,naturalistic_behavioral,final_token,7,rows_ge_50000,22,231,row_weighted_continuous,0.1255269919429457,0.12843318600440043
activation,naturalistic_behavioral,final_token,7,rows_ge_50000,22,231,unique_tuple_weighted_continuous,0.07125033928686172,0.0791010338986351
activation,naturalistic_behavioral,final_token,7,unique_tuples_ge_10,28,378,row_weighted_continuous,0.06413128541135793,0.05181873192063347
activation,naturalistic_behavioral,final_token,7,unique_tuples_ge_10,28,378,unique_tuple_weighted_continuous,0.05650725073122443,0.042667277222822673
activation,naturalistic_behavioral,final_token,7,unique_tuples_ge_25,24,276,row_weighted_continuous,0.06997627984969806,0.04815056862773077
activation,naturalistic_behavioral,final_token,7,unique_tuples_ge_25,24,276,unique_tuple_weighted_continuous,0.058957016643584395,0.04512606840655813
activation,naturalistic_behavioral,final_token,7,exposure_quartile_1,8,28,row_weighted_continuous,-0.2046034850119202,-0.2884510125889437
activation,naturalistic_behavioral,final_token,7,exposure_quartile_1,8,28,unique_tuple_weighted_continuous,-0.09009505759315987,-0.13902572523262177
activation,naturalistic_behavioral,final_token,7,exposure_quartile_2,8,28,row_weighted_continuous,0.07579149453122384,0.04926108374384236
activation,naturalistic_behavioral,final_token,7,exposure_quartile_2,8,28,unique_tuple_weighted_continuous,0.04286165146503234,0.07991242474001095
activation,naturalistic_behavioral,final_token,7,exposure_quartile_3,8,28,row_weighted_continuous,0.0987411384252637,0.05911330049261084
activation,naturalistic_behavioral,final_token,7,exposure_quartile_3,8,28,unique_tuple_weighted_continuous,-0.005796321706487251,-0.020251778872468526
activation,naturalistic_behavioral,final_token,7,exposure_quartile_4,8,28,row_weighted_continuous,0.35675539958553676,0.18609742747673783
activation,naturalistic_behavioral,final_token,7,exposure_quartile_4,8,28,unique_tuple_weighted_continuous,0.2605214738868446,0.1718664477285167
activation,naturalistic_behavioral,final_token,7,pair_row_ratio_le_2_0,32,181,row_weighted_continuous,0.06160901228234597,0.05142573816606965
activation,naturalistic_behavioral,final_token,7,pair_row_ratio_le_2_0,32,181,unique_tuple_weighted_continuous,0.07973748131844906,0.04686620929714852
activation,naturalistic_behavioral,final_token,7,pair_row_ratio_le_1_5,32,117,row_weighted_continuous,0.09552117520815614,0.06480690554331699
activation,naturalistic_behavioral,final_token,7,pair_row_ratio_le_1_5,32,117,unique_tuple_weighted_continuous,0.10590234574005226,0.052016364699006425
activation,naturalistic_behavioral,final_token,8,all_32,32,496,row_weighted_continuous,0.06825538954675005,0.043711339395119495
activation,naturalistic_behavioral,final_token,8,all_32,32,496,unique_tuple_weighted_continuous,0.07470536159782748,0.054012933908435944
activation,naturalistic_behavioral,final_token,8,rows_ge_1000,30,435,row_weighted_continuous,0.020670604553752164,-0.00035192736359170013
activation,naturalistic_behavioral,final_token,8,rows_ge_1000,30,435,unique_tuple_weighted_continuous,0.05463493749470531,0.03581509672171059
activation,naturalistic_behavioral,final_token,8,rows_ge_10000,30,435,row_weighted_continuous,0.020670604553752164,-0.00035192736359170013
activation,naturalistic_behavioral,final_token,8,rows_ge_10000,30,435,unique_tuple_weighted_continuous,0.05463493749470531,0.03581509672171059
activation,naturalistic_behavioral,final_token,8,rows_ge_50000,22,231,row_weighted_continuous,0.08662056832512156,0.08395899452870968
activation,naturalistic_behavioral,final_token,8,rows_ge_50000,22,231,unique_tuple_weighted_continuous,0.07182268102953072,0.07210031347962383
activation,naturalistic_behavioral,final_token,8,unique_tuples_ge_10,28,378,row_weighted_continuous,0.03413122682218063,0.014196208264081979
activation,naturalistic_behavioral,final_token,8,unique_tuples_ge_10,28,378,unique_tuple_weighted_continuous,0.04685371585362449,0.02597340992391488
activation,naturalistic_behavioral,final_token,8,unique_tuples_ge_25,24,276,row_weighted_continuous,0.04232606525862231,0.015212111699319361
activation,naturalistic_behavioral,final_token,8,unique_tuples_ge_25,24,276,unique_tuple_weighted_continuous,0.05853485128198299,0.039612448452504966
activation,naturalistic_behavioral,final_token,8,exposure_quartile_1,8,28,row_weighted_continuous,-0.21739683502692644,-0.35467980295566504
activation,naturalistic_behavioral,final_token,8,exposure_quartile_1,8,28,unique_tuple_weighted_continuous,-0.10332238142898721,-0.1992337164750958
activation,naturalistic_behavioral,final_token,8,exposure_quartile_2,8,28,row_weighted_continuous,-0.08609412873450606,-0.14395183360700603
activation,naturalistic_behavioral,final_token,8,exposure_quartile_2,8,28,unique_tuple_weighted_continuous,0.0055972429875106545,0.011494252873563218
activation,naturalistic_behavioral,final_token,8,exposure_quartile_3,8,28,row_weighted_continuous,0.038552961062725544,-0.013683634373289545
activation,naturalistic_behavioral,final_token,8,exposure_quartile_3,8,28,unique_tuple_weighted_continuous,-0.04631256618822517,-0.06622879036672139
activation,naturalistic_behavioral,final_token,8,exposure_quartile_4,8,28,row_weighted_continuous,0.3205192950527071,0.1423097974822113
activation,naturalistic_behavioral,final_token,8,exposure_quartile_4,8,28,unique_tuple_weighted_continuous,0.26940827271987455,0.15599343185550082
activation,naturalistic_behavioral,final_token,8,pair_row_ratio_le_2_0,32,181,row_weighted_continuous,0.052168410795860355,0.02838726650881347
activation,naturalistic_behavioral,final_token,8,pair_row_ratio_le_2_0,32,181,unique_tuple_weighted_continuous,0.09549572275451695,0.0570902394106814
activation,naturalistic_behavioral,final_token,8,pair_row_ratio_le_1_5,32,117,row_weighted_continuous,0.06828539552801453,0.027993825772902332
activation,naturalistic_behavioral,final_token,8,pair_row_ratio_le_1_5,32,117,unique_tuple_weighted_continuous,0.0903642809196718,0.04839724857258463
activation,naturalistic_behavioral,final_token,9,all_32,32,496,row_weighted_continuous,0.04079451202472863,0.02469951674858535
activation,naturalistic_behavioral,final_token,9,all_32,32,496,unique_tuple_weighted_continuous,0.05308228542446277,0.035146067017943435
activation,naturalistic_behavioral,final_token,9,rows_ge_1000,30,435,row_weighted_continuous,-0.009238411583343152,-0.024925612702041147
activation,naturalistic_behavioral,final_token,9,rows_ge_1000,30,435,unique_tuple_weighted_continuous,0.0283193584675056,0.008426575618460587
activation,naturalistic_behavioral,final_token,9,rows_ge_10000,30,435,row_weighted_continuous,-0.009238411583343152,-0.024925612702041147
activation,naturalistic_behavioral,final_token,9,rows_ge_10000,30,435,unique_tuple_weighted_continuous,0.0283193584675056,0.008426575618460587
activation,naturalistic_behavioral,final_token,9,rows_ge_50000,22,231,row_weighted_continuous,0.0708271558491044,0.06870850289141145
activation,naturalistic_behavioral,final_token,9,rows_ge_50000,22,231,unique_tuple_weighted_continuous,0.052702541820042206,0.04568040654997177
activation,naturalistic_behavioral,final_token,9,unique_tuples_ge_10,28,378,row_weighted_continuous,0.017106715573437962,-0.00010275917836649343
activation,naturalistic_behavioral,final_token,9,unique_tuples_ge_10,28,378,unique_tuple_weighted_continuous,0.023798282138638722,0.002139501639092213
activation,naturalistic_behavioral,final_token,9,unique_tuples_ge_25,24,276,row_weighted_continuous,0.03733341943534201,0.016385040167805825
activation,naturalistic_behavioral,final_token,9,unique_tuples_ge_25,24,276,unique_tuple_weighted_continuous,0.04268008714266803,0.023460281674062874
activation,naturalistic_behavioral,final_token,9,exposure_quartile_1,8,28,row_weighted_continuous,-0.2918962331539006,-0.3524904214559387
activation,naturalistic_behavioral,final_token,9,exposure_quartile_1,8,28,unique_tuple_weighted_continuous,-0.13479749390334486,-0.16310892172961136
activation,naturalistic_behavioral,final_token,9,exposure_quartile_2,8,28,row_weighted_continuous,-0.0005842551144440013,-0.07772304324028462
activation,naturalistic_behavioral,final_token,9,exposure_quartile_2,8,28,unique_tuple_weighted_continuous,-0.014306724277349605,-0.05363984674329502
activation,naturalistic_behavioral,final_token,9,exposure_quartile_3,8,28,row_weighted_continuous,0.04796501835703936,-0.029009304871373837
activation,naturalistic_behavioral,final_token,9,exposure_quartile_3,8,28,unique_tuple_weighted_continuous,-0.037914316405068954,-0.08264915161466885
activation,naturalistic_behavioral,final_token,9,exposure_quartile_4,8,28,row_weighted_continuous,0.3028023743014413,0.2895457033388068
activation,naturalistic_behavioral,final_token,9,exposure_quartile_4,8,28,unique_tuple_weighted_continuous,0.25443650101258136,0.26874657909140665
activation,naturalistic_behavioral,final_token,9,pair_row_ratio_le_2_0,32,181,row_weighted_continuous,0.06983185744986899,0.051215267237366684
activation,naturalistic_behavioral,final_token,9,pair_row_ratio_le_2_0,32,181,unique_tuple_weighted_continuous,0.09729074506653257,0.06644405318438466
activation,naturalistic_behavioral,final_token,9,pair_row_ratio_le_1_5,32,117,row_weighted_continuous,0.05880864537161287,0.024382202640531103
activation,naturalistic_behavioral,final_token,9,pair_row_ratio_le_1_5,32,117,unique_tuple_weighted_continuous,0.07200602012419768,0.03121581321464431
activation,naturalistic_behavioral,final_token,10,all_32,32,496,row_weighted_continuous,0.05157283952211353,0.03642303478741461
activation,naturalistic_behavioral,final_token,10,all_32,32,496,unique_tuple_weighted_continuous,0.0639087647896864,0.05037782904661596
activation,naturalistic_behavioral,final_token,10,rows_ge_1000,30,435,row_weighted_continuous,0.0075052872816578145,-0.01177542543994565
activation,naturalistic_behavioral,final_token,10,rows_ge_1000,30,435,unique_tuple_weighted_continuous,0.042570100130268206,0.026609732380670527
activation,naturalistic_behavioral,final_token,10,rows_ge_10000,30,435,row_weighted_continuous,0.0075052872816578145,-0.01177542543994565
activation,naturalistic_behavioral,final_token,10,rows_ge_10000,30,435,unique_tuple_weighted_continuous,0.042570100130268206,0.026609732380670527
activation,naturalistic_behavioral,final_token,10,rows_ge_50000,22,231,row_weighted_continuous,0.0957648096010755,0.09542631281761717
activation,naturalistic_behavioral,final_token,10,rows_ge_50000,22,231,unique_tuple_weighted_continuous,0.0707646336563589,0.07577250335871026
activation,naturalistic_behavioral,final_token,10,unique_tuples_ge_10,28,378,row_weighted_continuous,0.039886574901058125,0.019445258186046102
activation,naturalistic_behavioral,final_token,10,unique_tuples_ge_10,28,378,unique_tuple_weighted_continuous,0.04273959894805526,0.024046647556792217
activation,naturalistic_behavioral,final_token,10,unique_tuples_ge_25,24,276,row_weighted_continuous,0.05975761409329602,0.03704627502461438
activation,naturalistic_behavioral,final_token,10,unique_tuples_ge_25,24,276,unique_tuple_weighted_continuous,0.06264290155687163,0.05036457813101982
activation,naturalistic_behavioral,final_token,10,exposure_quartile_1,8,28,row_weighted_continuous,-0.27989433627153054,-0.3962780514504652
activation,naturalistic_behavioral,final_token,10,exposure_quartile_1,8,28,unique_tuple_weighted_continuous,-0.10505622818934376,-0.17350848385331144
activation,naturalistic_behavioral,final_token,10,exposure_quartile_2,8,28,row_weighted_continuous,0.0947794105865313,-0.021893814997263273
activation,naturalistic_behavioral,final_token,10,exposure_quartile_2,8,28,unique_tuple_weighted_continuous,0.14360292206769515,0.07060755336617405
activation,naturalistic_behavioral,final_token,10,exposure_quartile_3,8,28,row_weighted_continuous,0.005104741878926636,-0.031198686371100168
activation,naturalistic_behavioral,final_token,10,exposure_quartile_3,8,28,unique_tuple_weighted_continuous,-0.08226271896380902,-0.08374384236453201
activation,naturalistic_behavioral,final_token,10,exposure_quartile_4,8,28,row_weighted_continuous,0.42212673780040105,0.29337712096332785
activation,naturalistic_behavioral,final_token,10,exposure_quartile_4,8,28,unique_tuple_weighted_continuous,0.2802488943295346,0.21620142309797483
activation,naturalistic_behavioral,final_token,10,pair_row_ratio_le_2_0,32,181,row_weighted_continuous,0.08103235179388227,0.07378827434076053
activation,naturalistic_behavioral,final_token,10,pair_row_ratio_le_2_0,32,181,unique_tuple_weighted_continuous,0.09240571125696807,0.08760245279582296
activation,naturalistic_behavioral,final_token,10,pair_row_ratio_le_1_5,32,117,row_weighted_continuous,0.08506741656726602,0.050390384990034315
activation,naturalistic_behavioral,final_token,10,pair_row_ratio_le_1_5,32,117,unique_tuple_weighted_continuous,0.07877591960849586,0.05789836502869816
activation,naturalistic_behavioral,final_token,11,all_32,32,496,row_weighted_continuous,0.08705311291750942,0.0838113726346348
activation,naturalistic_behavioral,final_token,11,all_32,32,496,unique_tuple_weighted_continuous,0.06805151384715057,0.06556209200461811
activation,naturalistic_behavioral,final_token,11,rows_ge_1000,30,435,row_weighted_continuous,0.058429867774946256,0.04944812716036604
activation,naturalistic_behavioral,final_token,11,rows_ge_1000,30,435,unique_tuple_weighted_continuous,0.05617230522472586,0.05028362663043398
activation,naturalistic_behavioral,final_token,11,rows_ge_10000,30,435,row_weighted_continuous,0.058429867774946256,0.04944812716036604
activation,naturalistic_behavioral,final_token,11,rows_ge_10000,30,435,unique_tuple_weighted_continuous,0.05617230522472586,0.05028362663043398
activation,naturalistic_behavioral,final_token,11,rows_ge_50000,22,231,row_weighted_continuous,0.0931917044683953,0.08998130804727505
activation,naturalistic_behavioral,final_token,11,rows_ge_50000,22,231,unique_tuple_weighted_continuous,0.06195538561508512,0.07009092856169317
activation,naturalistic_behavioral,final_token,11,unique_tuples_ge_10,28,378,row_weighted_continuous,0.060905906579743985,0.05122350632313329
activation,naturalistic_behavioral,final_token,11,unique_tuples_ge_10,28,378,unique_tuple_weighted_continuous,0.059225293042957684,0.05362173890970179
activation,naturalistic_behavioral,final_token,11,unique_tuples_ge_25,24,276,row_weighted_continuous,0.07001591371415765,0.04623392931036944
activation,naturalistic_behavioral,final_token,11,unique_tuples_ge_25,24,276,unique_tuple_weighted_continuous,0.06534878823744683,0.05576975214394772
activation,naturalistic_behavioral,final_token,11,exposure_quartile_1,8,28,row_weighted_continuous,-0.22721067629690628,-0.3158182813355227
activation,naturalistic_behavioral,final_token,11,exposure_quartile_1,8,28,unique_tuple_weighted_continuous,-0.11199950885089027,-0.17296113847837985
activation,naturalistic_behavioral,final_token,11,exposure_quartile_2,8,28,row_weighted_continuous,0.12967777508756062,-0.026272577996715927
activation,naturalistic_behavioral,final_token,11,exposure_quartile_2,8,28,unique_tuple_weighted_continuous,0.17740491410302886,0.06403940886699507
activation,naturalistic_behavioral,final_token,11,exposure_quartile_3,8,28,row_weighted_continuous,0.056708675776470735,0.010946907498631636
activation,naturalistic_behavioral,final_token,11,exposure_quartile_3,8,28,unique_tuple_weighted_continuous,-0.060118633190940886,-0.08538587848932677
activation,naturalistic_behavioral,final_token,11,exposure_quartile_4,8,28,row_weighted_continuous,0.4757697203097952,0.3147235905856595
activation,naturalistic_behavioral,final_token,11,exposure_quartile_4,8,28,unique_tuple_weighted_continuous,0.340796410763066,0.23152709359605914
activation,naturalistic_behavioral,final_token,11,pair_row_ratio_le_2_0,32,181,row_weighted_continuous,0.11067140004120318,0.10786027968348409
activation,naturalistic_behavioral,final_token,11,pair_row_ratio_le_2_0,32,181,unique_tuple_weighted_continuous,0.09099645835701274,0.09269625402222087
activation,naturalistic_behavioral,final_token,11,pair_row_ratio_le_1_5,32,117,row_weighted_continuous,0.11166366139127461,0.07320655187399781
activation,naturalistic_behavioral,final_token,11,pair_row_ratio_le_1_5,32,117,unique_tuple_weighted_continuous,0.07810455048956383,0.04928891486460159
activation,naturalistic_behavioral,final_token,12,all_32,32,496,row_weighted_continuous,0.11296841339941181,0.10373157812957902
activation,naturalistic_behavioral,final_token,12,all_32,32,496,unique_tuple_weighted_continuous,0.06671129566029614,0.05992150360619238
activation,naturalistic_behavioral,final_token,12,rows_ge_1000,30,435,row_weighted_continuous,0.0931630936145649,0.07697616544959668
activation,naturalistic_behavioral,final_token,12,rows_ge_1000,30,435,unique_tuple_weighted_continuous,0.057000378584078595,0.04567999685102276
activation,naturalistic_behavioral,final_token,12,rows_ge_10000,30,435,row_weighted_continuous,0.0931630936145649,0.07697616544959668
activation,naturalistic_behavioral,final_token,12,rows_ge_10000,30,435,unique_tuple_weighted_continuous,0.057000378584078595,0.04567999685102276
activation,naturalistic_behavioral,final_token,12,rows_ge_50000,22,231,row_weighted_continuous,0.07050273174197082,0.062360053739364096
activation,naturalistic_behavioral,final_token,12,rows_ge_50000,22,231,unique_tuple_weighted_continuous,0.03959863916630043,0.04408672287233007
activation,naturalistic_behavioral,final_token,12,unique_tuples_ge_10,28,378,row_weighted_continuous,0.058704098424488614,0.0479963126674072
activation,naturalistic_behavioral,final_token,12,unique_tuples_ge_10,28,378,unique_tuple_weighted_continuous,0.05434727619008374,0.046106432513492834
activation,naturalistic_behavioral,final_token,12,unique_tuples_ge_25,24,276,row_weighted_continuous,0.06015348742771522,0.03265078980037386
activation,naturalistic_behavioral,final_token,12,unique_tuples_ge_25,24,276,unique_tuple_weighted_continuous,0.05336337420834633,0.03869864870649677
activation,naturalistic_behavioral,final_token,12,exposure_quartile_1,8,28,row_weighted_continuous,-0.17351194968921685,-0.2862616310892173
activation,naturalistic_behavioral,final_token,12,exposure_quartile_1,8,28,unique_tuple_weighted_continuous,-0.1007679543384043,-0.15270935960591134
activation,naturalistic_behavioral,final_token,12,exposure_quartile_2,8,28,row_weighted_continuous,0.08140626332707263,-0.10892172961138478
activation,naturalistic_behavioral,final_token,12,exposure_quartile_2,8,28,unique_tuple_weighted_continuous,0.12132978848586747,-0.0038314176245210726
activation,naturalistic_behavioral,final_token,12,exposure_quartile_3,8,28,row_weighted_continuous,0.042997294838373404,-0.0629447181171319
activation,naturalistic_behavioral,final_token,12,exposure_quartile_3,8,28,unique_tuple_weighted_continuous,-0.07663334995235975,-0.16584564860426929
activation,naturalistic_behavioral,final_token,12,exposure_quartile_4,8,28,row_weighted_continuous,0.41835799281743236,0.29064039408866993
activation,naturalistic_behavioral,final_token,12,exposure_quartile_4,8,28,unique_tuple_weighted_continuous,0.30185807330569664,0.24192665571975916
activation,naturalistic_behavioral,final_token,12,pair_row_ratio_le_2_0,32,181,row_weighted_continuous,0.1318702914125257,0.11098901098901098
activation,naturalistic_behavioral,final_token,12,pair_row_ratio_le_2_0,32,181,unique_tuple_weighted_continuous,0.0937777179695311,0.08288911824823426
activation,naturalistic_behavioral,final_token,12,pair_row_ratio_le_1_5,32,117,row_weighted_continuous,0.12397478965438069,0.09399961036430937
activation,naturalistic_behavioral,final_token,12,pair_row_ratio_le_1_5,32,117,unique_tuple_weighted_continuous,0.08261832285395701,0.06390774625724947
activation,naturalistic_behavioral,final_token,13,all_32,32,496,row_weighted_continuous,0.08082301578237196,0.07002208755957051
activation,naturalistic_behavioral,final_token,13,all_32,32,496,unique_tuple_weighted_continuous,0.05855033138384004,0.04371320788858272
activation,naturalistic_behavioral,final_token,13,rows_ge_1000,30,435,row_weighted_continuous,0.04934730841922311,0.03445199777822161
activation,naturalistic_behavioral,final_token,13,rows_ge_1000,30,435,unique_tuple_weighted_continuous,0.04212812332423296,0.0205581562155125
activation,naturalistic_behavioral,final_token,13,rows_ge_10000,30,435,row_weighted_continuous,0.04934730841922311,0.03445199777822161
activation,naturalistic_behavioral,final_token,13,rows_ge_10000,30,435,unique_tuple_weighted_continuous,0.04212812332423296,0.0205581562155125
activation,naturalistic_behavioral,final_token,13,rows_ge_50000,22,231,row_weighted_continuous,0.06921442048140476,0.04871103409334294
activation,naturalistic_behavioral,final_token,13,rows_ge_50000,22,231,unique_tuple_weighted_continuous,0.03288899764709546,0.025278918982067407
activation,naturalistic_behavioral,final_token,13,unique_tuples_ge_10,28,378,row_weighted_continuous,0.045929711813619656,0.022412943257270432
activation,naturalistic_behavioral,final_token,13,unique_tuples_ge_10,28,378,unique_tuple_weighted_continuous,0.0421243685643971,0.017563598766401057
activation,naturalistic_behavioral,final_token,13,unique_tuples_ge_25,24,276,row_weighted_continuous,0.04525711964079452,0.007973059745152038
activation,naturalistic_behavioral,final_token,13,unique_tuples_ge_25,24,276,unique_tuple_weighted_continuous,0.03330015472971037,0.008186527018735464
activation,naturalistic_behavioral,final_token,13,exposure_quartile_1,8,28,row_weighted_continuous,-0.2219759574594633,-0.2911877394636015
activation,naturalistic_behavioral,final_token,13,exposure_quartile_1,8,28,unique_tuple_weighted_continuous,-0.10823617468328338,-0.10892172961138478
activation,naturalistic_behavioral,final_token,13,exposure_quartile_2,8,28,row_weighted_continuous,0.10291111030096649,-0.0120415982484948
activation,naturalistic_behavioral,final_token,13,exposure_quartile_2,8,28,unique_tuple_weighted_continuous,0.1522131856819361,0.04926108374384236
activation,naturalistic_behavioral,final_token,13,exposure_quartile_3,8,28,row_weighted_continuous,0.10578911067008638,-0.0060207991242474
activation,naturalistic_behavioral,final_token,13,exposure_quartile_3,8,28,unique_tuple_weighted_continuous,-0.011777639795896102,-0.12534209085933223
activation,naturalistic_behavioral,final_token,13,exposure_quartile_4,8,28,row_weighted_continuous,0.42369113477844295,0.34920634920634924
activation,naturalistic_behavioral,final_token,13,exposure_quartile_4,8,28,unique_tuple_weighted_continuous,0.31684320500160296,0.29009304871373837
activation,naturalistic_behavioral,final_token,13,pair_row_ratio_le_2_0,32,181,row_weighted_continuous,0.15553623030044852,0.12109971060247303
activation,naturalistic_behavioral,final_token,13,pair_row_ratio_le_2_0,32,181,unique_tuple_weighted_continuous,0.10862158167804967,0.09994940602675408
activation,naturalistic_behavioral,final_token,13,pair_row_ratio_le_1_5,32,117,row_weighted_continuous,0.1579114483304869,0.12009770864241935
activation,naturalistic_behavioral,final_token,13,pair_row_ratio_le_1_5,32,117,unique_tuple_weighted_continuous,0.10967044543347691,0.10714232192899638
activation,naturalistic_behavioral,final_token,14,all_32,32,496,row_weighted_continuous,0.058646379890542506,0.045390229942706084
activation,naturalistic_behavioral,final_token,14,all_32,32,496,unique_tuple_weighted_continuous,0.053822104388745254,0.039348210474971036
activation,naturalistic_behavioral,final_token,14,rows_ge_1000,30,435,row_weighted_continuous,0.01862065306631245,0.002467136194723422
activation,naturalistic_behavioral,final_token,14,rows_ge_1000,30,435,unique_tuple_weighted_continuous,0.03437177802617349,0.014085987488646916
activation,naturalistic_behavioral,final_token,14,rows_ge_10000,30,435,row_weighted_continuous,0.01862065306631245,0.002467136194723422
activation,naturalistic_behavioral,final_token,14,rows_ge_10000,30,435,unique_tuple_weighted_continuous,0.03437177802617349,0.014085987488646916
activation,naturalistic_behavioral,final_token,14,rows_ge_50000,22,231,row_weighted_continuous,0.04988122652883974,0.01563601316225004
activation,naturalistic_behavioral,final_token,14,rows_ge_50000,22,231,unique_tuple_weighted_continuous,0.023167428199077307,0.0007126306976381939
activation,naturalistic_behavioral,final_token,14,unique_tuples_ge_10,28,378,row_weighted_continuous,0.029733478038900474,0.006133667583945083
activation,naturalistic_behavioral,final_token,14,unique_tuples_ge_10,28,378,unique_tuple_weighted_continuous,0.03534798844218806,0.010188933580799654
activation,naturalistic_behavioral,final_token,14,unique_tuples_ge_25,24,276,row_weighted_continuous,0.029244589997813354,-0.017208658552246688
activation,naturalistic_behavioral,final_token,14,unique_tuples_ge_25,24,276,unique_tuple_weighted_continuous,0.02634877316960341,-0.007701944892338866
activation,naturalistic_behavioral,final_token,14,exposure_quartile_1,8,28,row_weighted_continuous,-0.2364400861761621,-0.27203065134099613
activation,naturalistic_behavioral,final_token,14,exposure_quartile_1,8,28,unique_tuple_weighted_continuous,-0.0856647526414652,-0.041050903119868636
activation,naturalistic_behavioral,final_token,14,exposure_quartile_2,8,28,row_weighted_continuous,0.09565199187185956,-0.02353585112205802
activation,naturalistic_behavioral,final_token,14,exposure_quartile_2,8,28,unique_tuple_weighted_continuous,0.16392664575569557,0.08319649698960044
activation,naturalistic_behavioral,final_token,14,exposure_quartile_3,8,28,row_weighted_continuous,0.09845775213707011,0.012588943623426383
activation,naturalistic_behavioral,final_token,14,exposure_quartile_3,8,28,unique_tuple_weighted_continuous,-0.004497732936958206,-0.07279693486590037
activation,naturalistic_behavioral,final_token,14,exposure_quartile_4,8,28,row_weighted_continuous,0.4251478190331339,0.3371647509578544
activation,naturalistic_behavioral,final_token,14,exposure_quartile_4,8,28,unique_tuple_weighted_continuous,0.3408460834566195,0.28735632183908044
activation,naturalistic_behavioral,final_token,14,pair_row_ratio_le_2_0,32,181,row_weighted_continuous,0.15073145448853087,0.11841823002043995
activation,naturalistic_behavioral,final_token,14,pair_row_ratio_le_2_0,32,181,unique_tuple_weighted_continuous,0.11431834222654931,0.10826907898731103
activation,naturalistic_behavioral,final_token,14,pair_row_ratio_le_1_5,32,117,row_weighted_continuous,0.16398170905905005,0.13727914400035962
activation,naturalistic_behavioral,final_token,14,pair_row_ratio_le_1_5,32,117,unique_tuple_weighted_continuous,0.12371743648021413,0.13270841762951638
activation,naturalistic_behavioral,final_token,15,all_32,32,496,row_weighted_continuous,0.056022505353361576,0.041350055366411564
activation,naturalistic_behavioral,final_token,15,all_32,32,496,unique_tuple_weighted_continuous,0.05191449212405903,0.03575195060883384
activation,naturalistic_behavioral,final_token,15,rows_ge_1000,30,435,row_weighted_continuous,0.012925728826039862,-0.0013230077980922444
activation,naturalistic_behavioral,final_token,15,rows_ge_1000,30,435,unique_tuple_weighted_continuous,0.03248030745890058,0.014742607557253798
activation,naturalistic_behavioral,final_token,15,rows_ge_10000,30,435,row_weighted_continuous,0.012925728826039862,-0.0013230077980922444
activation,naturalistic_behavioral,final_token,15,rows_ge_10000,30,435,unique_tuple_weighted_continuous,0.03248030745890058,0.014742607557253798
activation,naturalistic_behavioral,final_token,15,rows_ge_50000,22,231,row_weighted_continuous,0.052913406285918486,0.022965789832356552
activation,naturalistic_behavioral,final_token,15,rows_ge_50000,22,231,unique_tuple_weighted_continuous,0.028804201515201702,0.013348196031854203
activation,naturalistic_behavioral,final_token,15,unique_tuples_ge_10,28,378,row_weighted_continuous,0.02925482833142089,0.010101838233946323
activation,naturalistic_behavioral,final_token,15,unique_tuples_ge_10,28,378,unique_tuple_weighted_continuous,0.03687332674350222,0.0174820579697297
activation,naturalistic_behavioral,final_token,15,unique_tuples_ge_25,24,276,row_weighted_continuous,0.03535896945696955,-0.007197385882050769
activation,naturalistic_behavioral,final_token,15,unique_tuples_ge_25,24,276,unique_tuple_weighted_continuous,0.031801384458213365,0.001978282273369387
activation,naturalistic_behavioral,final_token,15,exposure_quartile_1,8,28,row_weighted_continuous,-0.2745177120380907,-0.2889983579638752
activation,naturalistic_behavioral,final_token,15,exposure_quartile_1,8,28,unique_tuple_weighted_continuous,-0.11787565896447573,-0.09250136836343732
activation,naturalistic_behavioral,final_token,15,exposure_quartile_2,8,28,row_weighted_continuous,0.07373566230131617,0.04050355774493705
activation,naturalistic_behavioral,final_token,15,exposure_quartile_2,8,28,unique_tuple_weighted_continuous,0.17055733370000536,0.1231527093596059
activation,naturalistic_behavioral,final_token,15,exposure_quartile_3,8,28,row_weighted_continuous,0.10162175594280135,0.04707170224411604
activation,naturalistic_behavioral,final_token,15,exposure_quartile_3,8,28,unique_tuple_weighted_continuous,0.0002546334698129006,-0.04159824849480022
activation,naturalistic_behavioral,final_token,15,exposure_quartile_4,8,28,row_weighted_continuous,0.38602382553543013,0.2851669403393541
activation,naturalistic_behavioral,final_token,15,exposure_quartile_4,8,28,unique_tuple_weighted_continuous,0.3226564295316441,0.2692939244663382
activation,naturalistic_behavioral,final_token,15,pair_row_ratio_le_2_0,32,181,row_weighted_continuous,0.1337679690587309,0.10334932102887903
activation,naturalistic_behavioral,final_token,15,pair_row_ratio_le_2_0,32,181,unique_tuple_weighted_continuous,0.09043829252886694,0.07993240645174346
activation,naturalistic_behavioral,final_token,15,pair_row_ratio_le_1_5,32,117,row_weighted_continuous,0.1730782829880441,0.1568658304485306
activation,naturalistic_behavioral,final_token,15,pair_row_ratio_le_1_5,32,117,unique_tuple_weighted_continuous,0.1268305812582945,0.1352785145888594
activation,naturalistic_behavioral,final_token,16,all_32,32,496,row_weighted_continuous,0.05074176627473419,0.038789727612989766
activation,naturalistic_behavioral,final_token,16,all_32,32,496,unique_tuple_weighted_continuous,0.04768340103287225,0.03512954560205809
activation,naturalistic_behavioral,final_token,16,rows_ge_1000,30,435,row_weighted_continuous,0.007758344189762517,-0.0017021971405537242
activation,naturalistic_behavioral,final_token,16,rows_ge_1000,30,435,unique_tuple_weighted_continuous,0.03040101057240259,0.018228787774970587
activation,naturalistic_behavioral,final_token,16,rows_ge_10000,30,435,row_weighted_continuous,0.007758344189762517,-0.0017021971405537242
activation,naturalistic_behavioral,final_token,16,rows_ge_10000,30,435,unique_tuple_weighted_continuous,0.03040101057240259,0.018228787774970587
activation,naturalistic_behavioral,final_token,16,rows_ge_50000,22,231,row_weighted_continuous,0.049786127661711824,0.025741350104168698
activation,naturalistic_behavioral,final_token,16,rows_ge_50000,22,231,unique_tuple_weighted_continuous,0.020696799060590857,0.013744426488054675
activation,naturalistic_behavioral,final_token,16,unique_tuples_ge_10,28,378,row_weighted_continuous,0.03490324542406732,0.02049840090054811
activation,naturalistic_behavioral,final_token,16,unique_tuples_ge_10,28,378,unique_tuple_weighted_continuous,0.034335389349002446,0.02141534604458815
activation,naturalistic_behavioral,final_token,16,unique_tuples_ge_25,24,276,row_weighted_continuous,0.03824556959129362,-0.0028281559909247877
activation,naturalistic_behavioral,final_token,16,unique_tuples_ge_25,24,276,unique_tuple_weighted_continuous,0.02925232525515392,0.0037590787802685463
activation,naturalistic_behavioral,final_token,16,exposure_quartile_1,8,28,row_weighted_continuous,-0.2542407766890214,-0.314176245210728
activation,naturalistic_behavioral,final_token,16,exposure_quartile_1,8,28,unique_tuple_weighted_continuous,-0.05611184049704501,-0.07717569786535304
activation,naturalistic_behavioral,final_token,16,exposure_quartile_2,8,28,row_weighted_continuous,0.03813312060078694,0.02681992337164751
activation,naturalistic_behavioral,final_token,16,exposure_quartile_2,8,28,unique_tuple_weighted_continuous,0.14532483430165088,0.12534209085933223
activation,naturalistic_behavioral,final_token,16,exposure_quartile_3,8,28,row_weighted_continuous,0.09426416960294609,0.02463054187192118
activation,naturalistic_behavioral,final_token,16,exposure_quartile_3,8,28,unique_tuple_weighted_continuous,-0.005979361221829035,-0.05199781061850027
activation,naturalistic_behavioral,final_token,16,exposure_quartile_4,8,28,row_weighted_continuous,0.42026089335551536,0.3196496989600438
activation,naturalistic_behavioral,final_token,16,exposure_quartile_4,8,28,unique_tuple_weighted_continuous,0.3092230219505353,0.24794745484400657
activation,naturalistic_behavioral,final_token,16,pair_row_ratio_le_2_0,32,181,row_weighted_continuous,0.12970126328135903,0.10313277882338655
activation,naturalistic_behavioral,final_token,16,pair_row_ratio_le_2_0,32,181,unique_tuple_weighted_continuous,0.07891253176618644,0.06735676846174084
activation,naturalistic_behavioral,final_token,16,pair_row_ratio_le_1_5,32,117,row_weighted_continuous,0.1764017517260074,0.15560700744803607
activation,naturalistic_behavioral,final_token,16,pair_row_ratio_le_1_5,32,117,unique_tuple_weighted_continuous,0.1246204282856277,0.13714427010744953
activation,naturalistic_behavioral,final_token,17,all_32,32,496,row_weighted_continuous,0.03138251205206332,0.01953736101850595
activation,naturalistic_behavioral,final_token,17,all_32,32,496,unique_tuple_weighted_continuous,0.033142194759299734,0.020759257401692658
activation,naturalistic_behavioral,final_token,17,rows_ge_1000,30,435,row_weighted_continuous,-0.012883862526892853,-0.02262787981986684
activation,naturalistic_behavioral,final_token,17,rows_ge_1000,30,435,unique_tuple_weighted_continuous,0.021777784223033905,0.0063893622883734215
activation,naturalistic_behavioral,final_token,17,rows_ge_10000,30,435,row_weighted_continuous,-0.012883862526892853,-0.02262787981986684
activation,naturalistic_behavioral,final_token,17,rows_ge_10000,30,435,unique_tuple_weighted_continuous,0.021777784223033905,0.0063893622883734215
activation,naturalistic_behavioral,final_token,17,rows_ge_50000,22,231,row_weighted_continuous,0.05058465175604255,0.020376175548589344
activation,naturalistic_behavioral,final_token,17,rows_ge_50000,22,231,unique_tuple_weighted_continuous,0.017512829204112384,-0.0029323000837243717
activation,naturalistic_behavioral,final_token,17,unique_tuples_ge_10,28,378,row_weighted_continuous,0.026343840535710154,0.012358318699870877
activation,naturalistic_behavioral,final_token,17,unique_tuples_ge_10,28,378,unique_tuple_weighted_continuous,0.02829149948718281,0.007902458543892444
activation,naturalistic_behavioral,final_token,17,unique_tuples_ge_25,24,276,row_weighted_continuous,0.03634056493031934,-0.0034634208986743915
activation,naturalistic_behavioral,final_token,17,unique_tuples_ge_25,24,276,unique_tuple_weighted_continuous,0.024515602059466037,-0.008659123014797163
activation,naturalistic_behavioral,final_token,17,exposure_quartile_1,8,28,row_weighted_continuous,-0.22015855032458612,-0.2545155993431856
activation,naturalistic_behavioral,final_token,17,exposure_quartile_1,8,28,unique_tuple_weighted_continuous,-0.028230480062127333,-0.04050355774493705
activation,naturalistic_behavioral,final_token,17,exposure_quartile_2,8,28,row_weighted_continuous,0.10499217783035376,0.0870279146141215
activation,naturalistic_behavioral,final_token,17,exposure_quartile_2,8,28,unique_tuple_weighted_continuous,0.12229470718555094,0.09359605911330049
activation,naturalistic_behavioral,final_token,17,exposure_quartile_3,8,28,row_weighted_continuous,0.06786579725676159,-0.0120415982484948
activation,naturalistic_behavioral,final_token,17,exposure_quartile_3,8,28,unique_tuple_weighted_continuous,-0.02358862628077158,-0.07498631636562669
activation,naturalistic_behavioral,final_token,17,exposure_quartile_4,8,28,row_weighted_continuous,0.36548705310927837,0.26436781609195403
activation,naturalistic_behavioral,final_token,17,exposure_quartile_4,8,28,unique_tuple_weighted_continuous,0.2684663491404528,0.21893814997263272
activation,naturalistic_behavioral,final_token,17,pair_row_ratio_le_2_0,32,181,row_weighted_continuous,0.13704580544318443,0.1069455406471981
activation,naturalistic_behavioral,final_token,17,pair_row_ratio_le_2_0,32,181,unique_tuple_weighted_continuous,0.07364707811613853,0.05722785501791026
activation,naturalistic_behavioral,final_token,17,pair_row_ratio_le_1_5,32,117,row_weighted_continuous,0.17059338763812737,0.15272220473856943
activation,naturalistic_behavioral,final_token,17,pair_row_ratio_le_1_5,32,117,unique_tuple_weighted_continuous,0.11076239597730808,0.11908615444559335
activation,naturalistic_behavioral,final_token,18,all_32,32,496,row_weighted_continuous,0.02546737769378654,0.014960240425937835
activation,naturalistic_behavioral,final_token,18,all_32,32,496,unique_tuple_weighted_continuous,0.027522845401252147,0.01615401106541497
activation,naturalistic_behavioral,final_token,18,rows_ge_1000,30,435,row_weighted_continuous,-0.019234057271218234,-0.028555100541303353
activation,naturalistic_behavioral,final_token,18,rows_ge_1000,30,435,unique_tuple_weighted_continuous,0.015590787427113907,0.0007417590828312222
activation,naturalistic_behavioral,final_token,18,rows_ge_10000,30,435,row_weighted_continuous,-0.019234057271218234,-0.028555100541303353
activation,naturalistic_behavioral,final_token,18,rows_ge_10000,30,435,unique_tuple_weighted_continuous,0.015590787427113907,0.0007417590828312222
activation,naturalistic_behavioral,final_token,18,rows_ge_50000,22,231,row_weighted_continuous,0.05133733861335739,0.026457874958624585
activation,naturalistic_behavioral,final_token,18,rows_ge_50000,22,231,unique_tuple_weighted_continuous,0.01600186685741061,6.035943067427326e-05
activation,naturalistic_behavioral,final_token,18,unique_tuples_ge_10,28,378,row_weighted_continuous,0.02507356487377739,0.010271363105500128
activation,naturalistic_behavioral,final_token,18,unique_tuples_ge_10,28,378,unique_tuple_weighted_continuous,0.022896935095124134,0.0033817212417885695
activation,naturalistic_behavioral,final_token,18,unique_tuples_ge_25,24,276,row_weighted_continuous,0.029791834826886056,-0.007620325052439321
activation,naturalistic_behavioral,final_token,18,unique_tuples_ge_25,24,276,unique_tuple_weighted_continuous,0.01664316581305809,-0.013320586178850189
activation,naturalistic_behavioral,final_token,18,exposure_quartile_1,8,28,row_weighted_continuous,-0.23752664918385435,-0.2621784345922277
activation,naturalistic_behavioral,final_token,18,exposure_quartile_1,8,28,unique_tuple_weighted_continuous,-0.0276859364553255,-0.04050355774493705
activation,naturalistic_behavioral,final_token,18,exposure_quartile_2,8,28,row_weighted_continuous,0.1495732856742091,0.10016420361247948
activation,naturalistic_behavioral,final_token,18,exposure_quartile_2,8,28,unique_tuple_weighted_continuous,0.17045121987114722,0.10125889436234263
activation,naturalistic_behavioral,final_token,18,exposure_quartile_3,8,28,row_weighted_continuous,0.049159200735973886,-0.06732348111658455
activation,naturalistic_behavioral,final_token,18,exposure_quartile_3,8,28,unique_tuple_weighted_continuous,-0.030605275798689716,-0.11384783798576902
activation,naturalistic_behavioral,final_token,18,exposure_quartile_4,8,28,row_weighted_continuous,0.41345176675689216,0.31746031746031744
activation,naturalistic_behavioral,final_token,18,exposure_quartile_4,8,28,unique_tuple_weighted_continuous,0.3075084525555658,0.24740010946907498
activation,naturalistic_behavioral,final_token,18,pair_row_ratio_le_2_0,32,181,row_weighted_continuous,0.13876460563988874,0.10846133608564547
activation,naturalistic_behavioral,final_token,18,pair_row_ratio_le_2_0,32,181,unique_tuple_weighted_continuous,0.07490022406618402,0.0562483556958695
activation,naturalistic_behavioral,final_token,18,pair_row_ratio_le_1_5,32,117,row_weighted_continuous,0.18254363333369814,0.15379370288779987
activation,naturalistic_behavioral,final_token,18,pair_row_ratio_le_1_5,32,117,unique_tuple_weighted_continuous,0.12491697066795669,0.12093692397608234
activation,naturalistic_behavioral,final_token,19,all_32,32,496,row_weighted_continuous,0.028095837894814478,0.01811494578418704
activation,naturalistic_behavioral,final_token,19,all_32,32,496,unique_tuple_weighted_continuous,0.028343639322219803,0.015485090405581091
activation,naturalistic_behavioral,final_token,19,rows_ge_1000,30,435,row_weighted_continuous,-0.01398321898175568,-0.022138184702093628
activation,naturalistic_behavioral,final_token,19,rows_ge_1000,30,435,unique_tuple_weighted_continuous,0.01653702450185235,0.00195601053741087
activation,naturalistic_behavioral,final_token,19,rows_ge_10000,30,435,row_weighted_continuous,-0.01398321898175568,-0.022138184702093628
activation,naturalistic_behavioral,final_token,19,rows_ge_10000,30,435,unique_tuple_weighted_continuous,0.01653702450185235,0.00195601053741087
activation,naturalistic_behavioral,final_token,19,rows_ge_50000,22,231,row_weighted_continuous,0.06576081987854376,0.04305866547245858
activation,naturalistic_behavioral,final_token,19,rows_ge_50000,22,231,unique_tuple_weighted_continuous,0.020808974893624838,0.006252068770809401
activation,naturalistic_behavioral,final_token,19,unique_tuples_ge_10,28,378,row_weighted_continuous,0.03431177954306323,0.02079879097438919
activation,naturalistic_behavioral,final_token,19,unique_tuples_ge_10,28,378,unique_tuple_weighted_continuous,0.025232177459415858,0.0056295366094292485
activation,naturalistic_behavioral,final_token,19,unique_tuples_ge_25,24,276,row_weighted_continuous,0.04537187425572954,0.012708151995548011
activation,naturalistic_behavioral,final_token,19,unique_tuples_ge_25,24,276,unique_tuple_weighted_continuous,0.021638268735617056,-0.006062698877013742
activation,naturalistic_behavioral,final_token,19,exposure_quartile_1,8,28,row_weighted_continuous,-0.24250439439713964,-0.2692939244663382
activation,naturalistic_behavioral,final_token,19,exposure_quartile_1,8,28,unique_tuple_weighted_continuous,-0.021714691117420852,-0.04926108374384236
activation,naturalistic_behavioral,final_token,19,exposure_quartile_2,8,28,row_weighted_continuous,0.1875935314890354,0.18445539135194308
activation,naturalistic_behavioral,final_token,19,exposure_quartile_2,8,28,unique_tuple_weighted_continuous,0.16112824209685997,0.13902572523262177
activation,naturalistic_behavioral,final_token,19,exposure_quartile_3,8,28,row_weighted_continuous,0.07052209156357656,-0.01532567049808429
activation,naturalistic_behavioral,final_token,19,exposure_quartile_3,8,28,unique_tuple_weighted_continuous,-0.017936591576298705,-0.06677613574165298
activation,naturalistic_behavioral,final_token,19,exposure_quartile_4,8,28,row_weighted_continuous,0.4020032414801297,0.30103995621237
activation,naturalistic_behavioral,final_token,19,exposure_quartile_4,8,28,unique_tuple_weighted_continuous,0.2872354629967336,0.23535851122058019
activation,naturalistic_behavioral,final_token,19,pair_row_ratio_le_2_0,32,181,row_weighted_continuous,0.1425770832962652,0.11920142472628661
activation,naturalistic_behavioral,final_token,19,pair_row_ratio_le_2_0,32,181,unique_tuple_weighted_continuous,0.0698296506268216,0.0540890049177342
activation,naturalistic_behavioral,final_token,19,pair_row_ratio_le_1_5,32,117,row_weighted_continuous,0.19031081801762584,0.17170945166269536
activation,naturalistic_behavioral,final_token,19,pair_row_ratio_le_1_5,32,117,unique_tuple_weighted_continuous,0.12385976120013968,0.126152047835274
activation,naturalistic_behavioral,final_token,20,all_32,32,496,row_weighted_continuous,0.02749845473444056,0.01718709126705492
activation,naturalistic_behavioral,final_token,20,all_32,32,496,unique_tuple_weighted_continuous,0.03143161480734585,0.017654214632860703
activation,naturalistic_behavioral,final_token,20,rows_ge_1000,30,435,row_weighted_continuous,-0.014808417183051741,-0.02403558927423364
activation,naturalistic_behavioral,final_token,20,rows_ge_1000,30,435,unique_tuple_weighted_continuous,0.018132471910715098,0.0027916557934620813
activation,naturalistic_behavioral,final_token,20,rows_ge_10000,30,435,row_weighted_continuous,-0.014808417183051741,-0.02403558927423364
activation,naturalistic_behavioral,final_token,20,rows_ge_10000,30,435,unique_tuple_weighted_continuous,0.018132471910715098,0.0027916557934620813
activation,naturalistic_behavioral,final_token,20,rows_ge_50000,22,231,row_weighted_continuous,0.06495348188084148,0.03449638816955159
activation,naturalistic_behavioral,final_token,20,rows_ge_50000,22,231,unique_tuple_weighted_continuous,0.02175277790642164,0.002937167779746491
activation,naturalistic_behavioral,final_token,20,unique_tuples_ge_10,28,378,row_weighted_continuous,0.03710949123617707,0.020289994177720497
activation,naturalistic_behavioral,final_token,20,unique_tuples_ge_10,28,378,unique_tuple_weighted_continuous,0.028672155419485798,0.007408103577696882
activation,naturalistic_behavioral,final_token,20,unique_tuples_ge_25,24,276,row_weighted_continuous,0.04506647673490982,0.006285298440376137
activation,naturalistic_behavioral,final_token,20,unique_tuples_ge_25,24,276,unique_tuple_weighted_continuous,0.023243953032125533,-0.008244745366076396
activation,naturalistic_behavioral,final_token,20,exposure_quartile_1,8,28,row_weighted_continuous,-0.25378003832991886,-0.2922824302134647
activation,naturalistic_behavioral,final_token,20,exposure_quartile_1,8,28,unique_tuple_weighted_continuous,-0.02321414141922718,-0.05911330049261084
activation,naturalistic_behavioral,final_token,20,exposure_quartile_2,8,28,row_weighted_continuous,0.1848233569816833,0.14887794198139023
activation,naturalistic_behavioral,final_token,20,exposure_quartile_2,8,28,unique_tuple_weighted_continuous,0.15832208392609437,0.10344827586206896
activation,naturalistic_behavioral,final_token,20,exposure_quartile_3,8,28,row_weighted_continuous,0.05930297960853592,-0.031746031746031744
activation,naturalistic_behavioral,final_token,20,exposure_quartile_3,8,28,unique_tuple_weighted_continuous,-0.022858023902346106,-0.0782703886152162
activation,naturalistic_behavioral,final_token,20,exposure_quartile_4,8,28,row_weighted_continuous,0.42774871759739813,0.3273125342090859
activation,naturalistic_behavioral,final_token,20,exposure_quartile_4,8,28,unique_tuple_weighted_continuous,0.3133769403922265,0.27038861521620144
activation,naturalistic_behavioral,final_token,20,pair_row_ratio_le_2_0,32,181,row_weighted_continuous,0.13661841495257332,0.11165482767692711
activation,naturalistic_behavioral,final_token,20,pair_row_ratio_le_2_0,32,181,unique_tuple_weighted_continuous,0.06905162221532322,0.05118086333555946
activation,naturalistic_behavioral,final_token,20,pair_row_ratio_le_1_5,32,117,row_weighted_continuous,0.19176135661945556,0.1686672960781669
activation,naturalistic_behavioral,final_token,20,pair_row_ratio_le_1_5,32,117,unique_tuple_weighted_continuous,0.12880769220219832,0.12646675358539763
activation,naturalistic_behavioral,final_token,21,all_32,32,496,row_weighted_continuous,0.03162008899826427,0.028643021373598383
activation,naturalistic_behavioral,final_token,21,all_32,32,496,unique_tuple_weighted_continuous,0.029429582094526084,0.02169999468954489
activation,naturalistic_behavioral,final_token,21,rows_ge_1000,30,435,row_weighted_continuous,-0.008720406395885854,-0.00738668419986092
activation,naturalistic_behavioral,final_token,21,rows_ge_1000,30,435,unique_tuple_weighted_continuous,0.02046816192801306,0.011012381603558344
activation,naturalistic_behavioral,final_token,21,rows_ge_10000,30,435,row_weighted_continuous,-0.008720406395885854,-0.00738668419986092
activation,naturalistic_behavioral,final_token,21,rows_ge_10000,30,435,unique_tuple_weighted_continuous,0.02046816192801306,0.011012381603558344
activation,naturalistic_behavioral,final_token,21,rows_ge_50000,22,231,row_weighted_continuous,0.06684887633871923,0.0388354524036683
activation,naturalistic_behavioral,final_token,21,rows_ge_50000,22,231,unique_tuple_weighted_continuous,0.01535227378229653,-0.004623337681808446
activation,naturalistic_behavioral,final_token,21,unique_tuples_ge_10,28,378,row_weighted_continuous,0.0461743610883537,0.03416481616827354
activation,naturalistic_behavioral,final_token,21,unique_tuples_ge_10,28,378,unique_tuple_weighted_continuous,0.03319243475895224,0.013617868499134989
activation,naturalistic_behavioral,final_token,21,unique_tuples_ge_25,24,276,row_weighted_continuous,0.05091594471304097,0.015554572566030735
activation,naturalistic_behavioral,final_token,21,unique_tuples_ge_25,24,276,unique_tuple_weighted_continuous,0.0218233183429415,-0.008028995020048231
activation,naturalistic_behavioral,final_token,21,exposure_quartile_1,8,28,row_weighted_continuous,-0.22608318598352592,-0.27586206896551724
activation,naturalistic_behavioral,final_token,21,exposure_quartile_1,8,28,unique_tuple_weighted_continuous,-8.07910175320628e-05,-0.03940886699507389
activation,naturalistic_behavioral,final_token,21,exposure_quartile_2,8,28,row_weighted_continuous,0.24836466639255883,0.2019704433497537
activation,naturalistic_behavioral,final_token,21,exposure_quartile_2,8,28,unique_tuple_weighted_continuous,0.19144181456898424,0.1417624521072797
activation,naturalistic_behavioral,final_token,21,exposure_quartile_3,8,28,row_weighted_continuous,0.056936743316870035,-0.059660645867542425
activation,naturalistic_behavioral,final_token,21,exposure_quartile_3,8,28,unique_tuple_weighted_continuous,-0.035079586452276434,-0.12151067323481116
activation,naturalistic_behavioral,final_token,21,exposure_quartile_4,8,28,row_weighted_continuous,0.4314987890947098,0.28078817733990147
activation,naturalistic_behavioral,final_token,21,exposure_quartile_4,8,28,unique_tuple_weighted_continuous,0.30577973390795943,0.20963327859879585
activation,naturalistic_behavioral,final_token,21,pair_row_ratio_le_2_0,32,181,row_weighted_continuous,0.15261395742891426,0.13360249327100154
activation,naturalistic_behavioral,final_token,21,pair_row_ratio_le_2_0,32,181,unique_tuple_weighted_continuous,0.06447694836924692,0.05509683686479266
activation,naturalistic_behavioral,final_token,21,pair_row_ratio_le_1_5,32,117,row_weighted_continuous,0.19885603461024617,0.18378815807220247
activation,naturalistic_behavioral,final_token,21,pair_row_ratio_le_1_5,32,117,unique_tuple_weighted_continuous,0.11778159087136185,0.12761318167513372
activation,naturalistic_behavioral,final_token,22,all_32,32,496,row_weighted_continuous,0.030465632684074418,0.026014542779649548
activation,naturalistic_behavioral,final_token,22,all_32,32,496,unique_tuple_weighted_continuous,0.027803769049251362,0.01772590577679174
activation,naturalistic_behavioral,final_token,22,rows_ge_1000,30,435,row_weighted_continuous,-0.008277611996688583,-0.009749000272619789
activation,naturalistic_behavioral,final_token,22,rows_ge_1000,30,435,unique_tuple_weighted_continuous,0.018355582557511817,0.005781434738175664
activation,naturalistic_behavioral,final_token,22,rows_ge_10000,30,435,row_weighted_continuous,-0.008277611996688583,-0.009749000272619789
activation,naturalistic_behavioral,final_token,22,rows_ge_10000,30,435,unique_tuple_weighted_continuous,0.018355582557511817,0.005781434738175664
activation,naturalistic_behavioral,final_token,22,rows_ge_50000,22,231,row_weighted_continuous,0.06337774325113246,0.031021826748963185
activation,naturalistic_behavioral,final_token,22,rows_ge_50000,22,231,unique_tuple_weighted_continuous,0.006084454491190782,-0.018042602075585584
activation,naturalistic_behavioral,final_token,22,unique_tuples_ge_10,28,378,row_weighted_continuous,0.05043178527523822,0.032847721229124195
activation,naturalistic_behavioral,final_token,22,unique_tuples_ge_10,28,378,unique_tuple_weighted_continuous,0.03308078256712713,0.010357125360309784
activation,naturalistic_behavioral,final_token,22,unique_tuples_ge_25,24,276,row_weighted_continuous,0.053037635999246824,0.0134233244388636
activation,naturalistic_behavioral,final_token,22,unique_tuples_ge_25,24,276,unique_tuple_weighted_continuous,0.018205596354046973,-0.01583881508540118
activation,naturalistic_behavioral,final_token,22,exposure_quartile_1,8,28,row_weighted_continuous,-0.22544099163887688,-0.2753147235905857
activation,naturalistic_behavioral,final_token,22,exposure_quartile_1,8,28,unique_tuple_weighted_continuous,0.019145036750806567,-0.02353585112205802
activation,naturalistic_behavioral,final_token,22,exposure_quartile_2,8,28,row_weighted_continuous,0.25016227488486165,0.21127531472359057
activation,naturalistic_behavioral,final_token,22,exposure_quartile_2,8,28,unique_tuple_weighted_continuous,0.17928505374904832,0.1417624521072797
activation,naturalistic_behavioral,final_token,22,exposure_quartile_3,8,28,row_weighted_continuous,0.06895395288625525,-0.026272577996715927
activation,naturalistic_behavioral,final_token,22,exposure_quartile_3,8,28,unique_tuple_weighted_continuous,-0.031424008541060026,-0.09852216748768472
activation,naturalistic_behavioral,final_token,22,exposure_quartile_4,8,28,row_weighted_continuous,0.4302087837484304,0.22441160372194854
activation,naturalistic_behavioral,final_token,22,exposure_quartile_4,8,28,unique_tuple_weighted_continuous,0.3089530958125654,0.18281335522714834
activation,naturalistic_behavioral,final_token,22,pair_row_ratio_le_2_0,32,181,row_weighted_continuous,0.15117182310364963,0.13532268836136238
activation,naturalistic_behavioral,final_token,22,pair_row_ratio_le_2_0,32,181,unique_tuple_weighted_continuous,0.058208254312432935,0.052055127193248736
activation,naturalistic_behavioral,final_token,22,pair_row_ratio_le_1_5,32,117,row_weighted_continuous,0.20335194250349947,0.19370888219514754
activation,naturalistic_behavioral,final_token,22,pair_row_ratio_le_1_5,32,117,unique_tuple_weighted_continuous,0.11720862285209394,0.13354013996912883
activation,naturalistic_behavioral,final_token,23,all_32,32,496,row_weighted_continuous,0.033066836651398854,0.027948826881130377
activation,naturalistic_behavioral,final_token,23,all_32,32,496,unique_tuple_weighted_continuous,0.028025659604649235,0.016433793376092326
activation,naturalistic_behavioral,final_token,23,rows_ge_1000,30,435,row_weighted_continuous,-0.005761651208302534,-0.008746138493768377
activation,naturalistic_behavioral,final_token,23,rows_ge_1000,30,435,unique_tuple_weighted_continuous,0.019053543586874236,0.003493032158930047
activation,naturalistic_behavioral,final_token,23,rows_ge_10000,30,435,row_weighted_continuous,-0.005761651208302534,-0.008746138493768377
activation,naturalistic_behavioral,final_token,23,rows_ge_10000,30,435,unique_tuple_weighted_continuous,0.019053543586874236,0.003493032158930047
activation,naturalistic_behavioral,final_token,23,rows_ge_50000,22,231,row_weighted_continuous,0.06144403149416731,0.02547265328374774
activation,naturalistic_behavioral,final_token,23,rows_ge_50000,22,231,unique_tuple_weighted_continuous,0.006143055807953792,-0.02303296403746179
activation,naturalistic_behavioral,final_token,23,unique_tuples_ge_10,28,378,row_weighted_continuous,0.052757370225548175,0.03483158437211754
activation,naturalistic_behavioral,final_token,23,unique_tuples_ge_10,28,378,unique_tuple_weighted_continuous,0.03479634742699846,0.010066733476796255
activation,naturalistic_behavioral,final_token,23,unique_tuples_ge_25,24,276,row_weighted_continuous,0.05066637801633227,0.01196272884233958
activation,naturalistic_behavioral,final_token,23,unique_tuples_ge_25,24,276,unique_tuple_weighted_continuous,0.016944297205106464,-0.017851343445441703
activation,naturalistic_behavioral,final_token,23,exposure_quartile_1,8,28,row_weighted_continuous,-0.2181387795777798,-0.25944170771756975
activation,naturalistic_behavioral,final_token,23,exposure_quartile_1,8,28,unique_tuple_weighted_continuous,0.01735870648682908,-0.02353585112205802
activation,naturalistic_behavioral,final_token,23,exposure_quartile_2,8,28,row_weighted_continuous,0.2915422470148294,0.2320744389709907
activation,naturalistic_behavioral,final_token,23,exposure_quartile_2,8,28,unique_tuple_weighted_continuous,0.22561860482804974,0.17788724685276408
activation,naturalistic_behavioral,final_token,23,exposure_quartile_3,8,28,row_weighted_continuous,0.059926362720561774,-0.0421455938697318
activation,naturalistic_behavioral,final_token,23,exposure_quartile_3,8,28,unique_tuple_weighted_continuous,-0.03776545548064525,-0.10563765736179528
activation,naturalistic_behavioral,final_token,23,exposure_quartile_4,8,28,row_weighted_continuous,0.43980357305995393,0.21729611384783798
activation,naturalistic_behavioral,final_token,23,exposure_quartile_4,8,28,unique_tuple_weighted_continuous,0.3125951169775468,0.1620142309797482
activation,naturalistic_behavioral,final_token,23,pair_row_ratio_le_2_0,32,181,row_weighted_continuous,0.1549604440479431,0.1363062352012628
activation,naturalistic_behavioral,final_token,23,pair_row_ratio_le_2_0,32,181,unique_tuple_weighted_continuous,0.06136607429277219,0.049863396272236044
activation,naturalistic_behavioral,final_token,23,pair_row_ratio_le_1_5,32,117,row_weighted_continuous,0.20644007266057982,0.199081358929401
activation,naturalistic_behavioral,final_token,23,pair_row_ratio_le_1_5,32,117,unique_tuple_weighted_continuous,0.11965747907771583,0.13470904704101663
activation,naturalistic_behavioral,final_token,24,all_32,32,496,row_weighted_continuous,0.03351350770258332,0.02808453851161711
activation,naturalistic_behavioral,final_token,24,all_32,32,496,unique_tuple_weighted_continuous,0.027991956588860403,0.015930185216873085
activation,naturalistic_behavioral,final_token,24,rows_ge_1000,30,435,row_weighted_continuous,-0.004757831480755799,-0.00738318533626266
activation,naturalistic_behavioral,final_token,24,rows_ge_1000,30,435,unique_tuple_weighted_continuous,0.017591259149010243,0.0031303166325770443
activation,naturalistic_behavioral,final_token,24,rows_ge_10000,30,435,row_weighted_continuous,-0.004757831480755799,-0.00738318533626266
activation,naturalistic_behavioral,final_token,24,rows_ge_10000,30,435,unique_tuple_weighted_continuous,0.017591259149010243,0.0031303166325770443
activation,naturalistic_behavioral,final_token,24,rows_ge_50000,22,231,row_weighted_continuous,0.06338149803434337,0.034840047508713175
activation,naturalistic_behavioral,final_token,24,rows_ge_50000,22,231,unique_tuple_weighted_continuous,0.008527708995590199,-0.013544850951147804
activation,naturalistic_behavioral,final_token,24,unique_tuples_ge_10,28,378,row_weighted_continuous,0.05303396767638521,0.03602070247507423
activation,naturalistic_behavioral,final_token,24,unique_tuples_ge_10,28,378,unique_tuple_weighted_continuous,0.03432961366710496,0.011330726916205945
activation,naturalistic_behavioral,final_token,24,unique_tuples_ge_25,24,276,row_weighted_continuous,0.04885581997359448,0.01370185927712219
activation,naturalistic_behavioral,final_token,24,unique_tuples_ge_25,24,276,unique_tuple_weighted_continuous,0.016359401101474845,-0.014554586835233517
activation,naturalistic_behavioral,final_token,24,exposure_quartile_1,8,28,row_weighted_continuous,-0.24128709221518765,-0.27586206896551724
activation,naturalistic_behavioral,final_token,24,exposure_quartile_1,8,28,unique_tuple_weighted_continuous,-0.009153196463726053,-0.04980842911877395
activation,naturalistic_behavioral,final_token,24,exposure_quartile_2,8,28,row_weighted_continuous,0.2787652438779153,0.27257799671592775
activation,naturalistic_behavioral,final_token,24,exposure_quartile_2,8,28,unique_tuple_weighted_continuous,0.21259062490227995,0.21346469622331687
activation,naturalistic_behavioral,final_token,24,exposure_quartile_3,8,28,row_weighted_continuous,0.06557159940805955,-0.025725232621784347
activation,naturalistic_behavioral,final_token,24,exposure_quartile_3,8,28,unique_tuple_weighted_continuous,-0.03451970831147469,-0.08921729611384782
activation,naturalistic_behavioral,final_token,24,exposure_quartile_4,8,28,row_weighted_continuous,0.43585872175232954,0.20525451559934318
activation,naturalistic_behavioral,final_token,24,exposure_quartile_4,8,28,unique_tuple_weighted_continuous,0.3142947324823679,0.1598248494800219
activation,naturalistic_behavioral,final_token,24,pair_row_ratio_le_2_0,32,181,row_weighted_continuous,0.15322994242800517,0.14467043085827613
activation,naturalistic_behavioral,final_token,24,pair_row_ratio_le_2_0,32,181,unique_tuple_weighted_continuous,0.061798595984927415,0.05955922530508165
activation,naturalistic_behavioral,final_token,24,pair_row_ratio_le_1_5,32,117,row_weighted_continuous,0.21101323569015695,0.21049318886840804
activation,naturalistic_behavioral,final_token,24,pair_row_ratio_le_1_5,32,117,unique_tuple_weighted_continuous,0.12438921196669613,0.1478817305819059
activation,naturalistic_behavioral,final_token,25,all_32,32,496,row_weighted_continuous,0.0293388806494153,0.027495077994850823
activation,naturalistic_behavioral,final_token,25,all_32,32,496,unique_tuple_weighted_continuous,0.025889234295365555,0.016199149933815993
activation,naturalistic_behavioral,final_token,25,rows_ge_1000,30,435,row_weighted_continuous,-0.007322302162078394,-0.004174581630674537
activation,naturalistic_behavioral,final_token,25,rows_ge_1000,30,435,unique_tuple_weighted_continuous,0.015323417690628265,0.004782071822922514
activation,naturalistic_behavioral,final_token,25,rows_ge_10000,30,435,row_weighted_continuous,-0.007322302162078394,-0.004174581630674537
activation,naturalistic_behavioral,final_token,25,rows_ge_10000,30,435,unique_tuple_weighted_continuous,0.015323417690628265,0.004782071822922514
activation,naturalistic_behavioral,final_token,25,rows_ge_50000,22,231,row_weighted_continuous,0.06394278068751894,0.032821900737942715
activation,naturalistic_behavioral,final_token,25,rows_ge_50000,22,231,unique_tuple_weighted_continuous,0.010586347876893797,-0.01317880021028447
activation,naturalistic_behavioral,final_token,25,unique_tuples_ge_10,28,378,row_weighted_continuous,0.055618782331528505,0.04076028905434783
activation,naturalistic_behavioral,final_token,25,unique_tuples_ge_10,28,378,unique_tuple_weighted_continuous,0.03406509193511641,0.012858894762270253
activation,naturalistic_behavioral,final_token,25,unique_tuples_ge_25,24,276,row_weighted_continuous,0.05304869514222082,0.019845036457813103
activation,naturalistic_behavioral,final_token,25,unique_tuples_ge_25,24,276,unique_tuple_weighted_continuous,0.01821454964349428,-0.011732709293531771
activation,naturalistic_behavioral,final_token,25,exposure_quartile_1,8,28,row_weighted_continuous,-0.25184220346613556,-0.32567049808429116
activation,naturalistic_behavioral,final_token,25,exposure_quartile_1,8,28,unique_tuple_weighted_continuous,-0.003906718905075178,-0.08812260536398467
activation,naturalistic_behavioral,final_token,25,exposure_quartile_2,8,28,row_weighted_continuous,0.2926095905526938,0.3043240284619595
activation,naturalistic_behavioral,final_token,25,exposure_quartile_2,8,28,unique_tuple_weighted_continuous,0.21610431248234543,0.2222222222222222
activation,naturalistic_behavioral,final_token,25,exposure_quartile_3,8,28,row_weighted_continuous,0.06481300731225598,-0.03557744937055282
activation,naturalistic_behavioral,final_token,25,exposure_quartile_3,8,28,unique_tuple_weighted_continuous,-0.03476470016450392,-0.09578544061302681
activation,naturalistic_behavioral,final_token,25,exposure_quartile_4,8,28,row_weighted_continuous,0.43241882397391246,0.22769567597153803
activation,naturalistic_behavioral,final_token,25,exposure_quartile_4,8,28,unique_tuple_weighted_continuous,0.31466971691295903,0.18336070060207993
activation,naturalistic_behavioral,final_token,25,pair_row_ratio_le_2_0,32,181,row_weighted_continuous,0.15491432838021982,0.1523769048630927
activation,naturalistic_behavioral,final_token,25,pair_row_ratio_le_2_0,32,181,unique_tuple_weighted_continuous,0.06396979053613763,0.06910934369497905
activation,naturalistic_behavioral,final_token,25,pair_row_ratio_le_1_5,32,117,row_weighted_continuous,0.21092565194900423,0.2131906667266106
activation,naturalistic_behavioral,final_token,25,pair_row_ratio_le_1_5,32,117,unique_tuple_weighted_continuous,0.12421355768759404,0.15308186845299643
activation,naturalistic_behavioral,final_token,26,all_32,32,496,row_weighted_continuous,0.024173653730374434,0.02345254321628697
activation,naturalistic_behavioral,final_token,26,all_32,32,496,unique_tuple_weighted_continuous,0.023837251625550063,0.015465127028052968
activation,naturalistic_behavioral,final_token,26,rows_ge_1000,30,435,row_weighted_continuous,-0.013163647045682127,-0.009123578404430727
activation,naturalistic_behavioral,final_token,26,rows_ge_1000,30,435,unique_tuple_weighted_continuous,0.012363795414425307,0.003799911653694144
activation,naturalistic_behavioral,final_token,26,rows_ge_10000,30,435,row_weighted_continuous,-0.013163647045682127,-0.009123578404430727
activation,naturalistic_behavioral,final_token,26,rows_ge_10000,30,435,unique_tuple_weighted_continuous,0.012363795414425307,0.003799911653694144
activation,naturalistic_behavioral,final_token,26,rows_ge_50000,22,231,row_weighted_continuous,0.05984755782523567,0.030778441947857244
activation,naturalistic_behavioral,final_token,26,rows_ge_50000,22,231,unique_tuple_weighted_continuous,0.009499821288843897,-0.010647598278782686
activation,naturalistic_behavioral,final_token,26,unique_tuples_ge_10,28,378,row_weighted_continuous,0.0519877780087439,0.038011675442300503
activation,naturalistic_behavioral,final_token,26,unique_tuples_ge_10,28,378,unique_tuple_weighted_continuous,0.03266569613175015,0.01333814135197085
activation,naturalistic_behavioral,final_token,26,unique_tuples_ge_25,24,276,row_weighted_continuous,0.0500188182616087,0.016939826771878254
activation,naturalistic_behavioral,final_token,26,unique_tuples_ge_25,24,276,unique_tuple_weighted_continuous,0.018007931120669972,-0.009943922033076012
activation,naturalistic_behavioral,final_token,26,exposure_quartile_1,8,28,row_weighted_continuous,-0.25689930720367676,-0.3355227148330596
activation,naturalistic_behavioral,final_token,26,exposure_quartile_1,8,28,unique_tuple_weighted_continuous,-0.011004989050016054,-0.10344827586206896
activation,naturalistic_behavioral,final_token,26,exposure_quartile_2,8,28,row_weighted_continuous,0.28170564835386497,0.29666119321291734
activation,naturalistic_behavioral,final_token,26,exposure_quartile_2,8,28,unique_tuple_weighted_continuous,0.19839965739056906,0.1954022988505747
activation,naturalistic_behavioral,final_token,26,exposure_quartile_3,8,28,row_weighted_continuous,0.0577035945641451,-0.028461959496442254
activation,naturalistic_behavioral,final_token,26,exposure_quartile_3,8,28,unique_tuple_weighted_continuous,-0.039434307388787074,-0.08593322386425835
activation,naturalistic_behavioral,final_token,26,exposure_quartile_4,8,28,row_weighted_continuous,0.44208896315944113,0.2370005473453749
activation,naturalistic_behavioral,final_token,26,exposure_quartile_4,8,28,unique_tuple_weighted_continuous,0.32973980845488027,0.21018062397372742
activation,naturalistic_behavioral,final_token,26,pair_row_ratio_le_2_0,32,181,row_weighted_continuous,0.15087454577505158,0.1486673547447028
activation,naturalistic_behavioral,final_token,26,pair_row_ratio_le_2_0,32,181,unique_tuple_weighted_continuous,0.06339798623260245,0.06909720114140003
activation,naturalistic_behavioral,final_token,26,pair_row_ratio_le_1_5,32,117,row_weighted_continuous,0.2053829604134883,0.20544291087832875
activation,naturalistic_behavioral,final_token,26,pair_row_ratio_le_1_5,32,117,unique_tuple_weighted_continuous,0.12130950707441414,0.14680273943862487
activation,naturalistic_behavioral,final_token,27,all_32,32,496,row_weighted_continuous,0.024533552610582224,0.02237481585505211
activation,naturalistic_behavioral,final_token,27,all_32,32,496,unique_tuple_weighted_continuous,0.02423781595037771,0.014270471312724832
activation,naturalistic_behavioral,final_token,27,rows_ge_1000,30,435,row_weighted_continuous,-0.012179373287296263,-0.010476180757124927
activation,naturalistic_behavioral,final_token,27,rows_ge_1000,30,435,unique_tuple_weighted_continuous,0.011896232093945785,0.0009672899989357623
activation,naturalistic_behavioral,final_token,27,rows_ge_10000,30,435,row_weighted_continuous,-0.012179373287296263,-0.010476180757124927
activation,naturalistic_behavioral,final_token,27,rows_ge_10000,30,435,unique_tuple_weighted_continuous,0.011896232093945785,0.0009672899989357623
activation,naturalistic_behavioral,final_token,27,rows_ge_50000,22,231,row_weighted_continuous,0.0617251332191994,0.034795264705309685
activation,naturalistic_behavioral,final_token,27,rows_ge_50000,22,231,unique_tuple_weighted_continuous,0.013466482131081203,-0.004426682762514847
activation,naturalistic_behavioral,final_token,27,unique_tuples_ge_10,28,378,row_weighted_continuous,0.052450281174005776,0.03685988391656665
activation,naturalistic_behavioral,final_token,27,unique_tuples_ge_10,28,378,unique_tuple_weighted_continuous,0.03270086636696088,0.012320103394618908
activation,naturalistic_behavioral,final_token,27,unique_tuples_ge_25,24,276,row_weighted_continuous,0.051655426885832245,0.018967195102809607
activation,naturalistic_behavioral,final_token,27,unique_tuples_ge_25,24,276,unique_tuple_weighted_continuous,0.021652545733334277,-0.005910874559438364
activation,naturalistic_behavioral,final_token,27,exposure_quartile_1,8,28,row_weighted_continuous,-0.24622399681420284,-0.29720853858784896
activation,naturalistic_behavioral,final_token,27,exposure_quartile_1,8,28,unique_tuple_weighted_continuous,0.007029810567656551,-0.050355774493705534
activation,naturalistic_behavioral,final_token,27,exposure_quartile_2,8,28,row_weighted_continuous,0.2838912871619331,0.2753147235905857
activation,naturalistic_behavioral,final_token,27,exposure_quartile_2,8,28,unique_tuple_weighted_continuous,0.19733330168953533,0.1981390257252326
activation,naturalistic_behavioral,final_token,27,exposure_quartile_3,8,28,row_weighted_continuous,0.036578099131769654,-0.046524356869184456
activation,naturalistic_behavioral,final_token,27,exposure_quartile_3,8,28,unique_tuple_weighted_continuous,-0.05698392121892323,-0.10399562123700054
activation,naturalistic_behavioral,final_token,27,exposure_quartile_4,8,28,row_weighted_continuous,0.4375664169701705,0.24521072796934865
activation,naturalistic_behavioral,final_token,27,exposure_quartile_4,8,28,unique_tuple_weighted_continuous,0.32593658377273105,0.22386425834701695
activation,naturalistic_behavioral,final_token,27,pair_row_ratio_le_2_0,32,181,row_weighted_continuous,0.15254192366330627,0.15178394349665067
activation,naturalistic_behavioral,final_token,27,pair_row_ratio_le_2_0,32,181,unique_tuple_weighted_continuous,0.06795567798957595,0.07381863072470807
activation,naturalistic_behavioral,final_token,27,pair_row_ratio_le_1_5,32,117,row_weighted_continuous,0.207186020997115,0.21048569587435748
activation,naturalistic_behavioral,final_token,27,pair_row_ratio_le_1_5,32,117,unique_tuple_weighted_continuous,0.12750101716431403,0.1537712239056482
activation,naturalistic_behavioral,final_token,28,all_32,32,496,row_weighted_continuous,0.017029960999529012,0.017938422322793062
activation,naturalistic_behavioral,final_token,28,all_32,32,496,unique_tuple_weighted_continuous,0.0234448598602083,0.014284337501057173
activation,naturalistic_behavioral,final_token,28,rows_ge_1000,30,435,row_weighted_continuous,-0.01876146983919747,-0.013057030018791813
activation,naturalistic_behavioral,final_token,28,rows_ge_1000,30,435,unique_tuple_weighted_continuous,0.008857231282839172,0.00016940331254911164
activation,naturalistic_behavioral,final_token,28,rows_ge_10000,30,435,row_weighted_continuous,-0.01876146983919747,-0.013057030018791813
activation,naturalistic_behavioral,final_token,28,rows_ge_10000,30,435,unique_tuple_weighted_continuous,0.008857231282839172,0.00016940331254911164
activation,naturalistic_behavioral,final_token,28,rows_ge_50000,22,231,row_weighted_continuous,0.06249340885420972,0.0371804357561479
activation,naturalistic_behavioral,final_token,28,rows_ge_50000,22,231,unique_tuple_weighted_continuous,0.014271699276901698,-0.0009014973032964039
activation,naturalistic_behavioral,final_token,28,unique_tuples_ge_10,28,378,row_weighted_continuous,0.05048763227181878,0.03741578329877848
activation,naturalistic_behavioral,final_token,28,unique_tuples_ge_10,28,378,unique_tuple_weighted_continuous,0.03197029209164636,0.014218870828824427
activation,naturalistic_behavioral,final_token,28,unique_tuples_ge_25,24,276,row_weighted_continuous,0.05031725129692885,0.018595625062427765
activation,naturalistic_behavioral,final_token,28,unique_tuples_ge_25,24,276,unique_tuple_weighted_continuous,0.020652102360077217,-0.005046160870992138
activation,naturalistic_behavioral,final_token,28,exposure_quartile_1,8,28,row_weighted_continuous,-0.252667499328709,-0.29994526546250677
activation,naturalistic_behavioral,final_token,28,exposure_quartile_1,8,28,unique_tuple_weighted_continuous,0.02141038389828641,-0.03721948549534756
activation,naturalistic_behavioral,final_token,28,exposure_quartile_2,8,28,row_weighted_continuous,0.24225224195819717,0.2380952380952381
activation,naturalistic_behavioral,final_token,28,exposure_quartile_2,8,28,unique_tuple_weighted_continuous,0.1585595974318503,0.16091954022988503
activation,naturalistic_behavioral,final_token,28,exposure_quartile_3,8,28,row_weighted_continuous,0.04206474011934397,-0.04707170224411604
activation,naturalistic_behavioral,final_token,28,exposure_quartile_3,8,28,unique_tuple_weighted_continuous,-0.048790310847471624,-0.09469074986316366
activation,naturalistic_behavioral,final_token,28,exposure_quartile_4,8,28,row_weighted_continuous,0.44308333454855225,0.25013683634373285
activation,naturalistic_behavioral,final_token,28,exposure_quartile_4,8,28,unique_tuple_weighted_continuous,0.33416202044527127,0.23645320197044337
activation,naturalistic_behavioral,final_token,28,pair_row_ratio_le_2_0,32,181,row_weighted_continuous,0.1477505293354637,0.15558456276688318
activation,naturalistic_behavioral,final_token,28,pair_row_ratio_le_2_0,32,181,unique_tuple_weighted_continuous,0.068315848069612,0.08036144334486875
activation,naturalistic_behavioral,final_token,28,pair_row_ratio_le_1_5,32,117,row_weighted_continuous,0.20724151641354116,0.21465180056647035
activation,naturalistic_behavioral,final_token,28,pair_row_ratio_le_1_5,32,117,unique_tuple_weighted_continuous,0.1330206164846646,0.16021519878913212
activation,naturalistic_behavioral,final_token,29,all_32,32,496,row_weighted_continuous,0.02572866668468378,0.026884572341182973
activation,naturalistic_behavioral,final_token,29,all_32,32,496,unique_tuple_weighted_continuous,0.027894379787810925,0.017688535907527277
activation,naturalistic_behavioral,final_token,29,rows_ge_1000,30,435,row_weighted_continuous,-0.008954309401256856,-0.0005583603158890685
activation,naturalistic_behavioral,final_token,29,rows_ge_1000,30,435,unique_tuple_weighted_continuous,0.011257467180993026,0.003637214496375031
activation,naturalistic_behavioral,final_token,29,rows_ge_10000,30,435,row_weighted_continuous,-0.008954309401256856,-0.0005583603158890685
activation,naturalistic_behavioral,final_token,29,rows_ge_10000,30,435,unique_tuple_weighted_continuous,0.011257467180993026,0.003637214496375031
activation,naturalistic_behavioral,final_token,29,rows_ge_50000,22,231,row_weighted_continuous,0.06756677090154638,0.04631710118966491
activation,naturalistic_behavioral,final_token,29,rows_ge_50000,22,231,unique_tuple_weighted_continuous,0.020448546628820705,0.006128429291847583
activation,naturalistic_behavioral,final_token,29,unique_tuples_ge_10,28,378,row_weighted_continuous,0.0566144923935524,0.04674431705639057
activation,naturalistic_behavioral,final_token,29,unique_tuples_ge_10,28,378,unique_tuple_weighted_continuous,0.03832326672958312,0.020747244748700485
activation,naturalistic_behavioral,final_token,29,unique_tuples_ge_25,24,276,row_weighted_continuous,0.05631932355472115,0.028423110400821912
activation,naturalistic_behavioral,final_token,29,unique_tuples_ge_25,24,276,unique_tuple_weighted_continuous,0.02618247826683597,0.0011129978168119747
activation,naturalistic_behavioral,final_token,29,exposure_quartile_1,8,28,row_weighted_continuous,-0.27320232183711307,-0.2753147235905857
activation,naturalistic_behavioral,final_token,29,exposure_quartile_1,8,28,unique_tuple_weighted_continuous,0.00952289968406908,-0.0016420361247947454
activation,naturalistic_behavioral,final_token,29,exposure_quartile_2,8,28,row_weighted_continuous,0.23848616252780425,0.22112753147235906
activation,naturalistic_behavioral,final_token,29,exposure_quartile_2,8,28,unique_tuple_weighted_continuous,0.12651837462381801,0.12151067323481116
activation,naturalistic_behavioral,final_token,29,exposure_quartile_3,8,28,row_weighted_continuous,0.04471088822963404,-0.04542966611932129
activation,naturalistic_behavioral,final_token,29,exposure_quartile_3,8,28,unique_tuple_weighted_continuous,-0.04738974513072188,-0.09688013136288998
activation,naturalistic_behavioral,final_token,29,exposure_quartile_4,8,28,row_weighted_continuous,0.46550022375636624,0.2692939244663382
activation,naturalistic_behavioral,final_token,29,exposure_quartile_4,8,28,unique_tuple_weighted_continuous,0.3594260592534049,0.2556102900930487
activation,naturalistic_behavioral,final_token,29,pair_row_ratio_le_2_0,32,181,row_weighted_continuous,0.1631532099487711,0.17162082852690586
activation,naturalistic_behavioral,final_token,29,pair_row_ratio_le_2_0,32,181,unique_tuple_weighted_continuous,0.08160923267337819,0.09032845607431242
activation,naturalistic_behavioral,final_token,29,pair_row_ratio_le_1_5,32,117,row_weighted_continuous,0.2130640897116511,0.2214554391643813
activation,naturalistic_behavioral,final_token,29,pair_row_ratio_le_1_5,32,117,unique_tuple_weighted_continuous,0.13745605030290423,0.16148900777772782
activation,naturalistic_behavioral,final_token,30,all_32,32,496,row_weighted_continuous,0.03059208712182605,0.03432225808418448
activation,naturalistic_behavioral,final_token,30,all_32,32,496,unique_tuple_weighted_continuous,0.0322619501420964,0.023832634123411044
activation,naturalistic_behavioral,final_token,30,rows_ge_1000,30,435,row_weighted_continuous,-0.007183282091648256,0.0076139645477645915
activation,naturalistic_behavioral,final_token,30,rows_ge_1000,30,435,unique_tuple_weighted_continuous,0.010415452592580553,0.00776426989650653
activation,naturalistic_behavioral,final_token,30,rows_ge_10000,30,435,row_weighted_continuous,-0.007183282091648256,0.0076139645477645915
activation,naturalistic_behavioral,final_token,30,rows_ge_10000,30,435,unique_tuple_weighted_continuous,0.010415452592580553,0.00776426989650653
activation,naturalistic_behavioral,final_token,30,rows_ge_50000,22,231,row_weighted_continuous,0.07441886008334189,0.05742420997293561
activation,naturalistic_behavioral,final_token,30,rows_ge_50000,22,231,unique_tuple_weighted_continuous,0.02533778450455137,0.015870636110516173
activation,naturalistic_behavioral,final_token,30,unique_tuples_ge_10,28,378,row_weighted_continuous,0.058624040605765974,0.05218888714476014
activation,naturalistic_behavioral,final_token,30,unique_tuples_ge_10,28,378,unique_tuple_weighted_continuous,0.04190580426136098,0.02796949307730856
activation,naturalistic_behavioral,final_token,30,unique_tuples_ge_25,24,276,row_weighted_continuous,0.05829721298166196,0.0305520754555443
activation,naturalistic_behavioral,final_token,30,unique_tuples_ge_25,24,276,unique_tuple_weighted_continuous,0.026693085957838546,0.0034308871163368105
activation,naturalistic_behavioral,final_token,30,exposure_quartile_1,8,28,row_weighted_continuous,-0.3466165613435697,-0.30103995621237
activation,naturalistic_behavioral,final_token,30,exposure_quartile_1,8,28,unique_tuple_weighted_continuous,-0.04984831944377076,-0.028461959496442254
activation,naturalistic_behavioral,final_token,30,exposure_quartile_2,8,28,row_weighted_continuous,0.18067653073993162,0.18500273672687464
activation,naturalistic_behavioral,final_token,30,exposure_quartile_2,8,28,unique_tuple_weighted_continuous,0.09542435011331168,0.11275314723590585
activation,naturalistic_behavioral,final_token,30,exposure_quartile_3,8,28,row_weighted_continuous,0.06991266298762677,-0.03721948549534756
activation,naturalistic_behavioral,final_token,30,exposure_quartile_3,8,28,unique_tuple_weighted_continuous,-0.02460461162984383,-0.08757525998905309
activation,naturalistic_behavioral,final_token,30,exposure_quartile_4,8,28,row_weighted_continuous,0.4735646360761945,0.2769567597153804
activation,naturalistic_behavioral,final_token,30,exposure_quartile_4,8,28,unique_tuple_weighted_continuous,0.3702903941087759,0.2796934865900383
activation,naturalistic_behavioral,final_token,30,pair_row_ratio_le_2_0,32,181,row_weighted_continuous,0.16041070267071017,0.1693016007933135
activation,naturalistic_behavioral,final_token,30,pair_row_ratio_le_2_0,32,181,unique_tuple_weighted_continuous,0.07784345888438396,0.08658247829518546
activation,naturalistic_behavioral,final_token,30,pair_row_ratio_le_1_5,32,117,row_weighted_continuous,0.2181663468173399,0.22682791589863477
activation,naturalistic_behavioral,final_token,30,pair_row_ratio_le_1_5,32,117,unique_tuple_weighted_continuous,0.1398662150474469,0.16069475040836817
activation,naturalistic_behavioral,final_token,31,all_32,32,496,row_weighted_continuous,0.06649929970791504,0.061667266551410124
activation,naturalistic_behavioral,final_token,31,all_32,32,496,unique_tuple_weighted_continuous,0.04645896134851754,0.03011765608312633
activation,naturalistic_behavioral,final_token,31,rows_ge_1000,30,435,row_weighted_continuous,0.026689782085161574,0.03285228818390028
activation,naturalistic_behavioral,final_token,31,rows_ge_1000,30,435,unique_tuple_weighted_continuous,0.019222027865700167,0.014538215608722083
activation,naturalistic_behavioral,final_token,31,rows_ge_10000,30,435,row_weighted_continuous,0.026689782085161574,0.03285228818390028
activation,naturalistic_behavioral,final_token,31,rows_ge_10000,30,435,unique_tuple_weighted_continuous,0.019222027865700167,0.014538215608722083
activation,naturalistic_behavioral,final_token,31,rows_ge_50000,22,231,row_weighted_continuous,0.09301519653839285,0.09859128877119883
activation,naturalistic_behavioral,final_token,31,rows_ge_50000,22,231,unique_tuple_weighted_continuous,0.053475237237000005,0.0634708619716116
activation,naturalistic_behavioral,final_token,31,unique_tuples_ge_10,28,378,row_weighted_continuous,0.06590715931344708,0.06707619254248315
activation,naturalistic_behavioral,final_token,31,unique_tuples_ge_10,28,378,unique_tuple_weighted_continuous,0.05180469018201271,0.04187297654680058
activation,naturalistic_behavioral,final_token,31,unique_tuples_ge_25,24,276,row_weighted_continuous,0.07434233186838134,0.06798133588276424
activation,naturalistic_behavioral,final_token,31,unique_tuples_ge_25,24,276,unique_tuple_weighted_continuous,0.04777088750545738,0.04149997859619583
activation,naturalistic_behavioral,final_token,31,exposure_quartile_1,8,28,row_weighted_continuous,-0.3677521263236773,-0.3196496989600438
activation,naturalistic_behavioral,final_token,31,exposure_quartile_1,8,28,unique_tuple_weighted_continuous,-0.1836066518049204,-0.14942528735632182
activation,naturalistic_behavioral,final_token,31,exposure_quartile_2,8,28,row_weighted_continuous,0.20432868526421244,0.23535851122058019
activation,naturalistic_behavioral,final_token,31,exposure_quartile_2,8,28,unique_tuple_weighted_continuous,0.12710226474610892,0.16694033935413247
activation,naturalistic_behavioral,final_token,31,exposure_quartile_3,8,28,row_weighted_continuous,-0.003276357520463853,-0.031746031746031744
activation,naturalistic_behavioral,final_token,31,exposure_quartile_3,8,28,unique_tuple_weighted_continuous,-0.0644108756767624,-0.05309250136836344
activation,naturalistic_behavioral,final_token,31,exposure_quartile_4,8,28,row_weighted_continuous,0.4514336652348731,0.38040503557744937
activation,naturalistic_behavioral,final_token,31,exposure_quartile_4,8,28,unique_tuple_weighted_continuous,0.35776890005481876,0.37219485495347565
activation,naturalistic_behavioral,final_token,31,pair_row_ratio_le_2_0,32,181,row_weighted_continuous,0.17166344513596654,0.18451824418675247
activation,naturalistic_behavioral,final_token,31,pair_row_ratio_le_2_0,32,181,unique_tuple_weighted_continuous,0.08197247911285552,0.10368728877016169
activation,naturalistic_behavioral,final_token,31,pair_row_ratio_le_1_5,32,117,row_weighted_continuous,0.21222944814143968,0.23883918536168683
activation,naturalistic_behavioral,final_token,31,pair_row_ratio_le_1_5,32,117,unique_tuple_weighted_continuous,0.12477105781557898,0.16279278874252573
activation,naturalistic_behavioral,mean_tokens,0,all_32,32,496,row_weighted_continuous,0.1123092368315558,0.08400687605594465
activation,naturalistic_behavioral,mean_tokens,0,all_32,32,496,unique_tuple_weighted_continuous,0.04699717002674926,0.023313487965918676
activation,naturalistic_behavioral,mean_tokens,0,rows_ge_1000,30,435,row_weighted_continuous,0.08323705063837628,0.043902282571139914
activation,naturalistic_behavioral,mean_tokens,0,rows_ge_1000,30,435,unique_tuple_weighted_continuous,0.007518775413003972,-0.01176682406693326
activation,naturalistic_behavioral,mean_tokens,0,rows_ge_10000,30,435,row_weighted_continuous,0.08323705063837628,0.043902282571139914
activation,naturalistic_behavioral,mean_tokens,0,rows_ge_10000,30,435,unique_tuple_weighted_continuous,0.007518775413003972,-0.01176682406693326
activation,naturalistic_behavioral,mean_tokens,0,rows_ge_50000,22,231,row_weighted_continuous,-0.01674249389683239,-0.014854261181097762
activation,naturalistic_behavioral,mean_tokens,0,rows_ge_50000,22,231,unique_tuple_weighted_continuous,0.011577485778900384,0.003916548219396795
activation,naturalistic_behavioral,mean_tokens,0,unique_tuples_ge_10,28,378,row_weighted_continuous,-0.025416834439039478,-0.03748043826289664
activation,naturalistic_behavioral,mean_tokens,0,unique_tuples_ge_10,28,378,unique_tuple_weighted_continuous,-0.0006192380055550645,-0.01945414546633726
activation,naturalistic_behavioral,mean_tokens,0,unique_tuples_ge_25,24,276,row_weighted_continuous,-0.004022308025815035,-0.007800687775573978
activation,naturalistic_behavioral,mean_tokens,0,unique_tuples_ge_25,24,276,unique_tuple_weighted_continuous,0.017978174313964944,0.0022619540246286442
activation,naturalistic_behavioral,mean_tokens,0,exposure_quartile_1,8,28,row_weighted_continuous,-0.052560233919009144,-0.20087575259989054
activation,naturalistic_behavioral,mean_tokens,0,exposure_quartile_1,8,28,unique_tuple_weighted_continuous,-0.12064429112298228,-0.32457580733442803
activation,naturalistic_behavioral,mean_tokens,0,exposure_quartile_2,8,28,row_weighted_continuous,0.055869484635385415,0.07279693486590037
activation,naturalistic_behavioral,mean_tokens,0,exposure_quartile_2,8,28,unique_tuple_weighted_continuous,-0.12705655753030867,-0.06349206349206349
activation,naturalistic_behavioral,mean_tokens,0,exposure_quartile_3,8,28,row_weighted_continuous,-0.38753201040878094,-0.3393541324575807
activation,naturalistic_behavioral,mean_tokens,0,exposure_quartile_3,8,28,unique_tuple_weighted_continuous,-0.23603856600756606,-0.20087575259989054
activation,naturalistic_behavioral,mean_tokens,0,exposure_quartile_4,8,28,row_weighted_continuous,0.027807770343918525,-0.0060207991242474
activation,naturalistic_behavioral,mean_tokens,0,exposure_quartile_4,8,28,unique_tuple_weighted_continuous,0.08816438348639524,0.04926108374384236
activation,naturalistic_behavioral,mean_tokens,0,pair_row_ratio_le_2_0,32,181,row_weighted_continuous,-0.06362367829582095,-0.05955922530508165
activation,naturalistic_behavioral,mean_tokens,0,pair_row_ratio_le_2_0,32,181,unique_tuple_weighted_continuous,-0.006944064370392536,-0.029142128589642397
activation,naturalistic_behavioral,mean_tokens,0,pair_row_ratio_le_1_5,32,117,row_weighted_continuous,-0.1574872930441447,-0.15860420506826117
activation,naturalistic_behavioral,mean_tokens,0,pair_row_ratio_le_1_5,32,117,unique_tuple_weighted_continuous,-0.0827756591663043,-0.1332928711654603
activation,naturalistic_behavioral,mean_tokens,1,all_32,32,496,row_weighted_continuous,0.03174776718690333,0.04684745816049768
activation,naturalistic_behavioral,mean_tokens,1,all_32,32,496,unique_tuple_weighted_continuous,0.015751715789535152,0.020011073282313628
activation,naturalistic_behavioral,mean_tokens,1,rows_ge_1000,30,435,row_weighted_continuous,-0.023445871403298547,0.015536849594058929
activation,naturalistic_behavioral,mean_tokens,1,rows_ge_1000,30,435,unique_tuple_weighted_continuous,-0.018788900766315095,0.0053337259835815835
activation,naturalistic_behavioral,mean_tokens,1,rows_ge_10000,30,435,row_weighted_continuous,-0.023445871403298547,0.015536849594058929
activation,naturalistic_behavioral,mean_tokens,1,rows_ge_10000,30,435,unique_tuple_weighted_continuous,-0.018788900766315095,0.0053337259835815835
activation,naturalistic_behavioral,mean_tokens,1,rows_ge_50000,22,231,row_weighted_continuous,-0.005051507081009454,-0.0033051655990186724
activation,naturalistic_behavioral,mean_tokens,1,rows_ge_50000,22,231,unique_tuple_weighted_continuous,-0.00190436383423913,0.008458108608033645
activation,naturalistic_behavioral,mean_tokens,1,unique_tuples_ge_10,28,378,row_weighted_continuous,-0.042556917657349515,-0.00412825278624569
activation,naturalistic_behavioral,mean_tokens,1,unique_tuples_ge_10,28,378,unique_tuple_weighted_continuous,-0.026065458718726054,0.009050250793495265
activation,naturalistic_behavioral,mean_tokens,1,unique_tuples_ge_25,24,276,row_weighted_continuous,-0.036462108190818326,-0.021903226266748475
activation,naturalistic_behavioral,mean_tokens,1,unique_tuples_ge_25,24,276,unique_tuple_weighted_continuous,-0.027289059363285337,-0.004092978125312139
activation,naturalistic_behavioral,mean_tokens,1,exposure_quartile_1,8,28,row_weighted_continuous,-0.3554007687490966,-0.29775588396278047
activation,naturalistic_behavioral,mean_tokens,1,exposure_quartile_1,8,28,unique_tuple_weighted_continuous,-0.338584472457178,-0.37931034482758613
activation,naturalistic_behavioral,mean_tokens,1,exposure_quartile_2,8,28,row_weighted_continuous,-0.024452006310248457,-0.019157088122605366
activation,naturalistic_behavioral,mean_tokens,1,exposure_quartile_2,8,28,unique_tuple_weighted_continuous,-0.007632076199151719,-0.05473453749315818
activation,naturalistic_behavioral,mean_tokens,1,exposure_quartile_3,8,28,row_weighted_continuous,0.05113521158424656,0.09359605911330049
activation,naturalistic_behavioral,mean_tokens,1,exposure_quartile_3,8,28,unique_tuple_weighted_continuous,0.04251826802453473,0.10782703886152162
activation,naturalistic_behavioral,mean_tokens,1,exposure_quartile_4,8,28,row_weighted_continuous,0.27300351173046106,0.35905856595511765
activation,naturalistic_behavioral,mean_tokens,1,exposure_quartile_4,8,28,unique_tuple_weighted_continuous,0.19453990910591376,0.24740010946907498
activation,naturalistic_behavioral,mean_tokens,1,pair_row_ratio_le_2_0,32,181,row_weighted_continuous,0.09709966834317368,0.07689879181591887
activation,naturalistic_behavioral,mean_tokens,1,pair_row_ratio_le_2_0,32,181,unique_tuple_weighted_continuous,0.06855769515601226,0.036095764272559845
activation,naturalistic_behavioral,mean_tokens,1,pair_row_ratio_le_1_5,32,117,row_weighted_continuous,0.12981439236503045,0.1011254477063945
activation,naturalistic_behavioral,mean_tokens,1,pair_row_ratio_le_1_5,32,117,unique_tuple_weighted_continuous,0.11512698266515718,0.09367741162013517
activation,naturalistic_behavioral,mean_tokens,2,all_32,32,496,row_weighted_continuous,0.03537490845312592,0.0488121298661962
activation,naturalistic_behavioral,mean_tokens,2,all_32,32,496,unique_tuple_weighted_continuous,0.016768396346792003,0.01863881234621807
activation,naturalistic_behavioral,mean_tokens,2,rows_ge_1000,30,435,row_weighted_continuous,-0.018887140354361287,0.017546800945276317
activation,naturalistic_behavioral,mean_tokens,2,rows_ge_1000,30,435,unique_tuple_weighted_continuous,-0.018864693141079015,0.0032346993965918147
activation,naturalistic_behavioral,mean_tokens,2,rows_ge_10000,30,435,row_weighted_continuous,-0.018887140354361287,0.017546800945276317
activation,naturalistic_behavioral,mean_tokens,2,rows_ge_10000,30,435,unique_tuple_weighted_continuous,-0.018864693141079015,0.0032346993965918147
activation,naturalistic_behavioral,mean_tokens,2,rows_ge_50000,22,231,row_weighted_continuous,-0.004857741388765291,-0.006542183453727682
activation,naturalistic_behavioral,mean_tokens,2,rows_ge_50000,22,231,unique_tuple_weighted_continuous,-0.0023799292749597366,0.0027093596059113304
activation,naturalistic_behavioral,mean_tokens,2,unique_tuples_ge_10,28,378,row_weighted_continuous,-0.03997770169592668,-3.543803016098531e-05
activation,naturalistic_behavioral,mean_tokens,2,unique_tuples_ge_10,28,378,unique_tuple_weighted_continuous,-0.02423968108088128,0.011089215074293775
activation,naturalistic_behavioral,mean_tokens,2,unique_tuples_ge_25,24,276,row_weighted_continuous,-0.03477418006459314,-0.021817611050070632
activation,naturalistic_behavioral,mean_tokens,2,unique_tuples_ge_25,24,276,unique_tuple_weighted_continuous,-0.026429189720904078,-0.006241920063926028
activation,naturalistic_behavioral,mean_tokens,2,exposure_quartile_1,8,28,row_weighted_continuous,-0.35265953640749714,-0.2846195949644226
activation,naturalistic_behavioral,mean_tokens,2,exposure_quartile_1,8,28,unique_tuple_weighted_continuous,-0.33580445791233854,-0.3656267104542967
activation,naturalistic_behavioral,mean_tokens,2,exposure_quartile_2,8,28,row_weighted_continuous,-0.017477661509055914,-0.013683634373289545
activation,naturalistic_behavioral,mean_tokens,2,exposure_quartile_2,8,28,unique_tuple_weighted_continuous,-0.009838737736618659,-0.06896551724137931
activation,naturalistic_behavioral,mean_tokens,2,exposure_quartile_3,8,28,row_weighted_continuous,0.045657134179416345,0.027914614121510674
activation,naturalistic_behavioral,mean_tokens,2,exposure_quartile_3,8,28,unique_tuple_weighted_continuous,0.039389915509395426,0.043787629994526546
activation,naturalistic_behavioral,mean_tokens,2,exposure_quartile_4,8,28,row_weighted_continuous,0.291214944347249,0.4050355774493705
activation,naturalistic_behavioral,mean_tokens,2,exposure_quartile_4,8,28,unique_tuple_weighted_continuous,0.2162322468655199,0.29337712096332785
activation,naturalistic_behavioral,mean_tokens,2,pair_row_ratio_le_2_0,32,181,row_weighted_continuous,0.10676142152772933,0.09021512557424158
activation,naturalistic_behavioral,mean_tokens,2,pair_row_ratio_le_2_0,32,181,unique_tuple_weighted_continuous,0.07387425022061885,0.04549207698378969
activation,naturalistic_behavioral,mean_tokens,2,pair_row_ratio_le_1_5,32,117,row_weighted_continuous,0.13388154502370006,0.10263153951055763
activation,naturalistic_behavioral,mean_tokens,2,pair_row_ratio_le_1_5,32,117,unique_tuple_weighted_continuous,0.11663434984717762,0.09335521287596096
activation,naturalistic_behavioral,mean_tokens,3,all_32,32,496,row_weighted_continuous,0.0443652587865936,0.05329110538106449
activation,naturalistic_behavioral,mean_tokens,3,all_32,32,496,unique_tuple_weighted_continuous,0.02092497841278687,0.01793399694353806
activation,naturalistic_behavioral,mean_tokens,3,rows_ge_1000,30,435,row_weighted_continuous,-0.006552261574271296,0.02075088528538335
activation,naturalistic_behavioral,mean_tokens,3,rows_ge_1000,30,435,unique_tuple_weighted_continuous,-0.016809965150517428,-0.002564667017524933
activation,naturalistic_behavioral,mean_tokens,3,rows_ge_10000,30,435,row_weighted_continuous,-0.006552261574271296,0.02075088528538335
activation,naturalistic_behavioral,mean_tokens,3,rows_ge_10000,30,435,unique_tuple_weighted_continuous,-0.016809965150517428,-0.002564667017524933
activation,naturalistic_behavioral,mean_tokens,3,rows_ge_50000,22,231,row_weighted_continuous,0.002764091524319596,-0.0017134289997858215
activation,naturalistic_behavioral,mean_tokens,3,rows_ge_50000,22,231,unique_tuple_weighted_continuous,0.0012258104279134615,-0.0032535680211842133
activation,naturalistic_behavioral,mean_tokens,3,unique_tuples_ge_10,28,378,row_weighted_continuous,-0.02885294918406691,0.008425919353041544
activation,naturalistic_behavioral,mean_tokens,3,unique_tuples_ge_10,28,378,unique_tuple_weighted_continuous,-0.02020874385378751,0.006826875446655266
activation,naturalistic_behavioral,mean_tokens,3,unique_tuples_ge_25,24,276,row_weighted_continuous,-0.02667613940481344,-0.017738902127538137
activation,naturalistic_behavioral,mean_tokens,3,unique_tuples_ge_25,24,276,unique_tuple_weighted_continuous,-0.022542497532005032,-0.013115680426934548
activation,naturalistic_behavioral,mean_tokens,3,exposure_quartile_1,8,28,row_weighted_continuous,-0.3527700365231705,-0.23152709359605914
activation,naturalistic_behavioral,mean_tokens,3,exposure_quartile_1,8,28,unique_tuple_weighted_continuous,-0.32171343756311765,-0.26491516146688554
activation,naturalistic_behavioral,mean_tokens,3,exposure_quartile_2,8,28,row_weighted_continuous,0.020954247402978885,0.012588943623426383
activation,naturalistic_behavioral,mean_tokens,3,exposure_quartile_2,8,28,unique_tuple_weighted_continuous,0.01820517439841912,-0.04926108374384236
activation,naturalistic_behavioral,mean_tokens,3,exposure_quartile_3,8,28,row_weighted_continuous,0.0759592162915835,0.08155446086480568
activation,naturalistic_behavioral,mean_tokens,3,exposure_quartile_3,8,28,unique_tuple_weighted_continuous,0.03302945951174775,0.041050903119868636
activation,naturalistic_behavioral,mean_tokens,3,exposure_quartile_4,8,28,row_weighted_continuous,0.29567844146145683,0.3700054734537493
activation,naturalistic_behavioral,mean_tokens,3,exposure_quartile_4,8,28,unique_tuple_weighted_continuous,0.2283568554896525,0.28078817733990147
activation,naturalistic_behavioral,mean_tokens,3,pair_row_ratio_le_2_0,32,181,row_weighted_continuous,0.12570224673243513,0.11848501406512454
activation,naturalistic_behavioral,mean_tokens,3,pair_row_ratio_le_2_0,32,181,unique_tuple_weighted_continuous,0.08368933404390869,0.06358650557545585
activation,naturalistic_behavioral,mean_tokens,3,pair_row_ratio_le_1_5,32,117,row_weighted_continuous,0.16076683718611162,0.13706184717289333
activation,naturalistic_behavioral,mean_tokens,3,pair_row_ratio_le_1_5,32,117,unique_tuple_weighted_continuous,0.1386180090681304,0.11758755563548083
activation,naturalistic_behavioral,mean_tokens,4,all_32,32,496,row_weighted_continuous,0.05422908228828542,0.05709702988212756
activation,naturalistic_behavioral,mean_tokens,4,all_32,32,496,unique_tuple_weighted_continuous,0.02838260825466716,0.023950939262161436
activation,naturalistic_behavioral,mean_tokens,4,rows_ge_1000,30,435,row_weighted_continuous,0.007666229147257487,0.023654796285956292
activation,naturalistic_behavioral,mean_tokens,4,rows_ge_1000,30,435,unique_tuple_weighted_continuous,-0.007414993272074416,0.0022719287631371393
activation,naturalistic_behavioral,mean_tokens,4,rows_ge_10000,30,435,row_weighted_continuous,0.007666229147257487,0.023654796285956292
activation,naturalistic_behavioral,mean_tokens,4,rows_ge_10000,30,435,unique_tuple_weighted_continuous,-0.007414993272074416,0.0022719287631371393
activation,naturalistic_behavioral,mean_tokens,4,rows_ge_50000,22,231,row_weighted_continuous,0.019154588527732323,0.019509725656652196
activation,naturalistic_behavioral,mean_tokens,4,rows_ge_50000,22,231,unique_tuple_weighted_continuous,0.015652405642266956,0.01981931112365895
activation,naturalistic_behavioral,mean_tokens,4,unique_tuples_ge_10,28,378,row_weighted_continuous,-0.008652064371777258,0.019603229593221402
activation,naturalistic_behavioral,mean_tokens,4,unique_tuples_ge_10,28,378,unique_tuple_weighted_continuous,-0.003786328221780889,0.020405084457490973
activation,naturalistic_behavioral,mean_tokens,4,unique_tuples_ge_25,24,276,row_weighted_continuous,-0.010807483666172589,-0.004968536407870892
activation,naturalistic_behavioral,mean_tokens,4,unique_tuples_ge_25,24,276,unique_tuple_weighted_continuous,-0.006581474123150418,0.006237353919036543
activation,naturalistic_behavioral,mean_tokens,4,exposure_quartile_1,8,28,row_weighted_continuous,-0.35352894900570353,-0.24740010946907498
activation,naturalistic_behavioral,mean_tokens,4,exposure_quartile_1,8,28,unique_tuple_weighted_continuous,-0.3022691465251096,-0.2769567597153804
activation,naturalistic_behavioral,mean_tokens,4,exposure_quartile_2,8,28,row_weighted_continuous,0.050966965693061306,0.07936507936507936
activation,naturalistic_behavioral,mean_tokens,4,exposure_quartile_2,8,28,unique_tuple_weighted_continuous,0.052958944863265835,0.051450465243568694
activation,naturalistic_behavioral,mean_tokens,4,exposure_quartile_3,8,28,row_weighted_continuous,0.16868747644602783,0.2517788724685276
activation,naturalistic_behavioral,mean_tokens,4,exposure_quartile_3,8,28,unique_tuple_weighted_continuous,0.07339831061481568,0.18062397372742198
activation,naturalistic_behavioral,mean_tokens,4,exposure_quartile_4,8,28,row_weighted_continuous,0.326252720975184,0.45539135194307606
activation,naturalistic_behavioral,mean_tokens,4,exposure_quartile_4,8,28,unique_tuple_weighted_continuous,0.25407695414009135,0.3420908593322386
activation,naturalistic_behavioral,mean_tokens,4,pair_row_ratio_le_2_0,32,181,row_weighted_continuous,0.15531664553042795,0.16075324307368505
activation,naturalistic_behavioral,mean_tokens,4,pair_row_ratio_le_2_0,32,181,unique_tuple_weighted_continuous,0.10349895264770229,0.10057677129500332
activation,naturalistic_behavioral,mean_tokens,4,pair_row_ratio_le_1_5,32,117,row_weighted_continuous,0.1871065104454404,0.16982871015600412
activation,naturalistic_behavioral,mean_tokens,4,pair_row_ratio_le_1_5,32,117,unique_tuple_weighted_continuous,0.1588562242193878,0.1514334097618726
activation,naturalistic_behavioral,mean_tokens,5,all_32,32,496,row_weighted_continuous,0.07272697325302016,0.08397196473071077
activation,naturalistic_behavioral,mean_tokens,5,all_32,32,496,unique_tuple_weighted_continuous,0.0354100122867221,0.03491525890435477
activation,naturalistic_behavioral,mean_tokens,5,rows_ge_1000,30,435,row_weighted_continuous,0.04234253288280241,0.05739900311544646
activation,naturalistic_behavioral,mean_tokens,5,rows_ge_1000,30,435,unique_tuple_weighted_continuous,0.00460970405847407,0.015984558348653012
activation,naturalistic_behavioral,mean_tokens,5,rows_ge_10000,30,435,row_weighted_continuous,0.04234253288280241,0.05739900311544646
activation,naturalistic_behavioral,mean_tokens,5,rows_ge_10000,30,435,unique_tuple_weighted_continuous,0.00460970405847407,0.015984558348653012
activation,naturalistic_behavioral,mean_tokens,5,rows_ge_50000,22,231,row_weighted_continuous,0.047563472530393676,0.07040246110710878
activation,naturalistic_behavioral,mean_tokens,5,rows_ge_50000,22,231,unique_tuple_weighted_continuous,0.02820243024543225,0.049115052863178806
activation,naturalistic_behavioral,mean_tokens,5,unique_tuples_ge_10,28,378,row_weighted_continuous,0.022099587254609677,0.05434271952332183
activation,naturalistic_behavioral,mean_tokens,5,unique_tuples_ge_10,28,378,unique_tuple_weighted_continuous,0.011827319781572677,0.03714494343190549
activation,naturalistic_behavioral,mean_tokens,5,unique_tuples_ge_25,24,276,row_weighted_continuous,0.021466857376475773,0.05105577831366561
activation,naturalistic_behavioral,mean_tokens,5,unique_tuples_ge_25,24,276,unique_tuple_weighted_continuous,0.009833862979102945,0.03755825402034789
activation,naturalistic_behavioral,mean_tokens,5,exposure_quartile_1,8,28,row_weighted_continuous,-0.3426293850969876,-0.24849480021893816
activation,naturalistic_behavioral,mean_tokens,5,exposure_quartile_1,8,28,unique_tuple_weighted_continuous,-0.2837180259489082,-0.2681992337164751
activation,naturalistic_behavioral,mean_tokens,5,exposure_quartile_2,8,28,row_weighted_continuous,0.11000148731105827,0.19047619047619047
activation,naturalistic_behavioral,mean_tokens,5,exposure_quartile_2,8,28,unique_tuple_weighted_continuous,0.07584433922180084,0.10618500273672687
activation,naturalistic_behavioral,mean_tokens,5,exposure_quartile_3,8,28,row_weighted_continuous,0.22021278745221218,0.20799124247400108
activation,naturalistic_behavioral,mean_tokens,5,exposure_quartile_3,8,28,unique_tuple_weighted_continuous,0.10717054524483008,0.13519430760810072
activation,naturalistic_behavioral,mean_tokens,5,exposure_quartile_4,8,28,row_weighted_continuous,0.36733036706333055,0.3798576902025178
activation,naturalistic_behavioral,mean_tokens,5,exposure_quartile_4,8,28,unique_tuple_weighted_continuous,0.25907696123993235,0.25123152709359603
activation,naturalistic_behavioral,mean_tokens,5,pair_row_ratio_le_2_0,32,181,row_weighted_continuous,0.18589854158629876,0.19594236334567824
activation,naturalistic_behavioral,mean_tokens,5,pair_row_ratio_le_2_0,32,181,unique_tuple_weighted_continuous,0.10872741385813309,0.11627102179588367
activation,naturalistic_behavioral,mean_tokens,5,pair_row_ratio_le_1_5,32,117,row_weighted_continuous,0.2116171012911769,0.1983994964707998
activation,naturalistic_behavioral,mean_tokens,5,pair_row_ratio_le_1_5,32,117,unique_tuple_weighted_continuous,0.16120414993037546,0.1605898484916603
activation,naturalistic_behavioral,mean_tokens,6,all_32,32,496,row_weighted_continuous,0.0770464878288239,0.08747942198646423
activation,naturalistic_behavioral,mean_tokens,6,all_32,32,496,unique_tuple_weighted_continuous,0.03774402192049835,0.038438745867187485
activation,naturalistic_behavioral,mean_tokens,6,rows_ge_1000,30,435,row_weighted_continuous,0.05359293628056597,0.06257105244359175
activation,naturalistic_behavioral,mean_tokens,6,rows_ge_1000,30,435,unique_tuple_weighted_continuous,0.013342154861518251,0.021522822066749568
activation,naturalistic_behavioral,mean_tokens,6,rows_ge_10000,30,435,row_weighted_continuous,0.05359293628056597,0.06257105244359175
activation,naturalistic_behavioral,mean_tokens,6,rows_ge_10000,30,435,unique_tuple_weighted_continuous,0.013342154861518251,0.021522822066749568
activation,naturalistic_behavioral,mean_tokens,6,rows_ge_50000,22,231,row_weighted_continuous,0.05406006819766837,0.07591561362176057
activation,naturalistic_behavioral,mean_tokens,6,rows_ge_50000,22,231,unique_tuple_weighted_continuous,0.0411771724614539,0.06520960299071243
activation,naturalistic_behavioral,mean_tokens,6,unique_tuples_ge_10,28,378,row_weighted_continuous,0.027623849580889745,0.05725641436677739
activation,naturalistic_behavioral,mean_tokens,6,unique_tuples_ge_10,28,378,unique_tuple_weighted_continuous,0.021892666218430838,0.04603244590506897
activation,naturalistic_behavioral,mean_tokens,6,unique_tuples_ge_25,24,276,row_weighted_continuous,0.02951632122202888,0.05744552731838873
activation,naturalistic_behavioral,mean_tokens,6,unique_tuples_ge_25,24,276,unique_tuple_weighted_continuous,0.0227726229712104,0.05007462793053752
activation,naturalistic_behavioral,mean_tokens,6,exposure_quartile_1,8,28,row_weighted_continuous,-0.3283935489615777,-0.2534209085933224
activation,naturalistic_behavioral,mean_tokens,6,exposure_quartile_1,8,28,unique_tuple_weighted_continuous,-0.2716732109599078,-0.2742200328407225
activation,naturalistic_behavioral,mean_tokens,6,exposure_quartile_2,8,28,row_weighted_continuous,0.1189600992015947,0.1691297208538588
activation,naturalistic_behavioral,mean_tokens,6,exposure_quartile_2,8,28,unique_tuple_weighted_continuous,0.10877891535097323,0.11603721948549535
activation,naturalistic_behavioral,mean_tokens,6,exposure_quartile_3,8,28,row_weighted_continuous,0.21811967442180966,0.19321291735084836
activation,naturalistic_behavioral,mean_tokens,6,exposure_quartile_3,8,28,unique_tuple_weighted_continuous,0.0863978280654224,0.09359605911330049
activation,naturalistic_behavioral,mean_tokens,6,exposure_quartile_4,8,28,row_weighted_continuous,0.38113850694425583,0.3864258347016967
activation,naturalistic_behavioral,mean_tokens,6,exposure_quartile_4,8,28,unique_tuple_weighted_continuous,0.2837862028722573,0.2846195949644226
activation,naturalistic_behavioral,mean_tokens,6,pair_row_ratio_le_2_0,32,181,row_weighted_continuous,0.1961929824761944,0.2044077469491834
activation,naturalistic_behavioral,mean_tokens,6,pair_row_ratio_le_2_0,32,181,unique_tuple_weighted_continuous,0.12273740805774536,0.12918867504502862
activation,naturalistic_behavioral,mean_tokens,6,pair_row_ratio_le_1_5,32,117,row_weighted_continuous,0.23049776250012616,0.21116006533890808
activation,naturalistic_behavioral,mean_tokens,6,pair_row_ratio_le_1_5,32,117,unique_tuple_weighted_continuous,0.18274689151741774,0.17553087862848235
activation,naturalistic_behavioral,mean_tokens,7,all_32,32,496,row_weighted_continuous,0.0813062239862534,0.09039869716834732
activation,naturalistic_behavioral,mean_tokens,7,all_32,32,496,unique_tuple_weighted_continuous,0.033380076092936056,0.031104613998753028
activation,naturalistic_behavioral,mean_tokens,7,rows_ge_1000,30,435,row_weighted_continuous,0.07078583726206282,0.06651689586653002
activation,naturalistic_behavioral,mean_tokens,7,rows_ge_1000,30,435,unique_tuple_weighted_continuous,0.010515812774167889,0.013053822727160075
activation,naturalistic_behavioral,mean_tokens,7,rows_ge_10000,30,435,row_weighted_continuous,0.07078583726206282,0.06651689586653002
activation,naturalistic_behavioral,mean_tokens,7,rows_ge_10000,30,435,unique_tuple_weighted_continuous,0.010515812774167889,0.013053822727160075
activation,naturalistic_behavioral,mean_tokens,7,rows_ge_50000,22,231,row_weighted_continuous,0.06614271657192226,0.07909032496738644
activation,naturalistic_behavioral,mean_tokens,7,rows_ge_50000,22,231,unique_tuple_weighted_continuous,0.03972535285139916,0.0504380926419907
activation,naturalistic_behavioral,mean_tokens,7,unique_tuples_ge_10,28,378,row_weighted_continuous,0.04054230477514956,0.06038873630539539
activation,naturalistic_behavioral,mean_tokens,7,unique_tuples_ge_10,28,378,unique_tuple_weighted_continuous,0.023825108742938722,0.038374498660186954
activation,naturalistic_behavioral,mean_tokens,7,unique_tuples_ge_25,24,276,row_weighted_continuous,0.038616388874032674,0.04979894693283486
activation,naturalistic_behavioral,mean_tokens,7,unique_tuples_ge_25,24,276,unique_tuple_weighted_continuous,0.02268897443714528,0.031163368102624107
activation,naturalistic_behavioral,mean_tokens,7,exposure_quartile_1,8,28,row_weighted_continuous,-0.31734348850458177,-0.27367268746579093
activation,naturalistic_behavioral,mean_tokens,7,exposure_quartile_1,8,28,unique_tuple_weighted_continuous,-0.2707174897761026,-0.30925013683634367
activation,naturalistic_behavioral,mean_tokens,7,exposure_quartile_2,8,28,row_weighted_continuous,0.13951263381797405,0.20908593322386423
activation,naturalistic_behavioral,mean_tokens,7,exposure_quartile_2,8,28,unique_tuple_weighted_continuous,0.08499477274468403,0.11056376573617953
activation,naturalistic_behavioral,mean_tokens,7,exposure_quartile_3,8,28,row_weighted_continuous,0.12271135529389252,0.10071154898741107
activation,naturalistic_behavioral,mean_tokens,7,exposure_quartile_3,8,28,unique_tuple_weighted_continuous,-0.014162189428416207,-0.007662835249042145
activation,naturalistic_behavioral,mean_tokens,7,exposure_quartile_4,8,28,row_weighted_continuous,0.42059837470568895,0.3880678708264915
activation,naturalistic_behavioral,mean_tokens,7,exposure_quartile_4,8,28,unique_tuple_weighted_continuous,0.32708591086754224,0.28078817733990147
activation,naturalistic_behavioral,mean_tokens,7,pair_row_ratio_le_2_0,32,181,row_weighted_continuous,0.2112188030811745,0.2192621374941817
activation,naturalistic_behavioral,mean_tokens,7,pair_row_ratio_le_2_0,32,181,unique_tuple_weighted_continuous,0.1215271877025493,0.1262258919717483
activation,naturalistic_behavioral,mean_tokens,7,pair_row_ratio_le_1_5,32,117,row_weighted_continuous,0.23931040416590119,0.22696278979154486
activation,naturalistic_behavioral,mean_tokens,7,pair_row_ratio_le_1_5,32,117,unique_tuple_weighted_continuous,0.17552099516483868,0.1710200962100436
activation,naturalistic_behavioral,mean_tokens,8,all_32,32,496,row_weighted_continuous,0.08122349062403436,0.09328778142953519
activation,naturalistic_behavioral,mean_tokens,8,all_32,32,496,unique_tuple_weighted_continuous,0.03421568075968237,0.03524234360218004
activation,naturalistic_behavioral,mean_tokens,8,rows_ge_1000,30,435,row_weighted_continuous,0.07409573319758377,0.07001809204052267
activation,naturalistic_behavioral,mean_tokens,8,rows_ge_1000,30,435,unique_tuple_weighted_continuous,0.017398826501901776,0.01838448720509318
activation,naturalistic_behavioral,mean_tokens,8,rows_ge_10000,30,435,row_weighted_continuous,0.07409573319758377,0.07001809204052267
activation,naturalistic_behavioral,mean_tokens,8,rows_ge_10000,30,435,unique_tuple_weighted_continuous,0.017398826501901776,0.01838448720509318
activation,naturalistic_behavioral,mean_tokens,8,rows_ge_50000,22,231,row_weighted_continuous,0.07593933875980854,0.08985474795069998
activation,naturalistic_behavioral,mean_tokens,8,rows_ge_50000,22,231,unique_tuple_weighted_continuous,0.05033540898012406,0.06395763157382349
activation,naturalistic_behavioral,mean_tokens,8,unique_tuples_ge_10,28,378,row_weighted_continuous,0.048125106420542414,0.06460486207551988
activation,naturalistic_behavioral,mean_tokens,8,unique_tuples_ge_10,28,378,unique_tuple_weighted_continuous,0.030172831109253083,0.040699633366360684
activation,naturalistic_behavioral,mean_tokens,8,unique_tuples_ge_25,24,276,row_weighted_continuous,0.04967978572117492,0.0611874830553217
activation,naturalistic_behavioral,mean_tokens,8,unique_tuples_ge_25,24,276,unique_tuple_weighted_continuous,0.0353160319388715,0.04435039454345686
activation,naturalistic_behavioral,mean_tokens,8,exposure_quartile_1,8,28,row_weighted_continuous,-0.32148136809770445,-0.3278598795840175
activation,naturalistic_behavioral,mean_tokens,8,exposure_quartile_1,8,28,unique_tuple_weighted_continuous,-0.2702892637021179,-0.35851122058018614
activation,naturalistic_behavioral,mean_tokens,8,exposure_quartile_2,8,28,row_weighted_continuous,0.09630070657633516,0.19978106185002736
activation,naturalistic_behavioral,mean_tokens,8,exposure_quartile_2,8,28,unique_tuple_weighted_continuous,0.049813927389685465,0.07936507936507936
activation,naturalistic_behavioral,mean_tokens,8,exposure_quartile_3,8,28,row_weighted_continuous,0.14987513238619024,0.054187192118226604
activation,naturalistic_behavioral,mean_tokens,8,exposure_quartile_3,8,28,unique_tuple_weighted_continuous,0.02063119849425099,-0.039956212370005476
activation,naturalistic_behavioral,mean_tokens,8,exposure_quartile_4,8,28,row_weighted_continuous,0.41211468289641906,0.33169129720853857
activation,naturalistic_behavioral,mean_tokens,8,exposure_quartile_4,8,28,unique_tuple_weighted_continuous,0.3211487937864988,0.25506294471811713
activation,naturalistic_behavioral,mean_tokens,8,pair_row_ratio_le_2_0,32,181,row_weighted_continuous,0.22533894963688908,0.23086637119786288
activation,naturalistic_behavioral,mean_tokens,8,pair_row_ratio_le_2_0,32,181,unique_tuple_weighted_continuous,0.1395508810762892,0.14682978163641147
activation,naturalistic_behavioral,mean_tokens,8,pair_row_ratio_le_1_5,32,117,row_weighted_continuous,0.24526536291506232,0.21878793328238094
activation,naturalistic_behavioral,mean_tokens,8,pair_row_ratio_le_1_5,32,117,unique_tuple_weighted_continuous,0.17899547900986443,0.16522051881490804
activation,naturalistic_behavioral,mean_tokens,9,all_32,32,496,row_weighted_continuous,0.07710456095262408,0.08160674703155393
activation,naturalistic_behavioral,mean_tokens,9,all_32,32,496,unique_tuple_weighted_continuous,0.03310149175810667,0.033678021206417386
activation,naturalistic_behavioral,mean_tokens,9,rows_ge_1000,30,435,row_weighted_continuous,0.060884944909213395,0.055279858062766696
activation,naturalistic_behavioral,mean_tokens,9,rows_ge_1000,30,435,unique_tuple_weighted_continuous,0.019774435665886672,0.01743060951661741
activation,naturalistic_behavioral,mean_tokens,9,rows_ge_10000,30,435,row_weighted_continuous,0.060884944909213395,0.055279858062766696
activation,naturalistic_behavioral,mean_tokens,9,rows_ge_10000,30,435,unique_tuple_weighted_continuous,0.019774435665886672,0.01743060951661741
activation,naturalistic_behavioral,mean_tokens,9,rows_ge_50000,22,231,row_weighted_continuous,0.07389544827646946,0.06150431277867561
activation,naturalistic_behavioral,mean_tokens,9,rows_ge_50000,22,231,unique_tuple_weighted_continuous,0.03612017693983612,0.02484666757530326
activation,naturalistic_behavioral,mean_tokens,9,unique_tuples_ge_10,28,378,row_weighted_continuous,0.05399976716428358,0.05538408659143806
activation,naturalistic_behavioral,mean_tokens,9,unique_tuples_ge_10,28,378,unique_tuple_weighted_continuous,0.03308648255586356,0.031166025616030164
activation,naturalistic_behavioral,mean_tokens,9,unique_tuples_ge_25,24,276,row_weighted_continuous,0.052635750201785445,0.036985773604828694
activation,naturalistic_behavioral,mean_tokens,9,unique_tuples_ge_25,24,276,unique_tuple_weighted_continuous,0.03133205862887102,0.015580827899145276
activation,naturalistic_behavioral,mean_tokens,9,exposure_quartile_1,8,28,row_weighted_continuous,-0.3530205882323476,-0.4220032840722496
activation,naturalistic_behavioral,mean_tokens,9,exposure_quartile_1,8,28,unique_tuple_weighted_continuous,-0.28029246625342824,-0.3524904214559387
activation,naturalistic_behavioral,mean_tokens,9,exposure_quartile_2,8,28,row_weighted_continuous,0.13347284319600078,0.1691297208538588
activation,naturalistic_behavioral,mean_tokens,9,exposure_quartile_2,8,28,unique_tuple_weighted_continuous,0.05094186790258426,0.03503010399562124
activation,naturalistic_behavioral,mean_tokens,9,exposure_quartile_3,8,28,row_weighted_continuous,0.09648927515004628,-0.02955665024630542
activation,naturalistic_behavioral,mean_tokens,9,exposure_quartile_3,8,28,unique_tuple_weighted_continuous,-0.025257673322743125,-0.11822660098522168
activation,naturalistic_behavioral,mean_tokens,9,exposure_quartile_4,8,28,row_weighted_continuous,0.4095185134834819,0.3431855500821018
activation,naturalistic_behavioral,mean_tokens,9,exposure_quartile_4,8,28,unique_tuple_weighted_continuous,0.3020669349357967,0.24521072796934865
activation,naturalistic_behavioral,mean_tokens,9,pair_row_ratio_le_2_0,32,181,row_weighted_continuous,0.21601839712857093,0.2039564487078299
activation,naturalistic_behavioral,mean_tokens,9,pair_row_ratio_le_2_0,32,181,unique_tuple_weighted_continuous,0.12652996348159742,0.11739420800194279
activation,naturalistic_behavioral,mean_tokens,9,pair_row_ratio_le_1_5,32,117,row_weighted_continuous,0.24069740703617057,0.19891651306028862
activation,naturalistic_behavioral,mean_tokens,9,pair_row_ratio_le_1_5,32,117,unique_tuple_weighted_continuous,0.1652325372854244,0.13751891980997766
activation,naturalistic_behavioral,mean_tokens,10,all_32,32,496,row_weighted_continuous,0.0832731173076008,0.08984798330550262
activation,naturalistic_behavioral,mean_tokens,10,all_32,32,496,unique_tuple_weighted_continuous,0.037036712776138944,0.04163219787935826
activation,naturalistic_behavioral,mean_tokens,10,rows_ge_1000,30,435,row_weighted_continuous,0.07424193969350217,0.06673863634706978
activation,naturalistic_behavioral,mean_tokens,10,rows_ge_1000,30,435,unique_tuple_weighted_continuous,0.030425429313710128,0.028929624732300485
activation,naturalistic_behavioral,mean_tokens,10,rows_ge_10000,30,435,row_weighted_continuous,0.07424193969350217,0.06673863634706978
activation,naturalistic_behavioral,mean_tokens,10,rows_ge_10000,30,435,unique_tuple_weighted_continuous,0.030425429313710128,0.028929624732300485
activation,naturalistic_behavioral,mean_tokens,10,rows_ge_50000,22,231,row_weighted_continuous,0.08297625205173832,0.07376993321521057
activation,naturalistic_behavioral,mean_tokens,10,rows_ge_50000,22,231,unique_tuple_weighted_continuous,0.0435740579917781,0.042639070075351934
activation,naturalistic_behavioral,mean_tokens,10,unique_tuples_ge_10,28,378,row_weighted_continuous,0.07263956414132802,0.0681404443573491
activation,naturalistic_behavioral,mean_tokens,10,unique_tuples_ge_10,28,378,unique_tuple_weighted_continuous,0.04658009007393295,0.04404013984579902
activation,naturalistic_behavioral,mean_tokens,10,unique_tuples_ge_25,24,276,row_weighted_continuous,0.06629660754738824,0.05156376193262082
activation,naturalistic_behavioral,mean_tokens,10,unique_tuples_ge_25,24,276,unique_tuple_weighted_continuous,0.04356353657374774,0.03414106533867953
activation,naturalistic_behavioral,mean_tokens,10,exposure_quartile_1,8,28,row_weighted_continuous,-0.3538557660966416,-0.43076081007115485
activation,naturalistic_behavioral,mean_tokens,10,exposure_quartile_1,8,28,unique_tuple_weighted_continuous,-0.28123412196367903,-0.36507936507936506
activation,naturalistic_behavioral,mean_tokens,10,exposure_quartile_2,8,28,row_weighted_continuous,0.1887956361868709,0.21018062397372742
activation,naturalistic_behavioral,mean_tokens,10,exposure_quartile_2,8,28,unique_tuple_weighted_continuous,0.12666934024972917,0.11056376573617953
activation,naturalistic_behavioral,mean_tokens,10,exposure_quartile_3,8,28,row_weighted_continuous,0.0710644160041485,0.051450465243568694
activation,naturalistic_behavioral,mean_tokens,10,exposure_quartile_3,8,28,unique_tuple_weighted_continuous,-0.05004433591833594,-0.041050903119868636
activation,naturalistic_behavioral,mean_tokens,10,exposure_quartile_4,8,28,row_weighted_continuous,0.4493654953895494,0.3284072249589491
activation,naturalistic_behavioral,mean_tokens,10,exposure_quartile_4,8,28,unique_tuple_weighted_continuous,0.30408778947820087,0.20361247947454844
activation,naturalistic_behavioral,mean_tokens,10,pair_row_ratio_le_2_0,32,181,row_weighted_continuous,0.2247231995070658,0.21446178131261
activation,naturalistic_behavioral,mean_tokens,10,pair_row_ratio_le_2_0,32,181,unique_tuple_weighted_continuous,0.12561518596766566,0.1273693157671058
activation,naturalistic_behavioral,mean_tokens,10,pair_row_ratio_le_1_5,32,117,row_weighted_continuous,0.2601959943142744,0.21887035621693712
activation,naturalistic_behavioral,mean_tokens,10,pair_row_ratio_le_1_5,32,117,unique_tuple_weighted_continuous,0.17218171124032425,0.1595782942948343
activation,naturalistic_behavioral,mean_tokens,11,all_32,32,496,row_weighted_continuous,0.09844286604012885,0.10534379296305693
activation,naturalistic_behavioral,mean_tokens,11,all_32,32,496,unique_tuple_weighted_continuous,0.03414142120809141,0.04076079153316772
activation,naturalistic_behavioral,mean_tokens,11,rows_ge_1000,30,435,row_weighted_continuous,0.1069899744467459,0.08759259232261855
activation,naturalistic_behavioral,mean_tokens,11,rows_ge_1000,30,435,unique_tuple_weighted_continuous,0.03168444578519746,0.02936333803250153
activation,naturalistic_behavioral,mean_tokens,11,rows_ge_10000,30,435,row_weighted_continuous,0.1069899744467459,0.08759259232261855
activation,naturalistic_behavioral,mean_tokens,11,rows_ge_10000,30,435,unique_tuple_weighted_continuous,0.03168444578519746,0.02936333803250153
activation,naturalistic_behavioral,mean_tokens,11,rows_ge_50000,22,231,row_weighted_continuous,0.09389177074322075,0.08653205864600169
activation,naturalistic_behavioral,mean_tokens,11,rows_ge_50000,22,231,unique_tuple_weighted_continuous,0.0529221293570482,0.05111178177145194
activation,naturalistic_behavioral,mean_tokens,11,unique_tuples_ge_10,28,378,row_weighted_continuous,0.07637569962878464,0.07474436015969999
activation,naturalistic_behavioral,mean_tokens,11,unique_tuples_ge_10,28,378,unique_tuple_weighted_continuous,0.053360459163205254,0.05330068590918377
activation,naturalistic_behavioral,mean_tokens,11,unique_tuples_ge_25,24,276,row_weighted_continuous,0.07700677676355931,0.061000841882964
activation,naturalistic_behavioral,mean_tokens,11,unique_tuples_ge_25,24,276,unique_tuple_weighted_continuous,0.055462768031377105,0.04404160899530543
activation,naturalistic_behavioral,mean_tokens,11,exposure_quartile_1,8,28,row_weighted_continuous,-0.31678189710228405,-0.39518336070060206
activation,naturalistic_behavioral,mean_tokens,11,exposure_quartile_1,8,28,unique_tuple_weighted_continuous,-0.2826679436597207,-0.42692939244663375
activation,naturalistic_behavioral,mean_tokens,11,exposure_quartile_2,8,28,row_weighted_continuous,0.20501612756059406,0.17460317460317462
activation,naturalistic_behavioral,mean_tokens,11,exposure_quartile_2,8,28,unique_tuple_weighted_continuous,0.14194835200923692,0.08483853311439518
activation,naturalistic_behavioral,mean_tokens,11,exposure_quartile_3,8,28,row_weighted_continuous,0.07198728237214895,-0.004378762999452655
activation,naturalistic_behavioral,mean_tokens,11,exposure_quartile_3,8,28,unique_tuple_weighted_continuous,-0.0481035822328282,-0.08155446086480568
activation,naturalistic_behavioral,mean_tokens,11,exposure_quartile_4,8,28,row_weighted_continuous,0.4746725099057291,0.36453201970443344
activation,naturalistic_behavioral,mean_tokens,11,exposure_quartile_4,8,28,unique_tuple_weighted_continuous,0.3368212842449637,0.2194854953475643
activation,naturalistic_behavioral,mean_tokens,11,pair_row_ratio_le_2_0,32,181,row_weighted_continuous,0.23315937028052525,0.22142958330803633
activation,naturalistic_behavioral,mean_tokens,11,pair_row_ratio_le_2_0,32,181,unique_tuple_weighted_continuous,0.11168293013182372,0.12278752554995649
activation,naturalistic_behavioral,mean_tokens,11,pair_row_ratio_le_1_5,32,117,row_weighted_continuous,0.2470592610133969,0.21092028952929012
activation,naturalistic_behavioral,mean_tokens,11,pair_row_ratio_le_1_5,32,117,unique_tuple_weighted_continuous,0.14285599985040265,0.1402463696443825
activation,naturalistic_behavioral,mean_tokens,12,all_32,32,496,row_weighted_continuous,0.10126318883465682,0.10488630708985093
activation,naturalistic_behavioral,mean_tokens,12,all_32,32,496,unique_tuple_weighted_continuous,0.035040790008576246,0.03781240718996285
activation,naturalistic_behavioral,mean_tokens,12,rows_ge_1000,30,435,row_weighted_continuous,0.11244431627724046,0.08733615477806271
activation,naturalistic_behavioral,mean_tokens,12,rows_ge_1000,30,435,unique_tuple_weighted_continuous,0.03110028963983923,0.026335946304106645
activation,naturalistic_behavioral,mean_tokens,12,rows_ge_10000,30,435,row_weighted_continuous,0.11244431627724046,0.08733615477806271
activation,naturalistic_behavioral,mean_tokens,12,rows_ge_10000,30,435,unique_tuple_weighted_continuous,0.03110028963983923,0.026335946304106645
activation,naturalistic_behavioral,mean_tokens,12,rows_ge_50000,22,231,row_weighted_continuous,0.07406659081987844,0.06534103078330963
activation,naturalistic_behavioral,mean_tokens,12,rows_ge_50000,22,231,unique_tuple_weighted_continuous,0.03822844359343008,0.038185128215113225
activation,naturalistic_behavioral,mean_tokens,12,unique_tuples_ge_10,28,378,row_weighted_continuous,0.06847562259632874,0.06616435758461052
activation,naturalistic_behavioral,mean_tokens,12,unique_tuples_ge_10,28,378,unique_tuple_weighted_continuous,0.04911009151345747,0.047005158732936
activation,naturalistic_behavioral,mean_tokens,12,unique_tuples_ge_25,24,276,row_weighted_continuous,0.07211868081375225,0.05119219189223899
activation,naturalistic_behavioral,mean_tokens,12,unique_tuples_ge_25,24,276,unique_tuple_weighted_continuous,0.05149146291551343,0.03588875729512993
activation,naturalistic_behavioral,mean_tokens,12,exposure_quartile_1,8,28,row_weighted_continuous,-0.30025670947122485,-0.3322386425834702
activation,naturalistic_behavioral,mean_tokens,12,exposure_quartile_1,8,28,unique_tuple_weighted_continuous,-0.27169906718687964,-0.3371647509578544
activation,naturalistic_behavioral,mean_tokens,12,exposure_quartile_2,8,28,row_weighted_continuous,0.15726277451045775,0.11986863711001641
activation,naturalistic_behavioral,mean_tokens,12,exposure_quartile_2,8,28,unique_tuple_weighted_continuous,0.1078421570473297,0.04324028461959496
activation,naturalistic_behavioral,mean_tokens,12,exposure_quartile_3,8,28,row_weighted_continuous,0.028137543825817235,-0.0361247947454844
activation,naturalistic_behavioral,mean_tokens,12,exposure_quartile_3,8,28,unique_tuple_weighted_continuous,-0.08984821209771751,-0.11986863711001641
activation,naturalistic_behavioral,mean_tokens,12,exposure_quartile_4,8,28,row_weighted_continuous,0.46562275380019563,0.32676518883415434
activation,naturalistic_behavioral,mean_tokens,12,exposure_quartile_4,8,28,unique_tuple_weighted_continuous,0.33511068738565936,0.2227695675971538
activation,naturalistic_behavioral,mean_tokens,12,pair_row_ratio_le_2_0,32,181,row_weighted_continuous,0.2312179415121967,0.20589925728047273
activation,naturalistic_behavioral,mean_tokens,12,pair_row_ratio_le_2_0,32,181,unique_tuple_weighted_continuous,0.11268963722004811,0.11564365652763442
activation,naturalistic_behavioral,mean_tokens,12,pair_row_ratio_le_1_5,32,117,row_weighted_continuous,0.2306598532367375,0.19117625020605733
activation,naturalistic_behavioral,mean_tokens,12,pair_row_ratio_le_1_5,32,117,unique_tuple_weighted_continuous,0.1330157529991418,0.1281826492229765
activation,naturalistic_behavioral,mean_tokens,13,all_32,32,496,row_weighted_continuous,0.08729657484071954,0.08728903233673792
activation,naturalistic_behavioral,mean_tokens,13,all_32,32,496,unique_tuple_weighted_continuous,0.032492191628715,0.027520646852768612
activation,naturalistic_behavioral,mean_tokens,13,rows_ge_1000,30,435,row_weighted_continuous,0.07798602083528072,0.06474617931384369
activation,naturalistic_behavioral,mean_tokens,13,rows_ge_1000,30,435,unique_tuple_weighted_continuous,0.02373425022009934,0.013909878020867805
activation,naturalistic_behavioral,mean_tokens,13,rows_ge_10000,30,435,row_weighted_continuous,0.07798602083528072,0.06474617931384369
activation,naturalistic_behavioral,mean_tokens,13,rows_ge_10000,30,435,unique_tuple_weighted_continuous,0.02373425022009934,0.013909878020867805
activation,naturalistic_behavioral,mean_tokens,13,rows_ge_50000,22,231,row_weighted_continuous,0.0718605140057091,0.07799509336240971
activation,naturalistic_behavioral,mean_tokens,13,rows_ge_50000,22,231,unique_tuple_weighted_continuous,0.02867374533704313,0.037658443505519966
activation,naturalistic_behavioral,mean_tokens,13,unique_tuples_ge_10,28,378,row_weighted_continuous,0.05571989922611821,0.05417097283169524
activation,naturalistic_behavioral,mean_tokens,13,unique_tuples_ge_10,28,378,unique_tuple_weighted_continuous,0.039468140139487434,0.03024063755571353
activation,naturalistic_behavioral,mean_tokens,13,unique_tuples_ge_25,24,276,row_weighted_continuous,0.056133050013087174,0.04021974572280647
activation,naturalistic_behavioral,mean_tokens,13,unique_tuples_ge_25,24,276,unique_tuple_weighted_continuous,0.0333213009727286,0.01995690700760549
activation,naturalistic_behavioral,mean_tokens,13,exposure_quartile_1,8,28,row_weighted_continuous,-0.3529163667631603,-0.3579638752052545
activation,naturalistic_behavioral,mean_tokens,13,exposure_quartile_1,8,28,unique_tuple_weighted_continuous,-0.2949861302159728,-0.2764094143404488
activation,naturalistic_behavioral,mean_tokens,13,exposure_quartile_2,8,28,row_weighted_continuous,0.1761605811799031,0.14668856048166393
activation,naturalistic_behavioral,mean_tokens,13,exposure_quartile_2,8,28,unique_tuple_weighted_continuous,0.126925224859898,0.06841817186644773
activation,naturalistic_behavioral,mean_tokens,13,exposure_quartile_3,8,28,row_weighted_continuous,0.09271191413249899,0.011494252873563218
activation,naturalistic_behavioral,mean_tokens,13,exposure_quartile_3,8,28,unique_tuple_weighted_continuous,-0.015643099151470875,-0.046524356869184456
activation,naturalistic_behavioral,mean_tokens,13,exposure_quartile_4,8,28,row_weighted_continuous,0.4725883282511908,0.42692939244663375
activation,naturalistic_behavioral,mean_tokens,13,exposure_quartile_4,8,28,unique_tuple_weighted_continuous,0.3611808888077296,0.3404488232074439
activation,naturalistic_behavioral,mean_tokens,13,pair_row_ratio_le_2_0,32,181,row_weighted_continuous,0.23110628979378484,0.23059518750126481
activation,naturalistic_behavioral,mean_tokens,13,pair_row_ratio_le_2_0,32,181,unique_tuple_weighted_continuous,0.1173549366009369,0.13244692692206503
activation,naturalistic_behavioral,mean_tokens,13,pair_row_ratio_le_1_5,32,117,row_weighted_continuous,0.2331222314463062,0.2428179652025356
activation,naturalistic_behavioral,mean_tokens,13,pair_row_ratio_le_1_5,32,117,unique_tuple_weighted_continuous,0.1383684252158055,0.16151897975393004
activation,naturalistic_behavioral,mean_tokens,14,all_32,32,496,row_weighted_continuous,0.07562869705338854,0.07172674364859734
activation,naturalistic_behavioral,mean_tokens,14,all_32,32,496,unique_tuple_weighted_continuous,0.028591212566845218,0.022239497591610268
activation,naturalistic_behavioral,mean_tokens,14,rows_ge_1000,30,435,row_weighted_continuous,0.055725427904782854,0.04490281177425915
activation,naturalistic_behavioral,mean_tokens,14,rows_ge_1000,30,435,unique_tuple_weighted_continuous,0.0168001042075532,0.008293910373693212
activation,naturalistic_behavioral,mean_tokens,14,rows_ge_10000,30,435,row_weighted_continuous,0.055725427904782854,0.04490281177425915
activation,naturalistic_behavioral,mean_tokens,14,rows_ge_10000,30,435,unique_tuple_weighted_continuous,0.0168001042075532,0.008293910373693212
activation,naturalistic_behavioral,mean_tokens,14,rows_ge_50000,22,231,row_weighted_continuous,0.057729392847283234,0.03859498822017563
activation,naturalistic_behavioral,mean_tokens,14,rows_ge_50000,22,231,unique_tuple_weighted_continuous,0.02290102981451195,0.008603165949492786
activation,naturalistic_behavioral,mean_tokens,14,unique_tuples_ge_10,28,378,row_weighted_continuous,0.05011682647987917,0.04342047422749815
activation,naturalistic_behavioral,mean_tokens,14,unique_tuples_ge_10,28,378,unique_tuple_weighted_continuous,0.03592145779323544,0.02388401032746406
activation,naturalistic_behavioral,mean_tokens,14,unique_tuples_ge_25,24,276,row_weighted_continuous,0.046514421811968215,0.015466103508796963
activation,naturalistic_behavioral,mean_tokens,14,unique_tuples_ge_25,24,276,unique_tuple_weighted_continuous,0.030906922560664723,0.005019905537877599
activation,naturalistic_behavioral,mean_tokens,14,exposure_quartile_1,8,28,row_weighted_continuous,-0.3720718857736373,-0.37219485495347565
activation,naturalistic_behavioral,mean_tokens,14,exposure_quartile_1,8,28,unique_tuple_weighted_continuous,-0.28416589447140267,-0.2517788724685276
activation,naturalistic_behavioral,mean_tokens,14,exposure_quartile_2,8,28,row_weighted_continuous,0.16960390668703018,0.13628899835796388
activation,naturalistic_behavioral,mean_tokens,14,exposure_quartile_2,8,28,unique_tuple_weighted_continuous,0.110932163378808,0.061850027367268745
activation,naturalistic_behavioral,mean_tokens,14,exposure_quartile_3,8,28,row_weighted_continuous,0.0791099430326975,0.0016420361247947454
activation,naturalistic_behavioral,mean_tokens,14,exposure_quartile_3,8,28,unique_tuple_weighted_continuous,-0.008549140399724285,-0.025177887246852767
activation,naturalistic_behavioral,mean_tokens,14,exposure_quartile_4,8,28,row_weighted_continuous,0.4750934011220916,0.40613026819923376
activation,naturalistic_behavioral,mean_tokens,14,exposure_quartile_4,8,28,unique_tuple_weighted_continuous,0.3670790447055676,0.29666119321291734
activation,naturalistic_behavioral,mean_tokens,14,pair_row_ratio_le_2_0,32,181,row_weighted_continuous,0.2215690881335411,0.20598830267338555
activation,naturalistic_behavioral,mean_tokens,14,pair_row_ratio_le_2_0,32,181,unique_tuple_weighted_continuous,0.11432060799602389,0.11382429724971162
activation,naturalistic_behavioral,mean_tokens,14,pair_row_ratio_le_1_5,32,117,row_weighted_continuous,0.2216818805133357,0.20707638358135141
activation,naturalistic_behavioral,mean_tokens,14,pair_row_ratio_le_1_5,32,117,unique_tuple_weighted_continuous,0.1346874041602713,0.13290323547483102
activation,naturalistic_behavioral,mean_tokens,15,all_32,32,496,row_weighted_continuous,0.07203636411522932,0.0699804889945735
activation,naturalistic_behavioral,mean_tokens,15,all_32,32,496,unique_tuple_weighted_continuous,0.025330798609043855,0.025205583451835156
activation,naturalistic_behavioral,mean_tokens,15,rows_ge_1000,30,435,row_weighted_continuous,0.05058670787237795,0.04344961709311496
activation,naturalistic_behavioral,mean_tokens,15,rows_ge_1000,30,435,unique_tuple_weighted_continuous,0.016767683045460592,0.01405260249848018
activation,naturalistic_behavioral,mean_tokens,15,rows_ge_10000,30,435,row_weighted_continuous,0.05058670787237795,0.04344961709311496
activation,naturalistic_behavioral,mean_tokens,15,rows_ge_10000,30,435,unique_tuple_weighted_continuous,0.016767683045460592,0.01405260249848018
activation,naturalistic_behavioral,mean_tokens,15,rows_ge_50000,22,231,row_weighted_continuous,0.06086940007887253,0.0380244942463833
activation,naturalistic_behavioral,mean_tokens,15,rows_ge_50000,22,231,unique_tuple_weighted_continuous,0.04250144881412492,0.027187055822737984
activation,naturalistic_behavioral,mean_tokens,15,unique_tuples_ge_10,28,378,row_weighted_continuous,0.052781250140487825,0.048619977561839084
activation,naturalistic_behavioral,mean_tokens,15,unique_tuples_ge_10,28,378,unique_tuple_weighted_continuous,0.042429749220445616,0.03562632941215418
activation,naturalistic_behavioral,mean_tokens,15,unique_tuples_ge_25,24,276,row_weighted_continuous,0.05321242099956203,0.02170859434083418
activation,naturalistic_behavioral,mean_tokens,15,unique_tuples_ge_25,24,276,unique_tuple_weighted_continuous,0.048777856527616584,0.023067022445455977
activation,naturalistic_behavioral,mean_tokens,15,exposure_quartile_1,8,28,row_weighted_continuous,-0.3839858294799042,-0.3404488232074439
activation,naturalistic_behavioral,mean_tokens,15,exposure_quartile_1,8,28,unique_tuple_weighted_continuous,-0.284048446594789,-0.23097974822112752
activation,naturalistic_behavioral,mean_tokens,15,exposure_quartile_2,8,28,row_weighted_continuous,0.2065993892805461,0.21346469622331687
activation,naturalistic_behavioral,mean_tokens,15,exposure_quartile_2,8,28,unique_tuple_weighted_continuous,0.1675406650293618,0.16584564860426929
activation,naturalistic_behavioral,mean_tokens,15,exposure_quartile_3,8,28,row_weighted_continuous,0.037249184423566464,0.005473453749315818
activation,naturalistic_behavioral,mean_tokens,15,exposure_quartile_3,8,28,unique_tuple_weighted_continuous,-0.03577117661575707,-0.013136288998357963
activation,naturalistic_behavioral,mean_tokens,15,exposure_quartile_4,8,28,row_weighted_continuous,0.4682855278140102,0.3711001642036125
activation,naturalistic_behavioral,mean_tokens,15,exposure_quartile_4,8,28,unique_tuple_weighted_continuous,0.38307987030017876,0.28078817733990147
activation,naturalistic_behavioral,mean_tokens,15,pair_row_ratio_le_2_0,32,181,row_weighted_continuous,0.2164621043979462,0.21039200210470926
activation,naturalistic_behavioral,mean_tokens,15,pair_row_ratio_le_2_0,32,181,unique_tuple_weighted_continuous,0.11502380125035244,0.12992329953655918
activation,naturalistic_behavioral,mean_tokens,15,pair_row_ratio_le_1_5,32,117,row_weighted_continuous,0.2276251310317194,0.21904269508010007
activation,naturalistic_behavioral,mean_tokens,15,pair_row_ratio_le_1_5,32,117,unique_tuple_weighted_continuous,0.14601813942262892,0.1555995144539855
activation,naturalistic_behavioral,mean_tokens,16,all_32,32,496,row_weighted_continuous,0.06539345691380762,0.062418695948909475
activation,naturalistic_behavioral,mean_tokens,16,all_32,32,496,unique_tuple_weighted_continuous,0.020759702244409484,0.020018350572644075
activation,naturalistic_behavioral,mean_tokens,16,rows_ge_1000,30,435,row_weighted_continuous,0.039675117647400934,0.03314677587008719
activation,naturalistic_behavioral,mean_tokens,16,rows_ge_1000,30,435,unique_tuple_weighted_continuous,0.013104621608181512,0.008462001612392975
activation,naturalistic_behavioral,mean_tokens,16,rows_ge_10000,30,435,row_weighted_continuous,0.039675117647400934,0.03314677587008719
activation,naturalistic_behavioral,mean_tokens,16,rows_ge_10000,30,435,unique_tuple_weighted_continuous,0.013104621608181512,0.008462001612392975
activation,naturalistic_behavioral,mean_tokens,16,rows_ge_50000,22,231,row_weighted_continuous,0.050299291217480016,0.03556046651998677
activation,naturalistic_behavioral,mean_tokens,16,rows_ge_50000,22,231,unique_tuple_weighted_continuous,0.02288942611361856,0.01910278626920306
activation,naturalistic_behavioral,mean_tokens,16,unique_tuples_ge_10,28,378,row_weighted_continuous,0.05694110215585179,0.05034810921445441
activation,naturalistic_behavioral,mean_tokens,16,unique_tuples_ge_10,28,378,unique_tuple_weighted_continuous,0.03629123685362049,0.029570536621760353
activation,naturalistic_behavioral,mean_tokens,16,unique_tuples_ge_25,24,276,row_weighted_continuous,0.05524091545145544,0.025295301151524664
activation,naturalistic_behavioral,mean_tokens,16,unique_tuples_ge_25,24,276,unique_tuple_weighted_continuous,0.04041316273770484,0.01752429331773234
activation,naturalistic_behavioral,mean_tokens,16,exposure_quartile_1,8,28,row_weighted_continuous,-0.36714409351521765,-0.34099616858237547
activation,naturalistic_behavioral,mean_tokens,16,exposure_quartile_1,8,28,unique_tuple_weighted_continuous,-0.23762071973556895,-0.21729611384783798
activation,naturalistic_behavioral,mean_tokens,16,exposure_quartile_2,8,28,row_weighted_continuous,0.23723568132104814,0.24028461959496444
activation,naturalistic_behavioral,mean_tokens,16,exposure_quartile_2,8,28,unique_tuple_weighted_continuous,0.1804094691249231,0.17952928297755882
activation,naturalistic_behavioral,mean_tokens,16,exposure_quartile_3,8,28,row_weighted_continuous,0.035296125752013345,-0.04050355774493705
activation,naturalistic_behavioral,mean_tokens,16,exposure_quartile_3,8,28,unique_tuple_weighted_continuous,-0.04237797809348766,-0.041050903119868636
activation,naturalistic_behavioral,mean_tokens,16,exposure_quartile_4,8,28,row_weighted_continuous,0.4332765550234885,0.367816091954023
activation,naturalistic_behavioral,mean_tokens,16,exposure_quartile_4,8,28,unique_tuple_weighted_continuous,0.33126976871130687,0.25889436234263824
activation,naturalistic_behavioral,mean_tokens,16,pair_row_ratio_le_2_0,32,181,row_weighted_continuous,0.1987517770248975,0.19297148523667862
activation,naturalistic_behavioral,mean_tokens,16,pair_row_ratio_le_2_0,32,181,unique_tuple_weighted_continuous,0.09624261264566014,0.10927488717543966
activation,naturalistic_behavioral,mean_tokens,16,pair_row_ratio_le_1_5,32,117,row_weighted_continuous,0.22064970487708727,0.2085075454450089
activation,naturalistic_behavioral,mean_tokens,16,pair_row_ratio_le_1_5,32,117,unique_tuple_weighted_continuous,0.13565371185708183,0.13961695814413522
activation,naturalistic_behavioral,mean_tokens,17,all_32,32,496,row_weighted_continuous,0.05575873630328062,0.052967659328404436
activation,naturalistic_behavioral,mean_tokens,17,all_32,32,496,unique_tuple_weighted_continuous,0.017827922403433026,0.01706721266012497
activation,naturalistic_behavioral,mean_tokens,17,rows_ge_1000,30,435,row_weighted_continuous,0.024274715664062183,0.022210202977824497
activation,naturalistic_behavioral,mean_tokens,17,rows_ge_1000,30,435,unique_tuple_weighted_continuous,0.013608887984343326,0.007705663931235667
activation,naturalistic_behavioral,mean_tokens,17,rows_ge_10000,30,435,row_weighted_continuous,0.024274715664062183,0.022210202977824497
activation,naturalistic_behavioral,mean_tokens,17,rows_ge_10000,30,435,unique_tuple_weighted_continuous,0.013608887984343326,0.007705663931235667
activation,naturalistic_behavioral,mean_tokens,17,rows_ge_50000,22,231,row_weighted_continuous,0.04951029252025375,0.02512315270935961
activation,naturalistic_behavioral,mean_tokens,17,rows_ge_50000,22,231,unique_tuple_weighted_continuous,0.02580081238534009,0.010447049202671392
activation,naturalistic_behavioral,mean_tokens,17,unique_tuples_ge_10,28,378,row_weighted_continuous,0.05898082979051795,0.05011792865491346
activation,naturalistic_behavioral,mean_tokens,17,unique_tuples_ge_10,28,378,unique_tuple_weighted_continuous,0.03891052102493827,0.02884422363996561
activation,naturalistic_behavioral,mean_tokens,17,unique_tuples_ge_25,24,276,row_weighted_continuous,0.05655008246371485,0.022846135186427138
activation,naturalistic_behavioral,mean_tokens,17,unique_tuples_ge_25,24,276,unique_tuple_weighted_continuous,0.04341053509488907,0.014732666485923432
activation,naturalistic_behavioral,mean_tokens,17,exposure_quartile_1,8,28,row_weighted_continuous,-0.3681325421350369,-0.33497536945812806
activation,naturalistic_behavioral,mean_tokens,17,exposure_quartile_1,8,28,unique_tuple_weighted_continuous,-0.20880358542585994,-0.19211822660098524
activation,naturalistic_behavioral,mean_tokens,17,exposure_quartile_2,8,28,row_weighted_continuous,0.27576811884139063,0.2917350848385331
activation,naturalistic_behavioral,mean_tokens,17,exposure_quartile_2,8,28,unique_tuple_weighted_continuous,0.1918718941702505,0.17569786535303775
activation,naturalistic_behavioral,mean_tokens,17,exposure_quartile_3,8,28,row_weighted_continuous,0.06165011613136149,0.027914614121510674
activation,naturalistic_behavioral,mean_tokens,17,exposure_quartile_3,8,28,unique_tuple_weighted_continuous,-0.008962569228520331,0.0120415982484948
activation,naturalistic_behavioral,mean_tokens,17,exposure_quartile_4,8,28,row_weighted_continuous,0.40037230626005194,0.3366174055829228
activation,naturalistic_behavioral,mean_tokens,17,exposure_quartile_4,8,28,unique_tuple_weighted_continuous,0.3367925867372333,0.25615763546798026
activation,naturalistic_behavioral,mean_tokens,17,pair_row_ratio_le_2_0,32,181,row_weighted_continuous,0.2035381544924341,0.20001821383036852
activation,naturalistic_behavioral,mean_tokens,17,pair_row_ratio_le_2_0,32,181,unique_tuple_weighted_continuous,0.10285876892566143,0.11564770404549408
activation,naturalistic_behavioral,mean_tokens,17,pair_row_ratio_le_1_5,32,117,row_weighted_continuous,0.230959438923839,0.2380149560161249
activation,naturalistic_behavioral,mean_tokens,17,pair_row_ratio_le_1_5,32,117,unique_tuple_weighted_continuous,0.14680795255823983,0.16242563203404817
activation,naturalistic_behavioral,mean_tokens,18,all_32,32,496,row_weighted_continuous,0.059624797865432115,0.05889009521449321
activation,naturalistic_behavioral,mean_tokens,18,all_32,32,496,unique_tuple_weighted_continuous,0.01789049101830273,0.019397912401092773
activation,naturalistic_behavioral,mean_tokens,18,rows_ge_1000,30,435,row_weighted_continuous,0.03158181073183911,0.029434481592332824
activation,naturalistic_behavioral,mean_tokens,18,rows_ge_1000,30,435,unique_tuple_weighted_continuous,0.015391202049366918,0.01041699164792102
activation,naturalistic_behavioral,mean_tokens,18,rows_ge_10000,30,435,row_weighted_continuous,0.03158181073183911,0.029434481592332824
activation,naturalistic_behavioral,mean_tokens,18,rows_ge_10000,30,435,unique_tuple_weighted_continuous,0.015391202049366918,0.01041699164792102
activation,naturalistic_behavioral,mean_tokens,18,rows_ge_50000,22,231,row_weighted_continuous,0.06260636484971217,0.045340641367627874
activation,naturalistic_behavioral,mean_tokens,18,rows_ge_50000,22,231,unique_tuple_weighted_continuous,0.03387850064525854,0.025852333573473003
activation,naturalistic_behavioral,mean_tokens,18,unique_tuples_ge_10,28,378,row_weighted_continuous,0.06802337019826606,0.06111371619514645
activation,naturalistic_behavioral,mean_tokens,18,unique_tuples_ge_10,28,378,unique_tuple_weighted_continuous,0.04320900157413457,0.03557500536847275
activation,naturalistic_behavioral,mean_tokens,18,unique_tuples_ge_25,24,276,row_weighted_continuous,0.06538425079971007,0.03917466931122559
activation,naturalistic_behavioral,mean_tokens,18,unique_tuples_ge_25,24,276,unique_tuple_weighted_continuous,0.048552376520728746,0.027342075598236325
activation,naturalistic_behavioral,mean_tokens,18,exposure_quartile_1,8,28,row_weighted_continuous,-0.36730611034579,-0.3305966064586754
activation,naturalistic_behavioral,mean_tokens,18,exposure_quartile_1,8,28,unique_tuple_weighted_continuous,-0.2109514323805047,-0.19485495347564313
activation,naturalistic_behavioral,mean_tokens,18,exposure_quartile_2,8,28,row_weighted_continuous,0.3064854913014046,0.3371647509578544
activation,naturalistic_behavioral,mean_tokens,18,exposure_quartile_2,8,28,unique_tuple_weighted_continuous,0.22663190797063443,0.22714833059660647
activation,naturalistic_behavioral,mean_tokens,18,exposure_quartile_3,8,28,row_weighted_continuous,0.03981408469024556,0.009852216748768473
activation,naturalistic_behavioral,mean_tokens,18,exposure_quartile_3,8,28,unique_tuple_weighted_continuous,-0.02039868741911646,0.010946907498631636
activation,naturalistic_behavioral,mean_tokens,18,exposure_quartile_4,8,28,row_weighted_continuous,0.40705158746533115,0.27367268746579093
activation,naturalistic_behavioral,mean_tokens,18,exposure_quartile_4,8,28,unique_tuple_weighted_continuous,0.33893041903780163,0.2129173508483853
activation,naturalistic_behavioral,mean_tokens,18,pair_row_ratio_le_2_0,32,181,row_weighted_continuous,0.20919951824830604,0.21059640175662275
activation,naturalistic_behavioral,mean_tokens,18,pair_row_ratio_le_2_0,32,181,unique_tuple_weighted_continuous,0.10773541684844101,0.12416772914010483
activation,naturalistic_behavioral,mean_tokens,18,pair_row_ratio_le_1_5,32,117,row_weighted_continuous,0.23560609244156214,0.24272804927392885
activation,naturalistic_behavioral,mean_tokens,18,pair_row_ratio_le_1_5,32,117,unique_tuple_weighted_continuous,0.15120370537412706,0.16880216997107703
activation,naturalistic_behavioral,mean_tokens,19,all_32,32,496,row_weighted_continuous,0.061032488764254766,0.06223342007076673
activation,naturalistic_behavioral,mean_tokens,19,all_32,32,496,unique_tuple_weighted_continuous,0.015686343947124586,0.017828082866701678
activation,naturalistic_behavioral,mean_tokens,19,rows_ge_1000,30,435,row_weighted_continuous,0.03418043393859141,0.03351765541150281
activation,naturalistic_behavioral,mean_tokens,19,rows_ge_1000,30,435,unique_tuple_weighted_continuous,0.012898983260181709,0.008501946971806448
activation,naturalistic_behavioral,mean_tokens,19,rows_ge_10000,30,435,row_weighted_continuous,0.03418043393859141,0.03351765541150281
activation,naturalistic_behavioral,mean_tokens,19,rows_ge_10000,30,435,unique_tuple_weighted_continuous,0.012898983260181709,0.008501946971806448
activation,naturalistic_behavioral,mean_tokens,19,rows_ge_50000,22,231,row_weighted_continuous,0.0731972048579999,0.05703674136957496
activation,naturalistic_behavioral,mean_tokens,19,rows_ge_50000,22,231,unique_tuple_weighted_continuous,0.031336355459892176,0.023025175723826397
activation,naturalistic_behavioral,mean_tokens,19,unique_tuples_ge_10,28,378,row_weighted_continuous,0.07339037428921537,0.06719328246031912
activation,naturalistic_behavioral,mean_tokens,19,unique_tuples_ge_10,28,378,unique_tuple_weighted_continuous,0.042301603322683165,0.03373422743816703
activation,naturalistic_behavioral,mean_tokens,19,unique_tuples_ge_25,24,276,row_weighted_continuous,0.07553137948045191,0.05154720965739645
activation,naturalistic_behavioral,mean_tokens,19,unique_tuples_ge_25,24,276,unique_tuple_weighted_continuous,0.04678652838283675,0.02575191564047317
activation,naturalistic_behavioral,mean_tokens,19,exposure_quartile_1,8,28,row_weighted_continuous,-0.3858770778541918,-0.3322386425834702
activation,naturalistic_behavioral,mean_tokens,19,exposure_quartile_1,8,28,unique_tuple_weighted_continuous,-0.22600857617118508,-0.19047619047619047
activation,naturalistic_behavioral,mean_tokens,19,exposure_quartile_2,8,28,row_weighted_continuous,0.3153991812025192,0.36288998357963875
activation,naturalistic_behavioral,mean_tokens,19,exposure_quartile_2,8,28,unique_tuple_weighted_continuous,0.21870142983629312,0.23973727422003283
activation,naturalistic_behavioral,mean_tokens,19,exposure_quartile_3,8,28,row_weighted_continuous,0.06408346412037647,0.013683634373289545
activation,naturalistic_behavioral,mean_tokens,19,exposure_quartile_3,8,28,unique_tuple_weighted_continuous,-0.011553162947977704,-0.0016420361247947454
activation,naturalistic_behavioral,mean_tokens,19,exposure_quartile_4,8,28,row_weighted_continuous,0.4094532117771244,0.2375478927203065
activation,naturalistic_behavioral,mean_tokens,19,exposure_quartile_4,8,28,unique_tuple_weighted_continuous,0.3330894570779326,0.18007662835249041
activation,naturalistic_behavioral,mean_tokens,19,pair_row_ratio_le_2_0,32,181,row_weighted_continuous,0.2071399976198913,0.20881549389836682
activation,naturalistic_behavioral,mean_tokens,19,pair_row_ratio_le_2_0,32,181,unique_tuple_weighted_continuous,0.09619531036539647,0.11106389006941493
activation,naturalistic_behavioral,mean_tokens,19,pair_row_ratio_le_1_5,32,117,row_weighted_continuous,0.23643274903186962,0.24893974134184532
activation,naturalistic_behavioral,mean_tokens,19,pair_row_ratio_le_1_5,32,117,unique_tuple_weighted_continuous,0.1409843870541187,0.16159390969443568
activation,naturalistic_behavioral,mean_tokens,20,all_32,32,496,row_weighted_continuous,0.05866438438063478,0.061003066296114905
activation,naturalistic_behavioral,mean_tokens,20,all_32,32,496,unique_tuple_weighted_continuous,0.016326696658528282,0.019413057032321
activation,naturalistic_behavioral,mean_tokens,20,rows_ge_1000,30,435,row_weighted_continuous,0.029934260724259143,0.03219727176110925
activation,naturalistic_behavioral,mean_tokens,20,rows_ge_1000,30,435,unique_tuple_weighted_continuous,0.01280821511063426,0.010356344678884504
activation,naturalistic_behavioral,mean_tokens,20,rows_ge_10000,30,435,row_weighted_continuous,0.029934260724259143,0.03219727176110925
activation,naturalistic_behavioral,mean_tokens,20,rows_ge_10000,30,435,unique_tuple_weighted_continuous,0.01280821511063426,0.010356344678884504
activation,naturalistic_behavioral,mean_tokens,20,rows_ge_50000,22,231,row_weighted_continuous,0.07100386866880733,0.05752935220701337
activation,naturalistic_behavioral,mean_tokens,20,rows_ge_50000,22,231,unique_tuple_weighted_continuous,0.030667014464641613,0.026017835238225043
activation,naturalistic_behavioral,mean_tokens,20,unique_tuples_ge_10,28,378,row_weighted_continuous,0.07591760820945054,0.07024139741817842
activation,naturalistic_behavioral,mean_tokens,20,unique_tuples_ge_10,28,378,unique_tuple_weighted_continuous,0.04534920024151225,0.03732468867579413
activation,naturalistic_behavioral,mean_tokens,20,unique_tuples_ge_25,24,276,row_weighted_continuous,0.07651240639931058,0.05696379903254806
activation,naturalistic_behavioral,mean_tokens,20,unique_tuples_ge_25,24,276,unique_tuple_weighted_continuous,0.04760772721299194,0.030932777785705114
activation,naturalistic_behavioral,mean_tokens,20,exposure_quartile_1,8,28,row_weighted_continuous,-0.3943273323487544,-0.3497536945812808
activation,naturalistic_behavioral,mean_tokens,20,exposure_quartile_1,8,28,unique_tuple_weighted_continuous,-0.23064861015089547,-0.20580186097427478
activation,naturalistic_behavioral,mean_tokens,20,exposure_quartile_2,8,28,row_weighted_continuous,0.31340725522775487,0.3404488232074439
activation,naturalistic_behavioral,mean_tokens,20,exposure_quartile_2,8,28,unique_tuple_weighted_continuous,0.21779675853369435,0.2205801860974275
activation,naturalistic_behavioral,mean_tokens,20,exposure_quartile_3,8,28,row_weighted_continuous,0.04116377661993327,-0.039956212370005476
activation,naturalistic_behavioral,mean_tokens,20,exposure_quartile_3,8,28,unique_tuple_weighted_continuous,-0.026242440380790592,-0.03557744937055282
activation,naturalistic_behavioral,mean_tokens,20,exposure_quartile_4,8,28,row_weighted_continuous,0.43877242835061236,0.3147235905856595
activation,naturalistic_behavioral,mean_tokens,20,exposure_quartile_4,8,28,unique_tuple_weighted_continuous,0.3558848101945174,0.2796934865900383
activation,naturalistic_behavioral,mean_tokens,20,pair_row_ratio_le_2_0,32,181,row_weighted_continuous,0.20302147789221078,0.21153340214113694
activation,naturalistic_behavioral,mean_tokens,20,pair_row_ratio_le_2_0,32,181,unique_tuple_weighted_continuous,0.0938613631122284,0.11749944346629428
activation,naturalistic_behavioral,mean_tokens,20,pair_row_ratio_le_1_5,32,117,row_weighted_continuous,0.2325066581102374,0.24849016169881155
activation,naturalistic_behavioral,mean_tokens,20,pair_row_ratio_le_1_5,32,117,unique_tuple_weighted_continuous,0.139222358781935,0.16483088312427877
activation,naturalistic_behavioral,mean_tokens,21,all_32,32,496,row_weighted_continuous,0.06411499792915638,0.06863222344821618
activation,naturalistic_behavioral,mean_tokens,21,all_32,32,496,unique_tuple_weighted_continuous,0.015314718358566048,0.02012957510458646
activation,naturalistic_behavioral,mean_tokens,21,rows_ge_1000,30,435,row_weighted_continuous,0.038365113591639285,0.04203024476008729
activation,naturalistic_behavioral,mean_tokens,21,rows_ge_1000,30,435,unique_tuple_weighted_continuous,0.013156634624099366,0.01212910223533648
activation,naturalistic_behavioral,mean_tokens,21,rows_ge_10000,30,435,row_weighted_continuous,0.038365113591639285,0.04203024476008729
activation,naturalistic_behavioral,mean_tokens,21,rows_ge_10000,30,435,unique_tuple_weighted_continuous,0.013156634624099366,0.01212910223533648
activation,naturalistic_behavioral,mean_tokens,21,rows_ge_50000,22,231,row_weighted_continuous,0.07009010501224286,0.056391284877042
activation,naturalistic_behavioral,mean_tokens,21,rows_ge_50000,22,231,unique_tuple_weighted_continuous,0.024325530644109025,0.016337934928639577
activation,naturalistic_behavioral,mean_tokens,21,unique_tuples_ge_10,28,378,row_weighted_continuous,0.08326718347256773,0.07808775500523293
activation,naturalistic_behavioral,mean_tokens,21,unique_tuples_ge_10,28,378,unique_tuple_weighted_continuous,0.046985790619043205,0.03835805719164831
activation,naturalistic_behavioral,mean_tokens,21,unique_tuples_ge_25,24,276,row_weighted_continuous,0.08033377572588488,0.06235698691514105
activation,naturalistic_behavioral,mean_tokens,21,unique_tuples_ge_25,24,276,unique_tuple_weighted_continuous,0.04576540048089002,0.02704185157175269
activation,naturalistic_behavioral,mean_tokens,21,exposure_quartile_1,8,28,row_weighted_continuous,-0.3685830975012546,-0.3344280240831965
activation,naturalistic_behavioral,mean_tokens,21,exposure_quartile_1,8,28,unique_tuple_weighted_continuous,-0.20236239486811317,-0.1893814997263273
activation,naturalistic_behavioral,mean_tokens,21,exposure_quartile_2,8,28,row_weighted_continuous,0.3596854152086436,0.4001094690749863
activation,naturalistic_behavioral,mean_tokens,21,exposure_quartile_2,8,28,unique_tuple_weighted_continuous,0.2594947064839224,0.2785987958401751
activation,naturalistic_behavioral,mean_tokens,21,exposure_quartile_3,8,28,row_weighted_continuous,0.04809717048915807,-0.03065134099616858
activation,naturalistic_behavioral,mean_tokens,21,exposure_quartile_3,8,28,unique_tuple_weighted_continuous,-0.02370779448517084,-0.04871373836891078
activation,naturalistic_behavioral,mean_tokens,21,exposure_quartile_4,8,28,row_weighted_continuous,0.42812198536898377,0.23426382047071703
activation,naturalistic_behavioral,mean_tokens,21,exposure_quartile_4,8,28,unique_tuple_weighted_continuous,0.3426965983377639,0.19157088122605362
activation,naturalistic_behavioral,mean_tokens,21,pair_row_ratio_le_2_0,32,181,row_weighted_continuous,0.20354971899068988,0.21050533260478013
activation,naturalistic_behavioral,mean_tokens,21,pair_row_ratio_le_2_0,32,181,unique_tuple_weighted_continuous,0.0869467994686841,0.10683625766498694
activation,naturalistic_behavioral,mean_tokens,21,pair_row_ratio_le_1_5,32,117,row_weighted_continuous,0.2266907474664556,0.24242832951190635
activation,naturalistic_behavioral,mean_tokens,21,pair_row_ratio_le_1_5,32,117,unique_tuple_weighted_continuous,0.12536957127045611,0.14844370513569813
activation,naturalistic_behavioral,mean_tokens,22,all_32,32,496,row_weighted_continuous,0.06411532223602336,0.07316469688118937
activation,naturalistic_behavioral,mean_tokens,22,all_32,32,496,unique_tuple_weighted_continuous,0.013349665827674079,0.021284697431903248
activation,naturalistic_behavioral,mean_tokens,22,rows_ge_1000,30,435,row_weighted_continuous,0.03934389849717028,0.048346130912897245
activation,naturalistic_behavioral,mean_tokens,22,rows_ge_1000,30,435,unique_tuple_weighted_continuous,0.010651783413939596,0.013982042082581927
activation,naturalistic_behavioral,mean_tokens,22,rows_ge_10000,30,435,row_weighted_continuous,0.03934389849717028,0.048346130912897245
activation,naturalistic_behavioral,mean_tokens,22,rows_ge_10000,30,435,unique_tuple_weighted_continuous,0.010651783413939596,0.013982042082581927
activation,naturalistic_behavioral,mean_tokens,22,rows_ge_50000,22,231,row_weighted_continuous,0.0711093517637883,0.06334819603185421
activation,naturalistic_behavioral,mean_tokens,22,rows_ge_50000,22,231,unique_tuple_weighted_continuous,0.01772031577989887,0.016515119063844702
activation,naturalistic_behavioral,mean_tokens,22,unique_tuples_ge_10,28,378,row_weighted_continuous,0.09045166486107424,0.08715300308421954
activation,naturalistic_behavioral,mean_tokens,22,unique_tuples_ge_10,28,378,unique_tuple_weighted_continuous,0.047052667237594915,0.04165745999974004
activation,naturalistic_behavioral,mean_tokens,22,unique_tuples_ge_25,24,276,row_weighted_continuous,0.08763327139771923,0.07450864000228308
activation,naturalistic_behavioral,mean_tokens,22,unique_tuples_ge_25,24,276,unique_tuple_weighted_continuous,0.044823314115399276,0.03142477989754713
activation,naturalistic_behavioral,mean_tokens,22,exposure_quartile_1,8,28,row_weighted_continuous,-0.3608742572384146,-0.34099616858237547
activation,naturalistic_behavioral,mean_tokens,22,exposure_quartile_1,8,28,unique_tuple_weighted_continuous,-0.176921398306789,-0.18117131910235357
activation,naturalistic_behavioral,mean_tokens,22,exposure_quartile_2,8,28,row_weighted_continuous,0.3622159758924118,0.4126984126984127
activation,naturalistic_behavioral,mean_tokens,22,exposure_quartile_2,8,28,unique_tuple_weighted_continuous,0.2352205093163646,0.2692939244663382
activation,naturalistic_behavioral,mean_tokens,22,exposure_quartile_3,8,28,row_weighted_continuous,0.06557583643699884,0.04707170224411604
activation,naturalistic_behavioral,mean_tokens,22,exposure_quartile_3,8,28,unique_tuple_weighted_continuous,-0.015277028969914393,0.01477832512315271
activation,naturalistic_behavioral,mean_tokens,22,exposure_quartile_4,8,28,row_weighted_continuous,0.4175874903672638,0.23043240284619596
activation,naturalistic_behavioral,mean_tokens,22,exposure_quartile_4,8,28,unique_tuple_weighted_continuous,0.34170304573726606,0.24137931034482757
activation,naturalistic_behavioral,mean_tokens,22,pair_row_ratio_le_2_0,32,181,row_weighted_continuous,0.20313330699170035,0.21820775909173695
activation,naturalistic_behavioral,mean_tokens,22,pair_row_ratio_le_2_0,32,181,unique_tuple_weighted_continuous,0.08229171968923922,0.11014712727419908
activation,naturalistic_behavioral,mean_tokens,22,pair_row_ratio_le_1_5,32,117,row_weighted_continuous,0.2285975237343668,0.2501610993720871
activation,naturalistic_behavioral,mean_tokens,22,pair_row_ratio_le_1_5,32,117,unique_tuple_weighted_continuous,0.12251708824394247,0.15029447466618712
activation,naturalistic_behavioral,mean_tokens,23,all_32,32,496,row_weighted_continuous,0.07372336190333914,0.0811632256884415
activation,naturalistic_behavioral,mean_tokens,23,all_32,32,496,unique_tuple_weighted_continuous,0.014709209015645701,0.021497804028471904
activation,naturalistic_behavioral,mean_tokens,23,rows_ge_1000,30,435,row_weighted_continuous,0.05413390157968809,0.058442684969610914
activation,naturalistic_behavioral,mean_tokens,23,rows_ge_1000,30,435,unique_tuple_weighted_continuous,0.014590642013001708,0.01480077616457488
activation,naturalistic_behavioral,mean_tokens,23,rows_ge_10000,30,435,row_weighted_continuous,0.05413390157968809,0.058442684969610914
activation,naturalistic_behavioral,mean_tokens,23,rows_ge_10000,30,435,unique_tuple_weighted_continuous,0.014590642013001708,0.01480077616457488
activation,naturalistic_behavioral,mean_tokens,23,rows_ge_50000,22,231,row_weighted_continuous,0.07678448402124222,0.07223660896824316
activation,naturalistic_behavioral,mean_tokens,23,rows_ge_50000,22,231,unique_tuple_weighted_continuous,0.02532382983407258,0.026994295060262075
activation,naturalistic_behavioral,mean_tokens,23,unique_tuples_ge_10,28,378,row_weighted_continuous,0.09950200087012752,0.09584876248510131
activation,naturalistic_behavioral,mean_tokens,23,unique_tuples_ge_10,28,378,unique_tuple_weighted_continuous,0.05225702678421308,0.04598734295759134
activation,naturalistic_behavioral,mean_tokens,23,unique_tuples_ge_25,24,276,row_weighted_continuous,0.09738219027033451,0.08719510280960603
activation,naturalistic_behavioral,mean_tokens,23,unique_tuples_ge_25,24,276,unique_tuple_weighted_continuous,0.05305525844618942,0.04213467273583425
activation,naturalistic_behavioral,mean_tokens,23,exposure_quartile_1,8,28,row_weighted_continuous,-0.3360645518286608,-0.26874657909140665
activation,naturalistic_behavioral,mean_tokens,23,exposure_quartile_1,8,28,unique_tuple_weighted_continuous,-0.16387917835015214,-0.12807881773399013
activation,naturalistic_behavioral,mean_tokens,23,exposure_quartile_2,8,28,row_weighted_continuous,0.4030108087829401,0.40284619594964427
activation,naturalistic_behavioral,mean_tokens,23,exposure_quartile_2,8,28,unique_tuple_weighted_continuous,0.2715194793445455,0.24794745484400657
activation,naturalistic_behavioral,mean_tokens,23,exposure_quartile_3,8,28,row_weighted_continuous,0.06856749565676365,0.06622879036672139
activation,naturalistic_behavioral,mean_tokens,23,exposure_quartile_3,8,28,unique_tuple_weighted_continuous,-0.008624819889042155,0.02955665024630542
activation,naturalistic_behavioral,mean_tokens,23,exposure_quartile_4,8,28,row_weighted_continuous,0.40948933188347414,0.20963327859879585
activation,naturalistic_behavioral,mean_tokens,23,exposure_quartile_4,8,28,unique_tuple_weighted_continuous,0.3304808668234091,0.21127531472359057
activation,naturalistic_behavioral,mean_tokens,23,pair_row_ratio_le_2_0,32,181,row_weighted_continuous,0.21194725985856963,0.22876166191083316
activation,naturalistic_behavioral,mean_tokens,23,pair_row_ratio_le_2_0,32,181,unique_tuple_weighted_continuous,0.08795538288862206,0.1188331006010564
activation,naturalistic_behavioral,mean_tokens,23,pair_row_ratio_le_1_5,32,117,row_weighted_continuous,0.23299048659971572,0.2589428883993466
activation,naturalistic_behavioral,mean_tokens,23,pair_row_ratio_le_1_5,32,117,unique_tuple_weighted_continuous,0.12389036738779263,0.15615399601372718
activation,naturalistic_behavioral,mean_tokens,24,all_32,32,496,row_weighted_continuous,0.07774982705647769,0.08499363728804891
activation,naturalistic_behavioral,mean_tokens,24,all_32,32,496,unique_tuple_weighted_continuous,0.014288555242536312,0.02080488797889979
activation,naturalistic_behavioral,mean_tokens,24,rows_ge_1000,30,435,row_weighted_continuous,0.06120591281063147,0.06323598231324451
activation,naturalistic_behavioral,mean_tokens,24,rows_ge_1000,30,435,unique_tuple_weighted_continuous,0.014541715600534258,0.013623408563760228
activation,naturalistic_behavioral,mean_tokens,24,rows_ge_10000,30,435,row_weighted_continuous,0.06120591281063147,0.06323598231324451
activation,naturalistic_behavioral,mean_tokens,24,rows_ge_10000,30,435,unique_tuple_weighted_continuous,0.014541715600534258,0.013623408563760228
activation,naturalistic_behavioral,mean_tokens,24,rows_ge_50000,22,231,row_weighted_continuous,0.0809756367403359,0.07265815144375865
activation,naturalistic_behavioral,mean_tokens,24,rows_ge_50000,22,231,unique_tuple_weighted_continuous,0.02691456168950556,0.0240288946435873
activation,naturalistic_behavioral,mean_tokens,24,unique_tuples_ge_10,28,378,row_weighted_continuous,0.1053597157193713,0.09871735438107926
activation,naturalistic_behavioral,mean_tokens,24,unique_tuples_ge_10,28,378,unique_tuple_weighted_continuous,0.05370601738822446,0.04551298437205088
activation,naturalistic_behavioral,mean_tokens,24,unique_tuples_ge_25,24,276,row_weighted_continuous,0.10169521221000707,0.08788972760091894
activation,naturalistic_behavioral,mean_tokens,24,unique_tuples_ge_25,24,276,unique_tuple_weighted_continuous,0.05509069541303434,0.04018435809991296
activation,naturalistic_behavioral,mean_tokens,24,exposure_quartile_1,8,28,row_weighted_continuous,-0.33613758057312065,-0.2884510125889437
activation,naturalistic_behavioral,mean_tokens,24,exposure_quartile_1,8,28,unique_tuple_weighted_continuous,-0.16762163401026683,-0.1395730706075534
activation,naturalistic_behavioral,mean_tokens,24,exposure_quartile_2,8,28,row_weighted_continuous,0.40449230259634295,0.4143404488232074
activation,naturalistic_behavioral,mean_tokens,24,exposure_quartile_2,8,28,unique_tuple_weighted_continuous,0.26108177536270155,0.2545155993431856
activation,naturalistic_behavioral,mean_tokens,24,exposure_quartile_3,8,28,row_weighted_continuous,0.060191704680762986,0.059660645867542425
activation,naturalistic_behavioral,mean_tokens,24,exposure_quartile_3,8,28,unique_tuple_weighted_continuous,-0.018312332112439926,0.0240831964969896
activation,naturalistic_behavioral,mean_tokens,24,exposure_quartile_4,8,28,row_weighted_continuous,0.4006313402820893,0.19211822660098524
activation,naturalistic_behavioral,mean_tokens,24,exposure_quartile_4,8,28,unique_tuple_weighted_continuous,0.32170370024466877,0.18719211822660098
activation,naturalistic_behavioral,mean_tokens,24,pair_row_ratio_le_2_0,32,181,row_weighted_continuous,0.21430349580500357,0.2293890271790824
activation,naturalistic_behavioral,mean_tokens,24,pair_row_ratio_le_2_0,32,181,unique_tuple_weighted_continuous,0.08722034402603647,0.1154311618400016
activation,naturalistic_behavioral,mean_tokens,24,pair_row_ratio_le_1_5,32,117,row_weighted_continuous,0.23455482166163616,0.26088357385844235
activation,naturalistic_behavioral,mean_tokens,24,pair_row_ratio_le_1_5,32,117,unique_tuple_weighted_continuous,0.12320416365184686,0.15367381498299088
activation,naturalistic_behavioral,mean_tokens,25,all_32,32,496,row_weighted_continuous,0.07304049219815123,0.08077123542820953
activation,naturalistic_behavioral,mean_tokens,25,all_32,32,496,unique_tuple_weighted_continuous,0.012924320117788449,0.01852365414382679
activation,naturalistic_behavioral,mean_tokens,25,rows_ge_1000,30,435,row_weighted_continuous,0.055428718460755824,0.059668016158918376
activation,naturalistic_behavioral,mean_tokens,25,rows_ge_1000,30,435,unique_tuple_weighted_continuous,0.012623096365892164,0.011721921984088918
activation,naturalistic_behavioral,mean_tokens,25,rows_ge_10000,30,435,row_weighted_continuous,0.055428718460755824,0.059668016158918376
activation,naturalistic_behavioral,mean_tokens,25,rows_ge_10000,30,435,unique_tuple_weighted_continuous,0.012623096365892164,0.011721921984088918
activation,naturalistic_behavioral,mean_tokens,25,rows_ge_50000,22,231,row_weighted_continuous,0.07952803417644382,0.06959734418505033
activation,naturalistic_behavioral,mean_tokens,25,rows_ge_50000,22,231,unique_tuple_weighted_continuous,0.03009349106552375,0.0246188594014681
activation,naturalistic_behavioral,mean_tokens,25,unique_tuples_ge_10,28,378,row_weighted_continuous,0.10701933157486129,0.09835897480333838
activation,naturalistic_behavioral,mean_tokens,25,unique_tuples_ge_10,28,378,unique_tuple_weighted_continuous,0.05421612851252019,0.04429276078807513
activation,naturalistic_behavioral,mean_tokens,25,unique_tuples_ge_25,24,276,row_weighted_continuous,0.10303795059543584,0.0880421226866055
activation,naturalistic_behavioral,mean_tokens,25,unique_tuples_ge_25,24,276,unique_tuple_weighted_continuous,0.05655105735164815,0.03974886203107833
activation,naturalistic_behavioral,mean_tokens,25,exposure_quartile_1,8,28,row_weighted_continuous,-0.33749790058709855,-0.29885057471264365
activation,naturalistic_behavioral,mean_tokens,25,exposure_quartile_1,8,28,unique_tuple_weighted_continuous,-0.15379576080460325,-0.1330049261083744
activation,naturalistic_behavioral,mean_tokens,25,exposure_quartile_2,8,28,row_weighted_continuous,0.4076459277155865,0.4006568144499179
activation,naturalistic_behavioral,mean_tokens,25,exposure_quartile_2,8,28,unique_tuple_weighted_continuous,0.2600256688771032,0.22386425834701695
activation,naturalistic_behavioral,mean_tokens,25,exposure_quartile_3,8,28,row_weighted_continuous,0.053082664485062096,0.029009304871373837
activation,naturalistic_behavioral,mean_tokens,25,exposure_quartile_3,8,28,unique_tuple_weighted_continuous,-0.020949112795130315,-0.005473453749315818
activation,naturalistic_behavioral,mean_tokens,25,exposure_quartile_4,8,28,row_weighted_continuous,0.4098899656845441,0.2129173508483853
activation,naturalistic_behavioral,mean_tokens,25,exposure_quartile_4,8,28,unique_tuple_weighted_continuous,0.3321891831892103,0.20908593322386423
activation,naturalistic_behavioral,mean_tokens,25,pair_row_ratio_le_2_0,32,181,row_weighted_continuous,0.21263380647766758,0.23020460202780646
activation,naturalistic_behavioral,mean_tokens,25,pair_row_ratio_le_2_0,32,181,unique_tuple_weighted_continuous,0.08889348086872287,0.11789205269868251
activation,naturalistic_behavioral,mean_tokens,25,pair_row_ratio_le_1_5,32,117,row_weighted_continuous,0.23187627359850818,0.25844085779795894
activation,naturalistic_behavioral,mean_tokens,25,pair_row_ratio_le_1_5,32,117,unique_tuple_weighted_continuous,0.1232836093096452,0.1520403422799682
activation,naturalistic_behavioral,mean_tokens,26,all_32,32,496,row_weighted_continuous,0.07116982485655618,0.08065066842895102
activation,naturalistic_behavioral,mean_tokens,26,all_32,32,496,unique_tuple_weighted_continuous,0.012322764644822199,0.019552702333256625
activation,naturalistic_behavioral,mean_tokens,26,rows_ge_1000,30,435,row_weighted_continuous,0.05384569638742373,0.059907834101382486
activation,naturalistic_behavioral,mean_tokens,26,rows_ge_1000,30,435,unique_tuple_weighted_continuous,0.011965139776474908,0.013111116618581588
activation,naturalistic_behavioral,mean_tokens,26,rows_ge_10000,30,435,row_weighted_continuous,0.05384569638742373,0.059907834101382486
activation,naturalistic_behavioral,mean_tokens,26,rows_ge_10000,30,435,unique_tuple_weighted_continuous,0.011965139776474908,0.013111116618581588
activation,naturalistic_behavioral,mean_tokens,26,rows_ge_50000,22,231,row_weighted_continuous,0.08407355102949367,0.08069569111548122
activation,naturalistic_behavioral,mean_tokens,26,rows_ge_50000,22,231,unique_tuple_weighted_continuous,0.0331238901735484,0.034140072820732496
activation,naturalistic_behavioral,mean_tokens,26,unique_tuples_ge_10,28,378,row_weighted_continuous,0.10644420327361845,0.10058301669620019
activation,naturalistic_behavioral,mean_tokens,26,unique_tuples_ge_10,28,378,unique_tuple_weighted_continuous,0.05417808991929019,0.0469598336034511
activation,naturalistic_behavioral,mean_tokens,26,unique_tuples_ge_25,24,276,row_weighted_continuous,0.10507365437747865,0.09304890055792585
activation,naturalistic_behavioral,mean_tokens,26,unique_tuples_ge_25,24,276,unique_tuple_weighted_continuous,0.0585224741140591,0.044952554900757696
activation,naturalistic_behavioral,mean_tokens,26,exposure_quartile_1,8,28,row_weighted_continuous,-0.33719002202451087,-0.2769567597153804
activation,naturalistic_behavioral,mean_tokens,26,exposure_quartile_1,8,28,unique_tuple_weighted_continuous,-0.1460036294885727,-0.10290093048713739
activation,naturalistic_behavioral,mean_tokens,26,exposure_quartile_2,8,28,row_weighted_continuous,0.4021313300656424,0.4258347016967706
activation,naturalistic_behavioral,mean_tokens,26,exposure_quartile_2,8,28,unique_tuple_weighted_continuous,0.24559211459591068,0.24575807334428024
activation,naturalistic_behavioral,mean_tokens,26,exposure_quartile_3,8,28,row_weighted_continuous,0.060305135518498004,0.05692391899288451
activation,naturalistic_behavioral,mean_tokens,26,exposure_quartile_3,8,28,unique_tuple_weighted_continuous,-0.01587375515978865,0.02079912424740011
activation,naturalistic_behavioral,mean_tokens,26,exposure_quartile_4,8,28,row_weighted_continuous,0.4137423903010572,0.20087575259989054
activation,naturalistic_behavioral,mean_tokens,26,exposure_quartile_4,8,28,unique_tuple_weighted_continuous,0.33622275858583206,0.19978106185002736
activation,naturalistic_behavioral,mean_tokens,26,pair_row_ratio_le_2_0,32,181,row_weighted_continuous,0.2141360026393385,0.2347054418877623
activation,naturalistic_behavioral,mean_tokens,26,pair_row_ratio_le_2_0,32,181,unique_tuple_weighted_continuous,0.08958372912102665,0.12152469997773863
activation,naturalistic_behavioral,mean_tokens,26,pair_row_ratio_le_1_5,32,117,row_weighted_continuous,0.23205565550310786,0.2574293036011329
activation,naturalistic_behavioral,mean_tokens,26,pair_row_ratio_le_1_5,32,117,unique_tuple_weighted_continuous,0.12251067435651078,0.1500771778387208
activation,naturalistic_behavioral,mean_tokens,27,all_32,32,496,row_weighted_continuous,0.069696100069155,0.07997515887111525
activation,naturalistic_behavioral,mean_tokens,27,all_32,32,496,unique_tuple_weighted_continuous,0.011522522446988884,0.01987821356290234
activation,naturalistic_behavioral,mean_tokens,27,rows_ge_1000,30,435,row_weighted_continuous,0.0534311795327516,0.06012782515012311
activation,naturalistic_behavioral,mean_tokens,27,rows_ge_1000,30,435,unique_tuple_weighted_continuous,0.012401617089598997,0.014597113145959467
activation,naturalistic_behavioral,mean_tokens,27,rows_ge_10000,30,435,row_weighted_continuous,0.0534311795327516,0.06012782515012311
activation,naturalistic_behavioral,mean_tokens,27,rows_ge_10000,30,435,unique_tuple_weighted_continuous,0.012401617089598997,0.014597113145959467
activation,naturalistic_behavioral,mean_tokens,27,rows_ge_50000,22,231,row_weighted_continuous,0.08654222326617367,0.08417512023209175
activation,naturalistic_behavioral,mean_tokens,27,rows_ge_50000,22,231,unique_tuple_weighted_continuous,0.037597607909686484,0.0394215230047314
activation,naturalistic_behavioral,mean_tokens,27,unique_tuples_ge_10,28,378,row_weighted_continuous,0.10476824470035055,0.1002155276561609
activation,naturalistic_behavioral,mean_tokens,27,unique_tuples_ge_10,28,378,unique_tuple_weighted_continuous,0.05305893735176318,0.04833180749839835
activation,naturalistic_behavioral,mean_tokens,27,unique_tuples_ge_25,24,276,row_weighted_continuous,0.10377180763432708,0.09307972203592986
activation,naturalistic_behavioral,mean_tokens,27,unique_tuples_ge_25,24,276,unique_tuple_weighted_continuous,0.06081091866192535,0.04889827485338394
activation,naturalistic_behavioral,mean_tokens,27,exposure_quartile_1,8,28,row_weighted_continuous,-0.3085556250969658,-0.22112753147235906
activation,naturalistic_behavioral,mean_tokens,27,exposure_quartile_1,8,28,unique_tuple_weighted_continuous,-0.11298417212664286,-0.042692939244663386
activation,naturalistic_behavioral,mean_tokens,27,exposure_quartile_2,8,28,row_weighted_continuous,0.37771859070612973,0.38149972632731255
activation,naturalistic_behavioral,mean_tokens,27,exposure_quartile_2,8,28,unique_tuple_weighted_continuous,0.23188439344551345,0.21565407772304324
activation,naturalistic_behavioral,mean_tokens,27,exposure_quartile_3,8,28,row_weighted_continuous,0.0317423765066194,0.03065134099616858
activation,naturalistic_behavioral,mean_tokens,27,exposure_quartile_3,8,28,unique_tuple_weighted_continuous,-0.04019660880000689,-0.009852216748768473
activation,naturalistic_behavioral,mean_tokens,27,exposure_quartile_4,8,28,row_weighted_continuous,0.41235217419750947,0.18828680897646416
activation,naturalistic_behavioral,mean_tokens,27,exposure_quartile_4,8,28,unique_tuple_weighted_continuous,0.33170334824387326,0.20580186097427478
activation,naturalistic_behavioral,mean_tokens,27,pair_row_ratio_le_2_0,32,181,row_weighted_continuous,0.2156584255435189,0.23292858154736606
activation,naturalistic_behavioral,mean_tokens,27,pair_row_ratio_le_2_0,32,181,unique_tuple_weighted_continuous,0.09407471965622136,0.12055531945034706
activation,naturalistic_behavioral,mean_tokens,27,pair_row_ratio_le_1_5,32,117,row_weighted_continuous,0.23304940722835724,0.25229660267649745
activation,naturalistic_behavioral,mean_tokens,27,pair_row_ratio_le_1_5,32,117,unique_tuple_weighted_continuous,0.1290498552108592,0.14816646435582728
activation,naturalistic_behavioral,mean_tokens,28,all_32,32,496,row_weighted_continuous,0.05976287301153011,0.0717719808587596
activation,naturalistic_behavioral,mean_tokens,28,all_32,32,496,unique_tuple_weighted_continuous,0.009051987159530126,0.017624613762732798
activation,naturalistic_behavioral,mean_tokens,28,rows_ge_1000,30,435,row_weighted_continuous,0.042427555495355235,0.05421824453266116
activation,naturalistic_behavioral,mean_tokens,28,rows_ge_1000,30,435,unique_tuple_weighted_continuous,0.008985486319522038,0.013900256145972588
activation,naturalistic_behavioral,mean_tokens,28,rows_ge_10000,30,435,row_weighted_continuous,0.042427555495355235,0.05421824453266116
activation,naturalistic_behavioral,mean_tokens,28,rows_ge_10000,30,435,unique_tuple_weighted_continuous,0.008985486319522038,0.013900256145972588
activation,naturalistic_behavioral,mean_tokens,28,rows_ge_50000,22,231,row_weighted_continuous,0.08567566624772473,0.08758737514359703
activation,naturalistic_behavioral,mean_tokens,28,rows_ge_50000,22,231,unique_tuple_weighted_continuous,0.035064028070028584,0.040675441500029205
activation,naturalistic_behavioral,mean_tokens,28,unique_tuples_ge_10,28,378,row_weighted_continuous,0.10277532435176148,0.09930680324639019
activation,naturalistic_behavioral,mean_tokens,28,unique_tuples_ge_10,28,378,unique_tuple_weighted_continuous,0.05255330833133615,0.04954225507405382
activation,naturalistic_behavioral,mean_tokens,28,unique_tuples_ge_25,24,276,row_weighted_continuous,0.1008983326632496,0.09300038526847505
activation,naturalistic_behavioral,mean_tokens,28,unique_tuples_ge_25,24,276,unique_tuple_weighted_continuous,0.05763587836174231,0.04878640430359156
activation,naturalistic_behavioral,mean_tokens,28,exposure_quartile_1,8,28,row_weighted_continuous,-0.3052332002463971,-0.20799124247400108
activation,naturalistic_behavioral,mean_tokens,28,exposure_quartile_1,8,28,unique_tuple_weighted_continuous,-0.07569220996073711,-0.01696770662287904
activation,naturalistic_behavioral,mean_tokens,28,exposure_quartile_2,8,28,row_weighted_continuous,0.34317358522708763,0.32074438970990693
activation,naturalistic_behavioral,mean_tokens,28,exposure_quartile_2,8,28,unique_tuple_weighted_continuous,0.2004894499463289,0.1718664477285167
activation,naturalistic_behavioral,mean_tokens,28,exposure_quartile_3,8,28,row_weighted_continuous,0.0423421488244725,0.022441160372194853
activation,naturalistic_behavioral,mean_tokens,28,exposure_quartile_3,8,28,unique_tuple_weighted_continuous,-0.030833565932601108,-0.021893814997263273
activation,naturalistic_behavioral,mean_tokens,28,exposure_quartile_4,8,28,row_weighted_continuous,0.4182707134192777,0.20689655172413793
activation,naturalistic_behavioral,mean_tokens,28,exposure_quartile_4,8,28,unique_tuple_weighted_continuous,0.3323421815081242,0.20744389709906952
activation,naturalistic_behavioral,mean_tokens,28,pair_row_ratio_le_2_0,32,181,row_weighted_continuous,0.20665295482472623,0.2251229433549875
activation,naturalistic_behavioral,mean_tokens,28,pair_row_ratio_le_2_0,32,181,unique_tuple_weighted_continuous,0.08962726140156398,0.1164228037156214
activation,naturalistic_behavioral,mean_tokens,28,pair_row_ratio_le_1_5,32,117,row_weighted_continuous,0.2291600749672905,0.24911208020500833
activation,naturalistic_behavioral,mean_tokens,28,pair_row_ratio_le_1_5,32,117,unique_tuple_weighted_continuous,0.13060946142024468,0.14941779436227126
activation,naturalistic_behavioral,mean_tokens,29,all_32,32,496,row_weighted_continuous,0.07188435401598745,0.08044051208521903
activation,naturalistic_behavioral,mean_tokens,29,all_32,32,496,unique_tuple_weighted_continuous,0.016904287364432835,0.022748121180651847
activation,naturalistic_behavioral,mean_tokens,29,rows_ge_1000,30,435,row_weighted_continuous,0.059591370601305996,0.06412921303268376
activation,naturalistic_behavioral,mean_tokens,29,rows_ge_1000,30,435,unique_tuple_weighted_continuous,0.018526849014159404,0.019286173511561557
activation,naturalistic_behavioral,mean_tokens,29,rows_ge_10000,30,435,row_weighted_continuous,0.059591370601305996,0.06412921303268376
activation,naturalistic_behavioral,mean_tokens,29,rows_ge_10000,30,435,unique_tuple_weighted_continuous,0.018526849014159404,0.019286173511561557
activation,naturalistic_behavioral,mean_tokens,29,rows_ge_50000,22,231,row_weighted_continuous,0.09129060989909307,0.09001732899783874
activation,naturalistic_behavioral,mean_tokens,29,rows_ge_50000,22,231,unique_tuple_weighted_continuous,0.04925355039203007,0.05179812691057069
activation,naturalistic_behavioral,mean_tokens,29,unique_tuples_ge_10,28,378,row_weighted_continuous,0.1087204634046572,0.10489623600350557
activation,naturalistic_behavioral,mean_tokens,29,unique_tuples_ge_10,28,378,unique_tuple_weighted_continuous,0.06438013766221307,0.059148960704779104
activation,naturalistic_behavioral,mean_tokens,29,unique_tuples_ge_25,24,276,row_weighted_continuous,0.11119659941440009,0.10121716299710336
activation,naturalistic_behavioral,mean_tokens,29,unique_tuples_ge_25,24,276,unique_tuple_weighted_continuous,0.07409405740358728,0.06349566929695638
activation,naturalistic_behavioral,mean_tokens,29,exposure_quartile_1,8,28,row_weighted_continuous,-0.29342877757120567,-0.19978106185002736
activation,naturalistic_behavioral,mean_tokens,29,exposure_quartile_1,8,28,unique_tuple_weighted_continuous,-0.06497910483191087,-0.03284072249589491
activation,naturalistic_behavioral,mean_tokens,29,exposure_quartile_2,8,28,row_weighted_continuous,0.3316994177228916,0.3185550082101806
activation,naturalistic_behavioral,mean_tokens,29,exposure_quartile_2,8,28,unique_tuple_weighted_continuous,0.1912204124982968,0.18336070060207993
activation,naturalistic_behavioral,mean_tokens,29,exposure_quartile_3,8,28,row_weighted_continuous,0.056282016749105504,0.02463054187192118
activation,naturalistic_behavioral,mean_tokens,29,exposure_quartile_3,8,28,unique_tuple_weighted_continuous,-0.010236541883302808,-0.014230979748221127
activation,naturalistic_behavioral,mean_tokens,29,exposure_quartile_4,8,28,row_weighted_continuous,0.4452868156896566,0.29720853858784896
activation,naturalistic_behavioral,mean_tokens,29,exposure_quartile_4,8,28,unique_tuple_weighted_continuous,0.36002105838549814,0.2731253420908593
activation,naturalistic_behavioral,mean_tokens,29,pair_row_ratio_le_2_0,32,181,row_weighted_continuous,0.215741063121846,0.22902879808957158
activation,naturalistic_behavioral,mean_tokens,29,pair_row_ratio_le_2_0,32,181,unique_tuple_weighted_continuous,0.10225038373437668,0.12772144982089734
activation,naturalistic_behavioral,mean_tokens,29,pair_row_ratio_le_1_5,32,117,row_weighted_continuous,0.2281467144213585,0.23469555965172562
activation,naturalistic_behavioral,mean_tokens,29,pair_row_ratio_le_1_5,32,117,unique_tuple_weighted_continuous,0.13448707300972493,0.14471219409851788
activation,naturalistic_behavioral,mean_tokens,30,all_32,32,496,row_weighted_continuous,0.0727191824517065,0.08102613727329766
activation,naturalistic_behavioral,mean_tokens,30,all_32,32,496,unique_tuple_weighted_continuous,0.027349296259117837,0.03265910221839345
activation,naturalistic_behavioral,mean_tokens,30,rows_ge_1000,30,435,row_weighted_continuous,0.05595492571389669,0.06232904771137874
activation,naturalistic_behavioral,mean_tokens,30,rows_ge_1000,30,435,unique_tuple_weighted_continuous,0.02290674596991136,0.025822196499095396
activation,naturalistic_behavioral,mean_tokens,30,rows_ge_10000,30,435,row_weighted_continuous,0.05595492571389669,0.06232904771137874
activation,naturalistic_behavioral,mean_tokens,30,rows_ge_10000,30,435,unique_tuple_weighted_continuous,0.02290674596991136,0.025822196499095396
activation,naturalistic_behavioral,mean_tokens,30,rows_ge_50000,22,231,row_weighted_continuous,0.09505560725064777,0.09910337039272571
activation,naturalistic_behavioral,mean_tokens,30,rows_ge_50000,22,231,unique_tuple_weighted_continuous,0.05604512347270707,0.06490001752370568
activation,naturalistic_behavioral,mean_tokens,30,unique_tuples_ge_10,28,378,row_weighted_continuous,0.10933129692907687,0.10551212452768272
activation,naturalistic_behavioral,mean_tokens,30,unique_tuples_ge_10,28,378,unique_tuple_weighted_continuous,0.07248159081956687,0.06589885008591222
activation,naturalistic_behavioral,mean_tokens,30,unique_tuples_ge_25,24,276,row_weighted_continuous,0.10567141402533761,0.09893237824802728
activation,naturalistic_behavioral,mean_tokens,30,unique_tuples_ge_25,24,276,unique_tuple_weighted_continuous,0.0736333421860459,0.06672507527004466
activation,naturalistic_behavioral,mean_tokens,30,exposure_quartile_1,8,28,row_weighted_continuous,-0.33601012459710894,-0.2638204707170224
activation,naturalistic_behavioral,mean_tokens,30,exposure_quartile_1,8,28,unique_tuple_weighted_continuous,-0.09366253822462889,-0.11822660098522168
activation,naturalistic_behavioral,mean_tokens,30,exposure_quartile_2,8,28,row_weighted_continuous,0.2787120851291402,0.2698412698412698
activation,naturalistic_behavioral,mean_tokens,30,exposure_quartile_2,8,28,unique_tuple_weighted_continuous,0.14923926041078348,0.15873015873015872
activation,naturalistic_behavioral,mean_tokens,30,exposure_quartile_3,8,28,row_weighted_continuous,0.06698961364395638,0.02463054187192118
activation,naturalistic_behavioral,mean_tokens,30,exposure_quartile_3,8,28,unique_tuple_weighted_continuous,0.014641516816061271,0.0016420361247947454
activation,naturalistic_behavioral,mean_tokens,30,exposure_quartile_4,8,28,row_weighted_continuous,0.4626891879064113,0.307608100711549
activation,naturalistic_behavioral,mean_tokens,30,exposure_quartile_4,8,28,unique_tuple_weighted_continuous,0.3806166759860911,0.2785987958401751
activation,naturalistic_behavioral,mean_tokens,30,pair_row_ratio_le_2_0,32,181,row_weighted_continuous,0.2065184382925369,0.21993402545888732
activation,naturalistic_behavioral,mean_tokens,30,pair_row_ratio_le_2_0,32,181,unique_tuple_weighted_continuous,0.09882228216912785,0.12696456398113853
activation,naturalistic_behavioral,mean_tokens,30,pair_row_ratio_le_1_5,32,117,row_weighted_continuous,0.21847884877186993,0.22552413493383686
activation,naturalistic_behavioral,mean_tokens,30,pair_row_ratio_le_1_5,32,117,unique_tuple_weighted_continuous,0.13092086407144057,0.14618082093242815
activation,naturalistic_behavioral,mean_tokens,31,all_32,32,496,row_weighted_continuous,0.12160388853056456,0.11639140807700551
activation,naturalistic_behavioral,mean_tokens,31,all_32,32,496,unique_tuple_weighted_continuous,0.06008664572624366,0.05196240984519039
activation,naturalistic_behavioral,mean_tokens,31,rows_ge_1000,30,435,row_weighted_continuous,0.11817910519683136,0.10162536792737525
activation,naturalistic_behavioral,mean_tokens,31,rows_ge_1000,30,435,unique_tuple_weighted_continuous,0.05101813574228031,0.044484114430333975
activation,naturalistic_behavioral,mean_tokens,31,rows_ge_10000,30,435,row_weighted_continuous,0.11817910519683136,0.10162536792737525
activation,naturalistic_behavioral,mean_tokens,31,rows_ge_10000,30,435,unique_tuple_weighted_continuous,0.05101813574228031,0.044484114430333975
activation,naturalistic_behavioral,mean_tokens,31,rows_ge_50000,22,231,row_weighted_continuous,0.1586573518145827,0.14855137366381746
activation,naturalistic_behavioral,mean_tokens,31,rows_ge_50000,22,231,unique_tuple_weighted_continuous,0.10764495001012885,0.10175723826398489
activation,naturalistic_behavioral,mean_tokens,31,unique_tuples_ge_10,28,378,row_weighted_continuous,0.1348177999452204,0.1265452064287475
activation,naturalistic_behavioral,mean_tokens,31,unique_tuples_ge_10,28,378,unique_tuple_weighted_continuous,0.09556020052938483,0.08064284808894034
activation,naturalistic_behavioral,mean_tokens,31,unique_tuples_ge_25,24,276,row_weighted_continuous,0.1546436036098954,0.1378924387494471
activation,naturalistic_behavioral,mean_tokens,31,unique_tuples_ge_25,24,276,unique_tuple_weighted_continuous,0.11261837728823103,0.09397183259371301
activation,naturalistic_behavioral,mean_tokens,31,exposure_quartile_1,8,28,row_weighted_continuous,-0.4105717823238191,-0.3240284619594964
activation,naturalistic_behavioral,mean_tokens,31,exposure_quartile_1,8,28,unique_tuple_weighted_continuous,-0.27146513065123035,-0.24247400109469072
activation,naturalistic_behavioral,mean_tokens,31,exposure_quartile_2,8,28,row_weighted_continuous,0.27224679886647524,0.29392446633825947
activation,naturalistic_behavioral,mean_tokens,31,exposure_quartile_2,8,28,unique_tuple_weighted_continuous,0.13789329289554147,0.17624521072796934
activation,naturalistic_behavioral,mean_tokens,31,exposure_quartile_3,8,28,row_weighted_continuous,0.04819625623216697,0.021893814997263273
activation,naturalistic_behavioral,mean_tokens,31,exposure_quartile_3,8,28,unique_tuple_weighted_continuous,0.011178477694322266,0.003284072249589491
activation,naturalistic_behavioral,mean_tokens,31,exposure_quartile_4,8,28,row_weighted_continuous,0.40599658688513834,0.36891078270388616
activation,naturalistic_behavioral,mean_tokens,31,exposure_quartile_4,8,28,unique_tuple_weighted_continuous,0.33390952995768264,0.3431855500821018
activation,naturalistic_behavioral,mean_tokens,31,pair_row_ratio_le_2_0,32,181,row_weighted_continuous,0.21503214227566403,0.2329144152348572
activation,naturalistic_behavioral,mean_tokens,31,pair_row_ratio_le_2_0,32,181,unique_tuple_weighted_continuous,0.09295521878125174,0.1286361888571833
activation,naturalistic_behavioral,mean_tokens,31,pair_row_ratio_le_1_5,32,117,row_weighted_continuous,0.2255577181084749,0.23724317762891695
activation,naturalistic_behavioral,mean_tokens,31,pair_row_ratio_le_1_5,32,117,unique_tuple_weighted_continuous,0.11890792114837334,0.14377556984219753
activation,neutral_controls,final_token,0,all_32,32,496,row_weighted_continuous,0.11228007982843019,0.10616642179568121
activation,neutral_controls,final_token,0,all_32,32,496,unique_tuple_weighted_continuous,0.1196495468397401,0.10809972247954983
activation,neutral_controls,final_token,0,rows_ge_1000,30,435,row_weighted_continuous,0.0923718598654248,0.08605790327683155
activation,neutral_controls,final_token,0,rows_ge_1000,30,435,unique_tuple_weighted_continuous,0.08670927977291573,0.08200782287586178
activation,neutral_controls,final_token,0,rows_ge_10000,30,435,row_weighted_continuous,0.0923718598654248,0.08605790327683155
activation,neutral_controls,final_token,0,rows_ge_10000,30,435,unique_tuple_weighted_continuous,0.08670927977291573,0.08200782287586178
activation,neutral_controls,final_token,0,rows_ge_50000,22,231,row_weighted_continuous,0.11506752199001989,0.11750228781713039
activation,neutral_controls,final_token,0,rows_ge_50000,22,231,unique_tuple_weighted_continuous,0.13546416870005543,0.12731848361533518
activation,neutral_controls,final_token,0,unique_tuples_ge_10,28,378,row_weighted_continuous,0.03750641294713961,0.045175934267008784
activation,neutral_controls,final_token,0,unique_tuples_ge_10,28,378,unique_tuple_weighted_continuous,0.06550694783688463,0.0705229020214008
activation,neutral_controls,final_token,0,unique_tuples_ge_25,24,276,row_weighted_continuous,0.0927572213496481,0.1059060230304933
activation,neutral_controls,final_token,0,unique_tuples_ge_25,24,276,unique_tuple_weighted_continuous,0.12149390364944515,0.12549820921505117
activation,neutral_controls,final_token,0,exposure_quartile_1,8,28,row_weighted_continuous,0.07150753642065494,-0.0010946907498631637
activation,neutral_controls,final_token,0,exposure_quartile_1,8,28,unique_tuple_weighted_continuous,0.047713120969240796,-0.0049261083743842365
activation,neutral_controls,final_token,0,exposure_quartile_2,8,28,row_weighted_continuous,-0.12477554409329568,-0.14942528735632182
activation,neutral_controls,final_token,0,exposure_quartile_2,8,28,unique_tuple_weighted_continuous,-0.24432564341828286,-0.2911877394636015
activation,neutral_controls,final_token,0,exposure_quartile_3,8,28,row_weighted_continuous,0.2157881987201117,0.22714833059660647
activation,neutral_controls,final_token,0,exposure_quartile_3,8,28,unique_tuple_weighted_continuous,0.169820138278786,0.23535851122058019
activation,neutral_controls,final_token,0,exposure_quartile_4,8,28,row_weighted_continuous,-0.17569110012628109,-0.07334428024083196
activation,neutral_controls,final_token,0,exposure_quartile_4,8,28,unique_tuple_weighted_continuous,0.026849632011858377,0.12698412698412698
activation,neutral_controls,final_token,0,pair_row_ratio_le_2_0,32,181,row_weighted_continuous,0.030534776542252753,-0.003284560743124279
activation,neutral_controls,final_token,0,pair_row_ratio_le_2_0,32,181,unique_tuple_weighted_continuous,0.11827615887582747,0.05116872078198045
activation,neutral_controls,final_token,0,pair_row_ratio_le_1_5,32,117,row_weighted_continuous,0.055693118922732154,0.057523715326170025
activation,neutral_controls,final_token,0,pair_row_ratio_le_1_5,32,117,unique_tuple_weighted_continuous,0.12339509158653063,0.08172608610948762
activation,neutral_controls,final_token,1,all_32,32,496,row_weighted_continuous,0.10066524100638534,0.07233754432754887
activation,neutral_controls,final_token,1,all_32,32,496,unique_tuple_weighted_continuous,0.14443524837225408,0.1177530481028891
activation,neutral_controls,final_token,1,rows_ge_1000,30,435,row_weighted_continuous,0.04642167764597896,0.022955169352287454
activation,neutral_controls,final_token,1,rows_ge_1000,30,435,unique_tuple_weighted_continuous,0.08717460454715854,0.0752939409887497
activation,neutral_controls,final_token,1,rows_ge_10000,30,435,row_weighted_continuous,0.04642167764597896,0.022955169352287454
activation,neutral_controls,final_token,1,rows_ge_10000,30,435,unique_tuple_weighted_continuous,0.08717460454715854,0.0752939409887497
activation,neutral_controls,final_token,1,rows_ge_50000,22,231,row_weighted_continuous,0.05690734561215695,0.05844155844155845
activation,neutral_controls,final_token,1,rows_ge_50000,22,231,unique_tuple_weighted_continuous,0.10557955716072688,0.1091356918943126
activation,neutral_controls,final_token,1,unique_tuples_ge_10,28,378,row_weighted_continuous,-0.00027443312288373675,-0.005651976992164419
activation,neutral_controls,final_token,1,unique_tuples_ge_10,28,378,unique_tuple_weighted_continuous,0.058426427694679,0.058750588365728024
activation,neutral_controls,final_token,1,unique_tuples_ge_25,24,276,row_weighted_continuous,0.030529519140037646,0.021311910503560166
activation,neutral_controls,final_token,1,unique_tuples_ge_25,24,276,unique_tuple_weighted_continuous,0.0966636236155231,0.09497923830995564
activation,neutral_controls,final_token,1,exposure_quartile_1,8,28,row_weighted_continuous,0.009610762363202527,-0.06349206349206349
activation,neutral_controls,final_token,1,exposure_quartile_1,8,28,unique_tuple_weighted_continuous,0.11439274278473009,0.02463054187192118
activation,neutral_controls,final_token,1,exposure_quartile_2,8,28,row_weighted_continuous,-0.09535284334941417,-0.1992337164750958
activation,neutral_controls,final_token,1,exposure_quartile_2,8,28,unique_tuple_weighted_continuous,0.14577252268636318,0.06075533661740558
activation,neutral_controls,final_token,1,exposure_quartile_3,8,28,row_weighted_continuous,0.017239718873562654,0.027914614121510674
activation,neutral_controls,final_token,1,exposure_quartile_3,8,28,unique_tuple_weighted_continuous,0.0781058297346071,0.09031198686371099
activation,neutral_controls,final_token,1,exposure_quartile_4,8,28,row_weighted_continuous,-0.23666736137259345,-0.24411603721948552
activation,neutral_controls,final_token,1,exposure_quartile_4,8,28,unique_tuple_weighted_continuous,-0.06536617232282098,-0.06732348111658455
activation,neutral_controls,final_token,1,pair_row_ratio_le_2_0,32,181,row_weighted_continuous,-0.046509109222907116,-0.09178151498593487
activation,neutral_controls,final_token,1,pair_row_ratio_le_2_0,32,181,unique_tuple_weighted_continuous,0.09615006811156444,0.02549329123914759
activation,neutral_controls,final_token,1,pair_row_ratio_le_1_5,32,117,row_weighted_continuous,-0.016094949283294167,-0.03215993046501521
activation,neutral_controls,final_token,1,pair_row_ratio_le_1_5,32,117,unique_tuple_weighted_continuous,0.1274648843871778,0.0743529799637339
activation,neutral_controls,final_token,2,all_32,32,496,row_weighted_continuous,0.09769262753614935,0.06672350820465314
activation,neutral_controls,final_token,2,all_32,32,496,unique_tuple_weighted_continuous,0.121319818337098,0.08385405295900525
activation,neutral_controls,final_token,2,rows_ge_1000,30,435,row_weighted_continuous,0.02652788479285708,0.006201298369966921
activation,neutral_controls,final_token,2,rows_ge_1000,30,435,unique_tuple_weighted_continuous,0.044907272745089225,0.027590288904083028
activation,neutral_controls,final_token,2,rows_ge_10000,30,435,row_weighted_continuous,0.02652788479285708,0.006201298369966921
activation,neutral_controls,final_token,2,rows_ge_10000,30,435,unique_tuple_weighted_continuous,0.044907272745089225,0.027590288904083028
activation,neutral_controls,final_token,2,rows_ge_50000,22,231,row_weighted_continuous,-0.005593518588238309,-0.0032204676882338053
activation,neutral_controls,final_token,2,rows_ge_50000,22,231,unique_tuple_weighted_continuous,-0.011185440806897215,-0.0011273583987227165
activation,neutral_controls,final_token,2,unique_tuples_ge_10,28,378,row_weighted_continuous,-0.022702082739351585,-0.023963773668077188
activation,neutral_controls,final_token,2,unique_tuples_ge_10,28,378,unique_tuple_weighted_continuous,0.021588079152027068,0.011272070866284314
activation,neutral_controls,final_token,2,unique_tuples_ge_25,24,276,row_weighted_continuous,-0.023062671549189857,-0.026012756667285
activation,neutral_controls,final_token,2,unique_tuples_ge_25,24,276,unique_tuple_weighted_continuous,0.007545116756933794,0.01034916739201781
activation,neutral_controls,final_token,2,exposure_quartile_1,8,28,row_weighted_continuous,-0.037737358143521235,-0.0180623973727422
activation,neutral_controls,final_token,2,exposure_quartile_1,8,28,unique_tuple_weighted_continuous,0.08897187657386588,0.10509031198686371
activation,neutral_controls,final_token,2,exposure_quartile_2,8,28,row_weighted_continuous,-0.13173517426203724,-0.16748768472906403
activation,neutral_controls,final_token,2,exposure_quartile_2,8,28,unique_tuple_weighted_continuous,-0.018531133835760265,-0.07060755336617405
activation,neutral_controls,final_token,2,exposure_quartile_3,8,28,row_weighted_continuous,0.013670859093043553,0.01751505199781062
activation,neutral_controls,final_token,2,exposure_quartile_3,8,28,unique_tuple_weighted_continuous,-0.02587778417688652,-0.06677613574165298
activation,neutral_controls,final_token,2,exposure_quartile_4,8,28,row_weighted_continuous,-0.03876586612265127,-0.07881773399014778
activation,neutral_controls,final_token,2,exposure_quartile_4,8,28,unique_tuple_weighted_continuous,0.0338158888759614,0.0120415982484948
activation,neutral_controls,final_token,2,pair_row_ratio_le_2_0,32,181,row_weighted_continuous,-0.025707010559036497,-0.050154817558132475
activation,neutral_controls,final_token,2,pair_row_ratio_le_2_0,32,181,unique_tuple_weighted_continuous,0.05053848528608452,0.005158561512152672
activation,neutral_controls,final_token,2,pair_row_ratio_le_1_5,32,117,row_weighted_continuous,-0.03978603756747759,-0.034677576466004285
activation,neutral_controls,final_token,2,pair_row_ratio_le_1_5,32,117,unique_tuple_weighted_continuous,0.05254709122046477,0.00699096344917502
activation,neutral_controls,final_token,3,all_32,32,496,row_weighted_continuous,0.12751515909068106,0.10781167946092979
activation,neutral_controls,final_token,3,all_32,32,496,unique_tuple_weighted_continuous,0.09788682745522628,0.06850369076629867
activation,neutral_controls,final_token,3,rows_ge_1000,30,435,row_weighted_continuous,0.09511683031117119,0.07468076514315455
activation,neutral_controls,final_token,3,rows_ge_1000,30,435,unique_tuple_weighted_continuous,0.03893120303281097,0.03318745015941697
activation,neutral_controls,final_token,3,rows_ge_10000,30,435,row_weighted_continuous,0.09511683031117119,0.07468076514315455
activation,neutral_controls,final_token,3,rows_ge_10000,30,435,unique_tuple_weighted_continuous,0.03893120303281097,0.03318745015941697
activation,neutral_controls,final_token,3,rows_ge_50000,22,231,row_weighted_continuous,0.060167597524006224,0.052317996845732975
activation,neutral_controls,final_token,3,rows_ge_50000,22,231,unique_tuple_weighted_continuous,0.005711999208706067,0.005263926478319282
activation,neutral_controls,final_token,3,unique_tuples_ge_10,28,378,row_weighted_continuous,0.050818500652317536,0.05797384006828097
activation,neutral_controls,final_token,3,unique_tuples_ge_10,28,378,unique_tuple_weighted_continuous,0.0383163493901387,0.03405128116255402
activation,neutral_controls,final_token,3,unique_tuples_ge_25,24,276,row_weighted_continuous,0.04177576621343117,0.04027739330203622
activation,neutral_controls,final_token,3,unique_tuples_ge_25,24,276,unique_tuple_weighted_continuous,0.021434313334156484,0.023729113454431305
activation,neutral_controls,final_token,3,exposure_quartile_1,8,28,row_weighted_continuous,-0.07141399470190339,-0.07006020799124248
activation,neutral_controls,final_token,3,exposure_quartile_1,8,28,unique_tuple_weighted_continuous,0.07899052963227836,0.10782703886152162
activation,neutral_controls,final_token,3,exposure_quartile_2,8,28,row_weighted_continuous,0.024033212626811712,0.009852216748768473
activation,neutral_controls,final_token,3,exposure_quartile_2,8,28,unique_tuple_weighted_continuous,-0.00773284138567407,-0.01860974274767378
activation,neutral_controls,final_token,3,exposure_quartile_3,8,28,row_weighted_continuous,-0.2004221659892006,-0.18664477285166942
activation,neutral_controls,final_token,3,exposure_quartile_3,8,28,unique_tuple_weighted_continuous,-0.23923781018697649,-0.27367268746579093
activation,neutral_controls,final_token,3,exposure_quartile_4,8,28,row_weighted_continuous,0.19502331585088625,0.09852216748768472
activation,neutral_controls,final_token,3,exposure_quartile_4,8,28,unique_tuple_weighted_continuous,0.10882920660732436,0.10892172961138478
activation,neutral_controls,final_token,3,pair_row_ratio_le_2_0,32,181,row_weighted_continuous,0.019895728872634175,0.010282719122498125
activation,neutral_controls,final_token,3,pair_row_ratio_le_2_0,32,181,unique_tuple_weighted_continuous,0.019673297732723864,-0.01688826826948374
activation,neutral_controls,final_token,3,pair_row_ratio_le_1_5,32,117,row_weighted_continuous,-0.033494959573602046,-0.05976412054728828
activation,neutral_controls,final_token,3,pair_row_ratio_le_1_5,32,117,unique_tuple_weighted_continuous,-0.001408418035343105,-0.0913171184942079
activation,neutral_controls,final_token,4,all_32,32,496,row_weighted_continuous,0.12469316536717487,0.10982837395831488
activation,neutral_controls,final_token,4,all_32,32,496,unique_tuple_weighted_continuous,0.11789684155481506,0.09923804803404984
activation,neutral_controls,final_token,4,rows_ge_1000,30,435,row_weighted_continuous,0.09892103311970203,0.08130148978696294
activation,neutral_controls,final_token,4,rows_ge_1000,30,435,unique_tuple_weighted_continuous,0.07678335123083244,0.07658750001822323
activation,neutral_controls,final_token,4,rows_ge_10000,30,435,row_weighted_continuous,0.09892103311970203,0.08130148978696294
activation,neutral_controls,final_token,4,rows_ge_10000,30,435,unique_tuple_weighted_continuous,0.07678335123083244,0.07658750001822323
activation,neutral_controls,final_token,4,rows_ge_50000,22,231,row_weighted_continuous,0.08560624647275418,0.07704783971650539
activation,neutral_controls,final_token,4,rows_ge_50000,22,231,unique_tuple_weighted_continuous,0.07113682252925589,0.07397340290893513
activation,neutral_controls,final_token,4,unique_tuples_ge_10,28,378,row_weighted_continuous,0.06446837485920182,0.06398208590911712
activation,neutral_controls,final_token,4,unique_tuples_ge_10,28,378,unique_tuple_weighted_continuous,0.07966191037412025,0.07970168510610691
activation,neutral_controls,final_token,4,unique_tuples_ge_25,24,276,row_weighted_continuous,0.049187000633245846,0.05106091522666629
activation,neutral_controls,final_token,4,unique_tuples_ge_25,24,276,unique_tuple_weighted_continuous,0.07069987600586562,0.0779709193647351
activation,neutral_controls,final_token,4,exposure_quartile_1,8,28,row_weighted_continuous,-0.08754233369633396,-0.11056376573617953
activation,neutral_controls,final_token,4,exposure_quartile_1,8,28,unique_tuple_weighted_continuous,0.0884085846341803,0.08264915161466885
activation,neutral_controls,final_token,4,exposure_quartile_2,8,28,row_weighted_continuous,-0.05164219063748782,-0.1384783798576902
activation,neutral_controls,final_token,4,exposure_quartile_2,8,28,unique_tuple_weighted_continuous,0.04076150414674437,-0.0120415982484948
activation,neutral_controls,final_token,4,exposure_quartile_3,8,28,row_weighted_continuous,-0.21985263818049344,-0.21346469622331687
activation,neutral_controls,final_token,4,exposure_quartile_3,8,28,unique_tuple_weighted_continuous,-0.21122588365486583,-0.23316912972085385
activation,neutral_controls,final_token,4,exposure_quartile_4,8,28,row_weighted_continuous,0.11857401528925977,0.06568144499178982
activation,neutral_controls,final_token,4,exposure_quartile_4,8,28,unique_tuple_weighted_continuous,0.04742924811853534,0.0629447181171319
activation,neutral_controls,final_token,4,pair_row_ratio_le_2_0,32,181,row_weighted_continuous,0.02186091680545575,-0.007147916540181733
activation,neutral_controls,final_token,4,pair_row_ratio_le_2_0,32,181,unique_tuple_weighted_continuous,0.0838702524832092,0.03598445753141885
activation,neutral_controls,final_token,4,pair_row_ratio_le_1_5,32,117,row_weighted_continuous,-0.02672403337431154,-0.07472762966626204
activation,neutral_controls,final_token,4,pair_row_ratio_le_1_5,32,117,unique_tuple_weighted_continuous,0.07099692704628482,-0.015562948643018775
activation,neutral_controls,final_token,5,all_32,32,496,row_weighted_continuous,0.1168653957899983,0.08721330918059676
activation,neutral_controls,final_token,5,all_32,32,496,unique_tuple_weighted_continuous,0.11838217020834074,0.08846303628220939
activation,neutral_controls,final_token,5,rows_ge_1000,30,435,row_weighted_continuous,0.07801014262586446,0.054891921561309565
activation,neutral_controls,final_token,5,rows_ge_1000,30,435,unique_tuple_weighted_continuous,0.07342831423354934,0.06663192100732282
activation,neutral_controls,final_token,5,rows_ge_10000,30,435,row_weighted_continuous,0.07801014262586446,0.054891921561309565
activation,neutral_controls,final_token,5,rows_ge_10000,30,435,unique_tuple_weighted_continuous,0.07342831423354934,0.06663192100732282
activation,neutral_controls,final_token,5,rows_ge_50000,22,231,row_weighted_continuous,0.0637484222947042,0.05829455402169046
activation,neutral_controls,final_token,5,rows_ge_50000,22,231,unique_tuple_weighted_continuous,0.039335223928787334,0.05499328257948948
activation,neutral_controls,final_token,5,unique_tuples_ge_10,28,378,row_weighted_continuous,0.03684608101843427,0.03138598580323628
activation,neutral_controls,final_token,5,unique_tuples_ge_10,28,378,unique_tuple_weighted_continuous,0.05607692881771232,0.056556541043848836
activation,neutral_controls,final_token,5,unique_tuples_ge_25,24,276,row_weighted_continuous,0.02126820343111101,0.017189252436466376
activation,neutral_controls,final_token,5,unique_tuples_ge_25,24,276,unique_tuple_weighted_continuous,0.039102582148841866,0.04874017208658552
activation,neutral_controls,final_token,5,exposure_quartile_1,8,28,row_weighted_continuous,-0.11191435986007114,-0.04433497536945813
activation,neutral_controls,final_token,5,exposure_quartile_1,8,28,unique_tuple_weighted_continuous,0.07656628831669947,0.12370005473453749
activation,neutral_controls,final_token,5,exposure_quartile_2,8,28,row_weighted_continuous,0.01488016042921285,-0.055281882868089764
activation,neutral_controls,final_token,5,exposure_quartile_2,8,28,unique_tuple_weighted_continuous,0.11794868578183625,0.021893814997263273
activation,neutral_controls,final_token,5,exposure_quartile_3,8,28,row_weighted_continuous,-0.14038190068772752,-0.18555008210180626
activation,neutral_controls,final_token,5,exposure_quartile_3,8,28,unique_tuple_weighted_continuous,-0.035488613331763605,-0.0782703886152162
activation,neutral_controls,final_token,5,exposure_quartile_4,8,28,row_weighted_continuous,0.16461204239360194,0.07881773399014778
activation,neutral_controls,final_token,5,exposure_quartile_4,8,28,unique_tuple_weighted_continuous,0.07313235751449028,0.07498631636562669
activation,neutral_controls,final_token,5,pair_row_ratio_le_2_0,32,181,row_weighted_continuous,-0.04112728674486882,-0.10846538360350515
activation,neutral_controls,final_token,5,pair_row_ratio_le_2_0,32,181,unique_tuple_weighted_continuous,0.043702185203082076,-0.028512739562463318
activation,neutral_controls,final_token,5,pair_row_ratio_le_1_5,32,117,row_weighted_continuous,-0.016210220469147343,-0.09686942708567489
activation,neutral_controls,final_token,5,pair_row_ratio_le_1_5,32,117,unique_tuple_weighted_continuous,0.09074977893742306,-0.0034767492394611036
activation,neutral_controls,final_token,6,all_32,32,496,row_weighted_continuous,0.11215394479431662,0.1104677920897821
activation,neutral_controls,final_token,6,all_32,32,496,unique_tuple_weighted_continuous,0.11655948902286901,0.11381524730002693
activation,neutral_controls,final_token,6,rows_ge_1000,30,435,row_weighted_continuous,0.09027436434067108,0.0857691012439918
activation,neutral_controls,final_token,6,rows_ge_1000,30,435,unique_tuple_weighted_continuous,0.10995754127453122,0.10770129035173784
activation,neutral_controls,final_token,6,rows_ge_10000,30,435,row_weighted_continuous,0.09027436434067108,0.0857691012439918
activation,neutral_controls,final_token,6,rows_ge_10000,30,435,unique_tuple_weighted_continuous,0.10995754127453122,0.10770129035173784
activation,neutral_controls,final_token,6,rows_ge_50000,22,231,row_weighted_continuous,0.1336924500095888,0.14312681321676826
activation,neutral_controls,final_token,6,rows_ge_50000,22,231,unique_tuple_weighted_continuous,0.0829627843086057,0.09744932728440975
activation,neutral_controls,final_token,6,unique_tuples_ge_10,28,378,row_weighted_continuous,0.07334258881178247,0.08295398532865551
activation,neutral_controls,final_token,6,unique_tuples_ge_10,28,378,unique_tuple_weighted_continuous,0.08644539024436892,0.09532330203788669
activation,neutral_controls,final_token,6,unique_tuples_ge_25,24,276,row_weighted_continuous,0.07358781913136891,0.09117221500834749
activation,neutral_controls,final_token,6,unique_tuples_ge_25,24,276,unique_tuple_weighted_continuous,0.0730839956828941,0.09153579429517274
activation,neutral_controls,final_token,6,exposure_quartile_1,8,28,row_weighted_continuous,-0.1888148670894248,-0.16694033935413247
activation,neutral_controls,final_token,6,exposure_quartile_1,8,28,unique_tuple_weighted_continuous,-0.004796335332841821,0.004378762999452655
activation,neutral_controls,final_token,6,exposure_quartile_2,8,28,row_weighted_continuous,-0.049533616772492316,-0.12424740010946908
activation,neutral_controls,final_token,6,exposure_quartile_2,8,28,unique_tuple_weighted_continuous,0.05709986959984272,-0.06458675424192666
activation,neutral_controls,final_token,6,exposure_quartile_3,8,28,row_weighted_continuous,0.34529787543480195,0.3437328954570334
activation,neutral_controls,final_token,6,exposure_quartile_3,8,28,unique_tuple_weighted_continuous,0.2405882771414789,0.21674876847290642
activation,neutral_controls,final_token,6,exposure_quartile_4,8,28,row_weighted_continuous,0.27204757273659985,0.2047071702244116
activation,neutral_controls,final_token,6,exposure_quartile_4,8,28,unique_tuple_weighted_continuous,0.120335365205472,0.13245758073344277
activation,neutral_controls,final_token,6,pair_row_ratio_le_2_0,32,181,row_weighted_continuous,-0.004951167522247353,-0.014502256491206766
activation,neutral_controls,final_token,6,pair_row_ratio_le_2_0,32,181,unique_tuple_weighted_continuous,0.061324601189501365,0.01216886244510554
activation,neutral_controls,final_token,6,pair_row_ratio_le_1_5,32,117,row_weighted_continuous,0.015609740143998978,-0.016387177988580675
activation,neutral_controls,final_token,6,pair_row_ratio_le_1_5,32,117,unique_tuple_weighted_continuous,0.09922689233444297,0.013195162523040956
activation,neutral_controls,final_token,7,all_32,32,496,row_weighted_continuous,0.10264536748223846,0.08711359063471738
activation,neutral_controls,final_token,7,all_32,32,496,unique_tuple_weighted_continuous,0.09479521229144755,0.06649515863509503
activation,neutral_controls,final_token,7,rows_ge_1000,30,435,row_weighted_continuous,0.0760359828296666,0.05796188279681661
activation,neutral_controls,final_token,7,rows_ge_1000,30,435,unique_tuple_weighted_continuous,0.07095726604106072,0.053395865801086684
activation,neutral_controls,final_token,7,rows_ge_10000,30,435,row_weighted_continuous,0.0760359828296666,0.05796188279681661
activation,neutral_controls,final_token,7,rows_ge_10000,30,435,unique_tuple_weighted_continuous,0.07095726604106072,0.053395865801086684
activation,neutral_controls,final_token,7,rows_ge_50000,22,231,row_weighted_continuous,0.08030558729906966,0.08325025798788917
activation,neutral_controls,final_token,7,rows_ge_50000,22,231,unique_tuple_weighted_continuous,0.03003380472778607,0.030348137619501937
activation,neutral_controls,final_token,7,unique_tuples_ge_10,28,378,row_weighted_continuous,0.05199323152380559,0.050713598616428206
activation,neutral_controls,final_token,7,unique_tuples_ge_10,28,378,unique_tuple_weighted_continuous,0.0563756501143779,0.04715824213595117
activation,neutral_controls,final_token,7,unique_tuples_ge_25,24,276,row_weighted_continuous,0.03720305790646922,0.04159472610265264
activation,neutral_controls,final_token,7,unique_tuples_ge_25,24,276,unique_tuple_weighted_continuous,0.03075038597668586,0.030630841454887918
activation,neutral_controls,final_token,7,exposure_quartile_1,8,28,row_weighted_continuous,-0.20474772135495886,-0.22003284072249588
activation,neutral_controls,final_token,7,exposure_quartile_1,8,28,unique_tuple_weighted_continuous,-0.0395326190538954,-0.10180623973727422
activation,neutral_controls,final_token,7,exposure_quartile_2,8,28,row_weighted_continuous,0.11308650189238924,0.14887794198139023
activation,neutral_controls,final_token,7,exposure_quartile_2,8,28,unique_tuple_weighted_continuous,0.09428783152315365,0.14285714285714285
activation,neutral_controls,final_token,7,exposure_quartile_3,8,28,row_weighted_continuous,0.2504809952258501,0.22167487684729065
activation,neutral_controls,final_token,7,exposure_quartile_3,8,28,unique_tuple_weighted_continuous,0.11960761974116359,0.06513409961685823
activation,neutral_controls,final_token,7,exposure_quartile_4,8,28,row_weighted_continuous,0.17037170790353834,0.19321291735084836
activation,neutral_controls,final_token,7,exposure_quartile_4,8,28,unique_tuple_weighted_continuous,0.16420084850654798,0.2140120415982485
activation,neutral_controls,final_token,7,pair_row_ratio_le_2_0,32,181,row_weighted_continuous,0.01775498903379393,-0.0021836358852933436
activation,neutral_controls,final_token,7,pair_row_ratio_le_2_0,32,181,unique_tuple_weighted_continuous,0.06101284868559099,-0.00431667779734078
activation,neutral_controls,final_token,7,pair_row_ratio_le_1_5,32,117,row_weighted_continuous,0.038268202456605525,0.020313506871075544
activation,neutral_controls,final_token,7,pair_row_ratio_le_1_5,32,117,unique_tuple_weighted_continuous,0.0996634690613363,0.012543272040642
activation,neutral_controls,final_token,8,all_32,32,496,row_weighted_continuous,0.07813772368862969,0.05413910638808412
activation,neutral_controls,final_token,8,all_32,32,496,unique_tuple_weighted_continuous,0.08368431729514011,0.05925159952874628
activation,neutral_controls,final_token,8,rows_ge_1000,30,435,row_weighted_continuous,0.030212371936766597,0.01778195373627607
activation,neutral_controls,final_token,8,rows_ge_1000,30,435,unique_tuple_weighted_continuous,0.06313458002209815,0.046970931732797615
activation,neutral_controls,final_token,8,rows_ge_10000,30,435,row_weighted_continuous,0.030212371936766597,0.01778195373627607
activation,neutral_controls,final_token,8,rows_ge_10000,30,435,unique_tuple_weighted_continuous,0.06313458002209815,0.046970931732797615
activation,neutral_controls,final_token,8,rows_ge_50000,22,231,row_weighted_continuous,0.07404993174606633,0.07162133219104733
activation,neutral_controls,final_token,8,rows_ge_50000,22,231,unique_tuple_weighted_continuous,0.0368756798383966,0.029109795751474914
activation,neutral_controls,final_token,8,unique_tuples_ge_10,28,378,row_weighted_continuous,0.04884514892500885,0.03832295243449825
activation,neutral_controls,final_token,8,unique_tuples_ge_10,28,378,unique_tuple_weighted_continuous,0.05634860936193088,0.03710872776471903
activation,neutral_controls,final_token,8,unique_tuples_ge_25,24,276,row_weighted_continuous,0.04255597090436882,0.03869465332971847
activation,neutral_controls,final_token,8,unique_tuples_ge_25,24,276,unique_tuple_weighted_continuous,0.036385457927828005,0.026658295401035943
activation,neutral_controls,final_token,8,exposure_quartile_1,8,28,row_weighted_continuous,-0.25544220656605165,-0.2895457033388068
activation,neutral_controls,final_token,8,exposure_quartile_1,8,28,unique_tuple_weighted_continuous,-0.06676916794980496,-0.1291735084838533
activation,neutral_controls,final_token,8,exposure_quartile_2,8,28,row_weighted_continuous,0.025028083149762334,0.07772304324028462
activation,neutral_controls,final_token,8,exposure_quartile_2,8,28,unique_tuple_weighted_continuous,0.07911036587979077,0.0870279146141215
activation,neutral_controls,final_token,8,exposure_quartile_3,8,28,row_weighted_continuous,0.24362508854197334,0.25123152709359603
activation,neutral_controls,final_token,8,exposure_quartile_3,8,28,unique_tuple_weighted_continuous,0.1018695711974598,0.09250136836343732
activation,neutral_controls,final_token,8,exposure_quartile_4,8,28,row_weighted_continuous,0.18138251865302524,0.15270935960591134
activation,neutral_controls,final_token,8,exposure_quartile_4,8,28,unique_tuple_weighted_continuous,0.21376804322009205,0.22441160372194854
activation,neutral_controls,final_token,8,pair_row_ratio_le_2_0,32,181,row_weighted_continuous,0.042262808524244244,0.025120919596057712
activation,neutral_controls,final_token,8,pair_row_ratio_le_2_0,32,181,unique_tuple_weighted_continuous,0.09194794852734645,0.031095055956934407
activation,neutral_controls,final_token,8,pair_row_ratio_le_1_5,32,117,row_weighted_continuous,0.07757393288863167,0.07701299285168367
activation,neutral_controls,final_token,8,pair_row_ratio_le_1_5,32,117,unique_tuple_weighted_continuous,0.1366504887878818,0.07648848326814428
activation,neutral_controls,final_token,9,all_32,32,496,row_weighted_continuous,0.06815499030165144,0.054128682161394555
activation,neutral_controls,final_token,9,all_32,32,496,unique_tuple_weighted_continuous,0.08015757748463267,0.06697791834093514
activation,neutral_controls,final_token,9,rows_ge_1000,30,435,row_weighted_continuous,0.013300526536820172,0.016429351383581873
activation,neutral_controls,final_token,9,rows_ge_1000,30,435,unique_tuple_weighted_continuous,0.05535357864177611,0.054071292261534225
activation,neutral_controls,final_token,9,rows_ge_10000,30,435,row_weighted_continuous,0.013300526536820172,0.016429351383581873
activation,neutral_controls,final_token,9,rows_ge_10000,30,435,unique_tuple_weighted_continuous,0.05535357864177611,0.054071292261534225
activation,neutral_controls,final_token,9,rows_ge_50000,22,231,row_weighted_continuous,0.08528125375981149,0.07846044510212426
activation,neutral_controls,final_token,9,rows_ge_50000,22,231,unique_tuple_weighted_continuous,0.04225201070109895,0.04156720341128137
activation,neutral_controls,final_token,9,unique_tuples_ge_10,28,378,row_weighted_continuous,0.06369818700967117,0.05994370574481574
activation,neutral_controls,final_token,9,unique_tuples_ge_10,28,378,unique_tuple_weighted_continuous,0.059619378340750956,0.055373866219103236
activation,neutral_controls,final_token,9,unique_tuples_ge_25,24,276,row_weighted_continuous,0.06434510330085262,0.05777029437365335
activation,neutral_controls,final_token,9,unique_tuples_ge_25,24,276,unique_tuple_weighted_continuous,0.04494365053976113,0.045003924030764406
activation,neutral_controls,final_token,9,exposure_quartile_1,8,28,row_weighted_continuous,-0.29631224348344554,-0.3442802408319649
activation,neutral_controls,final_token,9,exposure_quartile_1,8,28,unique_tuple_weighted_continuous,-0.07048215848124556,-0.1330049261083744
activation,neutral_controls,final_token,9,exposure_quartile_2,8,28,row_weighted_continuous,0.11998466113149481,0.1472359058565955
activation,neutral_controls,final_token,9,exposure_quartile_2,8,28,unique_tuple_weighted_continuous,0.0710224356915037,0.046524356869184456
activation,neutral_controls,final_token,9,exposure_quartile_3,8,28,row_weighted_continuous,0.32648576599531465,0.26874657909140665
activation,neutral_controls,final_token,9,exposure_quartile_3,8,28,unique_tuple_weighted_continuous,0.1680201866075246,0.12041598248494799
activation,neutral_controls,final_token,9,exposure_quartile_4,8,28,row_weighted_continuous,0.11471404609843061,0.039956212370005476
activation,neutral_controls,final_token,9,exposure_quartile_4,8,28,unique_tuple_weighted_continuous,0.1311424212551623,0.09195402298850575
activation,neutral_controls,final_token,9,pair_row_ratio_le_2_0,32,181,row_weighted_continuous,0.05704563842298892,0.045963612814441536
activation,neutral_controls,final_token,9,pair_row_ratio_le_2_0,32,181,unique_tuple_weighted_continuous,0.06827131531188854,0.029014631777062715
activation,neutral_controls,final_token,9,pair_row_ratio_le_1_5,32,117,row_weighted_continuous,0.12219998545667937,0.11426066627703095
activation,neutral_controls,final_token,9,pair_row_ratio_le_1_5,32,117,unique_tuple_weighted_continuous,0.14888341987606785,0.1097124188883394
activation,neutral_controls,final_token,10,all_32,32,496,row_weighted_continuous,0.06788017212817218,0.05038707317217085
activation,neutral_controls,final_token,10,all_32,32,496,unique_tuple_weighted_continuous,0.07863519352354771,0.0614627156880678
activation,neutral_controls,final_token,10,rows_ge_1000,30,435,row_weighted_continuous,0.015381321211329877,0.011428892157734603
activation,neutral_controls,final_token,10,rows_ge_1000,30,435,unique_tuple_weighted_continuous,0.055111707407222287,0.04734166548822996
activation,neutral_controls,final_token,10,rows_ge_10000,30,435,row_weighted_continuous,0.015381321211329877,0.011428892157734603
activation,neutral_controls,final_token,10,rows_ge_10000,30,435,unique_tuple_weighted_continuous,0.055111707407222287,0.04734166548822996
activation,neutral_controls,final_token,10,rows_ge_50000,22,231,row_weighted_continuous,0.07254960108799591,0.07125625498938844
activation,neutral_controls,final_token,10,rows_ge_50000,22,231,unique_tuple_weighted_continuous,0.02474306205184473,0.03027220156155688
activation,neutral_controls,final_token,10,unique_tuples_ge_10,28,378,row_weighted_continuous,0.06747732437691516,0.05566470246663132
activation,neutral_controls,final_token,10,unique_tuples_ge_10,28,378,unique_tuple_weighted_continuous,0.05715436518179923,0.04544099740169252
activation,neutral_controls,final_token,10,unique_tuples_ge_25,24,276,row_weighted_continuous,0.0624228749495422,0.05191935046588947
activation,neutral_controls,final_token,10,unique_tuples_ge_25,24,276,unique_tuple_weighted_continuous,0.0416748911183794,0.0372877099356459
activation,neutral_controls,final_token,10,exposure_quartile_1,8,28,row_weighted_continuous,-0.28237875034304194,-0.30322933771209637
activation,neutral_controls,final_token,10,exposure_quartile_1,8,28,unique_tuple_weighted_continuous,-0.05402730907727589,-0.06787082649151616
activation,neutral_controls,final_token,10,exposure_quartile_2,8,28,row_weighted_continuous,0.1552179519046077,0.16967706622879036
activation,neutral_controls,final_token,10,exposure_quartile_2,8,28,unique_tuple_weighted_continuous,0.15877004041190254,0.12753147235905857
activation,neutral_controls,final_token,10,exposure_quartile_3,8,28,row_weighted_continuous,0.2837268857633154,0.26108374384236455
activation,neutral_controls,final_token,10,exposure_quartile_3,8,28,unique_tuple_weighted_continuous,0.08497654679330482,0.061850027367268745
activation,neutral_controls,final_token,10,exposure_quartile_4,8,28,row_weighted_continuous,0.18313548010850866,0.11986863711001641
activation,neutral_controls,final_token,10,exposure_quartile_4,8,28,unique_tuple_weighted_continuous,0.20208823416551866,0.19047619047619047
activation,neutral_controls,final_token,10,pair_row_ratio_le_2_0,32,181,row_weighted_continuous,0.05981878358318751,0.04288952300002023
activation,neutral_controls,final_token,10,pair_row_ratio_le_2_0,32,181,unique_tuple_weighted_continuous,0.05272984968672302,0.0156477040454941
activation,neutral_controls,final_token,10,pair_row_ratio_le_1_5,32,117,row_weighted_continuous,0.15681134831198,0.14214209713917486
activation,neutral_controls,final_token,10,pair_row_ratio_le_1_5,32,117,unique_tuple_weighted_continuous,0.15662307667816106,0.12159630745253187
activation,neutral_controls,final_token,11,all_32,32,496,row_weighted_continuous,0.09117882458818125,0.07861469894636637
activation,neutral_controls,final_token,11,all_32,32,496,unique_tuple_weighted_continuous,0.07693339788240877,0.05974006305673729
activation,neutral_controls,final_token,11,rows_ge_1000,30,435,row_weighted_continuous,0.059409706208908626,0.04706875412756564
activation,neutral_controls,final_token,11,rows_ge_1000,30,435,unique_tuple_weighted_continuous,0.054223857178423505,0.045787149548719486
activation,neutral_controls,final_token,11,rows_ge_10000,30,435,row_weighted_continuous,0.059409706208908626,0.04706875412756564
activation,neutral_controls,final_token,11,rows_ge_10000,30,435,unique_tuple_weighted_continuous,0.054223857178423505,0.045787149548719486
activation,neutral_controls,final_token,11,rows_ge_50000,22,231,row_weighted_continuous,0.08839872797091082,0.08993068400864503
activation,neutral_controls,final_token,11,rows_ge_50000,22,231,unique_tuple_weighted_continuous,0.02991261371348585,0.04110087813236239
activation,neutral_controls,final_token,11,unique_tuples_ge_10,28,378,row_weighted_continuous,0.06147877746479542,0.055669590470791445
activation,neutral_controls,final_token,11,unique_tuples_ge_10,28,378,unique_tuple_weighted_continuous,0.061817848145849605,0.052812774221199295
activation,neutral_controls,final_token,11,unique_tuples_ge_25,24,276,row_weighted_continuous,0.061827897960260954,0.061600719167820096
activation,neutral_controls,final_token,11,unique_tuples_ge_25,24,276,unique_tuple_weighted_continuous,0.04436491523899368,0.04818938085929139
activation,neutral_controls,final_token,11,exposure_quartile_1,8,28,row_weighted_continuous,-0.24770014310089875,-0.2348111658456486
activation,neutral_controls,final_token,11,exposure_quartile_1,8,28,unique_tuple_weighted_continuous,-0.06662037343552579,-0.07717569786535304
activation,neutral_controls,final_token,11,exposure_quartile_2,8,28,row_weighted_continuous,0.06485772761753614,0.07772304324028462
activation,neutral_controls,final_token,11,exposure_quartile_2,8,28,unique_tuple_weighted_continuous,0.1091950120975898,0.10180623973727422
activation,neutral_controls,final_token,11,exposure_quartile_3,8,28,row_weighted_continuous,0.3912229710570405,0.32129173508483855
activation,neutral_controls,final_token,11,exposure_quartile_3,8,28,unique_tuple_weighted_continuous,0.21340005980650917,0.14997263273125339
activation,neutral_controls,final_token,11,exposure_quartile_4,8,28,row_weighted_continuous,0.26803879245010903,0.19102353585112206
activation,neutral_controls,final_token,11,exposure_quartile_4,8,28,unique_tuple_weighted_continuous,0.21992295173419502,0.23152709359605914
activation,neutral_controls,final_token,11,pair_row_ratio_le_2_0,32,181,row_weighted_continuous,0.0606615773657763,0.05481553437354542
activation,neutral_controls,final_token,11,pair_row_ratio_le_2_0,32,181,unique_tuple_weighted_continuous,0.026859276915925552,0.010780563819237851
activation,neutral_controls,final_token,11,pair_row_ratio_le_1_5,32,117,row_weighted_continuous,0.11733438240334296,0.1285048479671507
activation,neutral_controls,final_token,11,pair_row_ratio_le_1_5,32,117,unique_tuple_weighted_continuous,0.10144974100983961,0.08153126826417299
activation,neutral_controls,final_token,12,all_32,32,496,row_weighted_continuous,0.09901203914062016,0.07895584651604642
activation,neutral_controls,final_token,12,all_32,32,496,unique_tuple_weighted_continuous,0.0780253202432574,0.056618597213781215
activation,neutral_controls,final_token,12,rows_ge_1000,30,435,row_weighted_continuous,0.07850151077811363,0.047849875425877306
activation,neutral_controls,final_token,12,rows_ge_1000,30,435,unique_tuple_weighted_continuous,0.06037072698552051,0.04198038595381209
activation,neutral_controls,final_token,12,rows_ge_10000,30,435,row_weighted_continuous,0.07850151077811363,0.047849875425877306
activation,neutral_controls,final_token,12,rows_ge_10000,30,435,unique_tuple_weighted_continuous,0.06037072698552051,0.04198038595381209
activation,neutral_controls,final_token,12,rows_ge_50000,22,231,row_weighted_continuous,0.03355722611649063,0.0417034988999007
activation,neutral_controls,final_token,12,rows_ge_50000,22,231,unique_tuple_weighted_continuous,0.010559305564856238,0.01973169259526081
activation,neutral_controls,final_token,12,unique_tuples_ge_10,28,378,row_weighted_continuous,0.041905985602963824,0.03682877843554761
activation,neutral_controls,final_token,12,unique_tuples_ge_10,28,378,unique_tuple_weighted_continuous,0.057967976783213096,0.04622907698151079
activation,neutral_controls,final_token,12,unique_tuples_ge_25,24,276,row_weighted_continuous,0.03805613450659416,0.039962329304661745
activation,neutral_controls,final_token,12,unique_tuples_ge_25,24,276,unique_tuple_weighted_continuous,0.04419924272040546,0.04519056520312211
activation,neutral_controls,final_token,12,exposure_quartile_1,8,28,row_weighted_continuous,-0.2343400126784216,-0.2282430213464696
activation,neutral_controls,final_token,12,exposure_quartile_1,8,28,unique_tuple_weighted_continuous,-0.08196191951756997,-0.09688013136288998
activation,neutral_controls,final_token,12,exposure_quartile_2,8,28,row_weighted_continuous,-0.05860615528199422,-0.006568144499178982
activation,neutral_controls,final_token,12,exposure_quartile_2,8,28,unique_tuple_weighted_continuous,0.04547345504108594,0.06896551724137931
activation,neutral_controls,final_token,12,exposure_quartile_3,8,28,row_weighted_continuous,0.3395539869317272,0.2791461412151068
activation,neutral_controls,final_token,12,exposure_quartile_3,8,28,unique_tuple_weighted_continuous,0.16908690318216535,0.10509031198686371
activation,neutral_controls,final_token,12,exposure_quartile_4,8,28,row_weighted_continuous,0.2969239756673576,0.2222222222222222
activation,neutral_controls,final_token,12,exposure_quartile_4,8,28,unique_tuple_weighted_continuous,0.285976687364323,0.2671045429666119
activation,neutral_controls,final_token,12,pair_row_ratio_le_2_0,32,181,row_weighted_continuous,0.06603173889670759,0.05520207232914415
activation,neutral_controls,final_token,12,pair_row_ratio_le_2_0,32,181,unique_tuple_weighted_continuous,0.05647569583825603,0.029399145973731607
activation,neutral_controls,final_token,12,pair_row_ratio_le_1_5,32,117,row_weighted_continuous,0.1050538766236814,0.10153756237917545
activation,neutral_controls,final_token,12,pair_row_ratio_le_1_5,32,117,unique_tuple_weighted_continuous,0.11217739607881656,0.07875886046546478
activation,neutral_controls,final_token,13,all_32,32,496,row_weighted_continuous,0.08083154384945032,0.06951867608387371
activation,neutral_controls,final_token,13,all_32,32,496,unique_tuple_weighted_continuous,0.065568250930848,0.05477783612722276
activation,neutral_controls,final_token,13,rows_ge_1000,30,435,row_weighted_continuous,0.05182895282033302,0.03789021440744558
activation,neutral_controls,final_token,13,rows_ge_1000,30,435,unique_tuple_weighted_continuous,0.04466658747926638,0.040212585120790977
activation,neutral_controls,final_token,13,rows_ge_10000,30,435,row_weighted_continuous,0.05182895282033302,0.03789021440744558
activation,neutral_controls,final_token,13,rows_ge_10000,30,435,unique_tuple_weighted_continuous,0.04466658747926638,0.040212585120790977
activation,neutral_controls,final_token,13,rows_ge_50000,22,231,row_weighted_continuous,0.017531159519401394,0.008957534219903035
activation,neutral_controls,final_token,13,rows_ge_50000,22,231,unique_tuple_weighted_continuous,0.016924802807311783,0.008846550750598727
activation,neutral_controls,final_token,13,unique_tuples_ge_10,28,378,row_weighted_continuous,0.02928520319635525,0.03069633285264256
activation,neutral_controls,final_token,13,unique_tuples_ge_10,28,378,unique_tuple_weighted_continuous,0.053422762698288946,0.04957336055507286
activation,neutral_controls,final_token,13,unique_tuples_ge_25,24,276,row_weighted_continuous,0.01727400234338913,0.008875444128936517
activation,neutral_controls,final_token,13,unique_tuples_ge_25,24,276,unique_tuple_weighted_continuous,0.036306946476555815,0.02921019962614689
activation,neutral_controls,final_token,13,exposure_quartile_1,8,28,row_weighted_continuous,-0.3091142270352438,-0.38040503557744937
activation,neutral_controls,final_token,13,exposure_quartile_1,8,28,unique_tuple_weighted_continuous,-0.13937927966038333,-0.20087575259989054
activation,neutral_controls,final_token,13,exposure_quartile_2,8,28,row_weighted_continuous,-0.008973773663548767,0.01696770662287904
activation,neutral_controls,final_token,13,exposure_quartile_2,8,28,unique_tuple_weighted_continuous,0.10720466380051001,0.11986863711001641
activation,neutral_controls,final_token,13,exposure_quartile_3,8,28,row_weighted_continuous,0.20870659624685228,0.0722495894909688
activation,neutral_controls,final_token,13,exposure_quartile_3,8,28,unique_tuple_weighted_continuous,0.03815534884604584,-0.10016420361247948
activation,neutral_controls,final_token,13,exposure_quartile_4,8,28,row_weighted_continuous,0.27194486335244566,0.15873015873015872
activation,neutral_controls,final_token,13,exposure_quartile_4,8,28,unique_tuple_weighted_continuous,0.32674367030548074,0.22933771209633277
activation,neutral_controls,final_token,13,pair_row_ratio_le_2_0,32,181,row_weighted_continuous,0.08688195607958021,0.08996620322587173
activation,neutral_controls,final_token,13,pair_row_ratio_le_2_0,32,181,unique_tuple_weighted_continuous,0.06744125266082858,0.06539979357658915
activation,neutral_controls,final_token,13,pair_row_ratio_le_1_5,32,117,row_weighted_continuous,0.12483393125021036,0.12699126316893702
activation,neutral_controls,final_token,13,pair_row_ratio_le_1_5,32,117,unique_tuple_weighted_continuous,0.12380362562663269,0.11109112979364293
activation,neutral_controls,final_token,14,all_32,32,496,row_weighted_continuous,0.06097605845475533,0.04797917514864357
activation,neutral_controls,final_token,14,all_32,32,496,unique_tuple_weighted_continuous,0.05451053747137413,0.03896487428972663
activation,neutral_controls,final_token,14,rows_ge_1000,30,435,row_weighted_continuous,0.018299790020264592,0.010778978244357718
activation,neutral_controls,final_token,14,rows_ge_1000,30,435,unique_tuple_weighted_continuous,0.02937478553297689,0.019201326069303738
activation,neutral_controls,final_token,14,rows_ge_10000,30,435,row_weighted_continuous,0.018299790020264592,0.010778978244357718
activation,neutral_controls,final_token,14,rows_ge_10000,30,435,unique_tuple_weighted_continuous,0.02937478553297689,0.019201326069303738
activation,neutral_controls,final_token,14,rows_ge_50000,22,231,row_weighted_continuous,0.009202342961425844,-0.018633540372670808
activation,neutral_controls,final_token,14,rows_ge_50000,22,231,unique_tuple_weighted_continuous,-0.007868875023624627,-0.036111489709690615
activation,neutral_controls,final_token,14,unique_tuples_ge_10,28,378,row_weighted_continuous,0.03565893058686095,0.020012933214643706
activation,neutral_controls,final_token,14,unique_tuples_ge_10,28,378,unique_tuple_weighted_continuous,0.045508462820368904,0.02618870428896814
activation,neutral_controls,final_token,14,unique_tuples_ge_25,24,276,row_weighted_continuous,0.02668293396049065,-0.0069947632025798715
activation,neutral_controls,final_token,14,unique_tuples_ge_25,24,276,unique_tuple_weighted_continuous,0.026888178759514332,-0.002486265892324596
activation,neutral_controls,final_token,14,exposure_quartile_1,8,28,row_weighted_continuous,-0.32696859781702975,-0.41543513957307066
activation,neutral_controls,final_token,14,exposure_quartile_1,8,28,unique_tuple_weighted_continuous,-0.12100969788155995,-0.1981390257252326
activation,neutral_controls,final_token,14,exposure_quartile_2,8,28,row_weighted_continuous,0.0020853746531695003,0.029009304871373837
activation,neutral_controls,final_token,14,exposure_quartile_2,8,28,unique_tuple_weighted_continuous,0.09792370121102108,0.09469074986316366
activation,neutral_controls,final_token,14,exposure_quartile_3,8,28,row_weighted_continuous,0.23576989436788975,0.09140667761357417
activation,neutral_controls,final_token,14,exposure_quartile_3,8,28,unique_tuple_weighted_continuous,0.0785457011753742,-0.07772304324028462
activation,neutral_controls,final_token,14,exposure_quartile_4,8,28,row_weighted_continuous,0.36414471664814035,0.24849480021893816
activation,neutral_controls,final_token,14,exposure_quartile_4,8,28,unique_tuple_weighted_continuous,0.37999585302548733,0.2747673782156541
activation,neutral_controls,final_token,14,pair_row_ratio_le_2_0,32,181,row_weighted_continuous,0.09584039790714927,0.08414384878473276
activation,neutral_controls,final_token,14,pair_row_ratio_le_2_0,32,181,unique_tuple_weighted_continuous,0.05044300536517694,0.04307773258049501
activation,neutral_controls,final_token,14,pair_row_ratio_le_1_5,32,117,row_weighted_continuous,0.14930737794745746,0.1398417479656521
activation,neutral_controls,final_token,14,pair_row_ratio_le_1_5,32,117,unique_tuple_weighted_continuous,0.12360891378795355,0.1137736216637444
activation,neutral_controls,final_token,15,all_32,32,496,row_weighted_continuous,0.06696854787107423,0.05531075013128625
activation,neutral_controls,final_token,15,all_32,32,496,unique_tuple_weighted_continuous,0.05382985289650076,0.03960448910471628
activation,neutral_controls,final_token,15,rows_ge_1000,30,435,row_weighted_continuous,0.02524826759299495,0.01931533070821373
activation,neutral_controls,final_token,15,rows_ge_1000,30,435,unique_tuple_weighted_continuous,0.029907875668487908,0.019861007643559102
activation,neutral_controls,final_token,15,rows_ge_10000,30,435,row_weighted_continuous,0.02524826759299495,0.01931533070821373
activation,neutral_controls,final_token,15,rows_ge_10000,30,435,unique_tuple_weighted_continuous,0.029907875668487908,0.019861007643559102
activation,neutral_controls,final_token,15,rows_ge_50000,22,231,row_weighted_continuous,0.022442362993953496,-0.005875309098697406
activation,neutral_controls,final_token,15,rows_ge_50000,22,231,unique_tuple_weighted_continuous,0.004751066050263281,-0.026325473626822953
activation,neutral_controls,final_token,15,unique_tuples_ge_10,28,378,row_weighted_continuous,0.049665978457159955,0.034680500607167875
activation,neutral_controls,final_token,15,unique_tuples_ge_10,28,378,unique_tuple_weighted_continuous,0.04671503235022406,0.028382085064825487
activation,neutral_controls,final_token,15,unique_tuples_ge_25,24,276,row_weighted_continuous,0.041023517821884944,0.0076579957477775715
activation,neutral_controls,final_token,15,unique_tuples_ge_25,24,276,unique_tuple_weighted_continuous,0.0367729548443458,0.004324139210342319
activation,neutral_controls,final_token,15,exposure_quartile_1,8,28,row_weighted_continuous,-0.2951129580154388,-0.3442802408319649
activation,neutral_controls,final_token,15,exposure_quartile_1,8,28,unique_tuple_weighted_continuous,-0.07028568340792837,-0.11439518336070059
activation,neutral_controls,final_token,15,exposure_quartile_2,8,28,row_weighted_continuous,0.056074785661431904,0.09578544061302681
activation,neutral_controls,final_token,15,exposure_quartile_2,8,28,unique_tuple_weighted_continuous,0.11295841994341244,0.10946907498631636
activation,neutral_controls,final_token,15,exposure_quartile_3,8,28,row_weighted_continuous,0.18711590669227174,0.047619047619047616
activation,neutral_controls,final_token,15,exposure_quartile_3,8,28,unique_tuple_weighted_continuous,0.027063964133326943,-0.12041598248494799
activation,neutral_controls,final_token,15,exposure_quartile_4,8,28,row_weighted_continuous,0.2833544934788983,0.150519978106185
activation,neutral_controls,final_token,15,exposure_quartile_4,8,28,unique_tuple_weighted_continuous,0.3364622959039283,0.22441160372194854
activation,neutral_controls,final_token,15,pair_row_ratio_le_2_0,32,181,row_weighted_continuous,0.11300841259773625,0.09956893934794488
activation,neutral_controls,final_token,15,pair_row_ratio_le_2_0,32,181,unique_tuple_weighted_continuous,0.0613994201177515,0.04618420253779369
activation,neutral_controls,final_token,15,pair_row_ratio_le_1_5,32,117,row_weighted_continuous,0.17619564349610012,0.16656176474995876
activation,neutral_controls,final_token,15,pair_row_ratio_le_1_5,32,117,unique_tuple_weighted_continuous,0.14228835192908645,0.1315020455873758
activation,neutral_controls,final_token,16,all_32,32,496,row_weighted_continuous,0.06436621152687892,0.05446668279471551
activation,neutral_controls,final_token,16,all_32,32,496,unique_tuple_weighted_continuous,0.04782578251572673,0.03814362224175945
activation,neutral_controls,final_token,16,rows_ge_1000,30,435,row_weighted_continuous,0.02488047337349828,0.017965060931251706
activation,neutral_controls,final_token,16,rows_ge_1000,30,435,unique_tuple_weighted_continuous,0.028106280506522748,0.019506747704235227
activation,neutral_controls,final_token,16,rows_ge_10000,30,435,row_weighted_continuous,0.02488047337349828,0.017965060931251706
activation,neutral_controls,final_token,16,rows_ge_10000,30,435,unique_tuple_weighted_continuous,0.028106280506522748,0.019506747704235227
activation,neutral_controls,final_token,16,rows_ge_50000,22,231,row_weighted_continuous,0.005038585268506213,-0.0170476450086645
activation,neutral_controls,final_token,16,rows_ge_50000,22,231,unique_tuple_weighted_continuous,-0.005239246572077576,-0.03269242002375436
activation,neutral_controls,final_token,16,unique_tuples_ge_10,28,378,row_weighted_continuous,0.053186346297951825,0.03712961287340325
activation,neutral_controls,final_token,16,unique_tuples_ge_10,28,378,unique_tuple_weighted_continuous,0.049989315009701676,0.031679043870837156
activation,neutral_controls,final_token,16,unique_tuples_ge_25,24,276,row_weighted_continuous,0.05156817545475445,0.01312424194860233
activation,neutral_controls,final_token,16,unique_tuples_ge_25,24,276,unique_tuple_weighted_continuous,0.05044520165276921,0.009724176310269545
activation,neutral_controls,final_token,16,exposure_quartile_1,8,28,row_weighted_continuous,-0.2644391159161288,-0.30596606458675424
activation,neutral_controls,final_token,16,exposure_quartile_1,8,28,unique_tuple_weighted_continuous,-0.04446387648588611,-0.07279693486590037
activation,neutral_controls,final_token,16,exposure_quartile_2,8,28,row_weighted_continuous,0.0392174836395219,0.11603721948549535
activation,neutral_controls,final_token,16,exposure_quartile_2,8,28,unique_tuple_weighted_continuous,0.08661606734084724,0.10837438423645321
activation,neutral_controls,final_token,16,exposure_quartile_3,8,28,row_weighted_continuous,0.134422467657904,0.012588943623426383
activation,neutral_controls,final_token,16,exposure_quartile_3,8,28,unique_tuple_weighted_continuous,-0.012519740361273565,-0.12807881773399013
activation,neutral_controls,final_token,16,exposure_quartile_4,8,28,row_weighted_continuous,0.24008394884631468,0.15216201423097975
activation,neutral_controls,final_token,16,exposure_quartile_4,8,28,unique_tuple_weighted_continuous,0.30123744485640935,0.23316912972085385
activation,neutral_controls,final_token,16,pair_row_ratio_le_2_0,32,181,row_weighted_continuous,0.1176402697242019,0.1016513872867464
activation,neutral_controls,final_token,16,pair_row_ratio_le_2_0,32,181,unique_tuple_weighted_continuous,0.06358055863760023,0.04995648918300852
activation,neutral_controls,final_token,16,pair_row_ratio_le_1_5,32,117,row_weighted_continuous,0.16917425051370888,0.16566260546389125
activation,neutral_controls,final_token,16,pair_row_ratio_le_1_5,32,117,unique_tuple_weighted_continuous,0.12811461145222086,0.12552263633502675
activation,neutral_controls,final_token,17,all_32,32,496,row_weighted_continuous,0.05847286290171745,0.0510509784021824
activation,neutral_controls,final_token,17,all_32,32,496,unique_tuple_weighted_continuous,0.04689628939879033,0.042692420407095553
activation,neutral_controls,final_token,17,rows_ge_1000,30,435,row_weighted_continuous,0.013739281631066587,0.012703936367334025
activation,neutral_controls,final_token,17,rows_ge_1000,30,435,unique_tuple_weighted_continuous,0.02772421475798916,0.02452193131439185
activation,neutral_controls,final_token,17,rows_ge_10000,30,435,row_weighted_continuous,0.013739281631066587,0.012703936367334025
activation,neutral_controls,final_token,17,rows_ge_10000,30,435,unique_tuple_weighted_continuous,0.02772421475798916,0.02452193131439185
activation,neutral_controls,final_token,17,rows_ge_50000,22,231,row_weighted_continuous,0.020221450431392163,0.009267119686909792
activation,neutral_controls,final_token,17,rows_ge_50000,22,231,unique_tuple_weighted_continuous,0.009599018132562434,-0.009450145057341462
activation,neutral_controls,final_token,17,unique_tuples_ge_10,28,378,row_weighted_continuous,0.0495869801875876,0.043588888189015566
activation,neutral_controls,final_token,17,unique_tuples_ge_10,28,378,unique_tuple_weighted_continuous,0.049480226747328444,0.040811168734014705
activation,neutral_controls,final_token,17,unique_tuples_ge_25,24,276,row_weighted_continuous,0.05170065612344907,0.02831066908291834
activation,neutral_controls,final_token,17,unique_tuples_ge_25,24,276,unique_tuple_weighted_continuous,0.05394094410827828,0.025104664602388665
activation,neutral_controls,final_token,17,exposure_quartile_1,8,28,row_weighted_continuous,-0.22125182400775026,-0.17460317460317462
activation,neutral_controls,final_token,17,exposure_quartile_1,8,28,unique_tuple_weighted_continuous,0.007444892575391181,0.06130268199233716
activation,neutral_controls,final_token,17,exposure_quartile_2,8,28,row_weighted_continuous,0.03881750332318709,0.02463054187192118
activation,neutral_controls,final_token,17,exposure_quartile_2,8,28,unique_tuple_weighted_continuous,0.05019997431723868,-0.021893814997263273
activation,neutral_controls,final_token,17,exposure_quartile_3,8,28,row_weighted_continuous,0.11559948002953305,0.030103995621236997
activation,neutral_controls,final_token,17,exposure_quartile_3,8,28,unique_tuple_weighted_continuous,-0.012205284437745587,-0.0810071154898741
activation,neutral_controls,final_token,17,exposure_quartile_4,8,28,row_weighted_continuous,0.14219513004570117,0.020251778872468526
activation,neutral_controls,final_token,17,exposure_quartile_4,8,28,unique_tuple_weighted_continuous,0.2106131650266142,0.10290093048713739
activation,neutral_controls,final_token,17,pair_row_ratio_le_2_0,32,181,row_weighted_continuous,0.14003230896624871,0.12732681682957925
activation,neutral_controls,final_token,17,pair_row_ratio_le_2_0,32,181,unique_tuple_weighted_continuous,0.08856556978509972,0.08018132880011333
activation,neutral_controls,final_token,17,pair_row_ratio_le_1_5,32,117,row_weighted_continuous,0.18004411216616753,0.1767897016289769
activation,neutral_controls,final_token,17,pair_row_ratio_le_1_5,32,117,unique_tuple_weighted_continuous,0.1448696553449321,0.14440498134244478
activation,neutral_controls,final_token,18,all_32,32,496,row_weighted_continuous,0.048450912929681914,0.04960604290454358
activation,neutral_controls,final_token,18,all_32,32,496,unique_tuple_weighted_continuous,0.04136023518003739,0.04291506615450277
activation,neutral_controls,final_token,18,rows_ge_1000,30,435,row_weighted_continuous,0.002830583843325938,0.012935298722768999
activation,neutral_controls,final_token,18,rows_ge_1000,30,435,unique_tuple_weighted_continuous,0.022188922709167988,0.025656437836127807
activation,neutral_controls,final_token,18,rows_ge_10000,30,435,row_weighted_continuous,0.002830583843325938,0.012935298722768999
activation,neutral_controls,final_token,18,rows_ge_10000,30,435,unique_tuple_weighted_continuous,0.022188922709167988,0.025656437836127807
activation,neutral_controls,final_token,18,rows_ge_50000,22,231,row_weighted_continuous,0.021391474213175454,0.020616639732082012
activation,neutral_controls,final_token,18,rows_ge_50000,22,231,unique_tuple_weighted_continuous,0.01593929402305217,0.008670340154598026
activation,neutral_controls,final_token,18,unique_tuples_ge_10,28,378,row_weighted_continuous,0.046110557667590944,0.047111583914422606
activation,neutral_controls,final_token,18,unique_tuples_ge_10,28,378,unique_tuple_weighted_continuous,0.04731765054367238,0.04623596462373644
activation,neutral_controls,final_token,18,unique_tuples_ge_25,24,276,row_weighted_continuous,0.0481956226164205,0.03629114881351579
activation,neutral_controls,final_token,18,unique_tuples_ge_25,24,276,unique_tuple_weighted_continuous,0.05382600451017303,0.03854739515703258
activation,neutral_controls,final_token,18,exposure_quartile_1,8,28,row_weighted_continuous,-0.22474702073880332,-0.16420361247947454
activation,neutral_controls,final_token,18,exposure_quartile_1,8,28,unique_tuple_weighted_continuous,0.01079635777244635,0.06075533661740558
activation,neutral_controls,final_token,18,exposure_quartile_2,8,28,row_weighted_continuous,0.06204320093930324,0.0629447181171319
activation,neutral_controls,final_token,18,exposure_quartile_2,8,28,unique_tuple_weighted_continuous,0.07911124311884837,0.039956212370005476
activation,neutral_controls,final_token,18,exposure_quartile_3,8,28,row_weighted_continuous,0.08749458907381874,0.029009304871373837
activation,neutral_controls,final_token,18,exposure_quartile_3,8,28,unique_tuple_weighted_continuous,-0.02417688861546468,-0.06622879036672139
activation,neutral_controls,final_token,18,exposure_quartile_4,8,28,row_weighted_continuous,0.15698885468470491,0.08593322386425835
activation,neutral_controls,final_token,18,exposure_quartile_4,8,28,unique_tuple_weighted_continuous,0.22005666942255142,0.16584564860426929
activation,neutral_controls,final_token,18,pair_row_ratio_le_2_0,32,181,row_weighted_continuous,0.15007798974658612,0.15469613259668508
activation,neutral_controls,final_token,18,pair_row_ratio_le_2_0,32,181,unique_tuple_weighted_continuous,0.10403351972316094,0.11137352518567986
activation,neutral_controls,final_token,18,pair_row_ratio_le_1_5,32,117,row_weighted_continuous,0.19470049170083928,0.20188373870431148
activation,neutral_controls,final_token,18,pair_row_ratio_le_1_5,32,117,unique_tuple_weighted_continuous,0.16684352491523363,0.1751637219200048
activation,neutral_controls,final_token,19,all_32,32,496,row_weighted_continuous,0.04369947422603189,0.046420753258554256
activation,neutral_controls,final_token,19,all_32,32,496,unique_tuple_weighted_continuous,0.03471935935837643,0.03712932531651296
activation,neutral_controls,final_token,19,rows_ge_1000,30,435,row_weighted_continuous,-0.0039539381031086,0.009432790474926999
activation,neutral_controls,final_token,19,rows_ge_1000,30,435,unique_tuple_weighted_continuous,0.01333623945005202,0.01904183620361637
activation,neutral_controls,final_token,19,rows_ge_10000,30,435,row_weighted_continuous,-0.0039539381031086,0.009432790474926999
activation,neutral_controls,final_token,19,rows_ge_10000,30,435,unique_tuple_weighted_continuous,0.01333623945005202,0.01904183620361637
activation,neutral_controls,final_token,19,rows_ge_50000,22,231,row_weighted_continuous,0.014314014558591817,0.012889659066570613
activation,neutral_controls,final_token,19,rows_ge_50000,22,231,unique_tuple_weighted_continuous,0.0007061082225625378,-0.006715473432115112
activation,neutral_controls,final_token,19,unique_tuples_ge_10,28,378,row_weighted_continuous,0.04435084408166122,0.04428965023997323
activation,neutral_controls,final_token,19,unique_tuples_ge_10,28,378,unique_tuple_weighted_continuous,0.03988129852699951,0.038898848197365166
activation,neutral_controls,final_token,19,unique_tuples_ge_25,24,276,row_weighted_continuous,0.044835922338473846,0.03338251451891383
activation,neutral_controls,final_token,19,unique_tuples_ge_25,24,276,unique_tuple_weighted_continuous,0.043322679895916136,0.02887572951299211
activation,neutral_controls,final_token,19,exposure_quartile_1,8,28,row_weighted_continuous,-0.24190247223708136,-0.19759168035030103
activation,neutral_controls,final_token,19,exposure_quartile_1,8,28,unique_tuple_weighted_continuous,-0.001390829142741988,0.02955665024630542
activation,neutral_controls,final_token,19,exposure_quartile_2,8,28,row_weighted_continuous,0.07804277463664014,0.07498631636562669
activation,neutral_controls,final_token,19,exposure_quartile_2,8,28,unique_tuple_weighted_continuous,0.08410909127182654,0.03831417624521073
activation,neutral_controls,final_token,19,exposure_quartile_3,8,28,row_weighted_continuous,0.06840510817793238,0.01532567049808429
activation,neutral_controls,final_token,19,exposure_quartile_3,8,28,unique_tuple_weighted_continuous,-0.04294267907488244,-0.0810071154898741
activation,neutral_controls,final_token,19,exposure_quartile_4,8,28,row_weighted_continuous,0.13880823605604883,0.0722495894909688
activation,neutral_controls,final_token,19,exposure_quartile_4,8,28,unique_tuple_weighted_continuous,0.20395999502840154,0.1412151067323481
activation,neutral_controls,final_token,19,pair_row_ratio_le_2_0,32,181,row_weighted_continuous,0.13311049184968424,0.13624147491550806
activation,neutral_controls,final_token,19,pair_row_ratio_le_2_0,32,181,unique_tuple_weighted_continuous,0.07965191297718498,0.08594499423228705
activation,neutral_controls,final_token,19,pair_row_ratio_le_1_5,32,117,row_weighted_continuous,0.18579485984736974,0.19259242608161367
activation,neutral_controls,final_token,19,pair_row_ratio_le_1_5,32,117,unique_tuple_weighted_continuous,0.15217377982101535,0.16225329317088522
activation,neutral_controls,final_token,20,all_32,32,496,row_weighted_continuous,0.041853777267423606,0.04220494029671676
activation,neutral_controls,final_token,20,all_32,32,496,unique_tuple_weighted_continuous,0.03712330900281826,0.03759015480960051
activation,neutral_controls,final_token,20,rows_ge_1000,30,435,row_weighted_continuous,-0.00861467696617507,0.003221432872115078
activation,neutral_controls,final_token,20,rows_ge_1000,30,435,unique_tuple_weighted_continuous,0.013461038226607923,0.017860095023303886
activation,neutral_controls,final_token,20,rows_ge_10000,30,435,row_weighted_continuous,-0.00861467696617507,0.003221432872115078
activation,neutral_controls,final_token,20,rows_ge_10000,30,435,unique_tuple_weighted_continuous,0.013461038226607923,0.017860095023303886
activation,neutral_controls,final_token,20,rows_ge_50000,22,231,row_weighted_continuous,-0.0029211808333119123,-0.006282248486146538
activation,neutral_controls,final_token,20,rows_ge_50000,22,231,unique_tuple_weighted_continuous,-0.002735525777120326,-0.011936564185439749
activation,neutral_controls,final_token,20,unique_tuples_ge_10,28,378,row_weighted_continuous,0.03491903851331541,0.033196769162559356
activation,neutral_controls,final_token,20,unique_tuples_ge_10,28,378,unique_tuple_weighted_continuous,0.03900942796363146,0.03629265325198361
activation,neutral_controls,final_token,20,unique_tuples_ge_25,24,276,row_weighted_continuous,0.03261679197482583,0.017321099870150257
activation,neutral_controls,final_token,20,unique_tuples_ge_25,24,276,unique_tuple_weighted_continuous,0.04123522753059726,0.02308072088012443
activation,neutral_controls,final_token,20,exposure_quartile_1,8,28,row_weighted_continuous,-0.23056307934001916,-0.20251778872468526
activation,neutral_controls,final_token,20,exposure_quartile_1,8,28,unique_tuple_weighted_continuous,0.006924699988667134,0.02463054187192118
activation,neutral_controls,final_token,20,exposure_quartile_2,8,28,row_weighted_continuous,0.08158301009280206,0.10180623973727422
activation,neutral_controls,final_token,20,exposure_quartile_2,8,28,unique_tuple_weighted_continuous,0.10228469322287136,0.08210180623973727
activation,neutral_controls,final_token,20,exposure_quartile_3,8,28,row_weighted_continuous,0.013386246017506834,-0.07115489874110564
activation,neutral_controls,final_token,20,exposure_quartile_3,8,28,unique_tuple_weighted_continuous,-0.06074320717248224,-0.13902572523262177
activation,neutral_controls,final_token,20,exposure_quartile_4,8,28,row_weighted_continuous,0.17534297798872514,0.09578544061302681
activation,neutral_controls,final_token,20,exposure_quartile_4,8,28,unique_tuple_weighted_continuous,0.24594800577786838,0.18555008210180626
activation,neutral_controls,final_token,20,pair_row_ratio_le_2_0,32,181,row_weighted_continuous,0.1285808946072114,0.13471960820027118
activation,neutral_controls,final_token,20,pair_row_ratio_le_2_0,32,181,unique_tuple_weighted_continuous,0.08922213518183604,0.10090259648270698
activation,neutral_controls,final_token,20,pair_row_ratio_le_1_5,32,117,row_weighted_continuous,0.17915710793723855,0.18578129448965214
activation,neutral_controls,final_token,20,pair_row_ratio_le_1_5,32,117,unique_tuple_weighted_continuous,0.1648168996921159,0.1709151942933357
activation,neutral_controls,final_token,21,all_32,32,496,row_weighted_continuous,0.036734663690200134,0.0405284099513995
activation,neutral_controls,final_token,21,all_32,32,496,unique_tuple_weighted_continuous,0.0326327451257895,0.03322938609172139
activation,neutral_controls,final_token,21,rows_ge_1000,30,435,row_weighted_continuous,-0.0101506510209296,0.003952841150134779
activation,neutral_controls,final_token,21,rows_ge_1000,30,435,unique_tuple_weighted_continuous,0.011233606133093082,0.013039389914817248
activation,neutral_controls,final_token,21,rows_ge_10000,30,435,row_weighted_continuous,-0.0101506510209296,0.003952841150134779
activation,neutral_controls,final_token,21,rows_ge_10000,30,435,unique_tuple_weighted_continuous,0.011233606133093082,0.013039389914817248
activation,neutral_controls,final_token,21,rows_ge_50000,22,231,row_weighted_continuous,0.00014992891673526465,-0.004177456726182365
activation,neutral_controls,final_token,21,rows_ge_50000,22,231,unique_tuple_weighted_continuous,-0.007892524518180481,-0.018287933955100373
activation,neutral_controls,final_token,21,unique_tuples_ge_10,28,378,row_weighted_continuous,0.04382447590258709,0.03921567973974489
activation,neutral_controls,final_token,21,unique_tuples_ge_10,28,378,unique_tuple_weighted_continuous,0.03727655734865705,0.03244290561186203
activation,neutral_controls,final_token,21,unique_tuples_ge_25,24,276,row_weighted_continuous,0.03290904733469759,0.014326850358870453
activation,neutral_controls,final_token,21,unique_tuples_ge_25,24,276,unique_tuple_weighted_continuous,0.036438368953537734,0.014581983704570426
activation,neutral_controls,final_token,21,exposure_quartile_1,8,28,row_weighted_continuous,-0.17664380067168506,-0.14559386973180075
activation,neutral_controls,final_token,21,exposure_quartile_1,8,28,unique_tuple_weighted_continuous,0.07403619465570252,0.07991242474001095
activation,neutral_controls,final_token,21,exposure_quartile_2,8,28,row_weighted_continuous,0.0896278153633092,0.11713191023535852
activation,neutral_controls,final_token,21,exposure_quartile_2,8,28,unique_tuple_weighted_continuous,0.09533136793338677,0.060207991242473995
activation,neutral_controls,final_token,21,exposure_quartile_3,8,28,row_weighted_continuous,-0.003987464381998318,-0.07279693486590037
activation,neutral_controls,final_token,21,exposure_quartile_3,8,28,unique_tuple_weighted_continuous,-0.07451774531604487,-0.1319102353585112
activation,neutral_controls,final_token,21,exposure_quartile_4,8,28,row_weighted_continuous,0.15405818282911202,0.0755336617405583
activation,neutral_controls,final_token,21,exposure_quartile_4,8,28,unique_tuple_weighted_continuous,0.215908878523527,0.15161466885604818
activation,neutral_controls,final_token,21,pair_row_ratio_le_2_0,32,181,row_weighted_continuous,0.12947481533354702,0.12106935421852547
activation,neutral_controls,final_token,21,pair_row_ratio_le_2_0,32,181,unique_tuple_weighted_continuous,0.08194969709566627,0.07717402303037661
activation,neutral_controls,final_token,21,pair_row_ratio_le_1_5,32,117,row_weighted_continuous,0.17743466482207557,0.17737415516492078
activation,neutral_controls,final_token,21,pair_row_ratio_le_1_5,32,117,unique_tuple_weighted_continuous,0.1549587742887527,0.15099132311288943
activation,neutral_controls,final_token,22,all_32,32,496,row_weighted_continuous,0.036101388311910954,0.04383436493840855
activation,neutral_controls,final_token,22,all_32,32,496,unique_tuple_weighted_continuous,0.031143039806185685,0.033693559204690506
activation,neutral_controls,final_token,22,rows_ge_1000,30,435,row_weighted_continuous,-0.007250339648145298,0.009579305388104154
activation,neutral_controls,final_token,22,rows_ge_1000,30,435,unique_tuple_weighted_continuous,0.010238655928896924,0.013776483846184125
activation,neutral_controls,final_token,22,rows_ge_10000,30,435,row_weighted_continuous,-0.007250339648145298,0.009579305388104154
activation,neutral_controls,final_token,22,rows_ge_10000,30,435,unique_tuple_weighted_continuous,0.010238655928896924,0.013776483846184125
activation,neutral_controls,final_token,22,rows_ge_50000,22,231,row_weighted_continuous,0.009743063415203888,0.007321014817266692
activation,neutral_controls,final_token,22,rows_ge_50000,22,231,unique_tuple_weighted_continuous,-0.006784018501518323,-0.010704063552639266
activation,neutral_controls,final_token,22,unique_tuples_ge_10,28,378,row_weighted_continuous,0.05115440766188377,0.04494553152546057
activation,neutral_controls,final_token,22,unique_tuples_ge_10,28,378,unique_tuple_weighted_continuous,0.03836710433031075,0.034380332715334076
activation,neutral_controls,final_token,22,unique_tuples_ge_25,24,276,row_weighted_continuous,0.039154110147965035,0.022679470897960935
activation,neutral_controls,final_token,22,unique_tuples_ge_25,24,276,unique_tuple_weighted_continuous,0.03681139727667189,0.020444342974558015
activation,neutral_controls,final_token,22,exposure_quartile_1,8,28,row_weighted_continuous,-0.17355086309608356,-0.13409961685823754
activation,neutral_controls,final_token,22,exposure_quartile_1,8,28,unique_tuple_weighted_continuous,0.08343651755479903,0.09140667761357417
activation,neutral_controls,final_token,22,exposure_quartile_2,8,28,row_weighted_continuous,0.09423555834177069,0.1111111111111111
activation,neutral_controls,final_token,22,exposure_quartile_2,8,28,unique_tuple_weighted_continuous,0.09593791251991762,0.0782703886152162
activation,neutral_controls,final_token,22,exposure_quartile_3,8,28,row_weighted_continuous,0.0434385349740327,-0.0038314176245210726
activation,neutral_controls,final_token,22,exposure_quartile_3,8,28,unique_tuple_weighted_continuous,-0.043646239684995876,-0.07006020799124248
activation,neutral_controls,final_token,22,exposure_quartile_4,8,28,row_weighted_continuous,0.1512503532465749,0.07717569786535304
activation,neutral_controls,final_token,22,exposure_quartile_4,8,28,unique_tuple_weighted_continuous,0.19269588057833142,0.1538040503557745
activation,neutral_controls,final_token,22,pair_row_ratio_le_2_0,32,181,row_weighted_continuous,0.12653857941230603,0.12772144982089734
activation,neutral_controls,final_token,22,pair_row_ratio_le_2_0,32,181,unique_tuple_weighted_continuous,0.07452778647657506,0.08278793030174245
activation,neutral_controls,final_token,22,pair_row_ratio_le_1_5,32,117,row_weighted_continuous,0.1760871505831835,0.1844250625665003
activation,neutral_controls,final_token,22,pair_row_ratio_le_1_5,32,117,unique_tuple_weighted_continuous,0.15370672643743036,0.16615714307122842
activation,neutral_controls,final_token,23,all_32,32,496,row_weighted_continuous,0.047282999647113674,0.056069063452071174
activation,neutral_controls,final_token,23,all_32,32,496,unique_tuple_weighted_continuous,0.032754497607905664,0.038341780890622325
activation,neutral_controls,final_token,23,rows_ge_1000,30,435,row_weighted_continuous,0.010404011869080168,0.024416673834477508
activation,neutral_controls,final_token,23,rows_ge_1000,30,435,unique_tuple_weighted_continuous,0.01492460770666279,0.019743358355067592
activation,neutral_controls,final_token,23,rows_ge_10000,30,435,row_weighted_continuous,0.010404011869080168,0.024416673834477508
activation,neutral_controls,final_token,23,rows_ge_10000,30,435,unique_tuple_weighted_continuous,0.01492460770666279,0.019743358355067592
activation,neutral_controls,final_token,23,rows_ge_50000,22,231,row_weighted_continuous,0.014782664892591182,0.01781868805856812
activation,neutral_controls,final_token,23,rows_ge_50000,22,231,unique_tuple_weighted_continuous,-0.002469279182853391,-0.0025477520979769854
activation,neutral_controls,final_token,23,unique_tuples_ge_10,28,378,row_weighted_continuous,0.06370636731305798,0.06120036717798522
activation,neutral_controls,final_token,23,unique_tuples_ge_10,28,378,unique_tuple_weighted_continuous,0.04609110292028109,0.045676732511415435
activation,neutral_controls,final_token,23,unique_tuples_ge_25,24,276,row_weighted_continuous,0.04437937424545709,0.034130791512678185
activation,neutral_controls,final_token,23,unique_tuples_ge_25,24,276,unique_tuple_weighted_continuous,0.040777233358149985,0.02906921990268404
activation,neutral_controls,final_token,23,exposure_quartile_1,8,28,row_weighted_continuous,-0.14467079574616948,-0.09688013136288998
activation,neutral_controls,final_token,23,exposure_quartile_1,8,28,unique_tuple_weighted_continuous,0.1038963228664446,0.11877394636015325
activation,neutral_controls,final_token,23,exposure_quartile_2,8,28,row_weighted_continuous,0.13211280416570248,0.14778325123152708
activation,neutral_controls,final_token,23,exposure_quartile_2,8,28,unique_tuple_weighted_continuous,0.1307964973969092,0.11275314723590585
activation,neutral_controls,final_token,23,exposure_quartile_3,8,28,row_weighted_continuous,0.029128050916292253,-0.014230979748221127
activation,neutral_controls,final_token,23,exposure_quartile_3,8,28,unique_tuple_weighted_continuous,-0.06459044394730575,-0.09852216748768472
activation,neutral_controls,final_token,23,exposure_quartile_4,8,28,row_weighted_continuous,0.12871598253819289,0.07443897099069512
activation,neutral_controls,final_token,23,exposure_quartile_4,8,28,unique_tuple_weighted_continuous,0.1615422447137335,0.13902572523262177
activation,neutral_controls,final_token,23,pair_row_ratio_le_2_0,32,181,row_weighted_continuous,0.14254138573915323,0.14025863639123307
activation,neutral_controls,final_token,23,pair_row_ratio_le_2_0,32,181,unique_tuple_weighted_continuous,0.07985650931492037,0.08459109950822656
activation,neutral_controls,final_token,23,pair_row_ratio_le_1_5,32,117,row_weighted_continuous,0.18748575898080042,0.18912316983620314
activation,neutral_controls,final_token,23,pair_row_ratio_le_1_5,32,117,unique_tuple_weighted_continuous,0.1537938231026133,0.1597431401639467
activation,neutral_controls,final_token,24,all_32,32,496,row_weighted_continuous,0.05426473196951531,0.06423093792471347
activation,neutral_controls,final_token,24,all_32,32,496,unique_tuple_weighted_continuous,0.03413133250055292,0.042090372144892814
activation,neutral_controls,final_token,24,rows_ge_1000,30,435,row_weighted_continuous,0.022501937398828435,0.03357567823284062
activation,neutral_controls,final_token,24,rows_ge_1000,30,435,unique_tuple_weighted_continuous,0.016569351439567403,0.023184344917973516
activation,neutral_controls,final_token,24,rows_ge_10000,30,435,row_weighted_continuous,0.022501937398828435,0.03357567823284062
activation,neutral_controls,final_token,24,rows_ge_10000,30,435,unique_tuple_weighted_continuous,0.016569351439567403,0.023184344917973516
activation,neutral_controls,final_token,24,rows_ge_50000,22,231,row_weighted_continuous,0.029879805613053957,0.033807122412819565
activation,neutral_controls,final_token,24,rows_ge_50000,22,231,unique_tuple_weighted_continuous,0.010574034777720266,0.012701766000116825
activation,neutral_controls,final_token,24,unique_tuples_ge_10,28,378,row_weighted_continuous,0.07049984599651869,0.07062043992259623
activation,neutral_controls,final_token,24,unique_tuples_ge_10,28,378,unique_tuple_weighted_continuous,0.050547505940170025,0.054082544392798235
activation,neutral_controls,final_token,24,unique_tuples_ge_25,24,276,row_weighted_continuous,0.055498737561752665,0.0504570425650319
activation,neutral_controls,final_token,24,unique_tuples_ge_25,24,276,unique_tuple_weighted_continuous,0.04992132132710915,0.044085558139866726
activation,neutral_controls,final_token,24,exposure_quartile_1,8,28,row_weighted_continuous,-0.14901226665875883,-0.10837438423645321
activation,neutral_controls,final_token,24,exposure_quartile_1,8,28,unique_tuple_weighted_continuous,0.08490030508561791,0.10454296661193212
activation,neutral_controls,final_token,24,exposure_quartile_2,8,28,row_weighted_continuous,0.13634888460209138,0.1620142309797482
activation,neutral_controls,final_token,24,exposure_quartile_2,8,28,unique_tuple_weighted_continuous,0.1252596283681524,0.1319102353585112
activation,neutral_controls,final_token,24,exposure_quartile_3,8,28,row_weighted_continuous,-0.0069405721180336305,-0.02079912424740011
activation,neutral_controls,final_token,24,exposure_quartile_3,8,28,unique_tuple_weighted_continuous,-0.09850629910545977,-0.10563765736179528
activation,neutral_controls,final_token,24,exposure_quartile_4,8,28,row_weighted_continuous,0.10938440392211171,0.04542966611932129
activation,neutral_controls,final_token,24,exposure_quartile_4,8,28,unique_tuple_weighted_continuous,0.13943756368961452,0.11494252873563218
activation,neutral_controls,final_token,24,pair_row_ratio_le_2_0,32,181,row_weighted_continuous,0.154926673409278,0.1564831117317305
activation,neutral_controls,final_token,24,pair_row_ratio_le_2_0,32,181,unique_tuple_weighted_continuous,0.08881949028946903,0.09984214680347277
activation,neutral_controls,final_token,24,pair_row_ratio_le_1_5,32,117,row_weighted_continuous,0.1974099117414893,0.20690404471818846
activation,neutral_controls,final_token,24,pair_row_ratio_le_1_5,32,117,unique_tuple_weighted_continuous,0.16368789225084746,0.17814593355212874
activation,neutral_controls,final_token,25,all_32,32,496,row_weighted_continuous,0.05129856720390703,0.06414370878250933
activation,neutral_controls,final_token,25,all_32,32,496,unique_tuple_weighted_continuous,0.033110473294710285,0.04270481146900956
activation,neutral_controls,final_token,25,rows_ge_1000,30,435,row_weighted_continuous,0.022232398166383505,0.03573360235706777
activation,neutral_controls,final_token,25,rows_ge_1000,30,435,unique_tuple_weighted_continuous,0.017275883523919105,0.02504530299429831
activation,neutral_controls,final_token,25,rows_ge_10000,30,435,row_weighted_continuous,0.022232398166383505,0.03573360235706777
activation,neutral_controls,final_token,25,rows_ge_10000,30,435,unique_tuple_weighted_continuous,0.017275883523919105,0.02504530299429831
activation,neutral_controls,final_token,25,rows_ge_50000,22,231,row_weighted_continuous,0.034275634224220086,0.038539496485523475
activation,neutral_controls,final_token,25,rows_ge_50000,22,231,unique_tuple_weighted_continuous,0.021472834971237798,0.02281781187328414
activation,neutral_controls,final_token,25,unique_tuples_ge_10,28,378,row_weighted_continuous,0.07491706132737891,0.07361389810666492
activation,neutral_controls,final_token,25,unique_tuples_ge_10,28,378,unique_tuple_weighted_continuous,0.056470220490684994,0.058175136966875665
activation,neutral_controls,final_token,25,unique_tuples_ge_25,24,276,row_weighted_continuous,0.06717741557416314,0.05988099484881781
activation,neutral_controls,final_token,25,unique_tuples_ge_25,24,276,unique_tuple_weighted_continuous,0.06182963037729277,0.053583139509995575
activation,neutral_controls,final_token,25,exposure_quartile_1,8,28,row_weighted_continuous,-0.14331830201337287,-0.10727969348659004
activation,neutral_controls,final_token,25,exposure_quartile_1,8,28,unique_tuple_weighted_continuous,0.09279824220841965,0.10673234811165844
activation,neutral_controls,final_token,25,exposure_quartile_2,8,28,row_weighted_continuous,0.15093648949474983,0.20142309797482214
activation,neutral_controls,final_token,25,exposure_quartile_2,8,28,unique_tuple_weighted_continuous,0.14566425426351995,0.15325670498084293
activation,neutral_controls,final_token,25,exposure_quartile_3,8,28,row_weighted_continuous,0.029091233806205624,0.0049261083743842365
activation,neutral_controls,final_token,25,exposure_quartile_3,8,28,unique_tuple_weighted_continuous,-0.05521558992481079,-0.07717569786535304
activation,neutral_controls,final_token,25,exposure_quartile_4,8,28,row_weighted_continuous,0.08043472581329975,0.0240831964969896
activation,neutral_controls,final_token,25,exposure_quartile_4,8,28,unique_tuple_weighted_continuous,0.12831721334144197,0.09469074986316366
activation,neutral_controls,final_token,25,pair_row_ratio_le_2_0,32,181,row_weighted_continuous,0.15753352297370088,0.15752332382166634
activation,neutral_controls,final_token,25,pair_row_ratio_le_2_0,32,181,unique_tuple_weighted_continuous,0.09219868909914142,0.10206828162629267
activation,neutral_controls,final_token,25,pair_row_ratio_le_1_5,32,117,row_weighted_continuous,0.2031918920913139,0.20915943592740785
activation,neutral_controls,final_token,25,pair_row_ratio_le_1_5,32,117,unique_tuple_weighted_continuous,0.1700899274027494,0.18160020380943814
activation,neutral_controls,final_token,26,all_32,32,496,row_weighted_continuous,0.055401541564059485,0.06801650568120353
activation,neutral_controls,final_token,26,all_32,32,496,unique_tuple_weighted_continuous,0.03850320012306341,0.04570462855333369
activation,neutral_controls,final_token,26,rows_ge_1000,30,435,row_weighted_continuous,0.026041229275766832,0.03980176021996189
activation,neutral_controls,final_token,26,rows_ge_1000,30,435,unique_tuple_weighted_continuous,0.02097447331663235,0.027344056378355446
activation,neutral_controls,final_token,26,rows_ge_10000,30,435,row_weighted_continuous,0.026041229275766832,0.03980176021996189
activation,neutral_controls,final_token,26,rows_ge_10000,30,435,unique_tuple_weighted_continuous,0.02097447331663235,0.027344056378355446
activation,neutral_controls,final_token,26,rows_ge_50000,22,231,row_weighted_continuous,0.041371407041269986,0.041415331295391274
activation,neutral_controls,final_token,26,rows_ge_50000,22,231,unique_tuple_weighted_continuous,0.027386173618054673,0.02525652758036566
activation,neutral_controls,final_token,26,unique_tuples_ge_10,28,378,row_weighted_continuous,0.08475502229540881,0.078756967211157
activation,neutral_controls,final_token,26,unique_tuples_ge_10,28,378,unique_tuple_weighted_continuous,0.06630597949079996,0.06323777618473278
activation,neutral_controls,final_token,26,unique_tuples_ge_25,24,276,row_weighted_continuous,0.0764264753671299,0.06169090052938744
activation,neutral_controls,final_token,26,unique_tuples_ge_25,24,276,unique_tuple_weighted_continuous,0.06909819333026083,0.053528345771321754
activation,neutral_controls,final_token,26,exposure_quartile_1,8,28,row_weighted_continuous,-0.16085149522306746,-0.14012041598248495
activation,neutral_controls,final_token,26,exposure_quartile_1,8,28,unique_tuple_weighted_continuous,0.07616916424869499,0.07115489874110564
activation,neutral_controls,final_token,26,exposure_quartile_2,8,28,row_weighted_continuous,0.17325231854096293,0.21674876847290642
activation,neutral_controls,final_token,26,exposure_quartile_2,8,28,unique_tuple_weighted_continuous,0.1582640031457407,0.15489874110563767
activation,neutral_controls,final_token,26,exposure_quartile_3,8,28,row_weighted_continuous,0.07759802959360403,0.03667214012041598
activation,neutral_controls,final_token,26,exposure_quartile_3,8,28,unique_tuple_weighted_continuous,-0.029217812324091437,-0.04871373836891078
activation,neutral_controls,final_token,26,exposure_quartile_4,8,28,row_weighted_continuous,0.07780062915995749,0.03393541324575808
activation,neutral_controls,final_token,26,exposure_quartile_4,8,28,unique_tuple_weighted_continuous,0.13691627679932072,0.10454296661193212
activation,neutral_controls,final_token,26,pair_row_ratio_le_2_0,32,181,row_weighted_continuous,0.16965128165315715,0.17675712869083035
activation,neutral_controls,final_token,26,pair_row_ratio_le_2_0,32,181,unique_tuple_weighted_continuous,0.10102701239634058,0.11602412320644365
activation,neutral_controls,final_token,26,pair_row_ratio_le_1_5,32,117,row_weighted_continuous,0.22123337261836293,0.23382637234186035
activation,neutral_controls,final_token,26,pair_row_ratio_le_1_5,32,117,unique_tuple_weighted_continuous,0.18238735589500052,0.2003476749239461
activation,neutral_controls,final_token,27,all_32,32,496,row_weighted_continuous,0.055434989980853284,0.06744238647918793
activation,neutral_controls,final_token,27,all_32,32,496,unique_tuple_weighted_continuous,0.041676535779836585,0.04865025932722434
activation,neutral_controls,final_token,27,rows_ge_1000,30,435,row_weighted_continuous,0.024212015075778897,0.03842787311371161
activation,neutral_controls,final_token,27,rows_ge_1000,30,435,unique_tuple_weighted_continuous,0.02264496895869895,0.02901884575405613
activation,neutral_controls,final_token,27,rows_ge_10000,30,435,row_weighted_continuous,0.024212015075778897,0.03842787311371161
activation,neutral_controls,final_token,27,rows_ge_10000,30,435,unique_tuple_weighted_continuous,0.02264496895869895,0.02901884575405613
activation,neutral_controls,final_token,27,rows_ge_50000,22,231,row_weighted_continuous,0.04863076887290124,0.04831480363714247
activation,neutral_controls,final_token,27,rows_ge_50000,22,231,unique_tuple_weighted_continuous,0.036922540475347085,0.03511458556436068
activation,neutral_controls,final_token,27,unique_tuples_ge_10,28,378,row_weighted_continuous,0.08247270538426102,0.07888161131724047
activation,neutral_controls,final_token,27,unique_tuples_ge_10,28,378,unique_tuple_weighted_continuous,0.06633905204293798,0.06578264889610536
activation,neutral_controls,final_token,27,unique_tuples_ge_25,24,276,row_weighted_continuous,0.07657769409406799,0.06369657967209373
activation,neutral_controls,final_token,27,unique_tuples_ge_25,24,276,unique_tuple_weighted_continuous,0.07284964107818603,0.058535123642642094
activation,neutral_controls,final_token,27,exposure_quartile_1,8,28,row_weighted_continuous,-0.15594362522003924,-0.12534209085933223
activation,neutral_controls,final_token,27,exposure_quartile_1,8,28,unique_tuple_weighted_continuous,0.08411156170961845,0.07991242474001095
activation,neutral_controls,final_token,27,exposure_quartile_2,8,28,row_weighted_continuous,0.16879636972905754,0.17679255610290093
activation,neutral_controls,final_token,27,exposure_quartile_2,8,28,unique_tuple_weighted_continuous,0.15752514556324826,0.14285714285714285
activation,neutral_controls,final_token,27,exposure_quartile_3,8,28,row_weighted_continuous,0.040258568900698,-0.004378762999452655
activation,neutral_controls,final_token,27,exposure_quartile_3,8,28,unique_tuple_weighted_continuous,-0.060122581025874776,-0.08593322386425835
activation,neutral_controls,final_token,27,exposure_quartile_4,8,28,row_weighted_continuous,0.05829120796081074,0.013683634373289545
activation,neutral_controls,final_token,27,exposure_quartile_4,8,28,unique_tuple_weighted_continuous,0.1098236139163727,0.09852216748768472
activation,neutral_controls,final_token,27,pair_row_ratio_le_2_0,32,181,row_weighted_continuous,0.16782241721746854,0.17984943233562017
activation,neutral_controls,final_token,27,pair_row_ratio_le_2_0,32,181,unique_tuple_weighted_continuous,0.10351311031652768,0.12310323194301095
activation,neutral_controls,final_token,27,pair_row_ratio_le_1_5,32,117,row_weighted_continuous,0.2236453437336453,0.25058820003296917
activation,neutral_controls,final_token,27,pair_row_ratio_le_1_5,32,117,unique_tuple_weighted_continuous,0.1923243632549313,0.2234186036056287
activation,neutral_controls,final_token,28,all_32,32,496,row_weighted_continuous,0.049075478738212344,0.0621984104037716
activation,neutral_controls,final_token,28,all_32,32,496,unique_tuple_weighted_continuous,0.042624224568342875,0.0473478210415966
activation,neutral_controls,final_token,28,rows_ge_1000,30,435,row_weighted_continuous,0.01573464706262365,0.03443727339391227
activation,neutral_controls,final_token,28,rows_ge_1000,30,435,unique_tuple_weighted_continuous,0.02084554033847164,0.02628725378569752
activation,neutral_controls,final_token,28,rows_ge_10000,30,435,row_weighted_continuous,0.01573464706262365,0.03443727339391227
activation,neutral_controls,final_token,28,rows_ge_10000,30,435,unique_tuple_weighted_continuous,0.02084554033847164,0.02628725378569752
activation,neutral_controls,final_token,28,rows_ge_50000,22,231,row_weighted_continuous,0.04871947332713569,0.05004965049942561
activation,neutral_controls,final_token,28,rows_ge_50000,22,231,unique_tuple_weighted_continuous,0.03537424851607938,0.036153351895480836
activation,neutral_controls,final_token,28,unique_tuples_ge_10,28,378,row_weighted_continuous,0.08267724119948852,0.07644227505932537
activation,neutral_controls,final_token,28,unique_tuples_ge_10,28,378,unique_tuple_weighted_continuous,0.06678014131455813,0.06263855131110158
activation,neutral_controls,final_token,28,unique_tuples_ge_25,24,276,row_weighted_continuous,0.07585149940426245,0.06167092364549593
activation,neutral_controls,final_token,28,unique_tuples_ge_25,24,276,unique_tuple_weighted_continuous,0.07099456803642612,0.05625947118334499
activation,neutral_controls,final_token,28,exposure_quartile_1,8,28,row_weighted_continuous,-0.14454629830661253,-0.11494252873563218
activation,neutral_controls,final_token,28,exposure_quartile_1,8,28,unique_tuple_weighted_continuous,0.10848450850164243,0.09250136836343732
activation,neutral_controls,final_token,28,exposure_quartile_2,8,28,row_weighted_continuous,0.15374792777378585,0.18664477285166942
activation,neutral_controls,final_token,28,exposure_quartile_2,8,28,unique_tuple_weighted_continuous,0.15113833345678396,0.1724137931034483
activation,neutral_controls,final_token,28,exposure_quartile_3,8,28,row_weighted_continuous,0.0396226361294867,-0.011494252873563218
activation,neutral_controls,final_token,28,exposure_quartile_3,8,28,unique_tuple_weighted_continuous,-0.06817664845495319,-0.0996168582375479
activation,neutral_controls,final_token,28,exposure_quartile_4,8,28,row_weighted_continuous,0.028588984255347068,-0.021346469622331693
activation,neutral_controls,final_token,28,exposure_quartile_4,8,28,unique_tuple_weighted_continuous,0.08908721213030697,0.062397372742200335
activation,neutral_controls,final_token,28,pair_row_ratio_le_2_0,32,181,row_weighted_continuous,0.1629306070160821,0.1796774128265841
activation,neutral_controls,final_token,28,pair_row_ratio_le_2_0,32,181,unique_tuple_weighted_continuous,0.10054335275134077,0.12214397021026854
activation,neutral_controls,final_token,28,pair_row_ratio_le_1_5,32,117,row_weighted_continuous,0.22338105347412654,0.2525363784861155
activation,neutral_controls,final_token,28,pair_row_ratio_le_1_5,32,117,unique_tuple_weighted_continuous,0.19352965515952614,0.22496216038004466
activation,neutral_controls,final_token,29,all_32,32,496,row_weighted_continuous,0.06784737759596723,0.07918390106032087
activation,neutral_controls,final_token,29,all_32,32,496,unique_tuple_weighted_continuous,0.05093458047872593,0.054440327202707944
activation,neutral_controls,final_token,29,rows_ge_1000,30,435,row_weighted_continuous,0.037848285535177974,0.053691519775139696
activation,neutral_controls,final_token,29,rows_ge_1000,30,435,unique_tuple_weighted_continuous,0.02831882712992393,0.034261018140149896
activation,neutral_controls,final_token,29,rows_ge_10000,30,435,row_weighted_continuous,0.037848285535177974,0.053691519775139696
activation,neutral_controls,final_token,29,rows_ge_10000,30,435,unique_tuple_weighted_continuous,0.02831882712992393,0.034261018140149896
activation,neutral_controls,final_token,29,rows_ge_50000,22,231,row_weighted_continuous,0.06375438690819521,0.05889133355400222
activation,neutral_controls,final_token,29,rows_ge_50000,22,231,unique_tuple_weighted_continuous,0.04294034180109235,0.03725539827488853
activation,neutral_controls,final_token,29,unique_tuples_ge_10,28,378,row_weighted_continuous,0.09896383335199883,0.09404286712993838
activation,neutral_controls,final_token,29,unique_tuples_ge_10,28,378,unique_tuple_weighted_continuous,0.07611640044632129,0.07226347586642373
activation,neutral_controls,final_token,29,unique_tuples_ge_25,24,276,row_weighted_continuous,0.08911026514515318,0.07423695438135872
activation,neutral_controls,final_token,29,unique_tuples_ge_25,24,276,unique_tuple_weighted_continuous,0.07712364812318752,0.06099228036129622
activation,neutral_controls,final_token,29,exposure_quartile_1,8,28,row_weighted_continuous,-0.12730870175538703,-0.09797482211275313
activation,neutral_controls,final_token,29,exposure_quartile_1,8,28,unique_tuple_weighted_continuous,0.1206931151749871,0.0996168582375479
activation,neutral_controls,final_token,29,exposure_quartile_2,8,28,row_weighted_continuous,0.1873076353156151,0.21127531472359057
activation,neutral_controls,final_token,29,exposure_quartile_2,8,28,unique_tuple_weighted_continuous,0.13889044627523484,0.1395730706075534
activation,neutral_controls,final_token,29,exposure_quartile_3,8,28,row_weighted_continuous,0.09460435795407203,0.04324028461959496
activation,neutral_controls,final_token,29,exposure_quartile_3,8,28,unique_tuple_weighted_continuous,-0.00509165640772985,-0.043787629994526546
activation,neutral_controls,final_token,29,exposure_quartile_4,8,28,row_weighted_continuous,0.059377094528597546,-0.027914614121510674
activation,neutral_controls,final_token,29,exposure_quartile_4,8,28,unique_tuple_weighted_continuous,0.10784444202923556,0.059660645867542425
activation,neutral_controls,final_token,29,pair_row_ratio_le_2_0,32,181,row_weighted_continuous,0.18325585370987993,0.18714913079553963
activation,neutral_controls,final_token,29,pair_row_ratio_le_2_0,32,181,unique_tuple_weighted_continuous,0.11084421188923856,0.11815109384170155
activation,neutral_controls,final_token,29,pair_row_ratio_le_1_5,32,117,row_weighted_continuous,0.22690805570771833,0.23519009725906279
activation,neutral_controls,final_token,29,pair_row_ratio_le_1_5,32,117,unique_tuple_weighted_continuous,0.1901420482924723,0.195140044058805
activation,neutral_controls,final_token,30,all_32,32,496,row_weighted_continuous,0.08188699654331325,0.09273185545334568
activation,neutral_controls,final_token,30,all_32,32,496,unique_tuple_weighted_continuous,0.06007747165094096,0.060503588490867
activation,neutral_controls,final_token,30,rows_ge_1000,30,435,row_weighted_continuous,0.05145960121185705,0.06922151742798537
activation,neutral_controls,final_token,30,rows_ge_1000,30,435,unique_tuple_weighted_continuous,0.03184917840853298,0.03994856670510557
activation,neutral_controls,final_token,30,rows_ge_10000,30,435,row_weighted_continuous,0.05145960121185705,0.06922151742798537
activation,neutral_controls,final_token,30,rows_ge_10000,30,435,unique_tuple_weighted_continuous,0.03184917840853298,0.03994856670510557
activation,neutral_controls,final_token,30,rows_ge_50000,22,231,row_weighted_continuous,0.07551055802824093,0.06174964465819039
activation,neutral_controls,final_token,30,rows_ge_50000,22,231,unique_tuple_weighted_continuous,0.04846562013058902,0.0368854533772075
activation,neutral_controls,final_token,30,unique_tuples_ge_10,28,378,row_weighted_continuous,0.10633206257837677,0.1049193429322626
activation,neutral_controls,final_token,30,unique_tuples_ge_10,28,378,unique_tuple_weighted_continuous,0.08061451300666007,0.07787845955437622
activation,neutral_controls,final_token,30,unique_tuples_ge_25,24,276,row_weighted_continuous,0.0959395990947205,0.08148685092963856
activation,neutral_controls,final_token,30,unique_tuples_ge_25,24,276,unique_tuple_weighted_continuous,0.0755529232245924,0.06116693540331902
activation,neutral_controls,final_token,30,exposure_quartile_1,8,28,row_weighted_continuous,-0.1854970786959657,-0.18171866447728516
activation,neutral_controls,final_token,30,exposure_quartile_1,8,28,unique_tuple_weighted_continuous,0.06131306550113569,0.014230979748221127
activation,neutral_controls,final_token,30,exposure_quartile_2,8,28,row_weighted_continuous,0.2057678944415663,0.2430213464696223
activation,neutral_controls,final_token,30,exposure_quartile_2,8,28,unique_tuple_weighted_continuous,0.17717644343153732,0.19978106185002736
activation,neutral_controls,final_token,30,exposure_quartile_3,8,28,row_weighted_continuous,0.1377179545973051,0.0810071154898741
activation,neutral_controls,final_token,30,exposure_quartile_3,8,28,unique_tuple_weighted_continuous,0.04207861247530418,0.01477832512315271
activation,neutral_controls,final_token,30,exposure_quartile_4,8,28,row_weighted_continuous,0.02810704634883981,-0.07060755336617405
activation,neutral_controls,final_token,30,exposure_quartile_4,8,28,unique_tuple_weighted_continuous,0.04870511170982653,0.0
activation,neutral_controls,final_token,30,pair_row_ratio_le_2_0,32,181,row_weighted_continuous,0.1802011568820261,0.18099285613097765
activation,neutral_controls,final_token,30,pair_row_ratio_le_2_0,32,181,unique_tuple_weighted_continuous,0.10170984332457642,0.11312812417784791
activation,neutral_controls,final_token,30,pair_row_ratio_le_1_5,32,117,row_weighted_continuous,0.2289363219966928,0.22151538311678579
activation,neutral_controls,final_token,30,pair_row_ratio_le_1_5,32,117,unique_tuple_weighted_continuous,0.17919466528591196,0.17780125582580286
activation,neutral_controls,final_token,31,all_32,32,496,row_weighted_continuous,0.12608155400733204,0.13092376349986526
activation,neutral_controls,final_token,31,all_32,32,496,unique_tuple_weighted_continuous,0.0763358880160454,0.0653836017079997
activation,neutral_controls,final_token,31,rows_ge_1000,30,435,row_weighted_continuous,0.12035625373927304,0.11785280572414084
activation,neutral_controls,final_token,31,rows_ge_1000,30,435,unique_tuple_weighted_continuous,0.04744406473543798,0.05433035395378876
activation,neutral_controls,final_token,31,rows_ge_10000,30,435,row_weighted_continuous,0.12035625373927304,0.11785280572414084
activation,neutral_controls,final_token,31,rows_ge_10000,30,435,unique_tuple_weighted_continuous,0.04744406473543798,0.05433035395378876
activation,neutral_controls,final_token,31,rows_ge_50000,22,231,row_weighted_continuous,0.12514165341275504,0.09463774606203393
activation,neutral_controls,final_token,31,rows_ge_50000,22,231,unique_tuple_weighted_continuous,0.08478176470324343,0.054163827177320434
activation,neutral_controls,final_token,31,unique_tuples_ge_10,28,378,row_weighted_continuous,0.1345933379320328,0.13912093022274077
activation,neutral_controls,final_token,31,unique_tuples_ge_10,28,378,unique_tuple_weighted_continuous,0.09238850357526872,0.08999515532133129
activation,neutral_controls,final_token,31,unique_tuples_ge_25,24,276,row_weighted_continuous,0.13462264266232002,0.11719182089296673
activation,neutral_controls,final_token,31,unique_tuples_ge_25,24,276,unique_tuple_weighted_continuous,0.08377775019041746,0.0671485852085444
activation,neutral_controls,final_token,31,exposure_quartile_1,8,28,row_weighted_continuous,-0.14145878267271794,-0.14668856048166393
activation,neutral_controls,final_token,31,exposure_quartile_1,8,28,unique_tuple_weighted_continuous,-0.06963829638831828,-0.043787629994526546
activation,neutral_controls,final_token,31,exposure_quartile_2,8,28,row_weighted_continuous,0.2749823625253575,0.17679255610290093
activation,neutral_controls,final_token,31,exposure_quartile_2,8,28,unique_tuple_weighted_continuous,0.2901966358058096,0.1992337164750958
activation,neutral_controls,final_token,31,exposure_quartile_3,8,28,row_weighted_continuous,0.1834590357346433,0.12972085385878487
activation,neutral_controls,final_token,31,exposure_quartile_3,8,28,unique_tuple_weighted_continuous,0.11071233058413518,0.07662835249042146
activation,neutral_controls,final_token,31,exposure_quartile_4,8,28,row_weighted_continuous,-0.2807560673706633,-0.3459222769567597
activation,neutral_controls,final_token,31,exposure_quartile_4,8,28,unique_tuple_weighted_continuous,-0.2574944645169896,-0.3185550082101806
activation,neutral_controls,final_token,31,pair_row_ratio_le_2_0,32,181,row_weighted_continuous,0.20291870711096202,0.19757958431991582
activation,neutral_controls,final_token,31,pair_row_ratio_le_2_0,32,181,unique_tuple_weighted_continuous,0.08923947259938145,0.10994475138121546
activation,neutral_controls,final_token,31,pair_row_ratio_le_1_5,32,117,row_weighted_continuous,0.2092837168902346,0.20336735152632288
activation,neutral_controls,final_token,31,pair_row_ratio_le_1_5,32,117,unique_tuple_weighted_continuous,0.11157445063440646,0.12677396634147073
activation,neutral_controls,mean_tokens,0,all_32,32,496,row_weighted_continuous,0.11620875415512663,0.10301584679140335
activation,neutral_controls,mean_tokens,0,all_32,32,496,unique_tuple_weighted_continuous,0.055333790413632074,0.04249131150539601
activation,neutral_controls,mean_tokens,0,rows_ge_1000,30,435,row_weighted_continuous,0.08450477707269054,0.05993815758590074
activation,neutral_controls,mean_tokens,0,rows_ge_1000,30,435,unique_tuple_weighted_continuous,0.021191247243039113,0.008296971879341688
activation,neutral_controls,mean_tokens,0,rows_ge_10000,30,435,row_weighted_continuous,0.08450477707269054,0.05993815758590074
activation,neutral_controls,mean_tokens,0,rows_ge_10000,30,435,unique_tuple_weighted_continuous,0.021191247243039113,0.008296971879341688
activation,neutral_controls,mean_tokens,0,rows_ge_50000,22,231,row_weighted_continuous,0.019441526232045567,0.04030160244553048
activation,neutral_controls,mean_tokens,0,rows_ge_50000,22,231,unique_tuple_weighted_continuous,0.035730274414014745,0.04241028836231236
activation,neutral_controls,mean_tokens,0,unique_tuples_ge_10,28,378,row_weighted_continuous,-0.01866787862724866,-0.018979564698789517
activation,neutral_controls,mean_tokens,0,unique_tuples_ge_10,28,378,unique_tuple_weighted_continuous,0.0008424759650778298,-0.0042884460134937795
activation,neutral_controls,mean_tokens,0,unique_tuples_ge_25,24,276,row_weighted_continuous,0.0022427441464739285,0.022343288480472595
activation,neutral_controls,mean_tokens,0,unique_tuples_ge_25,24,276,unique_tuple_weighted_continuous,0.024004721214004925,0.03348011586592657
activation,neutral_controls,mean_tokens,0,exposure_quartile_1,8,28,row_weighted_continuous,-0.11191406299827106,-0.11658456486042693
activation,neutral_controls,mean_tokens,0,exposure_quartile_1,8,28,unique_tuple_weighted_continuous,-0.1279853007053667,-0.19321291735084836
activation,neutral_controls,mean_tokens,0,exposure_quartile_2,8,28,row_weighted_continuous,-0.005614476692336581,-0.157088122605364
activation,neutral_controls,mean_tokens,0,exposure_quartile_2,8,28,unique_tuple_weighted_continuous,-0.10639189104043414,-0.2517788724685276
activation,neutral_controls,mean_tokens,0,exposure_quartile_3,8,28,row_weighted_continuous,-0.02558384541191043,-0.007662835249042145
activation,neutral_controls,mean_tokens,0,exposure_quartile_3,8,28,unique_tuple_weighted_continuous,0.09444768681938265,0.08921729611384782
activation,neutral_controls,mean_tokens,0,exposure_quartile_4,8,28,row_weighted_continuous,-0.12281147311543966,-0.05473453749315818
activation,neutral_controls,mean_tokens,0,exposure_quartile_4,8,28,unique_tuple_weighted_continuous,0.049550123369730206,0.1412151067323481
activation,neutral_controls,mean_tokens,0,pair_row_ratio_le_2_0,32,181,row_weighted_continuous,-0.00035759173186844864,-0.016623155849675185
activation,neutral_controls,mean_tokens,0,pair_row_ratio_le_2_0,32,181,unique_tuple_weighted_continuous,0.07582171140943327,0.026365531337907026
activation,neutral_controls,mean_tokens,0,pair_row_ratio_le_1_5,32,117,row_weighted_continuous,-0.03886740799819042,-0.06647784321659247
activation,neutral_controls,mean_tokens,0,pair_row_ratio_le_1_5,32,117,unique_tuple_weighted_continuous,0.030158922211689018,-0.07274947923691348
activation,neutral_controls,mean_tokens,1,all_32,32,496,row_weighted_continuous,0.030924506940487366,0.045219902012269116
activation,neutral_controls,mean_tokens,1,all_32,32,496,unique_tuple_weighted_continuous,0.015387140035849125,0.01840151367638873
activation,neutral_controls,mean_tokens,1,rows_ge_1000,30,435,row_weighted_continuous,-0.02599413977553011,0.01326142196732353
activation,neutral_controls,mean_tokens,1,rows_ge_1000,30,435,unique_tuple_weighted_continuous,-0.02008239750079365,0.003339082160606586
activation,neutral_controls,mean_tokens,1,rows_ge_10000,30,435,row_weighted_continuous,-0.02599413977553011,0.01326142196732353
activation,neutral_controls,mean_tokens,1,rows_ge_10000,30,435,unique_tuple_weighted_continuous,-0.02008239750079365,0.003339082160606586
activation,neutral_controls,mean_tokens,1,rows_ge_50000,22,231,row_weighted_continuous,-0.004134986438991451,0.0033664985688973696
activation,neutral_controls,mean_tokens,1,rows_ge_50000,22,231,unique_tuple_weighted_continuous,-0.0034333325386280596,0.009601043634027142
activation,neutral_controls,mean_tokens,1,unique_tuples_ge_10,28,378,row_weighted_continuous,-0.0434510783633751,-0.00518095113673314
activation,neutral_controls,mean_tokens,1,unique_tuples_ge_10,28,378,unique_tuple_weighted_continuous,-0.028585701260437774,0.00562109369315265
activation,neutral_controls,mean_tokens,1,unique_tuples_ge_25,24,276,row_weighted_continuous,-0.03779076513253304,-0.020423224554444147
activation,neutral_controls,mean_tokens,1,unique_tuples_ge_25,24,276,unique_tuple_weighted_continuous,-0.029820302292513333,-0.0066243346984204
activation,neutral_controls,mean_tokens,1,exposure_quartile_1,8,28,row_weighted_continuous,-0.3553773561699242,-0.2983032293377121
activation,neutral_controls,mean_tokens,1,exposure_quartile_1,8,28,unique_tuple_weighted_continuous,-0.337378028549847,-0.3760262725779967
activation,neutral_controls,mean_tokens,1,exposure_quartile_2,8,28,row_weighted_continuous,-0.03394888319981652,-0.0421455938697318
activation,neutral_controls,mean_tokens,1,exposure_quartile_2,8,28,unique_tuple_weighted_continuous,-0.017028915953203036,-0.08812260536398467
activation,neutral_controls,mean_tokens,1,exposure_quartile_3,8,28,row_weighted_continuous,0.0726130186135558,0.15216201423097975
activation,neutral_controls,mean_tokens,1,exposure_quartile_3,8,28,unique_tuple_weighted_continuous,0.06257259997737386,0.18883415435139572
activation,neutral_controls,mean_tokens,1,exposure_quartile_4,8,28,row_weighted_continuous,0.2860130450360442,0.38314176245210724
activation,neutral_controls,mean_tokens,1,exposure_quartile_4,8,28,unique_tuple_weighted_continuous,0.20164687382352955,0.25779967159277506
activation,neutral_controls,mean_tokens,1,pair_row_ratio_le_2_0,32,181,row_weighted_continuous,0.09334738057271068,0.07265294558112237
activation,neutral_controls,mean_tokens,1,pair_row_ratio_le_2_0,32,181,unique_tuple_weighted_continuous,0.06675095423091579,0.03440390180721672
activation,neutral_controls,mean_tokens,1,pair_row_ratio_le_1_5,32,117,row_weighted_continuous,0.12617374331709003,0.08718847877234784
activation,neutral_controls,mean_tokens,1,pair_row_ratio_le_1_5,32,117,unique_tuple_weighted_continuous,0.11096683890688014,0.08030241723988071
activation,neutral_controls,mean_tokens,2,all_32,32,496,row_weighted_continuous,0.03293465006333238,0.04841148553097667
activation,neutral_controls,mean_tokens,2,all_32,32,496,unique_tuple_weighted_continuous,0.016673169979058832,0.021320690516510598
activation,neutral_controls,mean_tokens,2,rows_ge_1000,30,435,row_weighted_continuous,-0.022959980778665616,0.017102882626247012
activation,neutral_controls,mean_tokens,2,rows_ge_1000,30,435,unique_tuple_weighted_continuous,-0.018422631965642568,0.006841444622465328
activation,neutral_controls,mean_tokens,2,rows_ge_10000,30,435,row_weighted_continuous,-0.022959980778665616,0.017102882626247012
activation,neutral_controls,mean_tokens,2,rows_ge_10000,30,435,unique_tuple_weighted_continuous,-0.018422631965642568,0.006841444622465328
activation,neutral_controls,mean_tokens,2,rows_ge_50000,22,231,row_weighted_continuous,-0.0026340893885074303,0.006187815183317432
activation,neutral_controls,mean_tokens,2,rows_ge_50000,22,231,unique_tuple_weighted_continuous,-0.002130735924137768,0.012353238964933117
activation,neutral_controls,mean_tokens,2,unique_tuples_ge_10,28,378,row_weighted_continuous,-0.04091842514167377,-0.0006057792428459338
activation,neutral_controls,mean_tokens,2,unique_tuples_ge_10,28,378,unique_tuple_weighted_continuous,-0.026324995079302055,0.009735237921936129
activation,neutral_controls,mean_tokens,2,unique_tuples_ge_25,24,276,row_weighted_continuous,-0.03553384038533182,-0.01779141279376721
activation,neutral_controls,mean_tokens,2,unique_tuples_ge_25,24,276,unique_tuple_weighted_continuous,-0.027855080280543818,-0.0038332786347226784
activation,neutral_controls,mean_tokens,2,exposure_quartile_1,8,28,row_weighted_continuous,-0.3547017896997343,-0.2983032293377121
activation,neutral_controls,mean_tokens,2,exposure_quartile_1,8,28,unique_tuple_weighted_continuous,-0.33574361162071675,-0.3760262725779967
activation,neutral_controls,mean_tokens,2,exposure_quartile_2,8,28,row_weighted_continuous,-0.030933957426728054,-0.02463054187192118
activation,neutral_controls,mean_tokens,2,exposure_quartile_2,8,28,unique_tuple_weighted_continuous,-0.01737124514348554,-0.07115489874110564
activation,neutral_controls,mean_tokens,2,exposure_quartile_3,8,28,row_weighted_continuous,0.07691553077815466,0.1346469622331691
activation,neutral_controls,mean_tokens,2,exposure_quartile_3,8,28,unique_tuple_weighted_continuous,0.06481425830779178,0.14887794198139023
activation,neutral_controls,mean_tokens,2,exposure_quartile_4,8,28,row_weighted_continuous,0.2942951366964466,0.39244663382594414
activation,neutral_controls,mean_tokens,2,exposure_quartile_4,8,28,unique_tuple_weighted_continuous,0.21308761759735392,0.2616310892172961
activation,neutral_controls,mean_tokens,2,pair_row_ratio_le_2_0,32,181,row_weighted_continuous,0.09866790859899412,0.08396373423997733
activation,neutral_controls,mean_tokens,2,pair_row_ratio_le_2_0,32,181,unique_tuple_weighted_continuous,0.07065009152752187,0.04431627304555481
activation,neutral_controls,mean_tokens,2,pair_row_ratio_le_1_5,32,117,row_weighted_continuous,0.1295958131283274,0.09806081313971436
activation,neutral_controls,mean_tokens,2,pair_row_ratio_le_1_5,32,117,unique_tuple_weighted_continuous,0.11336988710323745,0.09157188029192703
activation,neutral_controls,mean_tokens,3,all_32,32,496,row_weighted_continuous,0.038295067856529176,0.05413605779348623
activation,neutral_controls,mean_tokens,3,all_32,32,496,unique_tuple_weighted_continuous,0.01926724057077605,0.02143299680782643
activation,neutral_controls,mean_tokens,3,rows_ge_1000,30,435,row_weighted_continuous,-0.01611836642894294,0.023463816647884574
activation,neutral_controls,mean_tokens,3,rows_ge_1000,30,435,unique_tuple_weighted_continuous,-0.017027469447253123,0.00591409998294304
activation,neutral_controls,mean_tokens,3,rows_ge_10000,30,435,row_weighted_continuous,-0.01611836642894294,0.023463816647884574
activation,neutral_controls,mean_tokens,3,rows_ge_10000,30,435,unique_tuple_weighted_continuous,-0.017027469447253123,0.00591409998294304
activation,neutral_controls,mean_tokens,3,rows_ge_50000,22,231,row_weighted_continuous,-0.0009648362130920025,0.0032350707763001614
activation,neutral_controls,mean_tokens,3,rows_ge_50000,22,231,unique_tuple_weighted_continuous,-0.0026700361061647243,0.002832999084873148
activation,neutral_controls,mean_tokens,3,unique_tuples_ge_10,28,378,row_weighted_continuous,-0.03613394966299618,0.006176326529342633
activation,neutral_controls,mean_tokens,3,unique_tuples_ge_10,28,378,unique_tuple_weighted_continuous,-0.02535799603713186,0.009068914082106694
activation,neutral_controls,mean_tokens,3,unique_tuples_ge_25,24,276,row_weighted_continuous,-0.032485120584771036,-0.016864485381201753
activation,neutral_controls,mean_tokens,3,unique_tuples_ge_25,24,276,unique_tuple_weighted_continuous,-0.027460118826852932,-0.008922247114053738
activation,neutral_controls,mean_tokens,3,exposure_quartile_1,8,28,row_weighted_continuous,-0.3535722462963566,-0.2818828680897646
activation,neutral_controls,mean_tokens,3,exposure_quartile_1,8,28,unique_tuple_weighted_continuous,-0.3281552166519429,-0.3552271483305966
activation,neutral_controls,mean_tokens,3,exposure_quartile_2,8,28,row_weighted_continuous,-0.01713540897701521,-0.03667214012041598
activation,neutral_controls,mean_tokens,3,exposure_quartile_2,8,28,unique_tuple_weighted_continuous,-0.007132882393952378,-0.08921729611384782
activation,neutral_controls,mean_tokens,3,exposure_quartile_3,8,28,row_weighted_continuous,0.07144143969211086,0.08045977011494251
activation,neutral_controls,mean_tokens,3,exposure_quartile_3,8,28,unique_tuple_weighted_continuous,0.04360743464370399,0.06349206349206349
activation,neutral_controls,mean_tokens,3,exposure_quartile_4,8,28,row_weighted_continuous,0.29539155423273983,0.3940886699507389
activation,neutral_controls,mean_tokens,3,exposure_quartile_4,8,28,unique_tuple_weighted_continuous,0.21371505480357103,0.26327312534209085
activation,neutral_controls,mean_tokens,3,pair_row_ratio_le_2_0,32,181,row_weighted_continuous,0.10676664286393052,0.09412502782668529
activation,neutral_controls,mean_tokens,3,pair_row_ratio_le_2_0,32,181,unique_tuple_weighted_continuous,0.07438234436601321,0.04362617125048064
activation,neutral_controls,mean_tokens,3,pair_row_ratio_le_1_5,32,117,row_weighted_continuous,0.13878697784917604,0.11354883184222751
activation,neutral_controls,mean_tokens,3,pair_row_ratio_le_1_5,32,117,unique_tuple_weighted_continuous,0.12040711070966788,0.09571550600188822
activation,neutral_controls,mean_tokens,4,all_32,32,496,row_weighted_continuous,0.04350821303398886,0.05777381788285923
activation,neutral_controls,mean_tokens,4,all_32,32,496,unique_tuple_weighted_continuous,0.023587056716276773,0.025148545230326235
activation,neutral_controls,mean_tokens,4,rows_ge_1000,30,435,row_weighted_continuous,-0.010485860442268197,0.02677971883715268
activation,neutral_controls,mean_tokens,4,rows_ge_1000,30,435,unique_tuple_weighted_continuous,-0.013167028335323827,0.007843577471400433
activation,neutral_controls,mean_tokens,4,rows_ge_10000,30,435,row_weighted_continuous,-0.010485860442268197,0.02677971883715268
activation,neutral_controls,mean_tokens,4,rows_ge_10000,30,435,unique_tuple_weighted_continuous,-0.013167028335323827,0.007843577471400433
activation,neutral_controls,mean_tokens,4,rows_ge_50000,22,231,row_weighted_continuous,0.005325772418150325,0.006738838373021282
activation,neutral_controls,mean_tokens,4,rows_ge_50000,22,231,unique_tuple_weighted_continuous,0.004157611063946728,0.010216320411222961
activation,neutral_controls,mean_tokens,4,unique_tuples_ge_10,28,378,row_weighted_continuous,-0.028829380379697764,0.01098034589072711
activation,neutral_controls,mean_tokens,4,unique_tuples_ge_10,28,378,unique_tuple_weighted_continuous,-0.01934038143221328,0.01287955768894719
activation,neutral_controls,mean_tokens,4,unique_tuples_ge_25,24,276,row_weighted_continuous,-0.027743835879216444,-0.01677087941096731
activation,neutral_controls,mean_tokens,4,unique_tuples_ge_25,24,276,unique_tuple_weighted_continuous,-0.022048912302765532,-0.005381201752258101
activation,neutral_controls,mean_tokens,4,exposure_quartile_1,8,28,row_weighted_continuous,-0.3525848070192329,-0.2676518883415435
activation,neutral_controls,mean_tokens,4,exposure_quartile_1,8,28,unique_tuple_weighted_continuous,-0.3200352671464045,-0.3037766830870279
activation,neutral_controls,mean_tokens,4,exposure_quartile_2,8,28,row_weighted_continuous,0.00015420993277207376,0.0060207991242474
activation,neutral_controls,mean_tokens,4,exposure_quartile_2,8,28,unique_tuple_weighted_continuous,0.0113998020142951,-0.01860974274767378
activation,neutral_controls,mean_tokens,4,exposure_quartile_3,8,28,row_weighted_continuous,0.10238662378043344,0.12205801860974276
activation,neutral_controls,mean_tokens,4,exposure_quartile_3,8,28,unique_tuple_weighted_continuous,0.058191192928496144,0.10290093048713739
activation,neutral_controls,mean_tokens,4,exposure_quartile_4,8,28,row_weighted_continuous,0.3016058894202411,0.40996168582375475
activation,neutral_controls,mean_tokens,4,exposure_quartile_4,8,28,unique_tuple_weighted_continuous,0.22012652758087903,0.2851669403393541
activation,neutral_controls,mean_tokens,4,pair_row_ratio_le_2_0,32,181,row_weighted_continuous,0.11877415225324917,0.10979904073826724
activation,neutral_controls,mean_tokens,4,pair_row_ratio_le_2_0,32,181,unique_tuple_weighted_continuous,0.08530282891528525,0.06229129986036063
activation,neutral_controls,mean_tokens,4,pair_row_ratio_le_1_5,32,117,row_weighted_continuous,0.14558894497342653,0.11596157592650871
activation,neutral_controls,mean_tokens,4,pair_row_ratio_le_1_5,32,117,unique_tuple_weighted_continuous,0.1289057958771931,0.10374799562409145
activation,neutral_controls,mean_tokens,5,all_32,32,496,row_weighted_continuous,0.050740012486607845,0.06534554344640668
activation,neutral_controls,mean_tokens,5,all_32,32,496,unique_tuple_weighted_continuous,0.027924182541729122,0.029903959435990328
activation,neutral_controls,mean_tokens,5,rows_ge_1000,30,435,row_weighted_continuous,0.00018623187014532756,0.03577325614451473
activation,neutral_controls,mean_tokens,5,rows_ge_1000,30,435,unique_tuple_weighted_continuous,-0.008298729926470523,0.012035507634083013
activation,neutral_controls,mean_tokens,5,rows_ge_10000,30,435,row_weighted_continuous,0.00018623187014532756,0.03577325614451473
activation,neutral_controls,mean_tokens,5,rows_ge_10000,30,435,unique_tuple_weighted_continuous,-0.008298729926470523,0.012035507634083013
activation,neutral_controls,mean_tokens,5,rows_ge_50000,22,231,row_weighted_continuous,0.014032824019981505,0.024133063338460638
activation,neutral_controls,mean_tokens,5,rows_ge_50000,22,231,unique_tuple_weighted_continuous,0.010280202943687004,0.022580268307404738
activation,neutral_controls,mean_tokens,5,unique_tuples_ge_10,28,378,row_weighted_continuous,-0.019912850136457924,0.0229472909847762
activation,neutral_controls,mean_tokens,5,unique_tuples_ge_10,28,378,unique_tuple_weighted_continuous,-0.013610402082936908,0.018784266714391363
activation,neutral_controls,mean_tokens,5,unique_tuples_ge_25,24,276,row_weighted_continuous,-0.019238034053510336,0.002769366875472668
activation,neutral_controls,mean_tokens,5,unique_tuples_ge_25,24,276,unique_tuple_weighted_continuous,-0.015769744023217784,0.008304105249639702
activation,neutral_controls,mean_tokens,5,exposure_quartile_1,8,28,row_weighted_continuous,-0.3499189565572389,-0.2260536398467433
activation,neutral_controls,mean_tokens,5,exposure_quartile_1,8,28,unique_tuple_weighted_continuous,-0.31101070162847577,-0.24794745484400657
activation,neutral_controls,mean_tokens,5,exposure_quartile_2,8,28,row_weighted_continuous,0.026831155755003087,0.02736726874657909
activation,neutral_controls,mean_tokens,5,exposure_quartile_2,8,28,unique_tuple_weighted_continuous,0.028161509833399042,-0.011494252873563218
activation,neutral_controls,mean_tokens,5,exposure_quartile_3,8,28,row_weighted_continuous,0.16244670425774754,0.1444991789819376
activation,neutral_controls,mean_tokens,5,exposure_quartile_3,8,28,unique_tuple_weighted_continuous,0.13088864431856273,0.14887794198139023
activation,neutral_controls,mean_tokens,5,exposure_quartile_4,8,28,row_weighted_continuous,0.30224319208186035,0.391351943076081
activation,neutral_controls,mean_tokens,5,exposure_quartile_4,8,28,unique_tuple_weighted_continuous,0.21598120659502826,0.25670498084291193
activation,neutral_controls,mean_tokens,5,pair_row_ratio_le_2_0,32,181,row_weighted_continuous,0.13018040661744973,0.13649849229959726
activation,neutral_controls,mean_tokens,5,pair_row_ratio_le_2_0,32,181,unique_tuple_weighted_continuous,0.09077821366427975,0.08485823568696496
activation,neutral_controls,mean_tokens,5,pair_row_ratio_le_1_5,32,117,row_weighted_continuous,0.15640505757407244,0.1402388766503319
activation,neutral_controls,mean_tokens,5,pair_row_ratio_le_1_5,32,117,unique_tuple_weighted_continuous,0.13707895425555883,0.12889448365777997
activation,neutral_controls,mean_tokens,6,all_32,32,496,row_weighted_continuous,0.05504838211108873,0.07334820260763013
activation,neutral_controls,mean_tokens,6,all_32,32,496,unique_tuple_weighted_continuous,0.030404488432692924,0.036720813640395644
activation,neutral_controls,mean_tokens,6,rows_ge_1000,30,435,row_weighted_continuous,0.007312457046739959,0.04610525456419467
activation,neutral_controls,mean_tokens,6,rows_ge_1000,30,435,unique_tuple_weighted_continuous,-0.003311431862721887,0.020370383869072525
activation,neutral_controls,mean_tokens,6,rows_ge_10000,30,435,row_weighted_continuous,0.007312457046739959,0.04610525456419467
activation,neutral_controls,mean_tokens,6,rows_ge_10000,30,435,unique_tuple_weighted_continuous,-0.003311431862721887,0.020370383869072525
activation,neutral_controls,mean_tokens,6,rows_ge_50000,22,231,row_weighted_continuous,0.021663545576289696,0.04211043828734983
activation,neutral_controls,mean_tokens,6,rows_ge_50000,22,231,unique_tuple_weighted_continuous,0.01897532860774499,0.04101033898635098
activation,neutral_controls,mean_tokens,6,unique_tuples_ge_10,28,378,row_weighted_continuous,-0.013645275531952761,0.03607513706685757
activation,neutral_controls,mean_tokens,6,unique_tuples_ge_10,28,378,unique_tuple_weighted_continuous,-0.00739109763410347,0.031158027063768124
activation,neutral_controls,mean_tokens,6,unique_tuples_ge_25,24,276,row_weighted_continuous,-0.009473942933490104,0.025851229291819468
activation,neutral_controls,mean_tokens,6,unique_tuples_ge_25,24,276,unique_tuple_weighted_continuous,-0.006799076351602009,0.02818167548979039
activation,neutral_controls,mean_tokens,6,exposure_quartile_1,8,28,row_weighted_continuous,-0.34871537839238526,-0.2205801860974275
activation,neutral_controls,mean_tokens,6,exposure_quartile_1,8,28,unique_tuple_weighted_continuous,-0.3029836958665028,-0.23918992884510124
activation,neutral_controls,mean_tokens,6,exposure_quartile_2,8,28,row_weighted_continuous,0.039558057537698865,0.05363984674329502
activation,neutral_controls,mean_tokens,6,exposure_quartile_2,8,28,unique_tuple_weighted_continuous,0.0426834327000039,0.0049261083743842365
activation,neutral_controls,mean_tokens,6,exposure_quartile_3,8,28,row_weighted_continuous,0.25099364161351034,0.32129173508483855
activation,neutral_controls,mean_tokens,6,exposure_quartile_3,8,28,unique_tuple_weighted_continuous,0.19171130189485028,0.2911877394636015
activation,neutral_controls,mean_tokens,6,exposure_quartile_4,8,28,row_weighted_continuous,0.30686252157481403,0.3875205254515599
activation,neutral_controls,mean_tokens,6,exposure_quartile_4,8,28,unique_tuple_weighted_continuous,0.22184643136088772,0.24904214559386975
activation,neutral_controls,mean_tokens,6,pair_row_ratio_le_2_0,32,181,row_weighted_continuous,0.14404259347182663,0.1635075789771922
activation,neutral_controls,mean_tokens,6,pair_row_ratio_le_2_0,32,181,unique_tuple_weighted_continuous,0.10160156701249792,0.10731993604921782
activation,neutral_controls,mean_tokens,6,pair_row_ratio_le_1_5,32,117,row_weighted_continuous,0.1690309246104496,0.16471848821352034
activation,neutral_controls,mean_tokens,6,pair_row_ratio_le_1_5,32,117,unique_tuple_weighted_continuous,0.14723305618472288,0.15223516012528285
activation,neutral_controls,mean_tokens,7,all_32,32,496,row_weighted_continuous,0.059440252587295225,0.07788795333093379
activation,neutral_controls,mean_tokens,7,all_32,32,496,unique_tuple_weighted_continuous,0.03170810056616223,0.03802040001494795
activation,neutral_controls,mean_tokens,7,rows_ge_1000,30,435,row_weighted_continuous,0.014265409862747434,0.05053700266934135
activation,neutral_controls,mean_tokens,7,rows_ge_1000,30,435,unique_tuple_weighted_continuous,-0.0017019056771742551,0.020255796086229495
activation,neutral_controls,mean_tokens,7,rows_ge_10000,30,435,row_weighted_continuous,0.014265409862747434,0.05053700266934135
activation,neutral_controls,mean_tokens,7,rows_ge_10000,30,435,unique_tuple_weighted_continuous,-0.0017019056771742551,0.020255796086229495
activation,neutral_controls,mean_tokens,7,rows_ge_50000,22,231,row_weighted_continuous,0.023763932703263158,0.04800911232695341
activation,neutral_controls,mean_tokens,7,rows_ge_50000,22,231,unique_tuple_weighted_continuous,0.01964140425355783,0.04318035787301155
activation,neutral_controls,mean_tokens,7,unique_tuples_ge_10,28,378,row_weighted_continuous,-0.005356555490898299,0.04295078146411055
activation,neutral_controls,mean_tokens,7,unique_tuples_ge_10,28,378,unique_tuple_weighted_continuous,-0.0024203735755189146,0.03469671989369924
activation,neutral_controls,mean_tokens,7,unique_tuples_ge_25,24,276,row_weighted_continuous,-0.006277256802099547,0.02937572237839072
activation,neutral_controls,mean_tokens,7,unique_tuples_ge_25,24,276,unique_tuple_weighted_continuous,-0.005116086243393363,0.028718768282416065
activation,neutral_controls,mean_tokens,7,exposure_quartile_1,8,28,row_weighted_continuous,-0.34576280125515263,-0.2380952380952381
activation,neutral_controls,mean_tokens,7,exposure_quartile_1,8,28,unique_tuple_weighted_continuous,-0.29266520915944094,-0.2468527640941434
activation,neutral_controls,mean_tokens,7,exposure_quartile_2,8,28,row_weighted_continuous,0.06498859098600655,0.1330049261083744
activation,neutral_controls,mean_tokens,7,exposure_quartile_2,8,28,unique_tuple_weighted_continuous,0.04417315390055026,0.04324028461959496
activation,neutral_controls,mean_tokens,7,exposure_quartile_3,8,28,row_weighted_continuous,0.23141594940102966,0.2846195949644226
activation,neutral_controls,mean_tokens,7,exposure_quartile_3,8,28,unique_tuple_weighted_continuous,0.1465559570473712,0.20963327859879585
activation,neutral_controls,mean_tokens,7,exposure_quartile_4,8,28,row_weighted_continuous,0.32103815722943874,0.37931034482758613
activation,neutral_controls,mean_tokens,7,exposure_quartile_4,8,28,unique_tuple_weighted_continuous,0.2538019646795092,0.25506294471811713
activation,neutral_controls,mean_tokens,7,pair_row_ratio_le_2_0,32,181,row_weighted_continuous,0.16503417658729472,0.20464655050290406
activation,neutral_controls,mean_tokens,7,pair_row_ratio_le_2_0,32,181,unique_tuple_weighted_continuous,0.11707754220190131,0.1428996417946694
activation,neutral_controls,mean_tokens,7,pair_row_ratio_le_1_5,32,117,row_weighted_continuous,0.18890855193287048,0.20136672211482265
activation,neutral_controls,mean_tokens,7,pair_row_ratio_le_1_5,32,117,unique_tuple_weighted_continuous,0.16474076443753916,0.1841852867568823
activation,neutral_controls,mean_tokens,8,all_32,32,496,row_weighted_continuous,0.0594740338154174,0.07837897374471658
activation,neutral_controls,mean_tokens,8,all_32,32,496,unique_tuple_weighted_continuous,0.03411194460962909,0.04317655689759279
activation,neutral_controls,mean_tokens,8,rows_ge_1000,30,435,row_weighted_continuous,0.01536062581482797,0.051624711890450585
activation,neutral_controls,mean_tokens,8,rows_ge_1000,30,435,unique_tuple_weighted_continuous,0.005747060467238247,0.02714768265890308
activation,neutral_controls,mean_tokens,8,rows_ge_10000,30,435,row_weighted_continuous,0.01536062581482797,0.051624711890450585
activation,neutral_controls,mean_tokens,8,rows_ge_10000,30,435,unique_tuple_weighted_continuous,0.005747060467238247,0.02714768265890308
activation,neutral_controls,mean_tokens,8,rows_ge_50000,22,231,row_weighted_continuous,0.03334209849392708,0.07249070270059775
activation,neutral_controls,mean_tokens,8,rows_ge_50000,22,231,unique_tuple_weighted_continuous,0.03128344641908319,0.0709719815416967
activation,neutral_controls,mean_tokens,8,unique_tuples_ge_10,28,378,row_weighted_continuous,0.003602148156698403,0.05441581740371659
activation,neutral_controls,mean_tokens,8,unique_tuples_ge_10,28,378,unique_tuple_weighted_continuous,0.0055789537456001235,0.045024183956037286
activation,neutral_controls,mean_tokens,8,unique_tuples_ge_25,24,276,row_weighted_continuous,0.005391595419226221,0.05691014683009661
activation,neutral_controls,mean_tokens,8,unique_tuples_ge_25,24,276,unique_tuple_weighted_continuous,0.006368179543010038,0.05363108403133517
activation,neutral_controls,mean_tokens,8,exposure_quartile_1,8,28,row_weighted_continuous,-0.3468109368936231,-0.25068418171866447
activation,neutral_controls,mean_tokens,8,exposure_quartile_1,8,28,unique_tuple_weighted_continuous,-0.2833794533282412,-0.23590585659551178
activation,neutral_controls,mean_tokens,8,exposure_quartile_2,8,28,row_weighted_continuous,0.06143548505311783,0.14614121510673234
activation,neutral_controls,mean_tokens,8,exposure_quartile_2,8,28,unique_tuple_weighted_continuous,0.039725480069829504,0.042692939244663386
activation,neutral_controls,mean_tokens,8,exposure_quartile_3,8,28,row_weighted_continuous,0.30366179653818887,0.30487137383689106
activation,neutral_controls,mean_tokens,8,exposure_quartile_3,8,28,unique_tuple_weighted_continuous,0.20190700658472924,0.23152709359605914
activation,neutral_controls,mean_tokens,8,exposure_quartile_4,8,28,row_weighted_continuous,0.2946093312286435,0.3262178434592227
activation,neutral_controls,mean_tokens,8,exposure_quartile_4,8,28,unique_tuple_weighted_continuous,0.24537041610696184,0.2282430213464696
activation,neutral_controls,mean_tokens,8,pair_row_ratio_le_2_0,32,181,row_weighted_continuous,0.1834591001857321,0.2348653188432194
activation,neutral_controls,mean_tokens,8,pair_row_ratio_le_2_0,32,181,unique_tuple_weighted_continuous,0.13927521187177225,0.17543763786857708
activation,neutral_controls,mean_tokens,8,pair_row_ratio_le_1_5,32,117,row_weighted_continuous,0.20130602176225296,0.21704955866265038
activation,neutral_controls,mean_tokens,8,pair_row_ratio_le_1_5,32,117,unique_tuple_weighted_continuous,0.18116934704843496,0.19883409012573244
activation,neutral_controls,mean_tokens,9,all_32,32,496,row_weighted_continuous,0.05905173923165423,0.07387826470061816
activation,neutral_controls,mean_tokens,9,all_32,32,496,unique_tuple_weighted_continuous,0.03614877812812402,0.04751795228851113
activation,neutral_controls,mean_tokens,9,rows_ge_1000,30,435,row_weighted_continuous,0.015295045669064217,0.04557401044119212
activation,neutral_controls,mean_tokens,9,rows_ge_1000,30,435,unique_tuple_weighted_continuous,0.014351016705146939,0.03321791942991849
activation,neutral_controls,mean_tokens,9,rows_ge_10000,30,435,row_weighted_continuous,0.015295045669064217,0.04557401044119212
activation,neutral_controls,mean_tokens,9,rows_ge_10000,30,435,unique_tuple_weighted_continuous,0.014351016705146939,0.03321791942991849
activation,neutral_controls,mean_tokens,9,rows_ge_50000,22,231,row_weighted_continuous,0.04265976080287135,0.07204482174497166
activation,neutral_controls,mean_tokens,9,rows_ge_50000,22,231,unique_tuple_weighted_continuous,0.03611347747157153,0.06363928425397691
activation,neutral_controls,mean_tokens,9,unique_tuples_ge_10,28,378,row_weighted_continuous,0.016945606632916006,0.05990926753368751
activation,neutral_controls,mean_tokens,9,unique_tuples_ge_10,28,378,unique_tuple_weighted_continuous,0.017093022088634453,0.04869374198825568
activation,neutral_controls,mean_tokens,9,unique_tuples_ge_25,24,276,row_weighted_continuous,0.01513079087294481,0.057716071403090714
activation,neutral_controls,mean_tokens,9,unique_tuples_ge_25,24,276,unique_tuple_weighted_continuous,0.013978301483891085,0.052327449665387195
activation,neutral_controls,mean_tokens,9,exposure_quartile_1,8,28,row_weighted_continuous,-0.36171437205734924,-0.25944170771756975
activation,neutral_controls,mean_tokens,9,exposure_quartile_1,8,28,unique_tuple_weighted_continuous,-0.2820570698820779,-0.21127531472359057
activation,neutral_controls,mean_tokens,9,exposure_quartile_2,8,28,row_weighted_continuous,0.0746041280470185,0.10563765736179528
activation,neutral_controls,mean_tokens,9,exposure_quartile_2,8,28,unique_tuple_weighted_continuous,0.04493417452918117,-0.002736726874657909
activation,neutral_controls,mean_tokens,9,exposure_quartile_3,8,28,row_weighted_continuous,0.29166493763027207,0.26491516146688554
activation,neutral_controls,mean_tokens,9,exposure_quartile_3,8,28,unique_tuple_weighted_continuous,0.1336687005939504,0.12972085385878487
activation,neutral_controls,mean_tokens,9,exposure_quartile_4,8,28,row_weighted_continuous,0.29660097202041086,0.3366174055829228
activation,neutral_controls,mean_tokens,9,exposure_quartile_4,8,28,unique_tuple_weighted_continuous,0.25412242504246063,0.2370005473453749
activation,neutral_controls,mean_tokens,9,pair_row_ratio_le_2_0,32,181,row_weighted_continuous,0.19313527998131405,0.23094327403719664
activation,neutral_controls,mean_tokens,9,pair_row_ratio_le_2_0,32,181,unique_tuple_weighted_continuous,0.14208232342840058,0.16650476595227975
activation,neutral_controls,mean_tokens,9,pair_row_ratio_le_1_5,32,117,row_weighted_continuous,0.22456074193594286,0.2414392542972321
activation,neutral_controls,mean_tokens,9,pair_row_ratio_le_1_5,32,117,unique_tuple_weighted_continuous,0.19586114465930096,0.21525124009051536
activation,neutral_controls,mean_tokens,10,all_32,32,496,row_weighted_continuous,0.061950467399315805,0.07298807507803418
activation,neutral_controls,mean_tokens,10,all_32,32,496,unique_tuple_weighted_continuous,0.036791123079418835,0.04532807794961361
activation,neutral_controls,mean_tokens,10,rows_ge_1000,30,435,row_weighted_continuous,0.023548217183208875,0.04443687977175746
activation,neutral_controls,mean_tokens,10,rows_ge_1000,30,435,unique_tuple_weighted_continuous,0.017753993196335957,0.031030546537072646
activation,neutral_controls,mean_tokens,10,rows_ge_10000,30,435,row_weighted_continuous,0.023548217183208875,0.04443687977175746
activation,neutral_controls,mean_tokens,10,rows_ge_10000,30,435,unique_tuple_weighted_continuous,0.017753993196335957,0.031030546537072646
activation,neutral_controls,mean_tokens,10,rows_ge_50000,22,231,row_weighted_continuous,0.03628986271689326,0.047825113417317315
activation,neutral_controls,mean_tokens,10,rows_ge_50000,22,231,unique_tuple_weighted_continuous,0.030602336897213443,0.04263225530092097
activation,neutral_controls,mean_tokens,10,unique_tuples_ge_10,28,378,row_weighted_continuous,0.023812636962923933,0.05330201900122745
activation,neutral_controls,mean_tokens,10,unique_tuples_ge_10,28,378,unique_tuple_weighted_continuous,0.021736678982739805,0.04431497898880303
activation,neutral_controls,mean_tokens,10,unique_tuples_ge_25,24,276,row_weighted_continuous,0.013534126669831406,0.03603601546781582
activation,neutral_controls,mean_tokens,10,unique_tuples_ge_25,24,276,unique_tuple_weighted_continuous,0.015877890080080084,0.039110172514661604
activation,neutral_controls,mean_tokens,10,exposure_quartile_1,8,28,row_weighted_continuous,-0.356639806686246,-0.2517788724685276
activation,neutral_controls,mean_tokens,10,exposure_quartile_1,8,28,unique_tuple_weighted_continuous,-0.2765390968559954,-0.21729611384783798
activation,neutral_controls,mean_tokens,10,exposure_quartile_2,8,28,row_weighted_continuous,0.08161856177893712,0.1417624521072797
activation,neutral_controls,mean_tokens,10,exposure_quartile_2,8,28,unique_tuple_weighted_continuous,0.07181859408711384,0.0810071154898741
activation,neutral_controls,mean_tokens,10,exposure_quartile_3,8,28,row_weighted_continuous,0.24645192836212954,0.22495894909688013
activation,neutral_controls,mean_tokens,10,exposure_quartile_3,8,28,unique_tuple_weighted_continuous,0.0719276056206065,0.0842911877394636
activation,neutral_controls,mean_tokens,10,exposure_quartile_4,8,28,row_weighted_continuous,0.35342361534189937,0.3968253968253968
activation,neutral_controls,mean_tokens,10,exposure_quartile_4,8,28,unique_tuple_weighted_continuous,0.30121242963992734,0.2835249042145594
activation,neutral_controls,mean_tokens,10,pair_row_ratio_le_2_0,32,181,row_weighted_continuous,0.19983400482048838,0.23024102968854349
activation,neutral_controls,mean_tokens,10,pair_row_ratio_le_2_0,32,181,unique_tuple_weighted_continuous,0.14079731151633804,0.16039099022524433
activation,neutral_controls,mean_tokens,10,pair_row_ratio_le_1_5,32,117,row_weighted_continuous,0.24373393381056818,0.240412714112305
activation,neutral_controls,mean_tokens,10,pair_row_ratio_le_1_5,32,117,unique_tuple_weighted_continuous,0.20381369458770063,0.21392498014356573
activation,neutral_controls,mean_tokens,11,all_32,32,496,row_weighted_continuous,0.07235659216640422,0.09157034091154945
activation,neutral_controls,mean_tokens,11,all_32,32,496,unique_tuple_weighted_continuous,0.03574638794576371,0.04817271173472899
activation,neutral_controls,mean_tokens,11,rows_ge_1000,30,435,row_weighted_continuous,0.0523094308707632,0.0686538268091676
activation,neutral_controls,mean_tokens,11,rows_ge_1000,30,435,unique_tuple_weighted_continuous,0.02060832676332976,0.03510016225979937
activation,neutral_controls,mean_tokens,11,rows_ge_10000,30,435,row_weighted_continuous,0.0523094308707632,0.0686538268091676
activation,neutral_controls,mean_tokens,11,rows_ge_10000,30,435,unique_tuple_weighted_continuous,0.02060832676332976,0.03510016225979937
activation,neutral_controls,mean_tokens,11,rows_ge_50000,22,231,row_weighted_continuous,0.05040991604910506,0.08906910181273
activation,neutral_controls,mean_tokens,11,rows_ge_50000,22,231,unique_tuple_weighted_continuous,0.04279287601614278,0.07995190716330147
activation,neutral_controls,mean_tokens,11,unique_tuples_ge_10,28,378,row_weighted_continuous,0.02715678194960143,0.06579975691066584
activation,neutral_controls,mean_tokens,11,unique_tuples_ge_10,28,378,unique_tuple_weighted_continuous,0.02662148935461138,0.058084042343891314
activation,neutral_controls,mean_tokens,11,unique_tuples_ge_25,24,276,row_weighted_continuous,0.023237544082554337,0.06818053395356802
activation,neutral_controls,mean_tokens,11,unique_tuples_ge_25,24,276,unique_tuple_weighted_continuous,0.02717977913642672,0.07228892281788217
activation,neutral_controls,mean_tokens,11,exposure_quartile_1,8,28,row_weighted_continuous,-0.333348859273938,-0.21893814997263272
activation,neutral_controls,mean_tokens,11,exposure_quartile_1,8,28,unique_tuple_weighted_continuous,-0.2741503052005822,-0.24466338259441706
activation,neutral_controls,mean_tokens,11,exposure_quartile_2,8,28,row_weighted_continuous,0.06116747002427003,0.11439518336070059
activation,neutral_controls,mean_tokens,11,exposure_quartile_2,8,28,unique_tuple_weighted_continuous,0.06152724387796582,0.06787082649151616
activation,neutral_controls,mean_tokens,11,exposure_quartile_3,8,28,row_weighted_continuous,0.32144665358386704,0.2769567597153804
activation,neutral_controls,mean_tokens,11,exposure_quartile_3,8,28,unique_tuple_weighted_continuous,0.1738339619889142,0.17952928297755882
activation,neutral_controls,mean_tokens,11,exposure_quartile_4,8,28,row_weighted_continuous,0.3855543598119965,0.4176245210727969
activation,neutral_controls,mean_tokens,11,exposure_quartile_4,8,28,unique_tuple_weighted_continuous,0.3136550166718131,0.29720853858784896
activation,neutral_controls,mean_tokens,11,pair_row_ratio_le_2_0,32,181,row_weighted_continuous,0.20561753414898595,0.2527513002651124
activation,neutral_controls,mean_tokens,11,pair_row_ratio_le_2_0,32,181,unique_tuple_weighted_continuous,0.13248852907647765,0.17982109971060245
activation,neutral_controls,mean_tokens,11,pair_row_ratio_le_1_5,32,117,row_weighted_continuous,0.23013768194897943,0.24408428119708073
activation,neutral_controls,mean_tokens,11,pair_row_ratio_le_1_5,32,117,unique_tuple_weighted_continuous,0.18293257032082308,0.21816601477618425
activation,neutral_controls,mean_tokens,12,all_32,32,496,row_weighted_continuous,0.07381451860818095,0.08646807531405441
activation,neutral_controls,mean_tokens,12,all_32,32,496,unique_tuple_weighted_continuous,0.03633022997973093,0.04306346387218717
activation,neutral_controls,mean_tokens,12,rows_ge_1000,30,435,row_weighted_continuous,0.05633481041164919,0.062252072712217006
activation,neutral_controls,mean_tokens,12,rows_ge_1000,30,435,unique_tuple_weighted_continuous,0.021952673995522084,0.028871456124979405
activation,neutral_controls,mean_tokens,12,rows_ge_10000,30,435,row_weighted_continuous,0.05633481041164919,0.062252072712217006
activation,neutral_controls,mean_tokens,12,rows_ge_10000,30,435,unique_tuple_weighted_continuous,0.021952673995522084,0.028871456124979405
activation,neutral_controls,mean_tokens,12,rows_ge_50000,22,231,row_weighted_continuous,0.031764117547768575,0.044964855234720304
activation,neutral_controls,mean_tokens,12,rows_ge_50000,22,231,unique_tuple_weighted_continuous,0.03021403568846453,0.04417726201834148
activation,neutral_controls,mean_tokens,12,unique_tuples_ge_10,28,378,row_weighted_continuous,0.024656003392588208,0.054342497341314557
activation,neutral_controls,mean_tokens,12,unique_tuples_ge_10,28,378,unique_tuple_weighted_continuous,0.02631159019584002,0.048859267583678465
activation,neutral_controls,mean_tokens,12,unique_tuples_ge_25,24,276,row_weighted_continuous,0.020103596981654218,0.04257302264522481
activation,neutral_controls,mean_tokens,12,unique_tuples_ge_25,24,276,unique_tuple_weighted_continuous,0.025344211503898675,0.04871163368102624
activation,neutral_controls,mean_tokens,12,exposure_quartile_1,8,28,row_weighted_continuous,-0.3238614461614816,-0.21455938697318008
activation,neutral_controls,mean_tokens,12,exposure_quartile_1,8,28,unique_tuple_weighted_continuous,-0.26495004653211596,-0.22386425834701695
activation,neutral_controls,mean_tokens,12,exposure_quartile_2,8,28,row_weighted_continuous,0.03796075965028761,0.07608100711548987
activation,neutral_controls,mean_tokens,12,exposure_quartile_2,8,28,unique_tuple_weighted_continuous,0.05981569049441373,0.054187192118226604
activation,neutral_controls,mean_tokens,12,exposure_quartile_3,8,28,row_weighted_continuous,0.22921521849535004,0.19704433497536944
activation,neutral_controls,mean_tokens,12,exposure_quartile_3,8,28,unique_tuple_weighted_continuous,0.051984275496846026,0.06075533661740558
activation,neutral_controls,mean_tokens,12,exposure_quartile_4,8,28,row_weighted_continuous,0.3859401774899018,0.4340448823207444
activation,neutral_controls,mean_tokens,12,exposure_quartile_4,8,28,unique_tuple_weighted_continuous,0.32929758215097815,0.32129173508483855
activation,neutral_controls,mean_tokens,12,pair_row_ratio_le_2_0,32,181,row_weighted_continuous,0.20581037900850171,0.2222006354603039
activation,neutral_controls,mean_tokens,12,pair_row_ratio_le_2_0,32,181,unique_tuple_weighted_continuous,0.13818947320092134,0.156934409973084
activation,neutral_controls,mean_tokens,12,pair_row_ratio_le_1_5,32,117,row_weighted_continuous,0.22767928036133234,0.23163841807909602
activation,neutral_controls,mean_tokens,12,pair_row_ratio_le_1_5,32,117,unique_tuple_weighted_continuous,0.18647651352320233,0.21368520433394775
activation,neutral_controls,mean_tokens,13,all_32,32,496,row_weighted_continuous,0.07272901664765466,0.08038898100233857
activation,neutral_controls,mean_tokens,13,all_32,32,496,unique_tuple_weighted_continuous,0.03561131579718148,0.038952876594857515
activation,neutral_controls,mean_tokens,13,rows_ge_1000,30,435,row_weighted_continuous,0.054933550186482584,0.05456506938683873
activation,neutral_controls,mean_tokens,13,rows_ge_1000,30,435,unique_tuple_weighted_continuous,0.022426663980250706,0.02391764841377561
activation,neutral_controls,mean_tokens,13,rows_ge_10000,30,435,row_weighted_continuous,0.054933550186482584,0.05456506938683873
activation,neutral_controls,mean_tokens,13,rows_ge_10000,30,435,unique_tuple_weighted_continuous,0.022426663980250706,0.02391764841377561
activation,neutral_controls,mean_tokens,13,rows_ge_50000,22,231,row_weighted_continuous,0.03963425744448921,0.06104285519577874
activation,neutral_controls,mean_tokens,13,rows_ge_50000,22,231,unique_tuple_weighted_continuous,0.039279885989238976,0.057390136100780774
activation,neutral_controls,mean_tokens,13,unique_tuples_ge_10,28,378,row_weighted_continuous,0.03209680269715533,0.053625960367840085
activation,neutral_controls,mean_tokens,13,unique_tuples_ge_10,28,378,unique_tuple_weighted_continuous,0.03233534795285983,0.04773702626491271
activation,neutral_controls,mean_tokens,13,unique_tuples_ge_25,24,276,row_weighted_continuous,0.019600335175876227,0.044479958904696
activation,neutral_controls,mean_tokens,13,unique_tuples_ge_25,24,276,unique_tuple_weighted_continuous,0.02817364188679368,0.050464462550477304
activation,neutral_controls,mean_tokens,13,exposure_quartile_1,8,28,row_weighted_continuous,-0.3460521786377186,-0.3240284619594964
activation,neutral_controls,mean_tokens,13,exposure_quartile_1,8,28,unique_tuple_weighted_continuous,-0.27527722966539625,-0.29556650246305416
activation,neutral_controls,mean_tokens,13,exposure_quartile_2,8,28,row_weighted_continuous,0.0857891936381958,0.1384783798576902
activation,neutral_controls,mean_tokens,13,exposure_quartile_2,8,28,unique_tuple_weighted_continuous,0.0991545765364366,0.11603721948549535
activation,neutral_controls,mean_tokens,13,exposure_quartile_3,8,28,row_weighted_continuous,0.20288390279032675,0.17679255610290093
activation,neutral_controls,mean_tokens,13,exposure_quartile_3,8,28,unique_tuple_weighted_continuous,0.024497580476611734,0.031198686371100168
activation,neutral_controls,mean_tokens,13,exposure_quartile_4,8,28,row_weighted_continuous,0.39715884477680075,0.4236453201970443
activation,neutral_controls,mean_tokens,13,exposure_quartile_4,8,28,unique_tuple_weighted_continuous,0.35696932665607173,0.3360700602079913
activation,neutral_controls,mean_tokens,13,pair_row_ratio_le_2_0,32,181,row_weighted_continuous,0.22095006903761716,0.2413494424544148
activation,neutral_controls,mean_tokens,13,pair_row_ratio_le_2_0,32,181,unique_tuple_weighted_continuous,0.14958266803797676,0.1730131746706332
activation,neutral_controls,mean_tokens,13,pair_row_ratio_le_1_5,32,117,row_weighted_continuous,0.23623391803616708,0.24676677306718217
activation,neutral_controls,mean_tokens,13,pair_row_ratio_le_1_5,32,117,unique_tuple_weighted_continuous,0.19153703301665187,0.21997931933642043
activation,neutral_controls,mean_tokens,14,all_32,32,496,row_weighted_continuous,0.0681548110958606,0.07656250307318004
activation,neutral_controls,mean_tokens,14,all_32,32,496,unique_tuple_weighted_continuous,0.036449522287345465,0.04455098135243523
activation,neutral_controls,mean_tokens,14,rows_ge_1000,30,435,row_weighted_continuous,0.04285072830966907,0.04979363994069426
activation,neutral_controls,mean_tokens,14,rows_ge_1000,30,435,unique_tuple_weighted_continuous,0.024673917145540306,0.03208414183809883
activation,neutral_controls,mean_tokens,14,rows_ge_10000,30,435,row_weighted_continuous,0.04285072830966907,0.04979363994069426
activation,neutral_controls,mean_tokens,14,rows_ge_10000,30,435,unique_tuple_weighted_continuous,0.024673917145540306,0.03208414183809883
activation,neutral_controls,mean_tokens,14,rows_ge_50000,22,231,row_weighted_continuous,0.04738627768866034,0.06707100994957067
activation,neutral_controls,mean_tokens,14,rows_ge_50000,22,231,unique_tuple_weighted_continuous,0.04432967252754068,0.060878327070231116
activation,neutral_controls,mean_tokens,14,unique_tuples_ge_10,28,378,row_weighted_continuous,0.04426471317533954,0.0658506365903327
activation,neutral_controls,mean_tokens,14,unique_tuples_ge_10,28,378,unique_tuple_weighted_continuous,0.039373312197175624,0.05514101947547494
activation,neutral_controls,mean_tokens,14,unique_tuples_ge_25,24,276,row_weighted_continuous,0.033608214877457354,0.056875900743425474
activation,neutral_controls,mean_tokens,14,unique_tuples_ge_25,24,276,unique_tuple_weighted_continuous,0.03827644489884253,0.058771421640672936
activation,neutral_controls,mean_tokens,14,exposure_quartile_1,8,28,row_weighted_continuous,-0.3542949874891216,-0.3021346469622332
activation,neutral_controls,mean_tokens,14,exposure_quartile_1,8,28,unique_tuple_weighted_continuous,-0.25486532453745253,-0.18883415435139572
activation,neutral_controls,mean_tokens,14,exposure_quartile_2,8,28,row_weighted_continuous,0.10187695086313214,0.150519978106185
activation,neutral_controls,mean_tokens,14,exposure_quartile_2,8,28,unique_tuple_weighted_continuous,0.09137127935324676,0.11275314723590585
activation,neutral_controls,mean_tokens,14,exposure_quartile_3,8,28,row_weighted_continuous,0.17494061637586528,0.10563765736179528
activation,neutral_controls,mean_tokens,14,exposure_quartile_3,8,28,unique_tuple_weighted_continuous,0.04485668650118135,0.0010946907498631637
activation,neutral_controls,mean_tokens,14,exposure_quartile_4,8,28,row_weighted_continuous,0.4257544629065457,0.44718117131910234
activation,neutral_controls,mean_tokens,14,exposure_quartile_4,8,28,unique_tuple_weighted_continuous,0.3811308512065129,0.36015325670498083
activation,neutral_controls,mean_tokens,14,pair_row_ratio_le_2_0,32,181,row_weighted_continuous,0.21541513251859268,0.23537530609353813
activation,neutral_controls,mean_tokens,14,pair_row_ratio_le_2_0,32,181,unique_tuple_weighted_continuous,0.14350687930357894,0.16644000566652498
activation,neutral_controls,mean_tokens,14,pair_row_ratio_le_1_5,32,117,row_weighted_continuous,0.22563213624381212,0.23103148556100045
activation,neutral_controls,mean_tokens,14,pair_row_ratio_le_1_5,32,117,unique_tuple_weighted_continuous,0.1817286740939569,0.20228836038304182
activation,neutral_controls,mean_tokens,15,all_32,32,496,row_weighted_continuous,0.06755351733743281,0.07188841750404676
activation,neutral_controls,mean_tokens,15,all_32,32,496,unique_tuple_weighted_continuous,0.03434072442701237,0.040853921181045215
activation,neutral_controls,mean_tokens,15,rows_ge_1000,30,435,row_weighted_continuous,0.04426697714398507,0.04466430590564439
activation,neutral_controls,mean_tokens,15,rows_ge_1000,30,435,unique_tuple_weighted_continuous,0.02519990042877399,0.028614581222473782
activation,neutral_controls,mean_tokens,15,rows_ge_10000,30,435,row_weighted_continuous,0.04426697714398507,0.04466430590564439
activation,neutral_controls,mean_tokens,15,rows_ge_10000,30,435,unique_tuple_weighted_continuous,0.02519990042877399,0.028614581222473782
activation,neutral_controls,mean_tokens,15,rows_ge_50000,22,231,row_weighted_continuous,0.049005729509257946,0.05689460464572908
activation,neutral_controls,mean_tokens,15,rows_ge_50000,22,231,unique_tuple_weighted_continuous,0.06249171561266683,0.06637006172238556
activation,neutral_controls,mean_tokens,15,unique_tuples_ge_10,28,378,row_weighted_continuous,0.04683035489680246,0.05876414146817204
activation,neutral_controls,mean_tokens,15,unique_tuples_ge_10,28,378,unique_tuple_weighted_continuous,0.04396506721499664,0.05276500508963433
activation,neutral_controls,mean_tokens,15,unique_tuples_ge_25,24,276,row_weighted_continuous,0.034802379155813114,0.050736148171401665
activation,neutral_controls,mean_tokens,15,unique_tuples_ge_25,24,276,unique_tuple_weighted_continuous,0.052757095901420824,0.06468058389577774
activation,neutral_controls,mean_tokens,15,exposure_quartile_1,8,28,row_weighted_continuous,-0.3335916618067177,-0.21455938697318008
activation,neutral_controls,mean_tokens,15,exposure_quartile_1,8,28,unique_tuple_weighted_continuous,-0.21955700696102992,-0.11822660098522168
activation,neutral_controls,mean_tokens,15,exposure_quartile_2,8,28,row_weighted_continuous,0.15114532471150433,0.22495894909688013
activation,neutral_controls,mean_tokens,15,exposure_quartile_2,8,28,unique_tuple_weighted_continuous,0.13211504592441115,0.17624521072796934
activation,neutral_controls,mean_tokens,15,exposure_quartile_3,8,28,row_weighted_continuous,0.12873480323902697,0.08319649698960044
activation,neutral_controls,mean_tokens,15,exposure_quartile_3,8,28,unique_tuple_weighted_continuous,0.02857956466805006,0.0038314176245210726
activation,neutral_controls,mean_tokens,15,exposure_quartile_4,8,28,row_weighted_continuous,0.37535684052966994,0.34920634920634924
activation,neutral_controls,mean_tokens,15,exposure_quartile_4,8,28,unique_tuple_weighted_continuous,0.3721564197769843,0.30925013683634367
activation,neutral_controls,mean_tokens,15,pair_row_ratio_le_2_0,32,181,row_weighted_continuous,0.2314294459480868,0.2511161030498047
activation,neutral_controls,mean_tokens,15,pair_row_ratio_le_2_0,32,181,unique_tuple_weighted_continuous,0.16635980319888344,0.1884585028231437
activation,neutral_controls,mean_tokens,15,pair_row_ratio_le_1_5,32,117,row_weighted_continuous,0.2398631006381728,0.23840459170675415
activation,neutral_controls,mean_tokens,15,pair_row_ratio_le_1_5,32,117,unique_tuple_weighted_continuous,0.20105202680852982,0.21213415456548126
activation,neutral_controls,mean_tokens,16,all_32,32,496,row_weighted_continuous,0.0618398958169944,0.056732968682082725
activation,neutral_controls,mean_tokens,16,all_32,32,496,unique_tuple_weighted_continuous,0.02818727083508838,0.027475606326128815
activation,neutral_controls,mean_tokens,16,rows_ge_1000,30,435,row_weighted_continuous,0.03155381975360556,0.025948447160599297
activation,neutral_controls,mean_tokens,16,rows_ge_1000,30,435,unique_tuple_weighted_continuous,0.014656658195741145,0.012291362034705811
activation,neutral_controls,mean_tokens,16,rows_ge_10000,30,435,row_weighted_continuous,0.03155381975360556,0.025948447160599297
activation,neutral_controls,mean_tokens,16,rows_ge_10000,30,435,unique_tuple_weighted_continuous,0.014656658195741145,0.012291362034705811
activation,neutral_controls,mean_tokens,16,rows_ge_50000,22,231,row_weighted_continuous,0.0217167604197621,-0.0001703693607741584
activation,neutral_controls,mean_tokens,16,rows_ge_50000,22,231,unique_tuple_weighted_continuous,0.04080850037107104,0.018625752059035418
activation,neutral_controls,mean_tokens,16,unique_tuples_ge_10,28,378,row_weighted_continuous,0.042422930498952086,0.0397926864126482
activation,neutral_controls,mean_tokens,16,unique_tuples_ge_10,28,378,unique_tuple_weighted_continuous,0.035108180329866776,0.033508046154757096
activation,neutral_controls,mean_tokens,16,unique_tuples_ge_25,24,276,row_weighted_continuous,0.02544919523520776,0.01113226124056449
activation,neutral_controls,mean_tokens,16,unique_tuples_ge_25,24,276,unique_tuple_weighted_continuous,0.04533468798973315,0.029532683608966766
activation,neutral_controls,mean_tokens,16,exposure_quartile_1,8,28,row_weighted_continuous,-0.3190568045925678,-0.2534209085933224
activation,neutral_controls,mean_tokens,16,exposure_quartile_1,8,28,unique_tuple_weighted_continuous,-0.19215047208831246,-0.1444991789819376
activation,neutral_controls,mean_tokens,16,exposure_quartile_2,8,28,row_weighted_continuous,0.17548854385434498,0.24794745484400657
activation,neutral_controls,mean_tokens,16,exposure_quartile_2,8,28,unique_tuple_weighted_continuous,0.15220139934052257,0.18007662835249041
activation,neutral_controls,mean_tokens,16,exposure_quartile_3,8,28,row_weighted_continuous,0.0059354423967697065,-0.022441160372194853
activation,neutral_controls,mean_tokens,16,exposure_quartile_3,8,28,unique_tuple_weighted_continuous,-0.06186255630207442,-0.07279693486590037
activation,neutral_controls,mean_tokens,16,exposure_quartile_4,8,28,row_weighted_continuous,0.3220775683892897,0.2917350848385331
activation,neutral_controls,mean_tokens,16,exposure_quartile_4,8,28,unique_tuple_weighted_continuous,0.3371642783888955,0.2676518883415435
activation,neutral_controls,mean_tokens,16,pair_row_ratio_le_2_0,32,181,row_weighted_continuous,0.20887733697238567,0.20656305020945906
activation,neutral_controls,mean_tokens,16,pair_row_ratio_le_2_0,32,181,unique_tuple_weighted_continuous,0.1505656459830201,0.15409305243559387
activation,neutral_controls,mean_tokens,16,pair_row_ratio_le_1_5,32,117,row_weighted_continuous,0.21682518094908043,0.19540229885057467
activation,neutral_controls,mean_tokens,16,pair_row_ratio_le_1_5,32,117,unique_tuple_weighted_continuous,0.18292905632552386,0.17544096269987558
activation,neutral_controls,mean_tokens,17,all_32,32,496,row_weighted_continuous,0.06541016295408804,0.06418845428386545
activation,neutral_controls,mean_tokens,17,all_32,32,496,unique_tuple_weighted_continuous,0.03146619360578104,0.03581164405789576
activation,neutral_controls,mean_tokens,17,rows_ge_1000,30,435,row_weighted_continuous,0.03897693115584111,0.03608567550664274
activation,neutral_controls,mean_tokens,17,rows_ge_1000,30,435,unique_tuple_weighted_continuous,0.024570587767224216,0.024576601058114666
activation,neutral_controls,mean_tokens,17,rows_ge_10000,30,435,row_weighted_continuous,0.03897693115584111,0.03608567550664274
activation,neutral_controls,mean_tokens,17,rows_ge_10000,30,435,unique_tuple_weighted_continuous,0.024570587767224216,0.024576601058114666
activation,neutral_controls,mean_tokens,17,rows_ge_50000,22,231,row_weighted_continuous,0.03561857268819022,0.018394049728382565
activation,neutral_controls,mean_tokens,17,rows_ge_50000,22,231,unique_tuple_weighted_continuous,0.04757310432595944,0.026921279619930297
activation,neutral_controls,mean_tokens,17,unique_tuples_ge_10,28,378,row_weighted_continuous,0.06188645042027182,0.05921961458309379
activation,neutral_controls,mean_tokens,17,unique_tuples_ge_10,28,378,unique_tuple_weighted_continuous,0.04771457319630054,0.04595468220252134
activation,neutral_controls,mean_tokens,17,unique_tuples_ge_25,24,276,row_weighted_continuous,0.04588574438104643,0.03334998073657625
activation,neutral_controls,mean_tokens,17,unique_tuples_ge_25,24,276,unique_tuple_weighted_continuous,0.05910127527760209,0.04270258700646395
activation,neutral_controls,mean_tokens,17,exposure_quartile_1,8,28,row_weighted_continuous,-0.2903546121657339,-0.2380952380952381
activation,neutral_controls,mean_tokens,17,exposure_quartile_1,8,28,unique_tuple_weighted_continuous,-0.1466232824383905,-0.09195402298850575
activation,neutral_controls,mean_tokens,17,exposure_quartile_2,8,28,row_weighted_continuous,0.1939877369922817,0.23590585659551178
activation,neutral_controls,mean_tokens,17,exposure_quartile_2,8,28,unique_tuple_weighted_continuous,0.13452835405369815,0.14504652435686918
activation,neutral_controls,mean_tokens,17,exposure_quartile_3,8,28,row_weighted_continuous,0.09560495091144824,0.09031198686371099
activation,neutral_controls,mean_tokens,17,exposure_quartile_3,8,28,unique_tuple_weighted_continuous,0.020140527948816864,0.02353585112205802
activation,neutral_controls,mean_tokens,17,exposure_quartile_4,8,28,row_weighted_continuous,0.23730859821406025,0.20908593322386423
activation,neutral_controls,mean_tokens,17,exposure_quartile_4,8,28,unique_tuple_weighted_continuous,0.2771169234982178,0.19649698960043788
activation,neutral_controls,mean_tokens,17,pair_row_ratio_le_2_0,32,181,row_weighted_continuous,0.21934770715088597,0.2099912978366017
activation,neutral_controls,mean_tokens,17,pair_row_ratio_le_2_0,32,181,unique_tuple_weighted_continuous,0.15512149570861422,0.15212798251472281
activation,neutral_controls,mean_tokens,17,pair_row_ratio_le_1_5,32,117,row_weighted_continuous,0.23096601993219493,0.2143370948163467
activation,neutral_controls,mean_tokens,17,pair_row_ratio_le_1_5,32,117,unique_tuple_weighted_continuous,0.188863283871981,0.1828590268099327
activation,neutral_controls,mean_tokens,18,all_32,32,496,row_weighted_continuous,0.06850644072809906,0.07011610228329901
activation,neutral_controls,mean_tokens,18,all_32,32,496,unique_tuple_weighted_continuous,0.032683370488717445,0.03852853189518342
activation,neutral_controls,mean_tokens,18,rows_ge_1000,30,435,row_weighted_continuous,0.043847156908026666,0.043209653364667595
activation,neutral_controls,mean_tokens,18,rows_ge_1000,30,435,unique_tuple_weighted_continuous,0.026159121757666222,0.027987993066418637
activation,neutral_controls,mean_tokens,18,rows_ge_10000,30,435,row_weighted_continuous,0.043847156908026666,0.043209653364667595
activation,neutral_controls,mean_tokens,18,rows_ge_10000,30,435,unique_tuple_weighted_continuous,0.026159121757666222,0.027987993066418637
activation,neutral_controls,mean_tokens,18,rows_ge_50000,22,231,row_weighted_continuous,0.04400475416581514,0.028223875075449288
activation,neutral_controls,mean_tokens,18,rows_ge_50000,22,231,unique_tuple_weighted_continuous,0.052713783926608825,0.03146673416538484
activation,neutral_controls,mean_tokens,18,unique_tuples_ge_10,28,378,row_weighted_continuous,0.0697680002366388,0.06798536131626842
activation,neutral_controls,mean_tokens,18,unique_tuples_ge_10,28,378,unique_tuple_weighted_continuous,0.05439404539220358,0.05192982292427293
activation,neutral_controls,mean_tokens,18,unique_tuples_ge_25,24,276,row_weighted_continuous,0.05508219339097725,0.0441660364435439
activation,neutral_controls,mean_tokens,18,unique_tuples_ge_25,24,276,unique_tuple_weighted_continuous,0.06654237964797281,0.04985830681639817
activation,neutral_controls,mean_tokens,18,exposure_quartile_1,8,28,row_weighted_continuous,-0.28289263971474843,-0.17733990147783252
activation,neutral_controls,mean_tokens,18,exposure_quartile_1,8,28,unique_tuple_weighted_continuous,-0.14400358201275665,-0.06349206349206349
activation,neutral_controls,mean_tokens,18,exposure_quartile_2,8,28,row_weighted_continuous,0.2175767357028803,0.1986863711001642
activation,neutral_controls,mean_tokens,18,exposure_quartile_2,8,28,unique_tuple_weighted_continuous,0.1722390871038166,0.11986863711001641
activation,neutral_controls,mean_tokens,18,exposure_quartile_3,8,28,row_weighted_continuous,0.08801554528807613,0.06130268199233716
activation,neutral_controls,mean_tokens,18,exposure_quartile_3,8,28,unique_tuple_weighted_continuous,0.009832228627343335,-0.005473453749315818
activation,neutral_controls,mean_tokens,18,exposure_quartile_4,8,28,row_weighted_continuous,0.21194176948784246,0.19649698960043788
activation,neutral_controls,mean_tokens,18,exposure_quartile_4,8,28,unique_tuple_weighted_continuous,0.2541847955018038,0.18555008210180626
activation,neutral_controls,mean_tokens,18,pair_row_ratio_le_2_0,32,181,row_weighted_continuous,0.2233878525386414,0.21708659664460767
activation,neutral_controls,mean_tokens,18,pair_row_ratio_le_2_0,32,181,unique_tuple_weighted_continuous,0.15756297225241367,0.15683726954445187
activation,neutral_controls,mean_tokens,18,pair_row_ratio_le_1_5,32,117,row_weighted_continuous,0.23585212723228297,0.21488408338203777
activation,neutral_controls,mean_tokens,18,pair_row_ratio_le_1_5,32,117,unique_tuple_weighted_continuous,0.19182222750330422,0.18055118464235936
activation,neutral_controls,mean_tokens,19,all_32,32,496,row_weighted_continuous,0.0708838320801834,0.07367096026796163
activation,neutral_controls,mean_tokens,19,all_32,32,496,unique_tuple_weighted_continuous,0.03195556883171086,0.03779214878715106
activation,neutral_controls,mean_tokens,19,rows_ge_1000,30,435,row_weighted_continuous,0.04883794243270761,0.04733583404889953
activation,neutral_controls,mean_tokens,19,rows_ge_1000,30,435,unique_tuple_weighted_continuous,0.02581279078897925,0.027144183795304817
activation,neutral_controls,mean_tokens,19,rows_ge_10000,30,435,row_weighted_continuous,0.04883794243270761,0.04733583404889953
activation,neutral_controls,mean_tokens,19,rows_ge_10000,30,435,unique_tuple_weighted_continuous,0.02581279078897925,0.027144183795304817
activation,neutral_controls,mean_tokens,19,rows_ge_50000,22,231,row_weighted_continuous,0.0480073715126345,0.03178702856364026
activation,neutral_controls,mean_tokens,19,rows_ge_50000,22,231,unique_tuple_weighted_continuous,0.047387477908281295,0.024522479020230147
activation,neutral_controls,mean_tokens,19,unique_tuples_ge_10,28,378,row_weighted_continuous,0.07714746283236462,0.07387984996937777
activation,neutral_controls,mean_tokens,19,unique_tuples_ge_10,28,378,unique_tuple_weighted_continuous,0.05792826766948064,0.053363119053229144
activation,neutral_controls,mean_tokens,19,unique_tuples_ge_25,24,276,row_weighted_continuous,0.06216553936095009,0.05062541915783166
activation,neutral_controls,mean_tokens,19,unique_tuples_ge_25,24,276,unique_tuple_weighted_continuous,0.06562828607579012,0.047473637647864615
activation,neutral_controls,mean_tokens,19,exposure_quartile_1,8,28,row_weighted_continuous,-0.29201078191008656,-0.2326217843459223
activation,neutral_controls,mean_tokens,19,exposure_quartile_1,8,28,unique_tuple_weighted_continuous,-0.15229405480980795,-0.10727969348659004
activation,neutral_controls,mean_tokens,19,exposure_quartile_2,8,28,row_weighted_continuous,0.2195741257118303,0.2326217843459223
activation,neutral_controls,mean_tokens,19,exposure_quartile_2,8,28,unique_tuple_weighted_continuous,0.16760711550034826,0.14012041598248495
activation,neutral_controls,mean_tokens,19,exposure_quartile_3,8,28,row_weighted_continuous,0.1429704292179959,0.11767925561029009
activation,neutral_controls,mean_tokens,19,exposure_quartile_3,8,28,unique_tuple_weighted_continuous,0.03951159267744942,0.041050903119868636
activation,neutral_controls,mean_tokens,19,exposure_quartile_4,8,28,row_weighted_continuous,0.20667292212436555,0.16694033935413247
activation,neutral_controls,mean_tokens,19,exposure_quartile_4,8,28,unique_tuple_weighted_continuous,0.24913560167653565,0.157088122605364
activation,neutral_controls,mean_tokens,19,pair_row_ratio_le_2_0,32,181,row_weighted_continuous,0.21831873093644652,0.2098314208811446
activation,neutral_controls,mean_tokens,19,pair_row_ratio_le_2_0,32,181,unique_tuple_weighted_continuous,0.14253535577308687,0.14106206868637805
activation,neutral_controls,mean_tokens,19,pair_row_ratio_le_1_5,32,117,row_weighted_continuous,0.23632117303372432,0.2158431866205098
activation,neutral_controls,mean_tokens,19,pair_row_ratio_le_1_5,32,117,unique_tuple_weighted_continuous,0.1817838959619238,0.17299075364534158
activation,neutral_controls,mean_tokens,20,all_32,32,496,row_weighted_continuous,0.06831950034000181,0.07540482386007147
activation,neutral_controls,mean_tokens,20,all_32,32,496,unique_tuple_weighted_continuous,0.033665325067977966,0.04393398514252671
activation,neutral_controls,mean_tokens,20,rows_ge_1000,30,435,row_weighted_continuous,0.04338594487686667,0.04968153051956666
activation,neutral_controls,mean_tokens,20,rows_ge_1000,30,435,unique_tuple_weighted_continuous,0.028627761150290896,0.03479109597528636
activation,neutral_controls,mean_tokens,20,rows_ge_10000,30,435,row_weighted_continuous,0.04338594487686667,0.04968153051956666
activation,neutral_controls,mean_tokens,20,rows_ge_10000,30,435,unique_tuple_weighted_continuous,0.028627761150290896,0.03479109597528636
activation,neutral_controls,mean_tokens,20,rows_ge_50000,22,231,row_weighted_continuous,0.04088491008022157,0.034776767460425635
activation,neutral_controls,mean_tokens,20,rows_ge_50000,22,231,unique_tuple_weighted_continuous,0.04997548891807836,0.03578243345859538
activation,neutral_controls,mean_tokens,20,unique_tuples_ge_10,28,378,row_weighted_continuous,0.07380366579764852,0.07727145831049025
activation,neutral_controls,mean_tokens,20,unique_tuples_ge_10,28,378,unique_tuple_weighted_continuous,0.06287063953686964,0.06240103874532043
activation,neutral_controls,mean_tokens,20,unique_tuples_ge_25,24,276,row_weighted_continuous,0.05945163285284024,0.05805054151624549
activation,neutral_controls,mean_tokens,20,unique_tuples_ge_25,24,276,unique_tuple_weighted_continuous,0.06901288158282272,0.05982220573336568
activation,neutral_controls,mean_tokens,20,exposure_quartile_1,8,28,row_weighted_continuous,-0.29152506262709255,-0.2194854953475643
activation,neutral_controls,mean_tokens,20,exposure_quartile_1,8,28,unique_tuple_weighted_continuous,-0.15030114317800516,-0.10837438423645321
activation,neutral_controls,mean_tokens,20,exposure_quartile_2,8,28,row_weighted_continuous,0.18929734164879736,0.20908593322386423
activation,neutral_controls,mean_tokens,20,exposure_quartile_2,8,28,unique_tuple_weighted_continuous,0.15416780338031963,0.1384783798576902
activation,neutral_controls,mean_tokens,20,exposure_quartile_3,8,28,row_weighted_continuous,0.04890556478784149,0.062397372742200335
activation,neutral_controls,mean_tokens,20,exposure_quartile_3,8,28,unique_tuple_weighted_continuous,-0.020585399114329613,-0.0049261083743842365
activation,neutral_controls,mean_tokens,20,exposure_quartile_4,8,28,row_weighted_continuous,0.2520094425287815,0.24740010946907498
activation,neutral_controls,mean_tokens,20,exposure_quartile_4,8,28,unique_tuple_weighted_continuous,0.2959347270481888,0.24083196496989598
activation,neutral_controls,mean_tokens,20,pair_row_ratio_le_2_0,32,181,row_weighted_continuous,0.2148050585292831,0.2186226296723534
activation,neutral_controls,mean_tokens,20,pair_row_ratio_le_2_0,32,181,unique_tuple_weighted_continuous,0.14883715410415224,0.15736142310727944
activation,neutral_controls,mean_tokens,20,pair_row_ratio_le_1_5,32,117,row_weighted_continuous,0.2261231133641543,0.21316069475040833
activation,neutral_controls,mean_tokens,20,pair_row_ratio_le_1_5,32,117,unique_tuple_weighted_continuous,0.1836956219904425,0.1767447436646735
activation,neutral_controls,mean_tokens,21,all_32,32,496,row_weighted_continuous,0.06808710642203962,0.07842489934720738
activation,neutral_controls,mean_tokens,21,all_32,32,496,unique_tuple_weighted_continuous,0.030155710960055232,0.04086562385063066
activation,neutral_controls,mean_tokens,21,rows_ge_1000,30,435,row_weighted_continuous,0.04299499906616509,0.05384211669584816
activation,neutral_controls,mean_tokens,21,rows_ge_1000,30,435,unique_tuple_weighted_continuous,0.0228577249211215,0.031329553588740656
activation,neutral_controls,mean_tokens,21,rows_ge_10000,30,435,row_weighted_continuous,0.04299499906616509,0.05384211669584816
activation,neutral_controls,mean_tokens,21,rows_ge_10000,30,435,unique_tuple_weighted_continuous,0.0228577249211215,0.031329553588740656
activation,neutral_controls,mean_tokens,21,rows_ge_50000,22,231,row_weighted_continuous,0.03857852155660305,0.029978192721820913
activation,neutral_controls,mean_tokens,21,rows_ge_50000,22,231,unique_tuple_weighted_continuous,0.042990070023820576,0.023870207753266228
activation,neutral_controls,mean_tokens,21,unique_tuples_ge_10,28,378,row_weighted_continuous,0.08159249747881457,0.0850196114503275
activation,neutral_controls,mean_tokens,21,unique_tuples_ge_10,28,378,unique_tuple_weighted_continuous,0.0612154344677006,0.06158252023050494
activation,neutral_controls,mean_tokens,21,unique_tuples_ge_25,24,276,row_weighted_continuous,0.06200253990941817,0.05992608552960147
activation,neutral_controls,mean_tokens,21,unique_tuples_ge_25,24,276,unique_tuple_weighted_continuous,0.06589437412381798,0.053617956364777904
activation,neutral_controls,mean_tokens,21,exposure_quartile_1,8,28,row_weighted_continuous,-0.2722511850709102,-0.23152709359605914
activation,neutral_controls,mean_tokens,21,exposure_quartile_1,8,28,unique_tuple_weighted_continuous,-0.11581541389984898,-0.12096332785987958
activation,neutral_controls,mean_tokens,21,exposure_quartile_2,8,28,row_weighted_continuous,0.2204168818044151,0.25068418171866447
activation,neutral_controls,mean_tokens,21,exposure_quartile_2,8,28,unique_tuple_weighted_continuous,0.1693660267344425,0.18062397372742198
activation,neutral_controls,mean_tokens,21,exposure_quartile_3,8,28,row_weighted_continuous,0.04844179920132678,0.0421455938697318
activation,neutral_controls,mean_tokens,21,exposure_quartile_3,8,28,unique_tuple_weighted_continuous,-0.013346269105526984,0.007662835249042145
activation,neutral_controls,mean_tokens,21,exposure_quartile_4,8,28,row_weighted_continuous,0.19998131334840577,0.17952928297755882
activation,neutral_controls,mean_tokens,21,exposure_quartile_4,8,28,unique_tuple_weighted_continuous,0.2590731349350852,0.20251778872468526
activation,neutral_controls,mean_tokens,21,pair_row_ratio_le_2_0,32,181,row_weighted_continuous,0.2006835936157895,0.2058142594054196
activation,neutral_controls,mean_tokens,21,pair_row_ratio_le_2_0,32,181,unique_tuple_weighted_continuous,0.1298953480580887,0.14308582761621436
activation,neutral_controls,mean_tokens,21,pair_row_ratio_le_1_5,32,117,row_weighted_continuous,0.20780608331025058,0.19493773321943983
activation,neutral_controls,mean_tokens,21,pair_row_ratio_le_1_5,32,117,unique_tuple_weighted_continuous,0.1616291821855221,0.15565196541233944
activation,neutral_controls,mean_tokens,22,all_32,32,496,row_weighted_continuous,0.06797103381226967,0.08200739136677346
activation,neutral_controls,mean_tokens,22,all_32,32,496,unique_tuple_weighted_continuous,0.030013602430088215,0.04279990795211149
activation,neutral_controls,mean_tokens,22,rows_ge_1000,30,435,row_weighted_continuous,0.04348208811757902,0.058407404761661785
activation,neutral_controls,mean_tokens,22,rows_ge_1000,30,435,unique_tuple_weighted_continuous,0.02268711788927357,0.032879987520719835
activation,neutral_controls,mean_tokens,22,rows_ge_10000,30,435,row_weighted_continuous,0.04348208811757902,0.058407404761661785
activation,neutral_controls,mean_tokens,22,rows_ge_10000,30,435,unique_tuple_weighted_continuous,0.02268711788927357,0.032879987520719835
activation,neutral_controls,mean_tokens,22,rows_ge_50000,22,231,row_weighted_continuous,0.04141194409805429,0.03597032652504916
activation,neutral_controls,mean_tokens,22,rows_ge_50000,22,231,unique_tuple_weighted_continuous,0.04009478474744667,0.024020132790747484
activation,neutral_controls,mean_tokens,22,unique_tuples_ge_10,28,378,row_weighted_continuous,0.08999009724994089,0.09213810078153631
activation,neutral_controls,mean_tokens,22,unique_tuples_ge_10,28,378,unique_tuple_weighted_continuous,0.06476980497084744,0.06453331946917608
activation,neutral_controls,mean_tokens,22,unique_tuples_ge_25,24,276,row_weighted_continuous,0.071397638719537,0.07097558539404404
activation,neutral_controls,mean_tokens,22,unique_tuples_ge_25,24,276,unique_tuple_weighted_continuous,0.06869627453820389,0.05859733736676132
activation,neutral_controls,mean_tokens,22,exposure_quartile_1,8,28,row_weighted_continuous,-0.26736141981733486,-0.24192665571975916
activation,neutral_controls,mean_tokens,22,exposure_quartile_1,8,28,unique_tuple_weighted_continuous,-0.09578186653402511,-0.11877394636015325
activation,neutral_controls,mean_tokens,22,exposure_quartile_2,8,28,row_weighted_continuous,0.22599505754356475,0.21893814997263272
activation,neutral_controls,mean_tokens,22,exposure_quartile_2,8,28,unique_tuple_weighted_continuous,0.15855133871954083,0.13355227148330595
activation,neutral_controls,mean_tokens,22,exposure_quartile_3,8,28,row_weighted_continuous,0.10097010356850222,0.11658456486042693
activation,neutral_controls,mean_tokens,22,exposure_quartile_3,8,28,unique_tuple_weighted_continuous,0.023350444495936755,0.04871373836891078
activation,neutral_controls,mean_tokens,22,exposure_quartile_4,8,28,row_weighted_continuous,0.17527387875314565,0.1417624521072797
activation,neutral_controls,mean_tokens,22,exposure_quartile_4,8,28,unique_tuple_weighted_continuous,0.23851129680075334,0.18226600985221672
activation,neutral_controls,mean_tokens,22,pair_row_ratio_le_2_0,32,181,row_weighted_continuous,0.19886149661984304,0.2042256086454981
activation,neutral_controls,mean_tokens,22,pair_row_ratio_le_2_0,32,181,unique_tuple_weighted_continuous,0.12473103131183513,0.1405966041325157
activation,neutral_controls,mean_tokens,22,pair_row_ratio_le_1_5,32,117,row_weighted_continuous,0.2050290037173458,0.18825398252633785
activation,neutral_controls,mean_tokens,22,pair_row_ratio_le_1_5,32,117,unique_tuple_weighted_continuous,0.15733166658636,0.1512835498808614
activation,neutral_controls,mean_tokens,23,all_32,32,496,row_weighted_continuous,0.07473079928452984,0.08923737931007354
activation,neutral_controls,mean_tokens,23,all_32,32,496,unique_tuple_weighted_continuous,0.03228675523135774,0.047964227200937785
activation,neutral_controls,mean_tokens,23,rows_ge_1000,30,435,row_weighted_continuous,0.057274888614183346,0.06715368904141342
activation,neutral_controls,mean_tokens,23,rows_ge_1000,30,435,unique_tuple_weighted_continuous,0.029193167763844063,0.03919893517917827
activation,neutral_controls,mean_tokens,23,rows_ge_10000,30,435,row_weighted_continuous,0.057274888614183346,0.06715368904141342
activation,neutral_controls,mean_tokens,23,rows_ge_10000,30,435,unique_tuple_weighted_continuous,0.029193167763844063,0.03919893517917827
activation,neutral_controls,mean_tokens,23,rows_ge_50000,22,231,row_weighted_continuous,0.047067999508165675,0.04071340952900174
activation,neutral_controls,mean_tokens,23,rows_ge_50000,22,231,unique_tuple_weighted_continuous,0.04934552219182073,0.032818980120329445
activation,neutral_controls,mean_tokens,23,unique_tuples_ge_10,28,378,row_weighted_continuous,0.10109964732342633,0.10142641959583092
activation,neutral_controls,mean_tokens,23,unique_tuples_ge_10,28,378,unique_tuple_weighted_continuous,0.07271229502608716,0.072580751772818
activation,neutral_controls,mean_tokens,23,unique_tuples_ge_25,24,276,row_weighted_continuous,0.08318443123151062,0.08096802271657084
activation,neutral_controls,mean_tokens,23,unique_tuples_ge_25,24,276,unique_tuple_weighted_continuous,0.07980237060344246,0.06889798946932836
activation,neutral_controls,mean_tokens,23,exposure_quartile_1,8,28,row_weighted_continuous,-0.24447369773252925,-0.21565407772304324
activation,neutral_controls,mean_tokens,23,exposure_quartile_1,8,28,unique_tuple_weighted_continuous,-0.07272036691709788,-0.10563765736179528
activation,neutral_controls,mean_tokens,23,exposure_quartile_2,8,28,row_weighted_continuous,0.2548165415423595,0.25670498084291193
activation,neutral_controls,mean_tokens,23,exposure_quartile_2,8,28,unique_tuple_weighted_continuous,0.17907367081999712,0.16639299397920088
activation,neutral_controls,mean_tokens,23,exposure_quartile_3,8,28,row_weighted_continuous,0.0779504501521141,0.09523809523809523
activation,neutral_controls,mean_tokens,23,exposure_quartile_3,8,28,unique_tuple_weighted_continuous,0.013772795093787635,0.0629447181171319
activation,neutral_controls,mean_tokens,23,exposure_quartile_4,8,28,row_weighted_continuous,0.13260909605470456,0.11603721948549535
activation,neutral_controls,mean_tokens,23,exposure_quartile_4,8,28,unique_tuple_weighted_continuous,0.19035370785825803,0.13245758073344277
activation,neutral_controls,mean_tokens,23,pair_row_ratio_le_2_0,32,181,row_weighted_continuous,0.2044561342861551,0.2017363851617995
activation,neutral_controls,mean_tokens,23,pair_row_ratio_le_2_0,32,181,unique_tuple_weighted_continuous,0.12700386872782504,0.1385485600955214
activation,neutral_controls,mean_tokens,23,pair_row_ratio_le_1_5,32,117,row_weighted_continuous,0.20137870693737742,0.17707443540289827
activation,neutral_controls,mean_tokens,23,pair_row_ratio_le_1_5,32,117,unique_tuple_weighted_continuous,0.1518690595832068,0.1420746601927198
activation,neutral_controls,mean_tokens,24,all_32,32,496,row_weighted_continuous,0.07764378153080499,0.09351180396159951
activation,neutral_controls,mean_tokens,24,all_32,32,496,unique_tuple_weighted_continuous,0.033452473417926835,0.04955893720091812
activation,neutral_controls,mean_tokens,24,rows_ge_1000,30,435,row_weighted_continuous,0.06427177857071782,0.07318354309506558
activation,neutral_controls,mean_tokens,24,rows_ge_1000,30,435,unique_tuple_weighted_continuous,0.0316131118551712,0.04109838075508392
activation,neutral_controls,mean_tokens,24,rows_ge_10000,30,435,row_weighted_continuous,0.06427177857071782,0.07318354309506558
activation,neutral_controls,mean_tokens,24,rows_ge_10000,30,435,unique_tuple_weighted_continuous,0.0316131118551712,0.04109838075508392
activation,neutral_controls,mean_tokens,24,rows_ge_50000,22,231,row_weighted_continuous,0.05411329036119208,0.05127923051461283
activation,neutral_controls,mean_tokens,24,rows_ge_50000,22,231,unique_tuple_weighted_continuous,0.05663336315009954,0.04342276913491307
activation,neutral_controls,mean_tokens,24,unique_tuples_ge_10,28,378,row_weighted_continuous,0.1076725740657326,0.10727558311945537
activation,neutral_controls,mean_tokens,24,unique_tuples_ge_10,28,378,unique_tuple_weighted_continuous,0.0772522799494101,0.07645227324965292
activation,neutral_controls,mean_tokens,24,unique_tuples_ge_25,24,276,row_weighted_continuous,0.09120238086123084,0.09295072844280192
activation,neutral_controls,mean_tokens,24,unique_tuples_ge_25,24,276,unique_tuple_weighted_continuous,0.0879354154466302,0.08062670338608181
activation,neutral_controls,mean_tokens,24,exposure_quartile_1,8,28,row_weighted_continuous,-0.242486470534091,-0.20415982484948003
activation,neutral_controls,mean_tokens,24,exposure_quartile_1,8,28,unique_tuple_weighted_continuous,-0.0716990992783276,-0.0842911877394636
activation,neutral_controls,mean_tokens,24,exposure_quartile_2,8,28,row_weighted_continuous,0.2573137790968841,0.2468527640941434
activation,neutral_controls,mean_tokens,24,exposure_quartile_2,8,28,unique_tuple_weighted_continuous,0.17833753973791494,0.1510673234811166
activation,neutral_controls,mean_tokens,24,exposure_quartile_3,8,28,row_weighted_continuous,0.09994281390934137,0.11877394636015325
activation,neutral_controls,mean_tokens,24,exposure_quartile_3,8,28,unique_tuple_weighted_continuous,0.030718502500015295,0.07991242474001095
activation,neutral_controls,mean_tokens,24,exposure_quartile_4,8,28,row_weighted_continuous,0.11850088591102766,0.08319649698960044
activation,neutral_controls,mean_tokens,24,exposure_quartile_4,8,28,unique_tuple_weighted_continuous,0.1866584567056566,0.10618500273672687
activation,neutral_controls,mean_tokens,24,pair_row_ratio_le_2_0,32,181,row_weighted_continuous,0.21231679462451983,0.21336895149049842
activation,neutral_controls,mean_tokens,24,pair_row_ratio_le_2_0,32,181,unique_tuple_weighted_continuous,0.13358488683051917,0.15202881832716084
activation,neutral_controls,mean_tokens,24,pair_row_ratio_le_1_5,32,117,row_weighted_continuous,0.20584943205432854,0.18629831107914097
activation,neutral_controls,mean_tokens,24,pair_row_ratio_le_1_5,32,117,unique_tuple_weighted_continuous,0.15778438362497532,0.15541218960272143
activation,neutral_controls,mean_tokens,25,all_32,32,496,row_weighted_continuous,0.07408035344927064,0.09325247673725638
activation,neutral_controls,mean_tokens,25,all_32,32,496,unique_tuple_weighted_continuous,0.03295609246891945,0.0510589440848414
activation,neutral_controls,mean_tokens,25,rows_ge_1000,30,435,row_weighted_continuous,0.05893854288641379,0.0731395157281208
activation,neutral_controls,mean_tokens,25,rows_ge_1000,30,435,unique_tuple_weighted_continuous,0.031572882893416775,0.04321519323203151
activation,neutral_controls,mean_tokens,25,rows_ge_10000,30,435,row_weighted_continuous,0.05893854288641379,0.0731395157281208
activation,neutral_controls,mean_tokens,25,rows_ge_10000,30,435,unique_tuple_weighted_continuous,0.031572882893416775,0.04321519323203151
activation,neutral_controls,mean_tokens,25,rows_ge_50000,22,231,row_weighted_continuous,0.054013527260280546,0.05053544656243306
activation,neutral_controls,mean_tokens,25,rows_ge_50000,22,231,unique_tuple_weighted_continuous,0.0645567692421663,0.05057244105220118
activation,neutral_controls,mean_tokens,25,unique_tuples_ge_10,28,378,row_weighted_continuous,0.10924423328499368,0.10980157036020924
activation,neutral_controls,mean_tokens,25,unique_tuples_ge_10,28,378,unique_tuple_weighted_continuous,0.08183531451937463,0.08057552694073483
activation,neutral_controls,mean_tokens,25,unique_tuples_ge_25,24,276,row_weighted_continuous,0.0982276020598388,0.09715500634979525
activation,neutral_controls,mean_tokens,25,unique_tuples_ge_25,24,276,unique_tuple_weighted_continuous,0.09660171777917625,0.0868235327692242
activation,neutral_controls,mean_tokens,25,exposure_quartile_1,8,28,row_weighted_continuous,-0.23954831081030306,-0.1992337164750958
activation,neutral_controls,mean_tokens,25,exposure_quartile_1,8,28,unique_tuple_weighted_continuous,-0.06079792138333284,-0.0842911877394636
activation,neutral_controls,mean_tokens,25,exposure_quartile_2,8,28,row_weighted_continuous,0.27888465668694024,0.26327312534209085
activation,neutral_controls,mean_tokens,25,exposure_quartile_2,8,28,unique_tuple_weighted_continuous,0.201420984670392,0.1592775041050903
activation,neutral_controls,mean_tokens,25,exposure_quartile_3,8,28,row_weighted_continuous,0.11504202198923552,0.13683634373289547
activation,neutral_controls,mean_tokens,25,exposure_quartile_3,8,28,unique_tuple_weighted_continuous,0.05955256214807139,0.10509031198686371
activation,neutral_controls,mean_tokens,25,exposure_quartile_4,8,28,row_weighted_continuous,0.0992985536325141,0.04871373836891078
activation,neutral_controls,mean_tokens,25,exposure_quartile_4,8,28,unique_tuple_weighted_continuous,0.17661023993229708,0.07662835249042146
activation,neutral_controls,mean_tokens,25,pair_row_ratio_le_2_0,32,181,row_weighted_continuous,0.210720549920648,0.2123408819541416
activation,neutral_controls,mean_tokens,25,pair_row_ratio_le_2_0,32,181,unique_tuple_weighted_continuous,0.13607525487037922,0.1556007528383219
activation,neutral_controls,mean_tokens,25,pair_row_ratio_le_1_5,32,117,row_weighted_continuous,0.20433946454719007,0.18604354928142186
activation,neutral_controls,mean_tokens,25,pair_row_ratio_le_1_5,32,117,unique_tuple_weighted_continuous,0.16064203455846665,0.1578324266810532
activation,neutral_controls,mean_tokens,26,all_32,32,496,row_weighted_continuous,0.07223110532318747,0.09369226109344236
activation,neutral_controls,mean_tokens,26,all_32,32,496,unique_tuple_weighted_continuous,0.03334852937448077,0.05127598435185895
activation,neutral_controls,mean_tokens,26,rows_ge_1000,30,435,row_weighted_continuous,0.0563771545838931,0.07440814535445675
activation,neutral_controls,mean_tokens,26,rows_ge_1000,30,435,unique_tuple_weighted_continuous,0.031509058673616995,0.0438107289736521
activation,neutral_controls,mean_tokens,26,rows_ge_10000,30,435,row_weighted_continuous,0.0563771545838931,0.07440814535445675
activation,neutral_controls,mean_tokens,26,rows_ge_10000,30,435,unique_tuple_weighted_continuous,0.031509058673616995,0.0438107289736521
activation,neutral_controls,mean_tokens,26,rows_ge_50000,22,231,row_weighted_continuous,0.06356299542715142,0.05202204092758816
activation,neutral_controls,mean_tokens,26,rows_ge_50000,22,231,unique_tuple_weighted_continuous,0.07057698676796652,0.047646955742907775
activation,neutral_controls,mean_tokens,26,unique_tuples_ge_10,28,378,row_weighted_continuous,0.1132193365394698,0.11230489503622067
activation,neutral_controls,mean_tokens,26,unique_tuples_ge_10,28,378,unique_tuple_weighted_continuous,0.08515787539106713,0.08160889545658902
activation,neutral_controls,mean_tokens,26,unique_tuples_ge_25,24,276,row_weighted_continuous,0.10480997737909215,0.09821263965982222
activation,neutral_controls,mean_tokens,26,unique_tuples_ge_25,24,276,unique_tuple_weighted_continuous,0.10204697907572581,0.08553359683794466
activation,neutral_controls,mean_tokens,26,exposure_quartile_1,8,28,row_weighted_continuous,-0.25033850855617534,-0.22933771209633277
activation,neutral_controls,mean_tokens,26,exposure_quartile_1,8,28,unique_tuple_weighted_continuous,-0.06010771248965152,-0.08866995073891626
activation,neutral_controls,mean_tokens,26,exposure_quartile_2,8,28,row_weighted_continuous,0.28227616488444635,0.25615763546798026
activation,neutral_controls,mean_tokens,26,exposure_quartile_2,8,28,unique_tuple_weighted_continuous,0.201403900157812,0.15489874110563767
activation,neutral_controls,mean_tokens,26,exposure_quartile_3,8,28,row_weighted_continuous,0.15028653551534385,0.1620142309797482
activation,neutral_controls,mean_tokens,26,exposure_quartile_3,8,28,unique_tuple_weighted_continuous,0.06994701838366918,0.10837438423645321
activation,neutral_controls,mean_tokens,26,exposure_quartile_4,8,28,row_weighted_continuous,0.11188776179027095,0.09085933223864258
activation,neutral_controls,mean_tokens,26,exposure_quartile_4,8,28,unique_tuple_weighted_continuous,0.1904460417105156,0.1231527093596059
activation,neutral_controls,mean_tokens,26,pair_row_ratio_le_2_0,32,181,row_weighted_continuous,0.2139138448767937,0.2159492441260397
activation,neutral_controls,mean_tokens,26,pair_row_ratio_le_2_0,32,181,unique_tuple_weighted_continuous,0.1356157608377206,0.15539432942747858
activation,neutral_controls,mean_tokens,26,pair_row_ratio_le_1_5,32,117,row_weighted_continuous,0.20990413929939417,0.1919405355992147
activation,neutral_controls,mean_tokens,26,pair_row_ratio_le_1_5,32,117,unique_tuple_weighted_continuous,0.16117347670249482,0.16031260771178943
activation,neutral_controls,mean_tokens,27,all_32,32,496,row_weighted_continuous,0.07076453872794541,0.09410136282012702
activation,neutral_controls,mean_tokens,27,all_32,32,496,unique_tuple_weighted_continuous,0.034071281394504216,0.05376825960651495
activation,neutral_controls,mean_tokens,27,rows_ge_1000,30,435,row_weighted_continuous,0.053704689396716035,0.07449969895194457
activation,neutral_controls,mean_tokens,27,rows_ge_1000,30,435,unique_tuple_weighted_continuous,0.03325700961601501,0.046850512510624144
activation,neutral_controls,mean_tokens,27,rows_ge_10000,30,435,row_weighted_continuous,0.053704689396716035,0.07449969895194457
activation,neutral_controls,mean_tokens,27,rows_ge_10000,30,435,unique_tuple_weighted_continuous,0.03325700961601501,0.046850512510624144
activation,neutral_controls,mean_tokens,27,rows_ge_50000,22,231,row_weighted_continuous,0.06921596932426498,0.059516345723242284
activation,neutral_controls,mean_tokens,27,rows_ge_50000,22,231,unique_tuple_weighted_continuous,0.07621785661198549,0.05462041706419518
activation,neutral_controls,mean_tokens,27,unique_tuples_ge_10,28,378,row_weighted_continuous,0.11450367148333236,0.11448450052762671
activation,neutral_controls,mean_tokens,27,unique_tuples_ge_10,28,378,unique_tuple_weighted_continuous,0.08622504624995067,0.0845876896281773
activation,neutral_controls,mean_tokens,27,unique_tuples_ge_25,24,276,row_weighted_continuous,0.10766248815851576,0.10287866896876473
activation,neutral_controls,mean_tokens,27,unique_tuples_ge_25,24,276,unique_tuple_weighted_continuous,0.10656258936047196,0.09172186469941924
activation,neutral_controls,mean_tokens,27,exposure_quartile_1,8,28,row_weighted_continuous,-0.24619249698761067,-0.22988505747126436
activation,neutral_controls,mean_tokens,27,exposure_quartile_1,8,28,unique_tuple_weighted_continuous,-0.047805327127053494,-0.08374384236453201
activation,neutral_controls,mean_tokens,27,exposure_quartile_2,8,28,row_weighted_continuous,0.2829156308033152,0.28133552271483303
activation,neutral_controls,mean_tokens,27,exposure_quartile_2,8,28,unique_tuple_weighted_continuous,0.2065082279339738,0.19376026272577995
activation,neutral_controls,mean_tokens,27,exposure_quartile_3,8,28,row_weighted_continuous,0.130904747877756,0.1319102353585112
activation,neutral_controls,mean_tokens,27,exposure_quartile_3,8,28,unique_tuple_weighted_continuous,0.03803512329579485,0.05911330049261084
activation,neutral_controls,mean_tokens,27,exposure_quartile_4,8,28,row_weighted_continuous,0.12096415910600751,0.1258894362342638
activation,neutral_controls,mean_tokens,27,exposure_quartile_4,8,28,unique_tuple_weighted_continuous,0.19799373201882306,0.16748768472906403
activation,neutral_controls,mean_tokens,27,pair_row_ratio_le_2_0,32,181,row_weighted_continuous,0.2182681476802841,0.22690587497217332
activation,neutral_controls,mean_tokens,27,pair_row_ratio_le_2_0,32,181,unique_tuple_weighted_continuous,0.14077428030836667,0.16483921235302448
activation,neutral_controls,mean_tokens,27,pair_row_ratio_le_1_5,32,117,row_weighted_continuous,0.21743382454334367,0.20956405760613825
activation,neutral_controls,mean_tokens,27,pair_row_ratio_le_1_5,32,117,unique_tuple_weighted_continuous,0.17072267521243994,0.17746407109352755
activation,neutral_controls,mean_tokens,28,all_32,32,496,row_weighted_continuous,0.06160588649117698,0.08758818797437606
activation,neutral_controls,mean_tokens,28,all_32,32,496,unique_tuple_weighted_continuous,0.03235991972551007,0.05189288222000625
activation,neutral_controls,mean_tokens,28,rows_ge_1000,30,435,row_weighted_continuous,0.0391252919983763,0.06603842626946789
activation,neutral_controls,mean_tokens,28,rows_ge_1000,30,435,unique_tuple_weighted_continuous,0.029659240263117174,0.04359525729039256
activation,neutral_controls,mean_tokens,28,rows_ge_10000,30,435,row_weighted_continuous,0.0391252919983763,0.06603842626946789
activation,neutral_controls,mean_tokens,28,rows_ge_10000,30,435,unique_tuple_weighted_continuous,0.029659240263117174,0.04359525729039256
activation,neutral_controls,mean_tokens,28,rows_ge_50000,22,231,row_weighted_continuous,0.06493365065245733,0.04788352576958275
activation,neutral_controls,mean_tokens,28,rows_ge_50000,22,231,unique_tuple_weighted_continuous,0.07209878510728718,0.042148406316322364
activation,neutral_controls,mean_tokens,28,unique_tuples_ge_10,28,378,row_weighted_continuous,0.10969627878827305,0.10806144087920086
activation,neutral_controls,mean_tokens,28,unique_tuples_ge_10,28,378,unique_tuple_weighted_continuous,0.08523031089582316,0.08104144260999871
activation,neutral_controls,mean_tokens,28,unique_tuples_ge_25,24,276,row_weighted_continuous,0.10310265060675215,0.08962657496325681
activation,neutral_controls,mean_tokens,28,unique_tuples_ge_25,24,276,unique_tuple_weighted_continuous,0.10406503925594855,0.08068891711020107
activation,neutral_controls,mean_tokens,28,exposure_quartile_1,8,28,row_weighted_continuous,-0.2395696227574667,-0.2140120415982485
activation,neutral_controls,mean_tokens,28,exposure_quartile_1,8,28,unique_tuple_weighted_continuous,-0.014058499173414198,-0.03886152162014231
activation,neutral_controls,mean_tokens,28,exposure_quartile_2,8,28,row_weighted_continuous,0.27783250403791393,0.29666119321291734
activation,neutral_controls,mean_tokens,28,exposure_quartile_2,8,28,unique_tuple_weighted_continuous,0.21055145315638352,0.2019704433497537
activation,neutral_controls,mean_tokens,28,exposure_quartile_3,8,28,row_weighted_continuous,0.13252875995383823,0.11986863711001641
activation,neutral_controls,mean_tokens,28,exposure_quartile_3,8,28,unique_tuple_weighted_continuous,0.03444469743125505,0.05199781061850027
activation,neutral_controls,mean_tokens,28,exposure_quartile_4,8,28,row_weighted_continuous,0.12451873256899434,0.07772304324028462
activation,neutral_controls,mean_tokens,28,exposure_quartile_4,8,28,unique_tuple_weighted_continuous,0.2082887297507719,0.12041598248494799
activation,neutral_controls,mean_tokens,28,pair_row_ratio_le_2_0,32,181,row_weighted_continuous,0.21371174125699058,0.2273247930706494
activation,neutral_controls,mean_tokens,28,pair_row_ratio_le_2_0,32,181,unique_tuple_weighted_continuous,0.13941176196906274,0.1657276425232226
activation,neutral_controls,mean_tokens,28,pair_row_ratio_le_1_5,32,117,row_weighted_continuous,0.21980363914503143,0.2158207076383581
activation,neutral_controls,mean_tokens,28,pair_row_ratio_le_1_5,32,117,unique_tuple_weighted_continuous,0.17727871851503985,0.18634326904344437
activation,neutral_controls,mean_tokens,29,all_32,32,496,row_weighted_continuous,0.07504620828809214,0.09266980180201442
activation,neutral_controls,mean_tokens,29,all_32,32,496,unique_tuple_weighted_continuous,0.04054502994593674,0.05525567874500177
activation,neutral_controls,mean_tokens,29,rows_ge_1000,30,435,row_weighted_continuous,0.05986978555384425,0.07292331511494494
activation,neutral_controls,mean_tokens,29,rows_ge_1000,30,435,unique_tuple_weighted_continuous,0.04053334266712679,0.04790600302943273
activation,neutral_controls,mean_tokens,29,rows_ge_10000,30,435,row_weighted_continuous,0.05986978555384425,0.07292331511494494
activation,neutral_controls,mean_tokens,29,rows_ge_10000,30,435,unique_tuple_weighted_continuous,0.04053334266712679,0.04790600302943273
activation,neutral_controls,mean_tokens,29,rows_ge_50000,22,231,row_weighted_continuous,0.0778172013369594,0.05213594501450574
activation,neutral_controls,mean_tokens,29,rows_ge_50000,22,231,unique_tuple_weighted_continuous,0.08875675559360498,0.05474308300395257
activation,neutral_controls,mean_tokens,29,unique_tuples_ge_10,28,378,row_weighted_continuous,0.11821872766505062,0.11204738608978443
activation,neutral_controls,mean_tokens,29,unique_tuples_ge_10,28,378,unique_tuple_weighted_continuous,0.09538736175738037,0.08733830287829016
activation,neutral_controls,mean_tokens,29,unique_tuples_ge_25,24,276,row_weighted_continuous,0.11638825065378329,0.09909675946404875
activation,neutral_controls,mean_tokens,29,unique_tuples_ge_25,24,276,unique_tuple_weighted_continuous,0.12002571904056679,0.09636962942880382
activation,neutral_controls,mean_tokens,29,exposure_quartile_1,8,28,row_weighted_continuous,-0.22749877319847417,-0.16310892172961136
activation,neutral_controls,mean_tokens,29,exposure_quartile_1,8,28,unique_tuple_weighted_continuous,0.0025897033013443926,0.00875752599890531
activation,neutral_controls,mean_tokens,29,exposure_quartile_2,8,28,row_weighted_continuous,0.30382219140148076,0.2922824302134647
activation,neutral_controls,mean_tokens,29,exposure_quartile_2,8,28,unique_tuple_weighted_continuous,0.22195760492369543,0.20032840722495895
activation,neutral_controls,mean_tokens,29,exposure_quartile_3,8,28,row_weighted_continuous,0.19868153463100977,0.15435139573070608
activation,neutral_controls,mean_tokens,29,exposure_quartile_3,8,28,unique_tuple_weighted_continuous,0.12510775501199903,0.11603721948549535
activation,neutral_controls,mean_tokens,29,exposure_quartile_4,8,28,row_weighted_continuous,0.1594539947430355,0.10290093048713739
activation,neutral_controls,mean_tokens,29,exposure_quartile_4,8,28,unique_tuple_weighted_continuous,0.22911054961188013,0.1434044882320744
activation,neutral_controls,mean_tokens,29,pair_row_ratio_le_2_0,32,181,row_weighted_continuous,0.22379886819314673,0.232546091109627
activation,neutral_controls,mean_tokens,29,pair_row_ratio_le_2_0,32,181,unique_tuple_weighted_continuous,0.1483931768473986,0.17846315746868233
activation,neutral_controls,mean_tokens,29,pair_row_ratio_le_1_5,32,117,row_weighted_continuous,0.21833616951209975,0.20827526262944146
activation,neutral_controls,mean_tokens,29,pair_row_ratio_le_1_5,32,117,unique_tuple_weighted_continuous,0.17624802090632505,0.18784936084760748
activation,neutral_controls,mean_tokens,30,all_32,32,496,row_weighted_continuous,0.08335323312745616,0.09722538554887487
activation,neutral_controls,mean_tokens,30,all_32,32,496,unique_tuple_weighted_continuous,0.05322294424726496,0.06436507608702066
activation,neutral_controls,mean_tokens,30,rows_ge_1000,30,435,row_weighted_continuous,0.062351112024191205,0.07594545854794245
activation,neutral_controls,mean_tokens,30,rows_ge_1000,30,435,unique_tuple_weighted_continuous,0.04586346241011302,0.05512313813076127
activation,neutral_controls,mean_tokens,30,rows_ge_10000,30,435,row_weighted_continuous,0.062351112024191205,0.07594545854794245
activation,neutral_controls,mean_tokens,30,rows_ge_10000,30,435,unique_tuple_weighted_continuous,0.04586346241011302,0.05512313813076127
activation,neutral_controls,mean_tokens,30,rows_ge_50000,22,231,row_weighted_continuous,0.09704288913230093,0.07398995307541034
activation,neutral_controls,mean_tokens,30,rows_ge_50000,22,231,unique_tuple_weighted_continuous,0.0965812977117045,0.0720380069705407
activation,neutral_controls,mean_tokens,30,unique_tuples_ge_10,28,378,row_weighted_continuous,0.1224620987444806,0.11600155927332707
activation,neutral_controls,mean_tokens,30,unique_tuples_ge_10,28,378,unique_tuple_weighted_continuous,0.10007017655053566,0.09236028278881524
activation,neutral_controls,mean_tokens,30,unique_tuples_ge_25,24,276,row_weighted_continuous,0.11794485507385348,0.09852941596153024
activation,neutral_controls,mean_tokens,30,unique_tuples_ge_25,24,276,unique_tuple_weighted_continuous,0.11823134508345318,0.09626974500934635
activation,neutral_controls,mean_tokens,30,exposure_quartile_1,8,28,row_weighted_continuous,-0.27094462162790317,-0.23152709359605914
activation,neutral_controls,mean_tokens,30,exposure_quartile_1,8,28,unique_tuple_weighted_continuous,-0.03355203887920165,-0.055281882868089764
activation,neutral_controls,mean_tokens,30,exposure_quartile_2,8,28,row_weighted_continuous,0.29168183368163586,0.28790366721401206
activation,neutral_controls,mean_tokens,30,exposure_quartile_2,8,28,unique_tuple_weighted_continuous,0.21755418530928342,0.21839080459770116
activation,neutral_controls,mean_tokens,30,exposure_quartile_3,8,28,row_weighted_continuous,0.17437617819379808,0.11001642036124794
activation,neutral_controls,mean_tokens,30,exposure_quartile_3,8,28,unique_tuple_weighted_continuous,0.1484137673570099,0.12151067323481116
activation,neutral_controls,mean_tokens,30,exposure_quartile_4,8,28,row_weighted_continuous,0.17839060508749657,0.05856595511767926
activation,neutral_controls,mean_tokens,30,exposure_quartile_4,8,28,unique_tuple_weighted_continuous,0.22905809108424513,0.10563765736179528
activation,neutral_controls,mean_tokens,30,pair_row_ratio_le_2_0,32,181,row_weighted_continuous,0.20659398682260152,0.21122579078380183
activation,neutral_controls,mean_tokens,30,pair_row_ratio_le_2_0,32,181,unique_tuple_weighted_continuous,0.1347105662880737,0.16101633173456376
activation,neutral_controls,mean_tokens,30,pair_row_ratio_le_1_5,32,117,row_weighted_continuous,0.21382146135394584,0.19591931544006352
activation,neutral_controls,mean_tokens,30,pair_row_ratio_le_1_5,32,117,unique_tuple_weighted_continuous,0.17303921742529654,0.17991428014806155
activation,neutral_controls,mean_tokens,31,all_32,32,496,row_weighted_continuous,0.15613460556540404,0.15717471987349316
activation,neutral_controls,mean_tokens,31,all_32,32,496,unique_tuple_weighted_continuous,0.1051993345143462,0.09725842838064555
activation,neutral_controls,mean_tokens,31,rows_ge_1000,30,435,row_weighted_continuous,0.179559665381582,0.14813984374658312
activation,neutral_controls,mean_tokens,31,rows_ge_1000,30,435,unique_tuple_weighted_continuous,0.1111840866116667,0.09153668631375768
activation,neutral_controls,mean_tokens,31,rows_ge_10000,30,435,row_weighted_continuous,0.179559665381582,0.14813984374658312
activation,neutral_controls,mean_tokens,31,rows_ge_10000,30,435,unique_tuple_weighted_continuous,0.1111840866116667,0.09153668631375768
activation,neutral_controls,mean_tokens,31,rows_ge_50000,22,231,row_weighted_continuous,0.24431258785396925,0.23154948499776087
activation,neutral_controls,mean_tokens,31,rows_ge_50000,22,231,unique_tuple_weighted_continuous,0.20365148179326106,0.19415000292061763
activation,neutral_controls,mean_tokens,31,unique_tuples_ge_10,28,378,row_weighted_continuous,0.17384437341691766,0.1758356181975507
activation,neutral_controls,mean_tokens,31,unique_tuples_ge_10,28,378,unique_tuple_weighted_continuous,0.13826429203211726,0.1311454848894572
activation,neutral_controls,mean_tokens,31,unique_tuples_ge_25,24,276,row_weighted_continuous,0.19893268542853712,0.19720609009574638
activation,neutral_controls,mean_tokens,31,unique_tuples_ge_25,24,276,unique_tuple_weighted_continuous,0.17054475642598674,0.16427505315278035
activation,neutral_controls,mean_tokens,31,exposure_quartile_1,8,28,row_weighted_continuous,-0.3029942177676057,-0.2260536398467433
activation,neutral_controls,mean_tokens,31,exposure_quartile_1,8,28,unique_tuple_weighted_continuous,-0.13862462452487279,-0.1291735084838533
activation,neutral_controls,mean_tokens,31,exposure_quartile_2,8,28,row_weighted_continuous,0.2970600126090166,0.29064039408866993
activation,neutral_controls,mean_tokens,31,exposure_quartile_2,8,28,unique_tuple_weighted_continuous,0.24166971593017786,0.2326217843459223
activation,neutral_controls,mean_tokens,31,exposure_quartile_3,8,28,row_weighted_continuous,0.33544364377068936,0.25506294471811713
activation,neutral_controls,mean_tokens,31,exposure_quartile_3,8,28,unique_tuple_weighted_continuous,0.3200002142642211,0.2676518883415435
activation,neutral_controls,mean_tokens,31,exposure_quartile_4,8,28,row_weighted_continuous,-0.03637093064590997,-0.08757525998905309
activation,neutral_controls,mean_tokens,31,exposure_quartile_4,8,28,unique_tuple_weighted_continuous,0.01750230064464095,-0.05856595511767926
activation,neutral_controls,mean_tokens,31,pair_row_ratio_le_2_0,32,181,row_weighted_continuous,0.2305171834366248,0.2506850423977495
activation,neutral_controls,mean_tokens,31,pair_row_ratio_le_2_0,32,181,unique_tuple_weighted_continuous,0.14999532064087473,0.1823062756764414
activation,neutral_controls,mean_tokens,31,pair_row_ratio_le_1_5,32,117,row_weighted_continuous,0.2477281082115239,0.23188568688276462
activation,neutral_controls,mean_tokens,31,pair_row_ratio_le_1_5,32,117,unique_tuple_weighted_continuous,0.1918045111862957,0.19454060453475996
logits,ipip_stems,final_token,32,all_32,32,496,row_weighted_continuous,0.07961717912587865,0.1122637093332232
logits,ipip_stems,final_token,32,all_32,32,496,unique_tuple_weighted_continuous,0.07578353599296957,0.08822809781464938
logits,ipip_stems,final_token,32,rows_ge_1000,30,435,row_weighted_continuous,0.03486591151019407,0.09523031998565465
logits,ipip_stems,final_token,32,rows_ge_1000,30,435,unique_tuple_weighted_continuous,0.05162090537587107,0.08615062316218546
logits,ipip_stems,final_token,32,rows_ge_10000,30,435,row_weighted_continuous,0.03486591151019407,0.09523031998565465
logits,ipip_stems,final_token,32,rows_ge_10000,30,435,unique_tuple_weighted_continuous,0.05162090537587107,0.08615062316218546
logits,ipip_stems,final_token,32,rows_ge_50000,22,231,row_weighted_continuous,0.15412304344553138,0.1629461243404272
logits,ipip_stems,final_token,32,rows_ge_50000,22,231,unique_tuple_weighted_continuous,0.1772998303577417,0.16328004828754455
logits,ipip_stems,final_token,32,unique_tuples_ge_10,28,378,row_weighted_continuous,0.07734007701454193,0.13419248893728014
logits,ipip_stems,final_token,32,unique_tuples_ge_10,28,378,unique_tuple_weighted_continuous,0.10624849353143224,0.13258366902257357
logits,ipip_stems,final_token,32,unique_tuples_ge_25,24,276,row_weighted_continuous,0.1317493444585108,0.1603418900986002
logits,ipip_stems,final_token,32,unique_tuples_ge_25,24,276,unique_tuple_weighted_continuous,0.14837556910699368,0.15945149184515064
logits,ipip_stems,final_token,32,exposure_quartile_1,8,28,row_weighted_continuous,0.02745408214004509,-0.03229337712096333
logits,ipip_stems,final_token,32,exposure_quartile_1,8,28,unique_tuple_weighted_continuous,-0.1160747863958406,-0.17952928297755882
logits,ipip_stems,final_token,32,exposure_quartile_2,8,28,row_weighted_continuous,0.039501588427807176,0.020251778872468526
logits,ipip_stems,final_token,32,exposure_quartile_2,8,28,unique_tuple_weighted_continuous,-0.06499520443827615,-0.0722495894909688
logits,ipip_stems,final_token,32,exposure_quartile_3,8,28,row_weighted_continuous,0.15349913595420397,0.1992337164750958
logits,ipip_stems,final_token,32,exposure_quartile_3,8,28,unique_tuple_weighted_continuous,0.2472299723036274,0.2326217843459223
logits,ipip_stems,final_token,32,exposure_quartile_4,8,28,row_weighted_continuous,0.21671041429717305,0.11822660098522168
logits,ipip_stems,final_token,32,exposure_quartile_4,8,28,unique_tuple_weighted_continuous,0.36960588940712596,0.270935960591133
logits,ipip_stems,final_token,32,pair_row_ratio_le_2_0,32,181,row_weighted_continuous,0.23561243416535677,0.24557707485884275
logits,ipip_stems,final_token,32,pair_row_ratio_le_2_0,32,181,unique_tuple_weighted_continuous,0.17122959158665899,0.20530831967296057
logits,ipip_stems,final_token,32,pair_row_ratio_le_1_5,32,117,row_weighted_continuous,0.16324848691441649,0.16514558887440242
logits,ipip_stems,final_token,32,pair_row_ratio_le_1_5,32,117,unique_tuple_weighted_continuous,0.10979596649549436,0.11471024592006474
logits,naturalistic_behavioral,final_token,32,all_32,32,496,row_weighted_continuous,0.07179837091881427,0.06493555664387105
logits,naturalistic_behavioral,final_token,32,all_32,32,496,unique_tuple_weighted_continuous,0.0412319142888029,0.033144222126502906
logits,naturalistic_behavioral,final_token,32,rows_ge_1000,30,435,row_weighted_continuous,0.031019900080884632,0.033438930980541945
logits,naturalistic_behavioral,final_token,32,rows_ge_1000,30,435,unique_tuple_weighted_continuous,0.026170318549109128,0.0208992954163429
logits,naturalistic_behavioral,final_token,32,rows_ge_10000,30,435,row_weighted_continuous,0.031019900080884632,0.033438930980541945
logits,naturalistic_behavioral,final_token,32,rows_ge_10000,30,435,unique_tuple_weighted_continuous,0.026170318549109128,0.0208992954163429
logits,naturalistic_behavioral,final_token,32,rows_ge_50000,22,231,row_weighted_continuous,0.12488455220875917,0.1372914192254522
logits,naturalistic_behavioral,final_token,32,rows_ge_50000,22,231,unique_tuple_weighted_continuous,0.08971514988453658,0.09804610681672152
logits,naturalistic_behavioral,final_token,32,unique_tuples_ge_10,28,378,row_weighted_continuous,0.07243327474100894,0.07203640585498469
logits,naturalistic_behavioral,final_token,32,unique_tuples_ge_10,28,378,unique_tuple_weighted_continuous,0.060183614561951496,0.050608284344978
logits,naturalistic_behavioral,final_token,32,unique_tuples_ge_25,24,276,row_weighted_continuous,0.09585664945562168,0.09094390776387323
logits,naturalistic_behavioral,final_token,32,unique_tuples_ge_25,24,276,unique_tuple_weighted_continuous,0.0828416919841863,0.07442644939427234
logits,naturalistic_behavioral,final_token,32,exposure_quartile_1,8,28,row_weighted_continuous,-0.3675140936166897,-0.3333333333333333
logits,naturalistic_behavioral,final_token,32,exposure_quartile_1,8,28,unique_tuple_weighted_continuous,-0.2823905765577824,-0.25615763546798026
logits,naturalistic_behavioral,final_token,32,exposure_quartile_2,8,28,row_weighted_continuous,0.1389766131147243,0.1893814997263273
logits,naturalistic_behavioral,final_token,32,exposure_quartile_2,8,28,unique_tuple_weighted_continuous,0.03131235548437358,0.08921729611384782
logits,naturalistic_behavioral,final_token,32,exposure_quartile_3,8,28,row_weighted_continuous,-0.08471128963711905,-0.007662835249042145
logits,naturalistic_behavioral,final_token,32,exposure_quartile_3,8,28,unique_tuple_weighted_continuous,-0.1123757667808224,-0.025177887246852767
logits,naturalistic_behavioral,final_token,32,exposure_quartile_4,8,28,row_weighted_continuous,0.43450103876900353,0.4033935413245758
logits,naturalistic_behavioral,final_token,32,exposure_quartile_4,8,28,unique_tuple_weighted_continuous,0.3975840502369514,0.43130815544608647
logits,naturalistic_behavioral,final_token,32,pair_row_ratio_le_2_0,32,181,row_weighted_continuous,0.15141485673432234,0.18604618217877883
logits,naturalistic_behavioral,final_token,32,pair_row_ratio_le_2_0,32,181,unique_tuple_weighted_continuous,0.07177930065525437,0.1093720276040718
logits,naturalistic_behavioral,final_token,32,pair_row_ratio_le_1_5,32,117,row_weighted_continuous,0.19465453335707578,0.2455604010250416
logits,naturalistic_behavioral,final_token,32,pair_row_ratio_le_1_5,32,117,unique_tuple_weighted_continuous,0.11088610324206906,0.1644112754574473
logits,neutral_controls,final_token,32,all_32,32,496,row_weighted_continuous,0.07449859910102516,0.09970231948878018
logits,neutral_controls,final_token,32,all_32,32,496,unique_tuple_weighted_continuous,0.05342622095908278,0.05294032031878465
logits,neutral_controls,final_token,32,rows_ge_1000,30,435,row_weighted_continuous,0.05010406960532087,0.08603472330549307
logits,neutral_controls,final_token,32,rows_ge_1000,30,435,unique_tuple_weighted_continuous,0.031087859833836367,0.039610343223940386
logits,neutral_controls,final_token,32,rows_ge_10000,30,435,row_weighted_continuous,0.05010406960532087,0.08603472330549307
logits,neutral_controls,final_token,32,rows_ge_10000,30,435,unique_tuple_weighted_continuous,0.031087859833836367,0.039610343223940386
logits,neutral_controls,final_token,32,rows_ge_50000,22,231,row_weighted_continuous,0.10846373696072643,0.13001908136840673
logits,neutral_controls,final_token,32,rows_ge_50000,22,231,unique_tuple_weighted_continuous,0.08196661357139205,0.08981191222570534
logits,neutral_controls,final_token,32,unique_tuples_ge_10,28,378,row_weighted_continuous,0.08858270476156331,0.10964537640909217
logits,neutral_controls,final_token,32,unique_tuples_ge_10,28,378,unique_tuple_weighted_continuous,0.06000470149752903,0.07131986888151022
logits,neutral_controls,final_token,32,unique_tuples_ge_25,24,276,row_weighted_continuous,0.09033782668545584,0.11428033275780884
logits,neutral_controls,final_token,32,unique_tuples_ge_25,24,276,unique_tuple_weighted_continuous,0.0531911152109283,0.07122957720352165
logits,neutral_controls,final_token,32,exposure_quartile_1,8,28,row_weighted_continuous,-0.22735465497023385,-0.22003284072249588
logits,neutral_controls,final_token,32,exposure_quartile_1,8,28,unique_tuple_weighted_continuous,-0.09474791425224743,-0.10509031198686371
logits,neutral_controls,final_token,32,exposure_quartile_2,8,28,row_weighted_continuous,0.1610306917724941,0.06349206349206349
logits,neutral_controls,final_token,32,exposure_quartile_2,8,28,unique_tuple_weighted_continuous,0.25424288689937047,0.15325670498084293
logits,neutral_controls,final_token,32,exposure_quartile_3,8,28,row_weighted_continuous,0.17892462815011428,0.07443897099069512
logits,neutral_controls,final_token,32,exposure_quartile_3,8,28,unique_tuple_weighted_continuous,0.15166513806156545,0.07498631636562669
logits,neutral_controls,final_token,32,exposure_quartile_4,8,28,row_weighted_continuous,-0.08640836123962015,-0.2348111658456486
logits,neutral_controls,final_token,32,exposure_quartile_4,8,28,unique_tuple_weighted_continuous,-0.03804149870482283,-0.17022441160372195
logits,neutral_controls,final_token,32,pair_row_ratio_le_2_0,32,181,row_weighted_continuous,0.1763344041921681,0.2162062615101289
logits,neutral_controls,final_token,32,pair_row_ratio_le_2_0,32,181,unique_tuple_weighted_continuous,0.09563392693179738,0.14590290004654644
logits,neutral_controls,final_token,32,pair_row_ratio_le_1_5,32,117,row_weighted_continuous,0.18367602375717607,0.16241064604594704
logits,neutral_controls,final_token,32,pair_row_ratio_le_1_5,32,117,unique_tuple_weighted_continuous,0.11880012815129279,0.10353819179067571
weights,all,none,0,all_32,32,496,row_weighted_continuous,0.0025036434040330846,-0.0023873445954318284
weights,all,none,0,all_32,32,496,unique_tuple_weighted_continuous,0.053079143134684904,0.053430947365522556
weights,all,none,0,rows_ge_1000,30,435,row_weighted_continuous,-0.027247833920203777,-0.031097462303389375
weights,all,none,0,rows_ge_1000,30,435,unique_tuple_weighted_continuous,0.0004001096626612152,0.003206854273788992
weights,all,none,0,rows_ge_10000,30,435,row_weighted_continuous,-0.027247833920203777,-0.031097462303389375
weights,all,none,0,rows_ge_10000,30,435,unique_tuple_weighted_continuous,0.0004001096626612152,0.003206854273788992
weights,all,none,0,rows_ge_50000,22,231,row_weighted_continuous,0.04226086249611547,0.06311649370120134
weights,all,none,0,rows_ge_50000,22,231,unique_tuple_weighted_continuous,-0.01109424520630365,0.020986584629763043
weights,all,none,0,unique_tuples_ge_10,28,378,row_weighted_continuous,-0.043240510662823986,-0.04349379428990019
weights,all,none,0,unique_tuples_ge_10,28,378,unique_tuple_weighted_continuous,-0.04596551931219581,-0.040973361599328295
weights,all,none,0,unique_tuples_ge_25,24,276,row_weighted_continuous,-0.038514078444114336,-0.028096631041223726
weights,all,none,0,unique_tuples_ge_25,24,276,unique_tuple_weighted_continuous,-0.05558954417601826,-0.03390533810875987
weights,all,none,0,exposure_quartile_1,8,28,row_weighted_continuous,0.06696784498374544,0.05473453749315818
weights,all,none,0,exposure_quartile_1,8,28,unique_tuple_weighted_continuous,0.2968971275799248,0.29009304871373837
weights,all,none,0,exposure_quartile_2,8,28,row_weighted_continuous,-0.25634537000968766,-0.31362889983579634
weights,all,none,0,exposure_quartile_2,8,28,unique_tuple_weighted_continuous,-0.11110960957505095,-0.15435139573070608
weights,all,none,0,exposure_quartile_3,8,28,row_weighted_continuous,-0.2017344504838017,-0.20908593322386423
weights,all,none,0,exposure_quartile_3,8,28,unique_tuple_weighted_continuous,-0.19932443248609266,-0.2698412698412698
weights,all,none,0,exposure_quartile_4,8,28,row_weighted_continuous,0.08124486258268568,0.025177887246852767
weights,all,none,0,exposure_quartile_4,8,28,unique_tuple_weighted_continuous,-0.08841517964945776,-0.07279693486590037
weights,all,none,0,pair_row_ratio_le_2_0,32,181,row_weighted_continuous,-0.19757188726951241,-0.17996883411248052
weights,all,none,0,pair_row_ratio_le_2_0,32,181,unique_tuple_weighted_continuous,-0.11211012764116576,-0.09615688179224091
weights,all,none,0,pair_row_ratio_le_1_5,32,117,row_weighted_continuous,-0.13095063511434268,-0.14154265761512982
weights,all,none,0,pair_row_ratio_le_1_5,32,117,unique_tuple_weighted_continuous,-0.06695320925594071,-0.08036236119228521
weights,all,none,1,all_32,32,496,row_weighted_continuous,-0.0027110207264126884,-0.005886639485003864
weights,all,none,1,all_32,32,496,unique_tuple_weighted_continuous,0.05152072974149337,0.0506981281629169
weights,all,none,1,rows_ge_1000,30,435,row_weighted_continuous,-0.03282689662675548,-0.03423419351922989
weights,all,none,1,rows_ge_1000,30,435,unique_tuple_weighted_continuous,-0.0018043048550627622,0.0010395998466331453
weights,all,none,1,rows_ge_10000,30,435,row_weighted_continuous,-0.03282689662675548,-0.03423419351922989
weights,all,none,1,rows_ge_10000,30,435,unique_tuple_weighted_continuous,-0.0018043048550627622,0.0010395998466331453
weights,all,none,1,rows_ge_50000,22,231,row_weighted_continuous,0.03539427684225395,0.05549952296578984
weights,all,none,1,rows_ge_50000,22,231,unique_tuple_weighted_continuous,-0.014410793970473717,0.015445199478182988
weights,all,none,1,unique_tuples_ge_10,28,378,row_weighted_continuous,-0.050063929212312064,-0.04844245413802324
weights,all,none,1,unique_tuples_ge_10,28,378,unique_tuple_weighted_continuous,-0.049585278669821056,-0.04412056973243399
weights,all,none,1,unique_tuples_ge_25,24,276,row_weighted_continuous,-0.04657951216408083,-0.03435966952526363
weights,all,none,1,unique_tuples_ge_25,24,276,unique_tuple_weighted_continuous,-0.05999524323871942,-0.03827799260855296
weights,all,none,1,exposure_quartile_1,8,28,row_weighted_continuous,0.08989942126058867,0.11384783798576902
weights,all,none,1,exposure_quartile_1,8,28,unique_tuple_weighted_continuous,0.3133602421871843,0.3371647509578544
weights,all,none,1,exposure_quartile_2,8,28,row_weighted_continuous,-0.2734864352280821,-0.30487137383689106
weights,all,none,1,exposure_quartile_2,8,28,unique_tuple_weighted_continuous,-0.11063364806795288,-0.14887794198139023
weights,all,none,1,exposure_quartile_3,8,28,row_weighted_continuous,-0.19956643304509059,-0.1954022988505747
weights,all,none,1,exposure_quartile_3,8,28,unique_tuple_weighted_continuous,-0.1944255273894856,-0.25287356321839083
weights,all,none,1,exposure_quartile_4,8,28,row_weighted_continuous,0.08260889847871637,0.02955665024630542
weights,all,none,1,exposure_quartile_4,8,28,unique_tuple_weighted_continuous,-0.09083038925202638,-0.07060755336617405
weights,all,none,1,pair_row_ratio_le_2_0,32,181,row_weighted_continuous,-0.19833425455033457,-0.18128427741687408
weights,all,none,1,pair_row_ratio_le_2_0,32,181,unique_tuple_weighted_continuous,-0.10831822962258912,-0.09607593143504746
weights,all,none,1,pair_row_ratio_le_1_5,32,117,row_weighted_continuous,-0.13298832260593263,-0.14540904254522022
weights,all,none,1,pair_row_ratio_le_1_5,32,117,unique_tuple_weighted_continuous,-0.06336907916868859,-0.08231053964543152
weights,all,none,2,all_32,32,496,row_weighted_continuous,-0.0029413937522734662,-0.004969700903367419
weights,all,none,2,all_32,32,496,unique_tuple_weighted_continuous,0.05176679612171306,0.05159864367042922
weights,all,none,2,rows_ge_1000,30,435,row_weighted_continuous,-0.03310741751022511,-0.03270635641465615
weights,all,none,2,rows_ge_1000,30,435,unique_tuple_weighted_continuous,-0.001918407566465947,0.0019933317491256488
weights,all,none,2,rows_ge_10000,30,435,row_weighted_continuous,-0.03310741751022511,-0.03270635641465615
weights,all,none,2,rows_ge_10000,30,435,unique_tuple_weighted_continuous,-0.001918407566465947,0.0019933317491256488
weights,all,none,2,rows_ge_50000,22,231,row_weighted_continuous,0.03479902518273317,0.05473626822952161
weights,all,none,2,rows_ge_50000,22,231,unique_tuple_weighted_continuous,-0.016850458717615743,0.012972409898946631
weights,all,none,2,unique_tuples_ge_10,28,378,row_weighted_continuous,-0.04891139468691618,-0.04558519352441652
weights,all,none,2,unique_tuples_ge_10,28,378,unique_tuple_weighted_continuous,-0.04933417370442278,-0.042290012174463085
weights,all,none,2,unique_tuples_ge_25,24,276,row_weighted_continuous,-0.04699552066919816,-0.03359769409683081
weights,all,none,2,unique_tuples_ge_25,24,276,unique_tuple_weighted_continuous,-0.06124842965617875,-0.03833564018778271
weights,all,none,2,exposure_quartile_1,8,28,row_weighted_continuous,0.08975665197928873,0.1258894362342638
weights,all,none,2,exposure_quartile_1,8,28,unique_tuple_weighted_continuous,0.3170587429096551,0.3426382047071702
weights,all,none,2,exposure_quartile_2,8,28,row_weighted_continuous,-0.26239805824034534,-0.2884510125889437
weights,all,none,2,exposure_quartile_2,8,28,unique_tuple_weighted_continuous,-0.1094979008952499,-0.12753147235905857
weights,all,none,2,exposure_quartile_3,8,28,row_weighted_continuous,-0.16776743205150751,-0.1926655719759168
weights,all,none,2,exposure_quartile_3,8,28,unique_tuple_weighted_continuous,-0.1699207318120321,-0.2638204707170224
weights,all,none,2,exposure_quartile_4,8,28,row_weighted_continuous,0.08984092092099762,0.03557744937055282
weights,all,none,2,exposure_quartile_4,8,28,unique_tuple_weighted_continuous,-0.08320625275283214,-0.06677613574165298
weights,all,none,2,pair_row_ratio_le_2_0,32,181,row_weighted_continuous,-0.2000908387910983,-0.18103737882743406
weights,all,none,2,pair_row_ratio_le_2_0,32,181,unique_tuple_weighted_continuous,-0.10890880542700238,-0.09795802723979517
weights,all,none,2,pair_row_ratio_le_1_5,32,117,row_weighted_continuous,-0.13657347433738243,-0.14361072397308514
weights,all,none,2,pair_row_ratio_le_1_5,32,117,unique_tuple_weighted_continuous,-0.06703284085571304,-0.08548007612881954
weights,all,none,3,all_32,32,496,row_weighted_continuous,-0.005985414018437593,-0.007668100489545287
weights,all,none,3,all_32,32,496,unique_tuple_weighted_continuous,0.051012978754626986,0.04935477970462068
weights,all,none,3,rows_ge_1000,30,435,row_weighted_continuous,-0.03676528682266844,-0.035628199091170175
weights,all,none,3,rows_ge_1000,30,435,unique_tuple_weighted_continuous,-0.003177346976735514,0.00020599559434758585
weights,all,none,3,rows_ge_10000,30,435,row_weighted_continuous,-0.03676528682266844,-0.035628199091170175
weights,all,none,3,rows_ge_10000,30,435,unique_tuple_weighted_continuous,-0.003177346976735514,0.00020599559434758585
weights,all,none,3,rows_ge_50000,22,231,row_weighted_continuous,0.03429569874454854,0.054867696022118814
weights,all,none,3,rows_ge_50000,22,231,unique_tuple_weighted_continuous,-0.019637010810554984,0.010496699702097004
weights,all,none,3,unique_tuples_ge_10,28,378,row_weighted_continuous,-0.05178446095429835,-0.0481585055327208
weights,all,none,3,unique_tuples_ge_10,28,378,unique_tuple_weighted_continuous,-0.05085282783055105,-0.04406369113857059
weights,all,none,3,unique_tuples_ge_25,24,276,row_weighted_continuous,-0.04927054445626612,-0.03350123428604044
weights,all,none,3,unique_tuples_ge_25,24,276,unique_tuple_weighted_continuous,-0.06398382950015424,-0.03941153807736762
weights,all,none,3,exposure_quartile_1,8,28,row_weighted_continuous,0.06480932483243632,0.09031198686371099
weights,all,none,3,exposure_quartile_1,8,28,unique_tuple_weighted_continuous,0.2949379832824329,0.30815544608648054
weights,all,none,3,exposure_quartile_2,8,28,row_weighted_continuous,-0.2527908286275228,-0.25944170771756975
weights,all,none,3,exposure_quartile_2,8,28,unique_tuple_weighted_continuous,-0.10888804699571325,-0.10016420361247948
weights,all,none,3,exposure_quartile_3,8,28,row_weighted_continuous,-0.1393796845009147,-0.16420361247947454
weights,all,none,3,exposure_quartile_3,8,28,unique_tuple_weighted_continuous,-0.17045984495079652,-0.25615763546798026
weights,all,none,3,exposure_quartile_4,8,28,row_weighted_continuous,0.08588471109228475,0.02736726874657909
weights,all,none,3,exposure_quartile_4,8,28,unique_tuple_weighted_continuous,-0.08405584379395876,-0.06787082649151616
weights,all,none,3,pair_row_ratio_le_2_0,32,181,row_weighted_continuous,-0.20443656159543808,-0.18516989456215974
weights,all,none,3,pair_row_ratio_le_2_0,32,181,unique_tuple_weighted_continuous,-0.11255472987766883,-0.10511403881569625
weights,all,none,3,pair_row_ratio_le_1_5,32,117,row_weighted_continuous,-0.138723270820793,-0.14824888729038346
weights,all,none,3,pair_row_ratio_le_1_5,32,117,unique_tuple_weighted_continuous,-0.0679074007916106,-0.09419442820962398
weights,all,none,4,all_32,32,496,row_weighted_continuous,-0.0011264128098178727,-0.004232727744767727
weights,all,none,4,all_32,32,496,unique_tuple_weighted_continuous,0.05101253544112162,0.05034350777194938
weights,all,none,4,rows_ge_1000,30,435,row_weighted_continuous,-0.030969885189129805,-0.03143714364438717
weights,all,none,4,rows_ge_1000,30,435,unique_tuple_weighted_continuous,-0.0026987604863883564,0.0011368390974681349
weights,all,none,4,rows_ge_10000,30,435,row_weighted_continuous,-0.030969885189129805,-0.03143714364438717
weights,all,none,4,rows_ge_10000,30,435,unique_tuple_weighted_continuous,-0.0026987604863883564,0.0011368390974681349
weights,all,none,4,rows_ge_50000,22,231,row_weighted_continuous,0.03660103099777114,0.054072314492104596
weights,all,none,4,rows_ge_50000,22,231,unique_tuple_weighted_continuous,-0.01993930130704279,0.009462801066998969
weights,all,none,4,unique_tuples_ge_10,28,378,row_weighted_continuous,-0.04772550954429886,-0.04579382242925141
weights,all,none,4,unique_tuples_ge_10,28,378,unique_tuple_weighted_continuous,-0.050990790536930494,-0.04414078829509637
weights,all,none,4,unique_tuples_ge_25,24,276,row_weighted_continuous,-0.044528945994062825,-0.033512649648264156
weights,all,none,4,unique_tuples_ge_25,24,276,unique_tuple_weighted_continuous,-0.06316184725479675,-0.04069633709564646
weights,all,none,4,exposure_quartile_1,8,28,row_weighted_continuous,0.09778089078270684,0.1116584564860427
weights,all,none,4,exposure_quartile_1,8,28,unique_tuple_weighted_continuous,0.3095311541968375,0.31143951833607003
weights,all,none,4,exposure_quartile_2,8,28,row_weighted_continuous,-0.248953572702915,-0.2895457033388068
weights,all,none,4,exposure_quartile_2,8,28,unique_tuple_weighted_continuous,-0.12754408964189465,-0.13738368910782706
weights,all,none,4,exposure_quartile_3,8,28,row_weighted_continuous,-0.12073444783774993,-0.12862616310892172
weights,all,none,4,exposure_quartile_3,8,28,unique_tuple_weighted_continuous,-0.12798041747573255,-0.2019704433497537
weights,all,none,4,exposure_quartile_4,8,28,row_weighted_continuous,0.08172508093827272,0.00875752599890531
weights,all,none,4,exposure_quartile_4,8,28,unique_tuple_weighted_continuous,-0.08605338159435524,-0.08319649698960044
weights,all,none,4,pair_row_ratio_le_2_0,32,181,row_weighted_continuous,-0.2006016176743225,-0.18737983931354096
weights,all,none,4,pair_row_ratio_le_2_0,32,181,unique_tuple_weighted_continuous,-0.11272577737623395,-0.10716005909376072
weights,all,none,4,pair_row_ratio_le_1_5,32,117,row_weighted_continuous,-0.1335654735651758,-0.1526023168337604
weights,all,none,4,pair_row_ratio_le_1_5,32,117,unique_tuple_weighted_continuous,-0.0661956741730442,-0.09731151373465809
weights,all,none,5,all_32,32,496,row_weighted_continuous,-0.0003893675122284418,-0.0029380584582765407
weights,all,none,5,all_32,32,496,unique_tuple_weighted_continuous,0.05288040811552963,0.05302194398059914
weights,all,none,5,rows_ge_1000,30,435,row_weighted_continuous,-0.030359608602052713,-0.031070929254435904
weights,all,none,5,rows_ge_1000,30,435,unique_tuple_weighted_continuous,-0.000581269805579508,0.0032876197085155053
weights,all,none,5,rows_ge_10000,30,435,row_weighted_continuous,-0.030359608602052713,-0.031070929254435904
weights,all,none,5,rows_ge_10000,30,435,unique_tuple_weighted_continuous,-0.000581269805579508,0.0032876197085155053
weights,all,none,5,rows_ge_50000,22,231,row_weighted_continuous,0.035521050577213234,0.056419517513970285
weights,all,none,5,rows_ge_50000,22,231,unique_tuple_weighted_continuous,-0.018957510800736183,0.01209233045814755
weights,all,none,5,unique_tuples_ge_10,28,378,row_weighted_continuous,-0.04687166479148093,-0.04482399796747899
weights,all,none,5,unique_tuples_ge_10,28,378,unique_tuple_weighted_continuous,-0.049250496754852116,-0.04279192132890613
weights,all,none,5,unique_tuples_ge_25,24,276,row_weighted_continuous,-0.04509482154941887,-0.03204748790685065
weights,all,none,5,unique_tuples_ge_25,24,276,unique_tuple_weighted_continuous,-0.06193515995478209,-0.03889042679185514
weights,all,none,5,exposure_quartile_1,8,28,row_weighted_continuous,0.09029625321558234,0.12698412698412698
weights,all,none,5,exposure_quartile_1,8,28,unique_tuple_weighted_continuous,0.32319864927832387,0.3563218390804598
weights,all,none,5,exposure_quartile_2,8,28,row_weighted_continuous,-0.2528741874617664,-0.2698412698412698
weights,all,none,5,exposure_quartile_2,8,28,unique_tuple_weighted_continuous,-0.11480216499275715,-0.11767925561029009
weights,all,none,5,exposure_quartile_3,8,28,row_weighted_continuous,-0.11722418086395375,-0.10618500273672687
weights,all,none,5,exposure_quartile_3,8,28,unique_tuple_weighted_continuous,-0.15654697736873247,-0.19376026272577995
weights,all,none,5,exposure_quartile_4,8,28,row_weighted_continuous,0.07162954682327156,0.013683634373289545
weights,all,none,5,exposure_quartile_4,8,28,unique_tuple_weighted_continuous,-0.0924382116604406,-0.07717569786535304
weights,all,none,5,pair_row_ratio_le_2_0,32,181,row_weighted_continuous,-0.20219300669421003,-0.1858640438750936
weights,all,none,5,pair_row_ratio_le_2_0,32,181,unique_tuple_weighted_continuous,-0.11422468981642771,-0.10544391152125956
weights,all,none,5,pair_row_ratio_le_1_5,32,117,row_weighted_continuous,-0.13018702646661204,-0.1418723493533546
weights,all,none,5,pair_row_ratio_le_1_5,32,117,unique_tuple_weighted_continuous,-0.06445633445202095,-0.08917412219574697
weights,all,none,6,all_32,32,496,row_weighted_continuous,-0.0020377898792314914,-0.005033721389923116
weights,all,none,6,all_32,32,496,unique_tuple_weighted_continuous,0.0527570758613262,0.052150635976169826
weights,all,none,6,rows_ge_1000,30,435,row_weighted_continuous,-0.03161381551594622,-0.03167360850923627
weights,all,none,6,rows_ge_1000,30,435,unique_tuple_weighted_continuous,-0.0005281230877661646,0.003521606211649175
weights,all,none,6,rows_ge_10000,30,435,row_weighted_continuous,-0.03161381551594622,-0.03167360850923627
weights,all,none,6,rows_ge_10000,30,435,unique_tuple_weighted_continuous,-0.0005281230877661646,0.003521606211649175
weights,all,none,6,rows_ge_50000,22,231,row_weighted_continuous,0.034119393214034385,0.056643431530987755
weights,all,none,6,rows_ge_50000,22,231,unique_tuple_weighted_continuous,-0.020744480405257795,0.012830273175100762
weights,all,none,6,unique_tuples_ge_10,28,378,row_weighted_continuous,-0.047228491252766215,-0.044854881266490766
weights,all,none,6,unique_tuples_ge_10,28,378,unique_tuple_weighted_continuous,-0.049585705921989395,-0.04250375126546539
weights,all,none,6,unique_tuples_ge_25,24,276,row_weighted_continuous,-0.045669475705019155,-0.031348296970648254
weights,all,none,6,unique_tuples_ge_25,24,276,unique_tuple_weighted_continuous,-0.0629251404558273,-0.03793610250995277
weights,all,none,6,exposure_quartile_1,8,28,row_weighted_continuous,0.08033127104381248,0.09797482211275313
weights,all,none,6,exposure_quartile_1,8,28,unique_tuple_weighted_continuous,0.3166918431359381,0.3322386425834702
weights,all,none,6,exposure_quartile_2,8,28,row_weighted_continuous,-0.25098962767453725,-0.27586206896551724
weights,all,none,6,exposure_quartile_2,8,28,unique_tuple_weighted_continuous,-0.11730027095234724,-0.12534209085933223
weights,all,none,6,exposure_quartile_3,8,28,row_weighted_continuous,-0.09362030403018122,-0.10344827586206896
weights,all,none,6,exposure_quartile_3,8,28,unique_tuple_weighted_continuous,-0.13294753317270747,-0.18445539135194308
weights,all,none,6,exposure_quartile_4,8,28,row_weighted_continuous,0.07268818814620609,-0.009852216748768473
weights,all,none,6,exposure_quartile_4,8,28,unique_tuple_weighted_continuous,-0.08432503168273142,-0.09195402298850575
weights,all,none,6,pair_row_ratio_le_2_0,32,181,row_weighted_continuous,-0.20265789553555286,-0.18297209236435755
weights,all,none,6,pair_row_ratio_le_2_0,32,181,unique_tuple_weighted_continuous,-0.11290826530410203,-0.10298706818043835
weights,all,none,6,pair_row_ratio_le_1_5,32,117,row_weighted_continuous,-0.1297852304694479,-0.1424568028892985
weights,all,none,6,pair_row_ratio_le_1_5,32,117,unique_tuple_weighted_continuous,-0.062068894920918063,-0.08907671327308965
weights,all,none,7,all_32,32,496,row_weighted_continuous,6.7032279328888e-05,-0.0020514091390965534
weights,all,none,7,all_32,32,496,unique_tuple_weighted_continuous,0.05292379455696054,0.05502457560612944
weights,all,none,7,rows_ge_1000,30,435,row_weighted_continuous,-0.02911120360108286,-0.029550235663041942
weights,all,none,7,rows_ge_1000,30,435,unique_tuple_weighted_continuous,-1.9142334092001393e-05,0.005675739900311544
weights,all,none,7,rows_ge_10000,30,435,row_weighted_continuous,-0.02911120360108286,-0.029550235663041942
weights,all,none,7,rows_ge_10000,30,435,unique_tuple_weighted_continuous,-1.9142334092001393e-05,0.005675739900311544
weights,all,none,7,rows_ge_50000,22,231,row_weighted_continuous,0.03766546740051539,0.05903639089546136
weights,all,none,7,rows_ge_50000,22,231,unique_tuple_weighted_continuous,-0.016301029295150288,0.017527599836445414
weights,all,none,7,unique_tuples_ge_10,28,378,row_weighted_continuous,-0.044706216921448355,-0.042284901988295674
weights,all,none,7,unique_tuples_ge_10,28,378,unique_tuple_weighted_continuous,-0.04751078316276607,-0.03940920026808481
weights,all,none,7,unique_tuples_ge_25,24,276,row_weighted_continuous,-0.04190108163631724,-0.02906465375779455
weights,all,none,7,unique_tuples_ge_25,24,276,unique_tuple_weighted_continuous,-0.05926883039182979,-0.034385354090266974
weights,all,none,7,exposure_quartile_1,8,28,row_weighted_continuous,0.08086800127068834,0.1023535851122058
weights,all,none,7,exposure_quartile_1,8,28,unique_tuple_weighted_continuous,0.3068272212987209,0.3305966064586754
weights,all,none,7,exposure_quartile_2,8,28,row_weighted_continuous,-0.26113023848589545,-0.2692939244663382
weights,all,none,7,exposure_quartile_2,8,28,unique_tuple_weighted_continuous,-0.12511044897445872,-0.11986863711001641
weights,all,none,7,exposure_quartile_3,8,28,row_weighted_continuous,-0.1112707254877014,-0.1231527093596059
weights,all,none,7,exposure_quartile_3,8,28,unique_tuple_weighted_continuous,-0.13650947536478666,-0.1981390257252326
weights,all,none,7,exposure_quartile_4,8,28,row_weighted_continuous,0.058466608547660254,-0.013136288998357963
weights,all,none,7,exposure_quartile_4,8,28,unique_tuple_weighted_continuous,-0.09276024236116415,-0.09359605911330049
weights,all,none,7,pair_row_ratio_le_2_0,32,181,row_weighted_continuous,-0.2008872691951072,-0.18425515552587374
weights,all,none,7,pair_row_ratio_le_2_0,32,181,unique_tuple_weighted_continuous,-0.11236904138868235,-0.10180316920648413
weights,all,none,7,pair_row_ratio_le_1_5,32,117,row_weighted_continuous,-0.12804688769039638,-0.14648803368850125
weights,all,none,7,pair_row_ratio_le_1_5,32,117,unique_tuple_weighted_continuous,-0.06154829446511703,-0.09070269298206175
weights,all,none,8,all_32,32,496,row_weighted_continuous,-0.0009438293137647019,-0.0026627998686154066
weights,all,none,8,all_32,32,496,unique_tuple_weighted_continuous,0.053752439470203875,0.055793313153603925
weights,all,none,8,rows_ge_1000,30,435,row_weighted_continuous,-0.029915868330362104,-0.029298609055933705
weights,all,none,8,rows_ge_1000,30,435,unique_tuple_weighted_continuous,0.0013341203238511018,0.007720534101528275
weights,all,none,8,rows_ge_10000,30,435,row_weighted_continuous,-0.029915868330362104,-0.029298609055933705
weights,all,none,8,rows_ge_10000,30,435,unique_tuple_weighted_continuous,0.0013341203238511018,0.007720534101528275
weights,all,none,8,rows_ge_50000,22,231,row_weighted_continuous,0.03963518953108437,0.05943651550847954
weights,all,none,8,rows_ge_50000,22,231,unique_tuple_weighted_continuous,-0.01343272964222907,0.019395821569734618
weights,all,none,8,unique_tuples_ge_10,28,378,row_weighted_continuous,-0.04453816765625825,-0.041647906173427056
weights,all,none,8,unique_tuples_ge_10,28,378,unique_tuple_weighted_continuous,-0.04566456931229848,-0.03731002466331372
weights,all,none,8,unique_tuples_ge_25,24,276,row_weighted_continuous,-0.04086445732887125,-0.027906565260198916
weights,all,none,8,unique_tuples_ge_25,24,276,unique_tuple_weighted_continuous,-0.05676021982944129,-0.03172272085158602
weights,all,none,8,exposure_quartile_1,8,28,row_weighted_continuous,0.06393262115494633,0.07115489874110564
weights,all,none,8,exposure_quartile_1,8,28,unique_tuple_weighted_continuous,0.3010846165412105,0.307608100711549
weights,all,none,8,exposure_quartile_2,8,28,row_weighted_continuous,-0.26222732385112807,-0.26874657909140665
weights,all,none,8,exposure_quartile_2,8,28,unique_tuple_weighted_continuous,-0.11324058689186556,-0.11603721948549535
weights,all,none,8,exposure_quartile_3,8,28,row_weighted_continuous,-0.08082169554022293,-0.11275314723590585
weights,all,none,8,exposure_quartile_3,8,28,unique_tuple_weighted_continuous,-0.11013899999547454,-0.1893814997263273
weights,all,none,8,exposure_quartile_4,8,28,row_weighted_continuous,0.07132396455518984,-0.0120415982484948
weights,all,none,8,exposure_quartile_4,8,28,unique_tuple_weighted_continuous,-0.08228291380908964,-0.09085933223864258
weights,all,none,8,pair_row_ratio_le_2_0,32,181,row_weighted_continuous,-0.19895775981794758,-0.1797441968712687
weights,all,none,8,pair_row_ratio_le_2_0,32,181,unique_tuple_weighted_continuous,-0.1082241171216888,-0.09651306336389208
weights,all,none,8,pair_row_ratio_le_1_5,32,117,row_weighted_continuous,-0.12796387511642146,-0.13775869561959567
weights,all,none,8,pair_row_ratio_le_1_5,32,117,unique_tuple_weighted_continuous,-0.05997796913209282,-0.08288750018732484
weights,all,none,9,all_32,32,496,row_weighted_continuous,0.0009606478955656306,-0.003017518601344135
weights,all,none,9,all_32,32,496,unique_tuple_weighted_continuous,0.0525132813145015,0.05359242453744952
weights,all,none,9,rows_ge_1000,30,435,row_weighted_continuous,-0.028491281939439988,-0.03063094715695465
weights,all,none,9,rows_ge_1000,30,435,unique_tuple_weighted_continuous,-0.00023811868241003408,0.004252139773769311
weights,all,none,9,rows_ge_10000,30,435,row_weighted_continuous,-0.028491281939439988,-0.03063094715695465
weights,all,none,9,rows_ge_10000,30,435,unique_tuple_weighted_continuous,-0.00023811868241003408,0.004252139773769311
weights,all,none,9,rows_ge_50000,22,231,row_weighted_continuous,0.036766917811868624,0.0540927588153975
weights,all,none,9,rows_ge_50000,22,231,unique_tuple_weighted_continuous,-0.01726525735480186,0.013355984345489593
weights,all,none,9,unique_tuples_ge_10,28,378,row_weighted_continuous,-0.044395737677379525,-0.04364243405276978
weights,all,none,9,unique_tuples_ge_10,28,378,unique_tuple_weighted_continuous,-0.04721140155534772,-0.040696522818258786
weights,all,none,9,unique_tuples_ge_25,24,276,row_weighted_continuous,-0.041489246361633904,-0.031976712661063625
weights,all,none,9,unique_tuples_ge_25,24,276,unique_tuple_weighted_continuous,-0.05893735290529454,-0.036859063084145494
weights,all,none,9,exposure_quartile_1,8,28,row_weighted_continuous,0.09283958910113033,0.0996168582375479
weights,all,none,9,exposure_quartile_1,8,28,unique_tuple_weighted_continuous,0.3169699844462624,0.3273125342090859
weights,all,none,9,exposure_quartile_2,8,28,row_weighted_continuous,-0.2664540030377054,-0.30268199233716475
weights,all,none,9,exposure_quartile_2,8,28,unique_tuple_weighted_continuous,-0.1263578574698745,-0.15325670498084293
weights,all,none,9,exposure_quartile_3,8,28,row_weighted_continuous,-0.1323920344572965,-0.13026819923371646
weights,all,none,9,exposure_quartile_3,8,28,unique_tuple_weighted_continuous,-0.15480782918429964,-0.21237000547345375
weights,all,none,9,exposure_quartile_4,8,28,row_weighted_continuous,0.06427398200324233,-0.0120415982484948
weights,all,none,9,exposure_quartile_4,8,28,unique_tuple_weighted_continuous,-0.08645378239431856,-0.09085933223864258
weights,all,none,9,pair_row_ratio_le_2_0,32,181,row_weighted_continuous,-0.20206671773642101,-0.1885435006981968
weights,all,none,9,pair_row_ratio_le_2_0,32,181,unique_tuple_weighted_continuous,-0.1132033300259705,-0.10599639770910488
weights,all,none,9,pair_row_ratio_le_1_5,32,117,row_weighted_continuous,-0.13100854672230042,-0.15027199568403543
weights,all,none,9,pair_row_ratio_le_1_5,32,117,unique_tuple_weighted_continuous,-0.06475222569728366,-0.09460654288240494
weights,all,none,10,all_32,32,496,row_weighted_continuous,0.001832114605366461,-0.00030426940922170364
weights,all,none,10,all_32,32,496,unique_tuple_weighted_continuous,0.05330881722988122,0.055620329995613955
weights,all,none,10,rows_ge_1000,30,435,row_weighted_continuous,-0.027831209921787163,-0.028871018767029626
weights,all,none,10,rows_ge_1000,30,435,unique_tuple_weighted_continuous,0.0003259032819460576,0.0051137349348409555
weights,all,none,10,rows_ge_10000,30,435,row_weighted_continuous,-0.027831209921787163,-0.028871018767029626
weights,all,none,10,rows_ge_10000,30,435,unique_tuple_weighted_continuous,0.0003259032819460576,0.0051137349348409555
weights,all,none,10,rows_ge_50000,22,231,row_weighted_continuous,0.03591205793338044,0.0561410853015051
weights,all,none,10,rows_ge_50000,22,231,unique_tuple_weighted_continuous,-0.019778155520804877,0.012152689888821823
weights,all,none,10,unique_tuples_ge_10,28,378,row_weighted_continuous,-0.043348697589571855,-0.042053166154703774
weights,all,none,10,unique_tuples_ge_10,28,378,unique_tuple_weighted_continuous,-0.047257574221015064,-0.04104690384373762
weights,all,none,10,unique_tuples_ge_25,24,276,row_weighted_continuous,-0.04136437465312081,-0.029628001883534764
weights,all,none,10,unique_tuples_ge_25,24,276,unique_tuple_weighted_continuous,-0.06030993389239354,-0.037664987657139604
weights,all,none,10,exposure_quartile_1,8,28,row_weighted_continuous,0.06742625894596263,0.10454296661193212
weights,all,none,10,exposure_quartile_1,8,28,unique_tuple_weighted_continuous,0.30772150867422565,0.3371647509578544
weights,all,none,10,exposure_quartile_2,8,28,row_weighted_continuous,-0.2468256346000917,-0.23316912972085385
weights,all,none,10,exposure_quartile_2,8,28,unique_tuple_weighted_continuous,-0.11999441554289078,-0.10509031198686371
weights,all,none,10,exposure_quartile_3,8,28,row_weighted_continuous,-0.07728899430617649,-0.10837438423645321
weights,all,none,10,exposure_quartile_3,8,28,unique_tuple_weighted_continuous,-0.11630305040128885,-0.18828680897646416
weights,all,none,10,exposure_quartile_4,8,28,row_weighted_continuous,0.06804903757249048,-0.00930487137383689
weights,all,none,10,exposure_quartile_4,8,28,unique_tuple_weighted_continuous,-0.08300298989584907,-0.09195402298850575
weights,all,none,10,pair_row_ratio_le_2_0,32,181,row_weighted_continuous,-0.2037954939100269,-0.18509096796389612
weights,all,none,10,pair_row_ratio_le_2_0,32,181,unique_tuple_weighted_continuous,-0.11691409682443621,-0.10582640195899864
weights,all,none,10,pair_row_ratio_le_1_5,32,117,row_weighted_continuous,-0.127272538555356,-0.14538656356306853
weights,all,none,10,pair_row_ratio_le_1_5,32,117,unique_tuple_weighted_continuous,-0.06399892696506915,-0.09407454030481499
weights,all,none,11,all_32,32,496,row_weighted_continuous,0.0007569898785556584,-0.0020844519708672366
weights,all,none,11,all_32,32,496,unique_tuple_weighted_continuous,0.05383983019822365,0.05613259222982076
weights,all,none,11,rows_ge_1000,30,435,row_weighted_continuous,-0.028367525464455833,-0.029308230930828925
weights,all,none,11,rows_ge_1000,30,435,unique_tuple_weighted_continuous,0.0014428867208655762,0.0072089710862659395
weights,all,none,11,rows_ge_10000,30,435,row_weighted_continuous,-0.028367525464455833,-0.029308230930828925
weights,all,none,11,rows_ge_10000,30,435,unique_tuple_weighted_continuous,0.0014428867208655762,0.0072089710862659395
weights,all,none,11,rows_ge_50000,22,231,row_weighted_continuous,0.037603458791186165,0.059868766915243676
weights,all,none,11,rows_ge_50000,22,231,unique_tuple_weighted_continuous,-0.015665656582557363,0.01975700461457583
weights,all,none,11,unique_tuples_ge_10,28,378,row_weighted_continuous,-0.04367525855061921,-0.04205805415886391
weights,all,none,11,unique_tuples_ge_10,28,378,unique_tuple_weighted_continuous,-0.0458587436200389,-0.03801767435649703
weights,all,none,11,unique_tuples_ge_25,24,276,row_weighted_continuous,-0.041253035480286096,-0.02865712532640801
weights,all,none,11,unique_tuples_ge_25,24,276,unique_tuple_weighted_continuous,-0.057514330983598844,-0.03250695623635508
weights,all,none,11,exposure_quartile_1,8,28,row_weighted_continuous,0.07506038136921761,0.10454296661193212
weights,all,none,11,exposure_quartile_1,8,28,unique_tuple_weighted_continuous,0.3108747988375661,0.3371647509578544
weights,all,none,11,exposure_quartile_2,8,28,row_weighted_continuous,-0.2667788197028195,-0.3021346469622332
weights,all,none,11,exposure_quartile_2,8,28,unique_tuple_weighted_continuous,-0.12047582691721402,-0.1423097974822113
weights,all,none,11,exposure_quartile_3,8,28,row_weighted_continuous,-0.09640384689931537,-0.09140667761357417
weights,all,none,11,exposure_quartile_3,8,28,unique_tuple_weighted_continuous,-0.1243219178219845,-0.16967706622879036
weights,all,none,11,exposure_quartile_4,8,28,row_weighted_continuous,0.06194325155470743,-0.0038314176245210726
weights,all,none,11,exposure_quartile_4,8,28,unique_tuple_weighted_continuous,-0.08103899324873452,-0.0810071154898741
weights,all,none,11,pair_row_ratio_le_2_0,32,181,row_weighted_continuous,-0.20211151049030218,-0.1870965130633639
weights,all,none,11,pair_row_ratio_le_2_0,32,181,unique_tuple_weighted_continuous,-0.11258356811659222,-0.1035537206807925
weights,all,none,11,pair_row_ratio_le_1_5,32,117,row_weighted_continuous,-0.12328853542341103,-0.14264412774056257
weights,all,none,11,pair_row_ratio_le_1_5,32,117,unique_tuple_weighted_continuous,-0.05689616802449722,-0.08764555140943218
weights,all,none,12,all_32,32,496,row_weighted_continuous,0.0015055485387837908,-0.0022512395979002067
weights,all,none,12,all_32,32,496,unique_tuple_weighted_continuous,0.05347702301768873,0.055811408037668826
weights,all,none,12,rows_ge_1000,30,435,row_weighted_continuous,-0.027532699403301223,-0.029850409002576038
weights,all,none,12,rows_ge_1000,30,435,unique_tuple_weighted_continuous,0.001231720296521385,0.00641808212707581
weights,all,none,12,rows_ge_10000,30,435,row_weighted_continuous,-0.027532699403301223,-0.029850409002576038
weights,all,none,12,rows_ge_10000,30,435,unique_tuple_weighted_continuous,0.001231720296521385,0.00641808212707581
weights,all,none,12,rows_ge_50000,22,231,row_weighted_continuous,0.036468324999179874,0.056387390720224306
weights,all,none,12,rows_ge_50000,22,231,unique_tuple_weighted_continuous,-0.01725598413038304,0.016691329659845402
weights,all,none,12,unique_tuples_ge_10,28,378,row_weighted_continuous,-0.04387298269739695,-0.043749303598270936
weights,all,none,12,unique_tuples_ge_10,28,378,unique_tuple_weighted_continuous,-0.04631798319479521,-0.03919723863314074
weights,all,none,12,unique_tuples_ge_25,24,276,row_weighted_continuous,-0.04193741639712351,-0.03112170203050756
weights,all,none,12,unique_tuples_ge_25,24,276,unique_tuple_weighted_continuous,-0.058867371564305195,-0.03481571324610094
weights,all,none,12,exposure_quartile_1,8,28,row_weighted_continuous,0.0768149196566387,0.10618500273672687
weights,all,none,12,exposure_quartile_1,8,28,unique_tuple_weighted_continuous,0.30604492545468237,0.3333333333333333
weights,all,none,12,exposure_quartile_2,8,28,row_weighted_continuous,-0.2622830018312112,-0.2802408319649699
weights,all,none,12,exposure_quartile_2,8,28,unique_tuple_weighted_continuous,-0.11299440533464747,-0.11767925561029009
weights,all,none,12,exposure_quartile_3,8,28,row_weighted_continuous,-0.08865529120590124,-0.09140667761357417
weights,all,none,12,exposure_quartile_3,8,28,unique_tuple_weighted_continuous,-0.11387516707894212,-0.16037219485495346
weights,all,none,12,exposure_quartile_4,8,28,row_weighted_continuous,0.060148902931316875,-0.0016420361247947454
weights,all,none,12,exposure_quartile_4,8,28,unique_tuple_weighted_continuous,-0.08370578598305856,-0.08264915161466885
weights,all,none,12,pair_row_ratio_le_2_0,32,181,row_weighted_continuous,-0.2030791883894458,-0.18721793859915406
weights,all,none,12,pair_row_ratio_le_2_0,32,181,unique_tuple_weighted_continuous,-0.11434142275732721,-0.10257624511768158
weights,all,none,12,pair_row_ratio_le_1_5,32,117,row_weighted_continuous,-0.12570097705449185,-0.146697837521917
weights,all,none,12,pair_row_ratio_le_1_5,32,117,unique_tuple_weighted_continuous,-0.06031835883875771,-0.0891291642314436
weights,all,none,13,all_32,32,496,row_weighted_continuous,-0.000311264968615263,-0.004104588429895108
weights,all,none,13,all_32,32,496,unique_tuple_weighted_continuous,0.05252958950813236,0.054183261838872926
weights,all,none,13,rows_ge_1000,30,435,row_weighted_continuous,-0.02985332388100789,-0.032431258264242924
weights,all,none,13,rows_ge_1000,30,435,unique_tuple_weighted_continuous,-0.00036627557143479786,0.0039598388773313
weights,all,none,13,rows_ge_10000,30,435,row_weighted_continuous,-0.02985332388100789,-0.032431258264242924
weights,all,none,13,rows_ge_10000,30,435,unique_tuple_weighted_continuous,-0.00036627557143479786,0.0039598388773313
weights,all,none,13,rows_ge_50000,22,231,row_weighted_continuous,0.03414295279549943,0.05375591425066688
weights,all,none,13,rows_ge_50000,22,231,unique_tuple_weighted_continuous,-0.019933247677666556,0.013078525672228822
weights,all,none,13,unique_tuples_ge_10,28,378,row_weighted_continuous,-0.04473916044974425,-0.045435220669503264
weights,all,none,13,unique_tuples_ge_10,28,378,unique_tuple_weighted_continuous,-0.04740665343124027,-0.04170522913130501
weights,all,none,13,unique_tuples_ge_25,24,276,row_weighted_continuous,-0.04300900494899745,-0.03250695623635508
weights,all,none,13,unique_tuples_ge_25,24,276,unique_tuple_weighted_continuous,-0.06050579861372469,-0.03735334826843224
weights,all,none,13,exposure_quartile_1,8,28,row_weighted_continuous,0.05893821167953865,0.06732348111658455
weights,all,none,13,exposure_quartile_1,8,28,unique_tuple_weighted_continuous,0.2972303557377589,0.3054187192118227
weights,all,none,13,exposure_quartile_2,8,28,row_weighted_continuous,-0.2538530645734213,-0.24575807334428024
weights,all,none,13,exposure_quartile_2,8,28,unique_tuple_weighted_continuous,-0.12355059203602968,-0.10016420361247948
weights,all,none,13,exposure_quartile_3,8,28,row_weighted_continuous,-0.08813900464984269,-0.10454296661193212
weights,all,none,13,exposure_quartile_3,8,28,unique_tuple_weighted_continuous,-0.11189269692204706,-0.17843459222769564
weights,all,none,13,exposure_quartile_4,8,28,row_weighted_continuous,0.05235752630937754,-0.0071154898741105635
weights,all,none,13,exposure_quartile_4,8,28,unique_tuple_weighted_continuous,-0.08836323188295488,-0.09085933223864258
weights,all,none,13,pair_row_ratio_le_2_0,32,181,row_weighted_continuous,-0.20587085307460737,-0.1889158723412867
weights,all,none,13,pair_row_ratio_le_2_0,32,181,unique_tuple_weighted_continuous,-0.11647574455063228,-0.10650031368263413
weights,all,none,13,pair_row_ratio_le_1_5,32,117,row_weighted_continuous,-0.12778880652460053,-0.14621828590268096
weights,all,none,13,pair_row_ratio_le_1_5,32,117,unique_tuple_weighted_continuous,-0.06193854137580073,-0.09352005874507334
weights,all,none,14,all_32,32,496,row_weighted_continuous,0.0012548771497234018,-0.0026936791816392
weights,all,none,14,all_32,32,496,unique_tuple_weighted_continuous,0.05348144280732868,0.05488237341940204
weights,all,none,14,rows_ge_1000,30,435,row_weighted_continuous,-0.027916879031438285,-0.029793989827054085
weights,all,none,14,rows_ge_1000,30,435,unique_tuple_weighted_continuous,0.001100869545365675,0.006064988475618023
weights,all,none,14,rows_ge_10000,30,435,row_weighted_continuous,-0.027916879031438285,-0.029793989827054085
weights,all,none,14,rows_ge_10000,30,435,unique_tuple_weighted_continuous,0.001100869545365675,0.006064988475618023
weights,all,none,14,rows_ge_50000,22,231,row_weighted_continuous,0.03687063891278001,0.05619852411456609
weights,all,none,14,rows_ge_50000,22,231,unique_tuple_weighted_continuous,-0.017194055608800243,0.01606923810821862
weights,all,none,14,unique_tuples_ge_10,28,378,row_weighted_continuous,-0.043537940677079924,-0.04348935064975461
weights,all,none,14,unique_tuples_ge_10,28,378,unique_tuple_weighted_continuous,-0.04620593762006198,-0.03951184835544766
weights,all,none,14,unique_tuples_ge_25,24,276,row_weighted_continuous,-0.04042264793764616,-0.03079636420713175
weights,all,none,14,unique_tuples_ge_25,24,276,unique_tuple_weighted_continuous,-0.05809562978386256,-0.035378490603729974
weights,all,none,14,exposure_quartile_1,8,28,row_weighted_continuous,0.0751857143166003,0.11275314723590585
weights,all,none,14,exposure_quartile_1,8,28,unique_tuple_weighted_continuous,0.3091329783425343,0.33169129720853857
weights,all,none,14,exposure_quartile_2,8,28,row_weighted_continuous,-0.2684417532283152,-0.2671045429666119
weights,all,none,14,exposure_quartile_2,8,28,unique_tuple_weighted_continuous,-0.12094020854926174,-0.11932129173508485
weights,all,none,14,exposure_quartile_3,8,28,row_weighted_continuous,-0.07536657243642865,-0.09688013136288998
weights,all,none,14,exposure_quartile_3,8,28,unique_tuple_weighted_continuous,-0.10142829052210395,-0.16584564860426929
weights,all,none,14,exposure_quartile_4,8,28,row_weighted_continuous,0.06935201538513898,-0.0038314176245210726
weights,all,none,14,exposure_quartile_4,8,28,unique_tuple_weighted_continuous,-0.07340606825224846,-0.0810071154898741
weights,all,none,14,pair_row_ratio_le_2_0,32,181,row_weighted_continuous,-0.20029571319013467,-0.18519215591038793
weights,all,none,14,pair_row_ratio_le_2_0,32,181,unique_tuple_weighted_continuous,-0.11133652604493025,-0.10325015684131707
weights,all,none,14,pair_row_ratio_le_1_5,32,117,row_weighted_continuous,-0.12299702086809541,-0.1488258478322768
weights,all,none,14,pair_row_ratio_le_1_5,32,117,unique_tuple_weighted_continuous,-0.05760799587457532,-0.09298056317343284
weights,all,none,15,all_32,32,496,row_weighted_continuous,-0.0015599911346905193,-0.004381322145974576
weights,all,none,15,all_32,32,496,unique_tuple_weighted_continuous,0.052362158137268966,0.05301269985504423
weights,all,none,15,rows_ge_1000,30,435,row_weighted_continuous,-0.030875416876371055,-0.03158380434354758
weights,all,none,15,rows_ge_1000,30,435,unique_tuple_weighted_continuous,-0.00042519107548196427,0.0043643949808801685
weights,all,none,15,rows_ge_10000,30,435,row_weighted_continuous,-0.030875416876371055,-0.03158380434354758
weights,all,none,15,rows_ge_10000,30,435,unique_tuple_weighted_continuous,-0.00042519107548196427,0.0043643949808801685
weights,all,none,15,rows_ge_50000,22,231,row_weighted_continuous,0.03446858077074225,0.05705037091843689
weights,all,none,15,rows_ge_50000,22,231,unique_tuple_weighted_continuous,-0.020014220978084234,0.015776202807687066
weights,all,none,15,unique_tuples_ge_10,28,378,row_weighted_continuous,-0.04535602383922209,-0.04381573601844733
weights,all,none,15,unique_tuples_ge_10,28,378,unique_tuple_weighted_continuous,-0.04776386784305098,-0.04027526573245798
weights,all,none,15,unique_tuples_ge_25,24,276,row_weighted_continuous,-0.04252806662717404,-0.030476734064867797
weights,all,none,15,unique_tuples_ge_25,24,276,unique_tuple_weighted_continuous,-0.060085380855593125,-0.03567586078965768
weights,all,none,15,exposure_quartile_1,8,28,row_weighted_continuous,0.07391020990856448,0.11877394636015325
weights,all,none,15,exposure_quartile_1,8,28,unique_tuple_weighted_continuous,0.3130103689635636,0.3420908593322386
weights,all,none,15,exposure_quartile_2,8,28,row_weighted_continuous,-0.2569936289686062,-0.26491516146688554
weights,all,none,15,exposure_quartile_2,8,28,unique_tuple_weighted_continuous,-0.12672081897572762,-0.12096332785987958
weights,all,none,15,exposure_quartile_3,8,28,row_weighted_continuous,-0.05900058864959852,-0.07279693486590037
weights,all,none,15,exposure_quartile_3,8,28,unique_tuple_weighted_continuous,-0.08594690703098887,-0.150519978106185
weights,all,none,15,exposure_quartile_4,8,28,row_weighted_continuous,0.07122009688799874,0.003284072249589491
weights,all,none,15,exposure_quartile_4,8,28,unique_tuple_weighted_continuous,-0.07003408561604649,-0.0717022441160372
weights,all,none,15,pair_row_ratio_le_2_0,32,181,row_weighted_continuous,-0.20095372126592664,-0.18091190577378422
weights,all,none,15,pair_row_ratio_le_2_0,32,181,unique_tuple_weighted_continuous,-0.11021756495801029,-0.10120413656325258
weights,all,none,15,pair_row_ratio_le_1_5,32,117,row_weighted_continuous,-0.12395876927925466,-0.1406884562933657
weights,all,none,15,pair_row_ratio_le_1_5,32,117,unique_tuple_weighted_continuous,-0.05713017799178706,-0.0892265731541009
weights,all,none,16,all_32,32,496,row_weighted_continuous,-0.000961348996821848,-0.004218074822345608
weights,all,none,16,all_32,32,496,unique_tuple_weighted_continuous,0.052792754431850664,0.05253888924947534
weights,all,none,16,rows_ge_1000,30,435,row_weighted_continuous,-0.030483631409282418,-0.03149341703392586
weights,all,none,16,rows_ge_1000,30,435,unique_tuple_weighted_continuous,-0.00028544001137628515,0.0034294694702283156
weights,all,none,16,rows_ge_10000,30,435,row_weighted_continuous,-0.030483631409282418,-0.03149341703392586
weights,all,none,16,rows_ge_10000,30,435,unique_tuple_weighted_continuous,-0.00028544001137628515,0.0034294694702283156
weights,all,none,16,rows_ge_50000,22,231,row_weighted_continuous,0.03435325394515802,0.05516949317549018
weights,all,none,16,rows_ge_50000,22,231,unique_tuple_weighted_continuous,-0.019865474741807727,0.013546798029556651
weights,all,none,16,unique_tuples_ge_10,28,378,row_weighted_continuous,-0.04530473422810529,-0.04456182319888989
weights,all,none,16,unique_tuples_ge_10,28,378,unique_tuple_weighted_continuous,-0.04773207951224623,-0.04157991847919971
weights,all,none,16,unique_tuples_ge_25,24,276,row_weighted_continuous,-0.04302195936579927,-0.031704456272028086
weights,all,none,16,unique_tuples_ge_25,24,276,unique_tuple_weighted_continuous,-0.06019066007204144,-0.037134173313736966
weights,all,none,16,exposure_quartile_1,8,28,row_weighted_continuous,0.08693968801093324,0.12424740010946908
weights,all,none,16,exposure_quartile_1,8,28,unique_tuple_weighted_continuous,0.32021875525286647,0.3393541324575807
weights,all,none,16,exposure_quartile_2,8,28,row_weighted_continuous,-0.2476750058241924,-0.2775041050903119
weights,all,none,16,exposure_quartile_2,8,28,unique_tuple_weighted_continuous,-0.12243227482623008,-0.14778325123152708
weights,all,none,16,exposure_quartile_3,8,28,row_weighted_continuous,-0.07091791054119354,-0.08757525998905309
weights,all,none,16,exposure_quartile_3,8,28,unique_tuple_weighted_continuous,-0.10702843946622084,-0.17952928297755882
weights,all,none,16,exposure_quartile_4,8,28,row_weighted_continuous,0.07743384739974447,-0.0049261083743842365
weights,all,none,16,exposure_quartile_4,8,28,unique_tuple_weighted_continuous,-0.06374829372747658,-0.08264915161466885
weights,all,none,16,pair_row_ratio_le_2_0,32,181,row_weighted_continuous,-0.20007427573428102,-0.18291137959646245
weights,all,none,16,pair_row_ratio_le_2_0,32,181,unique_tuple_weighted_continuous,-0.10873550487495111,-0.10401513771679517
weights,all,none,16,pair_row_ratio_le_1_5,32,117,row_weighted_continuous,-0.12298146037847511,-0.14091324611488257
weights,all,none,16,pair_row_ratio_le_1_5,32,117,unique_tuple_weighted_continuous,-0.05593555745502764,-0.09081508789282021
weights,all,none,17,all_32,32,496,row_weighted_continuous,-0.003337818452578134,-0.007111092753982349
weights,all,none,17,all_32,32,496,unique_tuple_weighted_continuous,0.05108611514138473,0.052011580725801525
weights,all,none,17,rows_ge_1000,30,435,row_weighted_continuous,-0.032223190427949314,-0.033747559907105165
weights,all,none,17,rows_ge_1000,30,435,unique_tuple_weighted_continuous,-0.0012953150856998396,0.00377877268612132
weights,all,none,17,rows_ge_10000,30,435,row_weighted_continuous,-0.032223190427949314,-0.033747559907105165
weights,all,none,17,rows_ge_10000,30,435,unique_tuple_weighted_continuous,-0.0012953150856998396,0.00377877268612132
weights,all,none,17,rows_ge_50000,22,231,row_weighted_continuous,0.031529716132204164,0.05266068264569015
weights,all,none,17,rows_ge_50000,22,231,unique_tuple_weighted_continuous,-0.022644319231886423,0.012266593975739403
weights,all,none,17,unique_tuples_ge_10,28,378,row_weighted_continuous,-0.04742360021219947,-0.04716779596226416
weights,all,none,17,unique_tuples_ge_10,28,378,unique_tuple_weighted_continuous,-0.04922060678506346,-0.041993177012738477
weights,all,none,17,unique_tuples_ge_25,24,276,row_weighted_continuous,-0.04574282218266348,-0.03382657210941625
weights,all,none,17,unique_tuples_ge_25,24,276,unique_tuple_weighted_continuous,-0.06272779514887739,-0.037619896976355933
weights,all,none,17,exposure_quartile_1,8,28,row_weighted_continuous,0.06600063286866877,0.1291735084838533
weights,all,none,17,exposure_quartile_1,8,28,unique_tuple_weighted_continuous,0.29982666369997535,0.3415435139573071
weights,all,none,17,exposure_quartile_2,8,28,row_weighted_continuous,-0.25565393456956154,-0.2430213464696223
weights,all,none,17,exposure_quartile_2,8,28,unique_tuple_weighted_continuous,-0.11663107655001674,-0.09085933223864258
weights,all,none,17,exposure_quartile_3,8,28,row_weighted_continuous,-0.08057743177034371,-0.0842911877394636
weights,all,none,17,exposure_quartile_3,8,28,unique_tuple_weighted_continuous,-0.09709500632101112,-0.14887794198139023
weights,all,none,17,exposure_quartile_4,8,28,row_weighted_continuous,0.06983267891000848,-0.008210180623973728
weights,all,none,17,exposure_quartile_4,8,28,unique_tuple_weighted_continuous,-0.07385426050487175,-0.09250136836343732
weights,all,none,17,pair_row_ratio_le_2_0,32,181,row_weighted_continuous,-0.2058393641872741,-0.18749721733147146
weights,all,none,17,pair_row_ratio_le_2_0,32,181,unique_tuple_weighted_continuous,-0.11481086459147873,-0.10478011859227329
weights,all,none,17,pair_row_ratio_le_1_5,32,117,row_weighted_continuous,-0.12873874710209077,-0.14942528735632182
weights,all,none,17,pair_row_ratio_le_1_5,32,117,unique_tuple_weighted_continuous,-0.06032739082651009,-0.09414197725127005
weights,all,none,18,all_32,32,496,row_weighted_continuous,-0.0028981023828269226,-0.007404741252992047
weights,all,none,18,all_32,32,496,unique_tuple_weighted_continuous,0.05150002363295558,0.05193625093670528
weights,all,none,18,rows_ge_1000,30,435,row_weighted_continuous,-0.03217028230160857,-0.03454267665980986
weights,all,none,18,rows_ge_1000,30,435,unique_tuple_weighted_continuous,-0.0010855444128970997,0.0030260796545455338
weights,all,none,18,rows_ge_10000,30,435,row_weighted_continuous,-0.03217028230160857,-0.03454267665980986
weights,all,none,18,rows_ge_10000,30,435,unique_tuple_weighted_continuous,-0.0010855444128970997,0.0030260796545455338
weights,all,none,18,rows_ge_50000,22,231,row_weighted_continuous,0.03161181177647496,0.05177962966568664
weights,all,none,18,rows_ge_50000,22,231,unique_tuple_weighted_continuous,-0.02139168407032113,0.01216437235927491
weights,all,none,18,unique_tuples_ge_10,28,378,row_weighted_continuous,-0.04673598024680719,-0.046631892960707445
weights,all,none,18,unique_tuples_ge_10,28,378,unique_tuple_weighted_continuous,-0.048294514538618,-0.041513708241030595
weights,all,none,18,unique_tuples_ge_25,24,276,row_weighted_continuous,-0.04455002152096813,-0.03305489362309328
weights,all,none,18,unique_tuples_ge_25,24,276,unique_tuple_weighted_continuous,-0.061249244231866846,-0.036824246229363165
weights,all,none,18,exposure_quartile_1,8,28,row_weighted_continuous,0.06852653090013025,0.11275314723590585
weights,all,none,18,exposure_quartile_1,8,28,unique_tuple_weighted_continuous,0.30847515469244136,0.33004926108374383
weights,all,none,18,exposure_quartile_2,8,28,row_weighted_continuous,-0.2565789980923778,-0.2671045429666119
weights,all,none,18,exposure_quartile_2,8,28,unique_tuple_weighted_continuous,-0.10941526753580624,-0.09797482211275313
weights,all,none,18,exposure_quartile_3,8,28,row_weighted_continuous,-0.08552060244650071,-0.09797482211275313
weights,all,none,18,exposure_quartile_3,8,28,unique_tuple_weighted_continuous,-0.09977111439824901,-0.1724137931034483
weights,all,none,18,exposure_quartile_4,8,28,row_weighted_continuous,0.07981470697867978,-0.008210180623973728
weights,all,none,18,exposure_quartile_4,8,28,unique_tuple_weighted_continuous,-0.06729461263431198,-0.09250136836343732
weights,all,none,18,pair_row_ratio_le_2_0,32,181,row_weighted_continuous,-0.20605796115534097,-0.18846659785886302
weights,all,none,18,pair_row_ratio_le_2_0,32,181,unique_tuple_weighted_continuous,-0.11451931236847744,-0.10544188776232974
weights,all,none,18,pair_row_ratio_le_1_5,32,117,row_weighted_continuous,-0.12943174202892624,-0.15098383011883887
weights,all,none,18,pair_row_ratio_le_1_5,32,117,unique_tuple_weighted_continuous,-0.06152491580268362,-0.09556564612087698
weights,all,none,19,all_32,32,496,row_weighted_continuous,-0.00046419873056589844,-0.0044807456665702915
weights,all,none,19,all_32,32,496,unique_tuple_weighted_continuous,0.05192877320027403,0.05305941219162482
weights,all,none,19,rows_ge_1000,30,435,row_weighted_continuous,-0.02938668661348208,-0.03101042807138265
weights,all,none,19,rows_ge_1000,30,435,unique_tuple_weighted_continuous,-0.00022861387502803922,0.004754955630035994
weights,all,none,19,rows_ge_10000,30,435,row_weighted_continuous,-0.02938668661348208,-0.03101042807138265
weights,all,none,19,rows_ge_10000,30,435,unique_tuple_weighted_continuous,-0.00022861387502803922,0.004754955630035994
weights,all,none,19,rows_ge_50000,22,231,row_weighted_continuous,0.03656735499520109,0.05709223310422711
weights,all,none,19,rows_ge_50000,22,231,unique_tuple_weighted_continuous,-0.01793644116431219,0.016286337350805116
weights,all,none,19,unique_tuples_ge_10,28,378,row_weighted_continuous,-0.04437576501079724,-0.043883057166652834
weights,all,none,19,unique_tuples_ge_10,28,378,unique_tuple_weighted_continuous,-0.04721366113658594,-0.03978046640224786
weights,all,none,19,unique_tuples_ge_25,24,276,row_weighted_continuous,-0.04103929166197454,-0.030296942109844325
weights,all,none,19,unique_tuples_ge_25,24,276,unique_tuple_weighted_continuous,-0.05898722470826684,-0.03490304076711234
weights,all,none,19,exposure_quartile_1,8,28,row_weighted_continuous,0.06928532330658183,0.1023535851122058
weights,all,none,19,exposure_quartile_1,8,28,unique_tuple_weighted_continuous,0.30438739620403654,0.31746031746031744
weights,all,none,19,exposure_quartile_2,8,28,row_weighted_continuous,-0.24453725747202087,-0.24904214559386975
weights,all,none,19,exposure_quartile_2,8,28,unique_tuple_weighted_continuous,-0.11963123874147864,-0.10344827586206896
weights,all,none,19,exposure_quartile_3,8,28,row_weighted_continuous,-0.0761065495465016,-0.10563765736179528
weights,all,none,19,exposure_quartile_3,8,28,unique_tuple_weighted_continuous,-0.09812914969051087,-0.18828680897646416
weights,all,none,19,exposure_quartile_4,8,28,row_weighted_continuous,0.09153064521268253,-0.009852216748768473
weights,all,none,19,exposure_quartile_4,8,28,unique_tuple_weighted_continuous,-0.05451632099743177,-0.08812260536398467
weights,all,none,19,pair_row_ratio_le_2_0,32,181,row_weighted_continuous,-0.2006735141987678,-0.18595106550907656
weights,all,none,19,pair_row_ratio_le_2_0,32,181,unique_tuple_weighted_continuous,-0.11194677223221809,-0.10429441644911257
weights,all,none,19,pair_row_ratio_le_1_5,32,117,row_weighted_continuous,-0.12370602278800535,-0.14744713692697325
weights,all,none,19,pair_row_ratio_le_1_5,32,117,unique_tuple_weighted_continuous,-0.05923012921943888,-0.09629995953783212
weights,all,none,20,all_32,32,496,row_weighted_continuous,-2.6162851412367405e-05,-0.004016965920646066
weights,all,none,20,all_32,32,496,unique_tuple_weighted_continuous,0.052716592015881567,0.05374691944432971
weights,all,none,20,rows_ge_1000,30,435,row_weighted_continuous,-0.028830453599512244,-0.03115111154522937
weights,all,none,20,rows_ge_1000,30,435,unique_tuple_weighted_continuous,0.0007898533229251743,0.004678417988824046
weights,all,none,20,rows_ge_10000,30,435,row_weighted_continuous,-0.028830453599512244,-0.03115111154522937
weights,all,none,20,rows_ge_10000,30,435,unique_tuple_weighted_continuous,0.0007898533229251743,0.004678417988824046
weights,all,none,20,rows_ge_50000,22,231,row_weighted_continuous,0.037444357750392794,0.056672637707120464
weights,all,none,20,rows_ge_50000,22,231,unique_tuple_weighted_continuous,-0.01576065426531261,0.01673416538484005
weights,all,none,20,unique_tuples_ge_10,28,378,row_weighted_continuous,-0.04351136769443693,-0.043840842585269844
weights,all,none,20,unique_tuples_ge_10,28,378,unique_tuple_weighted_continuous,-0.04541557953078024,-0.039574059317485755
weights,all,none,20,unique_tuples_ge_25,24,276,row_weighted_continuous,-0.04024928431388598,-0.02953667898574507
weights,all,none,20,unique_tuples_ge_25,24,276,unique_tuple_weighted_continuous,-0.05696927479307882,-0.03404232245544441
weights,all,none,20,exposure_quartile_1,8,28,row_weighted_continuous,0.05554945441179872,0.09359605911330049
weights,all,none,20,exposure_quartile_1,8,28,unique_tuple_weighted_continuous,0.2892850680464495,0.30651340996168586
weights,all,none,20,exposure_quartile_2,8,28,row_weighted_continuous,-0.2444253028328342,-0.24356869184455393
weights,all,none,20,exposure_quartile_2,8,28,unique_tuple_weighted_continuous,-0.12100471105081839,-0.10399562123700054
weights,all,none,20,exposure_quartile_3,8,28,row_weighted_continuous,-0.058653301950262415,-0.08593322386425835
weights,all,none,20,exposure_quartile_3,8,28,unique_tuple_weighted_continuous,-0.08113969549387161,-0.1685823754789272
weights,all,none,20,exposure_quartile_4,8,28,row_weighted_continuous,0.09597994737705504,-0.0060207991242474
weights,all,none,20,exposure_quartile_4,8,28,unique_tuple_weighted_continuous,-0.04712305224441295,-0.08319649698960044
weights,all,none,20,pair_row_ratio_le_2_0,32,181,row_weighted_continuous,-0.1976495598740295,-0.18146236820269968
weights,all,none,20,pair_row_ratio_le_2_0,32,181,unique_tuple_weighted_continuous,-0.10845815677668827,-0.10025499362515937
weights,all,none,20,pair_row_ratio_le_1_5,32,117,row_weighted_continuous,-0.1217881777359373,-0.14259167678220866
weights,all,none,20,pair_row_ratio_le_1_5,32,117,unique_tuple_weighted_continuous,-0.05755378286307261,-0.09181914909559562
weights,all,none,21,all_32,32,496,row_weighted_continuous,0.00012361128628637919,-0.003299169405484717
weights,all,none,21,all_32,32,496,unique_tuple_weighted_continuous,0.05225790072262193,0.05390642978103224
weights,all,none,21,rows_ge_1000,30,435,row_weighted_continuous,-0.028570084522310538,-0.029253561187106102
weights,all,none,21,rows_ge_1000,30,435,unique_tuple_weighted_continuous,0.00010681949991123949,0.005790473469137835
weights,all,none,21,rows_ge_10000,30,435,row_weighted_continuous,-0.028570084522310538,-0.029253561187106102
weights,all,none,21,rows_ge_10000,30,435,unique_tuple_weighted_continuous,0.00010681949991123949,0.005790473469137835
weights,all,none,21,rows_ge_50000,22,231,row_weighted_continuous,0.035825243297816375,0.056174185634455504
weights,all,none,21,rows_ge_50000,22,231,unique_tuple_weighted_continuous,-0.018829892104316095,0.014504760606709632
weights,all,none,21,unique_tuples_ge_10,28,378,row_weighted_continuous,-0.042929200471895364,-0.04231134164716186
weights,all,none,21,unique_tuples_ge_10,28,378,unique_tuple_weighted_continuous,-0.046563168430355094,-0.03935809840641066
weights,all,none,21,unique_tuples_ge_25,24,276,row_weighted_continuous,-0.04012916274131756,-0.029170245858363895
weights,all,none,21,unique_tuples_ge_25,24,276,unique_tuple_weighted_continuous,-0.05881556155518829,-0.035145046446255046
weights,all,none,21,exposure_quartile_1,8,28,row_weighted_continuous,0.05919138820953909,0.08812260536398467
weights,all,none,21,exposure_quartile_1,8,28,unique_tuple_weighted_continuous,0.2921806031025942,0.3054187192118227
weights,all,none,21,exposure_quartile_2,8,28,row_weighted_continuous,-0.24850069817169107,-0.23645320197044337
weights,all,none,21,exposure_quartile_2,8,28,unique_tuple_weighted_continuous,-0.12360349398694853,-0.0963327859879584
weights,all,none,21,exposure_quartile_3,8,28,row_weighted_continuous,-0.07474130370954893,-0.0782703886152162
weights,all,none,21,exposure_quartile_3,8,28,unique_tuple_weighted_continuous,-0.09724709180646118,-0.1592775041050903
weights,all,none,21,exposure_quartile_4,8,28,row_weighted_continuous,0.10172556381286656,0.0049261083743842365
weights,all,none,21,exposure_quartile_4,8,28,unique_tuple_weighted_continuous,-0.05103291171588065,-0.07443897099069512
weights,all,none,21,pair_row_ratio_le_2_0,32,181,row_weighted_continuous,-0.1993651987015506,-0.18312387428409524
weights,all,none,21,pair_row_ratio_le_2_0,32,181,unique_tuple_weighted_continuous,-0.11217982847361237,-0.1022038734745917
weights,all,none,21,pair_row_ratio_le_1_5,32,117,row_weighted_continuous,-0.12428895509944929,-0.14097319006728706
weights,all,none,21,pair_row_ratio_le_1_5,32,117,unique_tuple_weighted_continuous,-0.060601992868538505,-0.09020066238067406
weights,all,none,22,all_32,32,496,row_weighted_continuous,8.954090130575132e-05,-0.0017766422582415312
weights,all,none,22,all_32,32,496,unique_tuple_weighted_continuous,0.05284960169409507,0.055265807946407675
weights,all,none,22,rows_ge_1000,30,435,row_weighted_continuous,-0.029065143665206995,-0.02910602577204612
weights,all,none,22,rows_ge_1000,30,435,unique_tuple_weighted_continuous,0.0004362247407980467,0.00607635978231237
weights,all,none,22,rows_ge_10000,30,435,row_weighted_continuous,-0.029065143665206995,-0.02910602577204612
weights,all,none,22,rows_ge_10000,30,435,unique_tuple_weighted_continuous,0.0004362247407980467,0.00607635978231237
weights,all,none,22,rows_ge_50000,22,231,row_weighted_continuous,0.035597793849322726,0.058007359956385444
weights,all,none,22,rows_ge_50000,22,231,unique_tuple_weighted_continuous,-0.017655833348124265,0.01646838918203236
weights,all,none,22,unique_tuples_ge_10,28,378,row_weighted_continuous,-0.043817900098859386,-0.042559963313306956
weights,all,none,22,unique_tuples_ge_10,28,378,unique_tuple_weighted_continuous,-0.04633747852436824,-0.03915391314172135
weights,all,none,22,unique_tuples_ge_25,24,276,row_weighted_continuous,-0.04091615183041421,-0.028260441489134005
weights,all,none,22,unique_tuples_ge_25,24,276,unique_tuple_weighted_continuous,-0.05810596076511158,-0.03378433526918851
weights,all,none,22,exposure_quartile_1,8,28,row_weighted_continuous,0.05963073951429923,0.09085933223864258
weights,all,none,22,exposure_quartile_1,8,28,unique_tuple_weighted_continuous,0.29582893774411495,0.30651340996168586
weights,all,none,22,exposure_quartile_2,8,28,row_weighted_continuous,-0.2523981554113108,-0.2468527640941434
weights,all,none,22,exposure_quartile_2,8,28,unique_tuple_weighted_continuous,-0.11493009509787384,-0.11001642036124794
weights,all,none,22,exposure_quartile_3,8,28,row_weighted_continuous,-0.06796621980429528,-0.06403940886699507
weights,all,none,22,exposure_quartile_3,8,28,unique_tuple_weighted_continuous,-0.09607795734712363,-0.15325670498084293
weights,all,none,22,exposure_quartile_4,8,28,row_weighted_continuous,0.09755442595796732,0.007662835249042145
weights,all,none,22,exposure_quartile_4,8,28,unique_tuple_weighted_continuous,-0.05306573070218283,-0.07060755336617405
weights,all,none,22,pair_row_ratio_le_2_0,32,181,row_weighted_continuous,-0.19833696464952466,-0.1794993220407585
weights,all,none,22,pair_row_ratio_le_2_0,32,181,unique_tuple_weighted_continuous,-0.10965251517282328,-0.09900026308866086
weights,all,none,22,pair_row_ratio_le_1_5,32,117,row_weighted_continuous,-0.1230859969230948,-0.1354208814758201
weights,all,none,22,pair_row_ratio_le_1_5,32,117,unique_tuple_weighted_continuous,-0.05853454465141588,-0.08425871809857782
weights,all,none,23,all_32,32,496,row_weighted_continuous,-0.0013770472249369087,-0.0041409748815473485
weights,all,none,23,all_32,32,496,unique_tuple_weighted_continuous,0.0525865482513246,0.05413792628694945
weights,all,none,23,rows_ge_1000,30,435,row_weighted_continuous,-0.030876190706369603,-0.031173271014685023
weights,all,none,23,rows_ge_1000,30,435,unique_tuple_weighted_continuous,7.91782622846587e-05,0.0054932158492689565
weights,all,none,23,rows_ge_10000,30,435,row_weighted_continuous,-0.030876190706369603,-0.031173271014685023
weights,all,none,23,rows_ge_10000,30,435,unique_tuple_weighted_continuous,7.91782622846587e-05,0.0054932158492689565
weights,all,none,23,rows_ge_50000,22,231,row_weighted_continuous,0.03320405419070611,0.05541969275102709
weights,all,none,23,rows_ge_50000,22,231,unique_tuple_weighted_continuous,-0.018317911484507596,0.016315543526937832
weights,all,none,23,unique_tuples_ge_10,28,378,row_weighted_continuous,-0.04679060052413037,-0.04502818323216832
weights,all,none,23,unique_tuples_ge_10,28,378,unique_tuple_weighted_continuous,-0.047116680317897994,-0.039171687702303656
weights,all,none,23,unique_tuples_ge_25,24,276,row_weighted_continuous,-0.04406130416140003,-0.030911659365591246
weights,all,none,23,unique_tuples_ge_25,24,276,unique_tuple_weighted_continuous,-0.05913736244306486,-0.03401606712232987
weights,all,none,23,exposure_quartile_1,8,28,row_weighted_continuous,0.07017185157906669,0.10180623973727422
weights,all,none,23,exposure_quartile_1,8,28,unique_tuple_weighted_continuous,0.2975158776909685,0.31527093596059114
weights,all,none,23,exposure_quartile_2,8,28,row_weighted_continuous,-0.25547354295116864,-0.27038861521620144
weights,all,none,23,exposure_quartile_2,8,28,unique_tuple_weighted_continuous,-0.10494381092518187,-0.10344827586206896
weights,all,none,23,exposure_quartile_3,8,28,row_weighted_continuous,-0.07620389366585753,-0.06568144499178982
weights,all,none,23,exposure_quartile_3,8,28,unique_tuple_weighted_continuous,-0.0985436191129466,-0.1472359058565955
weights,all,none,23,exposure_quartile_4,8,28,row_weighted_continuous,0.10678695128309096,0.0049261083743842365
weights,all,none,23,exposure_quartile_4,8,28,unique_tuple_weighted_continuous,-0.043402383942060516,-0.07443897099069512
weights,all,none,23,pair_row_ratio_le_2_0,32,181,row_weighted_continuous,-0.19926009573707906,-0.18633557970574544
weights,all,none,23,pair_row_ratio_le_2_0,32,181,unique_tuple_weighted_continuous,-0.10868567938455408,-0.10274826462671767
weights,all,none,23,pair_row_ratio_le_1_5,32,117,row_weighted_continuous,-0.1232596851822787,-0.13961695814413522
weights,all,none,23,pair_row_ratio_le_1_5,32,117,unique_tuple_weighted_continuous,-0.056707913071054265,-0.08482818564642058
weights,all,none,24,all_32,32,496,row_weighted_continuous,0.0020395963507812698,-0.0010559938320047362
weights,all,none,24,all_32,32,496,unique_tuple_weighted_continuous,0.05358831444788384,0.05539070198315994
weights,all,none,24,rows_ge_1000,30,435,row_weighted_continuous,-0.027035930733713617,-0.028295164133149253
weights,all,none,24,rows_ge_1000,30,435,unique_tuple_weighted_continuous,0.0015969335770845137,0.006527858972471232
weights,all,none,24,rows_ge_10000,30,435,row_weighted_continuous,-0.027035930733713617,-0.028295164133149253
weights,all,none,24,rows_ge_10000,30,435,unique_tuple_weighted_continuous,0.0015969335770845137,0.006527858972471232
weights,all,none,24,rows_ge_50000,22,231,row_weighted_continuous,0.037510806237485914,0.05922038980509746
weights,all,none,24,rows_ge_50000,22,231,unique_tuple_weighted_continuous,-0.016571719036924143,0.01756751494382679
weights,all,none,24,unique_tuples_ge_10,28,378,row_weighted_continuous,-0.042804556536530786,-0.04221624774804649
weights,all,none,24,unique_tuples_ge_10,28,378,unique_tuple_weighted_continuous,-0.04557084581924324,-0.038579794834912653
weights,all,none,24,unique_tuples_ge_25,24,276,row_weighted_continuous,-0.03903336247936527,-0.02733408484467973
weights,all,none,24,unique_tuples_ge_25,24,276,unique_tuple_weighted_continuous,-0.05698172765076444,-0.03289222471140538
weights,all,none,24,exposure_quartile_1,8,28,row_weighted_continuous,0.06087873678060676,0.09085933223864258
weights,all,none,24,exposure_quartile_1,8,28,unique_tuple_weighted_continuous,0.29643620849214225,0.30651340996168586
weights,all,none,24,exposure_quartile_2,8,28,row_weighted_continuous,-0.25083276781328284,-0.2627257799671593
weights,all,none,24,exposure_quartile_2,8,28,unique_tuple_weighted_continuous,-0.10950790868881437,-0.10946907498631636
weights,all,none,24,exposure_quartile_3,8,28,row_weighted_continuous,-0.04150499102054992,-0.042692939244663386
weights,all,none,24,exposure_quartile_3,8,28,unique_tuple_weighted_continuous,-0.08309362110068591,-0.12807881773399013
weights,all,none,24,exposure_quartile_4,8,28,row_weighted_continuous,0.11354477629522915,0.03721948549534756
weights,all,none,24,exposure_quartile_4,8,28,unique_tuple_weighted_continuous,-0.0362610189307075,-0.046524356869184456
weights,all,none,24,pair_row_ratio_le_2_0,32,181,row_weighted_continuous,-0.1944057324449767,-0.17625726023516075
weights,all,none,24,pair_row_ratio_le_2_0,32,181,unique_tuple_weighted_continuous,-0.10697767607891066,-0.09610831157792485
weights,all,none,24,pair_row_ratio_le_1_5,32,117,row_weighted_continuous,-0.1176291725838583,-0.13327788517735914
weights,all,none,24,pair_row_ratio_le_1_5,32,117,unique_tuple_weighted_continuous,-0.054996327212245795,-0.08172608610948762
weights,all,none,25,all_32,32,496,row_weighted_continuous,-0.0014016359570939163,-0.00428878254866442
weights,all,none,25,all_32,32,496,unique_tuple_weighted_continuous,0.052439070420922745,0.05389767736428345
weights,all,none,25,rows_ge_1000,30,435,row_weighted_continuous,-0.030948738183295653,-0.03206606437617449
weights,all,none,25,rows_ge_1000,30,435,unique_tuple_weighted_continuous,-0.00020862989699000145,0.004241205825024747
weights,all,none,25,rows_ge_10000,30,435,row_weighted_continuous,-0.030948738183295653,-0.03206606437617449
weights,all,none,25,rows_ge_10000,30,435,unique_tuple_weighted_continuous,-0.00020862989699000145,0.004241205825024747
weights,all,none,25,rows_ge_50000,22,231,row_weighted_continuous,0.03243148347454804,0.054022663992678986
weights,all,none,25,rows_ge_50000,22,231,unique_tuple_weighted_continuous,-0.019901168996029034,0.01333943417901439
weights,all,none,25,unique_tuples_ge_10,28,378,row_weighted_continuous,-0.04661835782539045,-0.04604844300959304
weights,all,none,25,unique_tuples_ge_10,28,378,unique_tuple_weighted_continuous,-0.047829072541090034,-0.04162391051664094
weights,all,none,25,unique_tuples_ge_25,24,276,row_weighted_continuous,-0.044127032269923226,-0.032584009931365135
weights,all,none,25,unique_tuples_ge_25,24,276,unique_tuple_weighted_continuous,-0.06034208408773378,-0.037343645210542085
weights,all,none,25,exposure_quartile_1,8,28,row_weighted_continuous,0.07056397392779534,0.10727969348659004
weights,all,none,25,exposure_quartile_1,8,28,unique_tuple_weighted_continuous,0.30580715068024367,0.3251231527093596
weights,all,none,25,exposure_quartile_2,8,28,row_weighted_continuous,-0.2578375069395313,-0.2796934865900383
weights,all,none,25,exposure_quartile_2,8,28,unique_tuple_weighted_continuous,-0.10930055708690196,-0.10837438423645321
weights,all,none,25,exposure_quartile_3,8,28,row_weighted_continuous,-0.08978102107482869,-0.11330049261083742
weights,all,none,25,exposure_quartile_3,8,28,unique_tuple_weighted_continuous,-0.11000039816087107,-0.17952928297755882
weights,all,none,25,exposure_quartile_4,8,28,row_weighted_continuous,0.09246846789643172,-0.0016420361247947454
weights,all,none,25,exposure_quartile_4,8,28,unique_tuple_weighted_continuous,-0.06103289138385454,-0.08210180623973727
weights,all,none,25,pair_row_ratio_le_2_0,32,181,row_weighted_continuous,-0.20249912770236167,-0.18647724283083397
weights,all,none,25,pair_row_ratio_le_2_0,32,181,unique_tuple_weighted_continuous,-0.11278563457368072,-0.10307004229656162
weights,all,none,25,pair_row_ratio_le_1_5,32,117,row_weighted_continuous,-0.1297918829295038,-0.14869846693341723
weights,all,none,25,pair_row_ratio_le_1_5,32,117,unique_tuple_weighted_continuous,-0.06347312617161872,-0.09164681023243267
weights,all,none,26,all_32,32,496,row_weighted_continuous,-3.059403137346817e-05,-0.00401283556667473
weights,all,none,26,all_32,32,496,unique_tuple_weighted_continuous,0.05303351177725567,0.0532483267149328
weights,all,none,26,rows_ge_1000,30,435,row_weighted_continuous,-0.029104119535990427,-0.031030109179122863
weights,all,none,26,rows_ge_1000,30,435,unique_tuple_weighted_continuous,0.0007337560604778843,0.004420814156402118
weights,all,none,26,rows_ge_10000,30,435,row_weighted_continuous,-0.029104119535990427,-0.031030109179122863
weights,all,none,26,rows_ge_10000,30,435,unique_tuple_weighted_continuous,0.0007337560604778843,0.004420814156402118
weights,all,none,26,rows_ge_50000,22,231,row_weighted_continuous,0.03416223675607261,0.05475865963122335
weights,all,none,26,rows_ge_50000,22,231,unique_tuple_weighted_continuous,-0.01842641995759983,0.014595299752721044
weights,all,none,26,unique_tuples_ge_10,28,378,row_weighted_continuous,-0.04425198819734836,-0.04493842170122763
weights,all,none,26,unique_tuples_ge_10,28,378,unique_tuple_weighted_continuous,-0.046577091298050585,-0.04098513724571408
weights,all,none,26,unique_tuples_ge_25,24,276,row_weighted_continuous,-0.04124104981983402,-0.03065024757066823
weights,all,none,26,unique_tuples_ge_25,24,276,unique_tuple_weighted_continuous,-0.058444722704456574,-0.03546695966096375
weights,all,none,26,exposure_quartile_1,8,28,row_weighted_continuous,0.08311713549067026,0.14285714285714285
weights,all,none,26,exposure_quartile_1,8,28,unique_tuple_weighted_continuous,0.3164805738180389,0.350848385331144
weights,all,none,26,exposure_quartile_2,8,28,row_weighted_continuous,-0.24188426282218292,-0.22495894909688013
weights,all,none,26,exposure_quartile_2,8,28,unique_tuple_weighted_continuous,-0.11518580298098184,-0.0870279146141215
weights,all,none,26,exposure_quartile_3,8,28,row_weighted_continuous,-0.10103302011900718,-0.09469074986316366
weights,all,none,26,exposure_quartile_3,8,28,unique_tuple_weighted_continuous,-0.12364165024702461,-0.1691297208538588
weights,all,none,26,exposure_quartile_4,8,28,row_weighted_continuous,0.11900691579950662,0.03721948549534756
weights,all,none,26,exposure_quartile_4,8,28,unique_tuple_weighted_continuous,-0.035834532148492027,-0.046524356869184456
weights,all,none,26,pair_row_ratio_le_2_0,32,181,row_weighted_continuous,-0.19702808064803215,-0.18294173598041
weights,all,none,26,pair_row_ratio_le_2_0,32,181,unique_tuple_weighted_continuous,-0.1078190759614231,-0.10019630461619411
weights,all,none,26,pair_row_ratio_le_1_5,32,117,row_weighted_continuous,-0.12467537571493617,-0.14462227816991113
weights,all,none,26,pair_row_ratio_le_1_5,32,117,unique_tuple_weighted_continuous,-0.05910657369545687,-0.09031305729143249
weights,all,none,27,all_32,32,496,row_weighted_continuous,-0.001105178747846644,-0.003901119325926232
weights,all,none,27,all_32,32,496,unique_tuple_weighted_continuous,0.05234018231135217,0.054625603080850696
weights,all,none,27,rows_ge_1000,30,435,row_weighted_continuous,-0.030112798000852967,-0.031054601224310686
weights,all,none,27,rows_ge_1000,30,435,unique_tuple_weighted_continuous,0.0002621434787125108,0.005957106848004991
weights,all,none,27,rows_ge_10000,30,435,row_weighted_continuous,-0.030112798000852967,-0.031054601224310686
weights,all,none,27,rows_ge_10000,30,435,unique_tuple_weighted_continuous,0.0002621434787125108,0.005957106848004991
weights,all,none,27,rows_ge_50000,22,231,row_weighted_continuous,0.035389084924040165,0.05688778987129812
weights,all,none,27,rows_ge_50000,22,231,unique_tuple_weighted_continuous,-0.016325460683339007,0.017832317607430054
weights,all,none,27,unique_tuples_ge_10,28,378,row_weighted_continuous,-0.04516363273949066,-0.045064843263369334
weights,all,none,27,unique_tuples_ge_10,28,378,unique_tuple_weighted_continuous,-0.046472609271744854,-0.039560506215041744
weights,all,none,27,unique_tuples_ge_25,24,276,row_weighted_continuous,-0.04110966610957136,-0.030788944221686338
weights,all,none,27,unique_tuples_ge_25,24,276,unique_tuple_weighted_continuous,-0.05721886107499721,-0.033921319615873066
weights,all,none,27,exposure_quartile_1,8,28,row_weighted_continuous,0.060728473267203216,0.0990695128626163
weights,all,none,27,exposure_quartile_1,8,28,unique_tuple_weighted_continuous,0.29834378523036,0.31910235358511224
weights,all,none,27,exposure_quartile_2,8,28,row_weighted_continuous,-0.25683559666310357,-0.2545155993431856
weights,all,none,27,exposure_quartile_2,8,28,unique_tuple_weighted_continuous,-0.11692759229068339,-0.09742747673782157
weights,all,none,27,exposure_quartile_3,8,28,row_weighted_continuous,-0.09503062509808378,-0.10673234811165844
weights,all,none,27,exposure_quartile_3,8,28,unique_tuple_weighted_continuous,-0.10643437723387209,-0.17296113847837985
weights,all,none,27,exposure_quartile_4,8,28,row_weighted_continuous,0.1217090411869471,0.03721948549534756
weights,all,none,27,exposure_quartile_4,8,28,unique_tuple_weighted_continuous,-0.03254253259173711,-0.046524356869184456
weights,all,none,27,pair_row_ratio_le_2_0,32,181,row_weighted_continuous,-0.19514781302358075,-0.18363790905227367
weights,all,none,27,pair_row_ratio_le_2_0,32,181,unique_tuple_weighted_continuous,-0.10619311345564517,-0.09912168862445103
weights,all,none,27,pair_row_ratio_le_1_5,32,117,row_weighted_continuous,-0.12311352209476276,-0.14634566680154054
weights,all,none,27,pair_row_ratio_le_1_5,32,117,unique_tuple_weighted_continuous,-0.05808381292603547,-0.0916393172383821
weights,all,none,28,all_32,32,496,row_weighted_continuous,-0.0009779851192165678,-0.004961735220708414
weights,all,none,28,all_32,32,496,unique_tuple_weighted_continuous,0.05320637115151927,0.054313761356014865
weights,all,none,28,rows_ge_1000,30,435,row_weighted_continuous,-0.029432417390323474,-0.031164961213639153
weights,all,none,28,rows_ge_1000,30,435,unique_tuple_weighted_continuous,0.0015501174135996794,0.006539813423098623
weights,all,none,28,rows_ge_10000,30,435,row_weighted_continuous,-0.029432417390323474,-0.031164961213639153
weights,all,none,28,rows_ge_10000,30,435,unique_tuple_weighted_continuous,0.0015501174135996794,0.006539813423098623
weights,all,none,28,rows_ge_50000,22,231,row_weighted_continuous,0.036016461154817096,0.058061878151833175
weights,all,none,28,rows_ge_50000,22,231,unique_tuple_weighted_continuous,-0.014885241129236183,0.020118187659417044
weights,all,none,28,unique_tuples_ge_10,28,378,row_weighted_continuous,-0.04404995256161176,-0.04424410292848105
weights,all,none,28,unique_tuples_ge_10,28,378,unique_tuple_weighted_continuous,-0.045435114895729975,-0.0387846466456238
weights,all,none,28,unique_tuples_ge_25,24,276,row_weighted_continuous,-0.04055084267310143,-0.029679941781652664
weights,all,none,28,unique_tuples_ge_25,24,276,unique_tuple_weighted_continuous,-0.05606239781045944,-0.03228835204977098
weights,all,none,28,exposure_quartile_1,8,28,row_weighted_continuous,0.06402243117341151,0.07334428024083196
weights,all,none,28,exposure_quartile_1,8,28,unique_tuple_weighted_continuous,0.30567065618860806,0.29994526546250677
weights,all,none,28,exposure_quartile_2,8,28,row_weighted_continuous,-0.24992289423906522,-0.26053639846743293
weights,all,none,28,exposure_quartile_2,8,28,unique_tuple_weighted_continuous,-0.11534221694590281,-0.09852216748768472
weights,all,none,28,exposure_quartile_3,8,28,row_weighted_continuous,-0.10315412704625841,-0.14504652435686918
weights,all,none,28,exposure_quartile_3,8,28,unique_tuple_weighted_continuous,-0.10170383723367338,-0.18828680897646416
weights,all,none,28,exposure_quartile_4,8,28,row_weighted_continuous,0.09389325121414369,-0.0060207991242474
weights,all,none,28,exposure_quartile_4,8,28,unique_tuple_weighted_continuous,-0.05461020397211179,-0.08319649698960044
weights,all,none,28,pair_row_ratio_le_2_0,32,181,row_weighted_continuous,-0.19835849295042016,-0.18475097646368363
weights,all,none,28,pair_row_ratio_le_2_0,32,181,unique_tuple_weighted_continuous,-0.10700702875863571,-0.09797826482909355
weights,all,none,28,pair_row_ratio_le_1_5,32,117,row_weighted_continuous,-0.1274137300903714,-0.14998726191011402
weights,all,none,28,pair_row_ratio_le_1_5,32,117,unique_tuple_weighted_continuous,-0.060038510183360656,-0.09321284598900027
weights,all,none,29,all_32,32,496,row_weighted_continuous,-0.001618587528337087,-0.0053034728409558024
weights,all,none,29,all_32,32,496,unique_tuple_weighted_continuous,0.05359008144045182,0.05466002269727849
weights,all,none,29,rows_ge_1000,30,435,row_weighted_continuous,-0.030106315922073554,-0.031214965805897627
weights,all,none,29,rows_ge_1000,30,435,unique_tuple_weighted_continuous,0.0014682902816055008,0.007033736334386394
weights,all,none,29,rows_ge_10000,30,435,row_weighted_continuous,-0.030106315922073554,-0.031214965805897627
weights,all,none,29,rows_ge_10000,30,435,unique_tuple_weighted_continuous,0.0014682902816055008,0.007033736334386394
weights,all,none,29,rows_ge_50000,22,231,row_weighted_continuous,0.03690980846336447,0.05763936213711326
weights,all,none,29,rows_ge_50000,22,231,unique_tuple_weighted_continuous,-0.013273323987738624,0.020088981483284335
weights,all,none,29,unique_tuples_ge_10,28,378,row_weighted_continuous,-0.04501051225746927,-0.04454249336425662
weights,all,none,29,unique_tuples_ge_10,28,378,unique_tuple_weighted_continuous,-0.04559960550598186,-0.03863378506268144
weights,all,none,29,unique_tuples_ge_25,24,276,row_weighted_continuous,-0.04175566856512032,-0.03119590188496169
weights,all,none,29,unique_tuples_ge_25,24,276,unique_tuple_weighted_continuous,-0.05626110562307979,-0.033004666029308946
weights,all,none,29,exposure_quartile_1,8,28,row_weighted_continuous,0.07256815648778456,0.11220580186097427
weights,all,none,29,exposure_quartile_1,8,28,unique_tuple_weighted_continuous,0.3061783564406441,0.3305966064586754
weights,all,none,29,exposure_quartile_2,8,28,row_weighted_continuous,-0.2677906290328211,-0.2824302134646962
weights,all,none,29,exposure_quartile_2,8,28,unique_tuple_weighted_continuous,-0.11088117467345598,-0.11986863711001641
weights,all,none,29,exposure_quartile_3,8,28,row_weighted_continuous,-0.11600998930725273,-0.12370005473453749
weights,all,none,29,exposure_quartile_3,8,28,unique_tuple_weighted_continuous,-0.12510638092499807,-0.19047619047619047
weights,all,none,29,exposure_quartile_4,8,28,row_weighted_continuous,0.08012104135053695,-0.011494252873563218
weights,all,none,29,exposure_quartile_4,8,28,unique_tuple_weighted_continuous,-0.07231274755514439,-0.09031198686371099
weights,all,none,29,pair_row_ratio_le_2_0,32,181,row_weighted_continuous,-0.1982753772269947,-0.18329589379313135
weights,all,none,29,pair_row_ratio_le_2_0,32,181,unique_tuple_weighted_continuous,-0.10595529136940322,-0.09698662295347378
weights,all,none,29,pair_row_ratio_le_1_5,32,117,row_weighted_continuous,-0.12959727958841016,-0.1459710170990124
weights,all,none,29,pair_row_ratio_le_1_5,32,117,unique_tuple_weighted_continuous,-0.060071934393598404,-0.08887440243372446
weights,all,none,30,all_32,32,496,row_weighted_continuous,-3.6674496342092855e-05,-0.0017829361309597564
weights,all,none,30,all_32,32,496,unique_tuple_weighted_continuous,0.05387596197895358,0.056856387592416666
weights,all,none,30,rows_ge_1000,30,435,row_weighted_continuous,-0.028990652644915692,-0.028669542538163124
weights,all,none,30,rows_ge_1000,30,435,unique_tuple_weighted_continuous,0.0009559414390904812,0.007865736940856084
weights,all,none,30,rows_ge_10000,30,435,row_weighted_continuous,-0.028990652644915692,-0.028669542538163124
weights,all,none,30,rows_ge_10000,30,435,unique_tuple_weighted_continuous,0.0009559414390904812,0.007865736940856084
weights,all,none,30,rows_ge_50000,22,231,row_weighted_continuous,0.035915173209020004,0.05506532448061684
weights,all,none,30,rows_ge_50000,22,231,unique_tuple_weighted_continuous,-0.014917598067323672,0.016000116824704532
weights,all,none,30,unique_tuples_ge_10,28,378,row_weighted_continuous,-0.043255077996870984,-0.04189874965964494
weights,all,none,30,unique_tuples_ge_10,28,378,unique_tuple_weighted_continuous,-0.04559580028118262,-0.03829629059362478
weights,all,none,30,unique_tuples_ge_25,24,276,row_weighted_continuous,-0.04177846228793441,-0.032775788016723505
weights,all,none,30,unique_tuples_ge_25,24,276,unique_tuple_weighted_continuous,-0.05738619834959645,-0.03685164309870007
weights,all,none,30,exposure_quartile_1,8,28,row_weighted_continuous,0.051985960598061515,0.10125889436234263
weights,all,none,30,exposure_quartile_1,8,28,unique_tuple_weighted_continuous,0.2919466802469775,0.32129173508483855
weights,all,none,30,exposure_quartile_2,8,28,row_weighted_continuous,-0.25570343635716275,-0.25779967159277506
weights,all,none,30,exposure_quartile_2,8,28,unique_tuple_weighted_continuous,-0.1155085666187827,-0.10125889436234263
weights,all,none,30,exposure_quartile_3,8,28,row_weighted_continuous,-0.11746047570200005,-0.10892172961138478
weights,all,none,30,exposure_quartile_3,8,28,unique_tuple_weighted_continuous,-0.135350848846426,-0.19157088122605362
weights,all,none,30,exposure_quartile_4,8,28,row_weighted_continuous,0.06782807211206326,-0.005473453749315818
weights,all,none,30,exposure_quartile_4,8,28,unique_tuple_weighted_continuous,-0.08332146915160267,-0.08757525998905309
weights,all,none,30,pair_row_ratio_le_2_0,32,181,row_weighted_continuous,-0.19833467667969565,-0.18592880416084834
weights,all,none,30,pair_row_ratio_le_2_0,32,181,unique_tuple_weighted_continuous,-0.10881802791472481,-0.10130532450974439
weights,all,none,30,pair_row_ratio_le_1_5,32,117,row_weighted_continuous,-0.12789859532769104,-0.14600098907521467
weights,all,none,30,pair_row_ratio_le_1_5,32,117,unique_tuple_weighted_continuous,-0.061402365796106397,-0.09109232867269103
weights,all,none,31,all_32,32,496,row_weighted_continuous,0.005168542162140521,0.0027857270701432445
weights,all,none,31,all_32,32,496,unique_tuple_weighted_continuous,0.05570993539527069,0.05849633480255924
weights,all,none,31,rows_ge_1000,30,435,row_weighted_continuous,-0.023716424596739272,-0.02475343945581008
weights,all,none,31,rows_ge_1000,30,435,unique_tuple_weighted_continuous,0.002694854175795839,0.008930557762593357
weights,all,none,31,rows_ge_10000,30,435,row_weighted_continuous,-0.023716424596739272,-0.02475343945581008
weights,all,none,31,rows_ge_10000,30,435,unique_tuple_weighted_continuous,0.002694854175795839,0.008930557762593357
weights,all,none,31,rows_ge_50000,22,231,row_weighted_continuous,0.04361655853934283,0.06328394244436224
weights,all,none,31,rows_ge_50000,22,231,unique_tuple_weighted_continuous,-0.011698015211473341,0.01916217216067291
weights,all,none,31,unique_tuples_ge_10,28,378,row_weighted_continuous,-0.038048530050454436,-0.03794057719997125
weights,all,none,31,unique_tuples_ge_10,28,378,unique_tuple_weighted_continuous,-0.04383112049165495,-0.03755309177927684
weights,all,none,31,unique_tuples_ge_25,24,276,row_weighted_continuous,-0.03506788560018775,-0.026219374723534195
weights,all,none,31,unique_tuples_ge_25,24,276,unique_tuple_weighted_continuous,-0.0548258761699544,-0.034236954381358715
weights,all,none,31,exposure_quartile_1,8,28,row_weighted_continuous,0.03187034068981136,0.03229337712096333
weights,all,none,31,exposure_quartile_1,8,28,unique_tuple_weighted_continuous,0.28138762305288473,0.27203065134099613
weights,all,none,31,exposure_quartile_2,8,28,row_weighted_continuous,-0.2415318455208828,-0.22714833059660647
weights,all,none,31,exposure_quartile_2,8,28,unique_tuple_weighted_continuous,-0.12787825512209397,-0.09250136836343732
weights,all,none,31,exposure_quartile_3,8,28,row_weighted_continuous,-0.08372799605417007,-0.07772304324028462
weights,all,none,31,exposure_quartile_3,8,28,unique_tuple_weighted_continuous,-0.12861328305747788,-0.17296113847837985
weights,all,none,31,exposure_quartile_4,8,28,row_weighted_continuous,0.05957560636286342,-0.004378762999452655
weights,all,none,31,exposure_quartile_4,8,28,unique_tuple_weighted_continuous,-0.09161873310000646,-0.08593322386425835
weights,all,none,31,pair_row_ratio_le_2_0,32,181,row_weighted_continuous,-0.19619224754217804,-0.17863720073664824
weights,all,none,31,pair_row_ratio_le_2_0,32,181,unique_tuple_weighted_continuous,-0.11217764398942257,-0.10005261773217573
weights,all,none,31,pair_row_ratio_le_1_5,32,117,row_weighted_continuous,-0.12231829115289392,-0.13824574023288227
weights,all,none,31,pair_row_ratio_le_1_5,32,117,unique_tuple_weighted_continuous,-0.06093704896594077,-0.09008826746991563
