representation,prompt_group,pooling_rule,layer,transformation,interaction_order,energy
activation,ipip_stems,final_token,0,common_pc1_removed,0,6.303178264834923e-35
activation,ipip_stems,final_token,0,common_pc1_removed,1,0.001863579670393701
activation,ipip_stems,final_token,0,common_pc1_removed,2,0.003827028177794344
activation,ipip_stems,final_token,0,common_pc1_removed,3,0.0038369004518301565
activation,ipip_stems,final_token,0,common_pc1_removed,4,0.0019560874632844256
activation,ipip_stems,final_token,0,common_pc1_removed,5,0.0003522842060978482
activation,ipip_stems,final_token,0,exposure_residualized,0,2.849219683870635e-30
activation,ipip_stems,final_token,0,exposure_residualized,1,0.0015391096802153301
activation,ipip_stems,final_token,0,exposure_residualized,2,0.0035810428318350544
activation,ipip_stems,final_token,0,exposure_residualized,3,0.0036526081546146456
activation,ipip_stems,final_token,0,exposure_residualized,4,0.0018876304567495975
activation,ipip_stems,final_token,0,exposure_residualized,5,0.0003503584480487197
activation,ipip_stems,final_token,0,profile_centered,0,0.0
activation,ipip_stems,final_token,0,profile_centered,1,0.0026660846049086444
activation,ipip_stems,final_token,0,profile_centered,2,0.004327351938163681
activation,ipip_stems,final_token,0,profile_centered,3,0.004092530865566575
activation,ipip_stems,final_token,0,profile_centered,4,0.0019977661985018983
activation,ipip_stems,final_token,0,profile_centered,5,0.0003543190874126143
activation,ipip_stems,final_token,0,raw,0,0.01631967533018796
activation,ipip_stems,final_token,0,raw,1,0.0026660846049086444
activation,ipip_stems,final_token,0,raw,2,0.004327351938163681
activation,ipip_stems,final_token,0,raw,3,0.004092530865566575
activation,ipip_stems,final_token,0,raw,4,0.0019977661985018983
activation,ipip_stems,final_token,0,raw,5,0.0003543190874126143
activation,ipip_stems,final_token,0,unit_norm,0,0.001303635058058695
activation,ipip_stems,final_token,0,unit_norm,1,0.19971128761710752
activation,ipip_stems,final_token,0,unit_norm,2,0.32403612999912246
activation,ipip_stems,final_token,0,unit_norm,3,0.3003939510221786
activation,ipip_stems,final_token,0,unit_norm,4,0.14792345864679818
activation,ipip_stems,final_token,0,unit_norm,5,0.02663153765673426
activation,ipip_stems,final_token,1,common_pc1_removed,0,7.91398539707223e-34
activation,ipip_stems,final_token,1,common_pc1_removed,1,0.004932985631774359
activation,ipip_stems,final_token,1,common_pc1_removed,2,0.009752084400555095
activation,ipip_stems,final_token,1,common_pc1_removed,3,0.010130913763001945
activation,ipip_stems,final_token,1,common_pc1_removed,4,0.004804863254935787
activation,ipip_stems,final_token,1,common_pc1_removed,5,0.0009167870352976002
activation,ipip_stems,final_token,1,exposure_residualized,0,7.56460307737861e-30
activation,ipip_stems,final_token,1,exposure_residualized,1,0.004076456061661319
activation,ipip_stems,final_token,1,exposure_residualized,2,0.009334638732211003
activation,ipip_stems,final_token,1,exposure_residualized,3,0.009372853813971096
activation,ipip_stems,final_token,1,exposure_residualized,4,0.004689055922807164
activation,ipip_stems,final_token,1,exposure_residualized,5,0.0008946938322270815
activation,ipip_stems,final_token,1,profile_centered,0,0.0
activation,ipip_stems,final_token,1,profile_centered,1,0.0074722047934450584
activation,ipip_stems,final_token,1,profile_centered,2,0.012160839407225088
activation,ipip_stems,final_token,1,profile_centered,3,0.01070019090545075
activation,ipip_stems,final_token,1,profile_centered,4,0.00498616175968279
activation,ipip_stems,final_token,1,profile_centered,5,0.0009168517491713316
activation,ipip_stems,final_token,1,raw,0,0.0732045838600934
activation,ipip_stems,final_token,1,raw,1,0.0074722047934450584
activation,ipip_stems,final_token,1,raw,2,0.012160839407225088
activation,ipip_stems,final_token,1,raw,3,0.01070019090545075
activation,ipip_stems,final_token,1,raw,4,0.00498616175968279
activation,ipip_stems,final_token,1,raw,5,0.0009168517491713316
activation,ipip_stems,final_token,1,unit_norm,0,0.00043672486348071243
activation,ipip_stems,final_token,1,unit_norm,1,0.20027106688329843
activation,ipip_stems,final_token,1,unit_norm,2,0.3314694976375268
activation,ipip_stems,final_token,1,unit_norm,3,0.30036589571257105
activation,ipip_stems,final_token,1,unit_norm,4,0.14133302542138346
activation,ipip_stems,final_token,1,unit_norm,5,0.026123789481739636
activation,ipip_stems,final_token,2,common_pc1_removed,0,1.1604566322611115e-34
activation,ipip_stems,final_token,2,common_pc1_removed,1,0.016037962988628775
activation,ipip_stems,final_token,2,common_pc1_removed,2,0.02885913239552524
activation,ipip_stems,final_token,2,common_pc1_removed,3,0.0313059691183208
activation,ipip_stems,final_token,2,common_pc1_removed,4,0.01499443711046939
activation,ipip_stems,final_token,2,common_pc1_removed,5,0.0026300069049090494
activation,ipip_stems,final_token,2,exposure_residualized,0,2.1464224444592418e-29
activation,ipip_stems,final_token,2,exposure_residualized,1,0.013108124005112938
activation,ipip_stems,final_token,2,exposure_residualized,2,0.027994872129999033
activation,ipip_stems,final_token,2,exposure_residualized,3,0.02851701492489033
activation,ipip_stems,final_token,2,exposure_residualized,4,0.01403601067853746
activation,ipip_stems,final_token,2,exposure_residualized,5,0.002587092983168671
activation,ipip_stems,final_token,2,profile_centered,0,0.0
activation,ipip_stems,final_token,2,profile_centered,1,0.02234874121391859
activation,ipip_stems,final_token,2,profile_centered,2,0.03539223458236847
activation,ipip_stems,final_token,2,profile_centered,3,0.03316997868368147
activation,ipip_stems,final_token,2,profile_centered,4,0.015481305071227351
activation,ipip_stems,final_token,2,profile_centered,5,0.002687523719664462
activation,ipip_stems,final_token,2,raw,0,0.2510097266452227
activation,ipip_stems,final_token,2,raw,1,0.02234874121391859
activation,ipip_stems,final_token,2,raw,2,0.03539223458236847
activation,ipip_stems,final_token,2,raw,3,0.03316997868368147
activation,ipip_stems,final_token,2,raw,4,0.015481305071227351
activation,ipip_stems,final_token,2,raw,5,0.002687523719664462
activation,ipip_stems,final_token,2,unit_norm,0,0.0007454648409928701
activation,ipip_stems,final_token,2,unit_norm,1,0.20076726935300135
activation,ipip_stems,final_token,2,unit_norm,2,0.3198919836696097
activation,ipip_stems,final_token,2,unit_norm,3,0.3075492157130825
activation,ipip_stems,final_token,2,unit_norm,4,0.14543672985553602
activation,ipip_stems,final_token,2,unit_norm,5,0.02560933656777752
activation,ipip_stems,final_token,3,common_pc1_removed,0,7.085882052964393e-34
activation,ipip_stems,final_token,3,common_pc1_removed,1,0.033674334957975116
activation,ipip_stems,final_token,3,common_pc1_removed,2,0.06397437666325306
activation,ipip_stems,final_token,3,common_pc1_removed,3,0.06577306575320094
activation,ipip_stems,final_token,3,common_pc1_removed,4,0.031686736216524354
activation,ipip_stems,final_token,3,common_pc1_removed,5,0.005621689119981376
activation,ipip_stems,final_token,3,exposure_residualized,0,5.257312503921464e-29
activation,ipip_stems,final_token,3,exposure_residualized,1,0.027177986003525924
activation,ipip_stems,final_token,3,exposure_residualized,2,0.05959505186042312
activation,ipip_stems,final_token,3,exposure_residualized,3,0.0590997793238511
activation,ipip_stems,final_token,3,exposure_residualized,4,0.029863165910670356
activation,ipip_stems,final_token,3,exposure_residualized,5,0.005413154562986598
activation,ipip_stems,final_token,3,profile_centered,0,0.0
activation,ipip_stems,final_token,3,profile_centered,1,0.04821522164014156
activation,ipip_stems,final_token,3,profile_centered,2,0.0793957031148533
activation,ipip_stems,final_token,3,profile_centered,3,0.06983611016082363
activation,ipip_stems,final_token,3,profile_centered,4,0.03504513514295874
activation,ipip_stems,final_token,3,profile_centered,5,0.0056428196406446
activation,ipip_stems,final_token,3,raw,0,0.7787821966784074
activation,ipip_stems,final_token,3,raw,1,0.04821522164014156
activation,ipip_stems,final_token,3,raw,2,0.0793957031148533
activation,ipip_stems,final_token,3,raw,3,0.06983611016082363
activation,ipip_stems,final_token,3,raw,4,0.03504513514295874
activation,ipip_stems,final_token,3,raw,5,0.0056428196406446
activation,ipip_stems,final_token,3,unit_norm,0,0.0010578675088860142
activation,ipip_stems,final_token,3,unit_norm,1,0.19308353993723948
activation,ipip_stems,final_token,3,unit_norm,2,0.32869433167958984
activation,ipip_stems,final_token,3,unit_norm,3,0.300654219152087
activation,ipip_stems,final_token,3,unit_norm,4,0.1512519883650686
activation,ipip_stems,final_token,3,unit_norm,5,0.02525805335712934
activation,ipip_stems,final_token,4,common_pc1_removed,0,1.0571819790826272e-33
activation,ipip_stems,final_token,4,common_pc1_removed,1,0.055612366683188606
activation,ipip_stems,final_token,4,common_pc1_removed,2,0.11194218997672073
activation,ipip_stems,final_token,4,common_pc1_removed,3,0.11045357568882853
activation,ipip_stems,final_token,4,common_pc1_removed,4,0.05434216981324618
activation,ipip_stems,final_token,4,common_pc1_removed,5,0.00969611726875058
activation,ipip_stems,final_token,4,exposure_residualized,0,9.371337663023764e-29
activation,ipip_stems,final_token,4,exposure_residualized,1,0.04404947903460578
activation,ipip_stems,final_token,4,exposure_residualized,2,0.10062736375870764
activation,ipip_stems,final_token,4,exposure_residualized,3,0.09971721468000148
activation,ipip_stems,final_token,4,exposure_residualized,4,0.050854554345860045
activation,ipip_stems,final_token,4,exposure_residualized,5,0.009623042029951175
activation,ipip_stems,final_token,4,profile_centered,0,0.0
activation,ipip_stems,final_token,4,profile_centered,1,0.0790966883148609
activation,ipip_stems,final_token,4,profile_centered,2,0.13229519361783493
activation,ipip_stems,final_token,4,profile_centered,3,0.11985004396246801
activation,ipip_stems,final_token,4,profile_centered,4,0.05879770275606331
activation,ipip_stems,final_token,4,profile_centered,5,0.00991087828256854
activation,ipip_stems,final_token,4,raw,0,1.350362718531986
activation,ipip_stems,final_token,4,raw,1,0.0790966883148609
activation,ipip_stems,final_token,4,raw,2,0.13229519361783493
activation,ipip_stems,final_token,4,raw,3,0.11985004396246801
activation,ipip_stems,final_token,4,raw,4,0.05879770275606331
activation,ipip_stems,final_token,4,raw,5,0.00991087828256854
activation,ipip_stems,final_token,4,unit_norm,0,0.001015120366979828
activation,ipip_stems,final_token,4,unit_norm,1,0.1894806895470645
activation,ipip_stems,final_token,4,unit_norm,2,0.32703120818900533
activation,ipip_stems,final_token,4,unit_norm,3,0.3035353048971814
activation,ipip_stems,final_token,4,unit_norm,4,0.1524359520898932
activation,ipip_stems,final_token,4,unit_norm,5,0.02650172490987581
activation,ipip_stems,final_token,5,common_pc1_removed,0,2.753300321732999e-34
activation,ipip_stems,final_token,5,common_pc1_removed,1,0.08062778347000375
activation,ipip_stems,final_token,5,common_pc1_removed,2,0.15357621680361083
activation,ipip_stems,final_token,5,common_pc1_removed,3,0.15204209905095364
activation,ipip_stems,final_token,5,common_pc1_removed,4,0.07459648723226775
activation,ipip_stems,final_token,5,common_pc1_removed,5,0.013746155037512767
activation,ipip_stems,final_token,5,exposure_residualized,0,1.4239792469212034e-28
activation,ipip_stems,final_token,5,exposure_residualized,1,0.06150579324312243
activation,ipip_stems,final_token,5,exposure_residualized,2,0.13894164624108132
activation,ipip_stems,final_token,5,exposure_residualized,3,0.13785014076942717
activation,ipip_stems,final_token,5,exposure_residualized,4,0.0682236201259701
activation,ipip_stems,final_token,5,exposure_residualized,5,0.013668879906466917
activation,ipip_stems,final_token,5,profile_centered,0,0.0
activation,ipip_stems,final_token,5,profile_centered,1,0.11132575766719102
activation,ipip_stems,final_token,5,profile_centered,2,0.18468015784608155
activation,ipip_stems,final_token,5,profile_centered,3,0.16721765918843762
activation,ipip_stems,final_token,5,profile_centered,4,0.08106768125757455
activation,ipip_stems,final_token,5,profile_centered,5,0.013866800530268807
activation,ipip_stems,final_token,5,raw,0,2.0277053099364615
activation,ipip_stems,final_token,5,raw,1,0.11132575766719102
activation,ipip_stems,final_token,5,raw,2,0.18468015784608155
activation,ipip_stems,final_token,5,raw,3,0.16721765918843762
activation,ipip_stems,final_token,5,raw,4,0.08106768125757455
activation,ipip_stems,final_token,5,raw,5,0.013866800530268807
activation,ipip_stems,final_token,5,unit_norm,0,0.0012335532368328056
activation,ipip_stems,final_token,5,unit_norm,1,0.19149692580911823
activation,ipip_stems,final_token,5,unit_norm,2,0.32715602767458246
activation,ipip_stems,final_token,5,unit_norm,3,0.30332165483575435
activation,ipip_stems,final_token,5,unit_norm,4,0.1498836831973801
activation,ipip_stems,final_token,5,unit_norm,5,0.026908155246332128
activation,ipip_stems,final_token,6,common_pc1_removed,0,9.952270599577257e-33
activation,ipip_stems,final_token,6,common_pc1_removed,1,0.10464666177911286
activation,ipip_stems,final_token,6,common_pc1_removed,2,0.19966779966273518
activation,ipip_stems,final_token,6,common_pc1_removed,3,0.1966843924585292
activation,ipip_stems,final_token,6,common_pc1_removed,4,0.09853666358201991
activation,ipip_stems,final_token,6,common_pc1_removed,5,0.017880016490325022
activation,ipip_stems,final_token,6,exposure_residualized,0,1.9012630071102123e-28
activation,ipip_stems,final_token,6,exposure_residualized,1,0.08187282498087851
activation,ipip_stems,final_token,6,exposure_residualized,2,0.17803037005950717
activation,ipip_stems,final_token,6,exposure_residualized,3,0.18009960740747016
activation,ipip_stems,final_token,6,exposure_residualized,4,0.08783040907804392
activation,ipip_stems,final_token,6,exposure_residualized,5,0.017193182213666478
activation,ipip_stems,final_token,6,profile_centered,0,0.0
activation,ipip_stems,final_token,6,profile_centered,1,0.14979377975357877
activation,ipip_stems,final_token,6,profile_centered,2,0.2375813074437605
activation,ipip_stems,final_token,6,profile_centered,3,0.22002028669025975
activation,ipip_stems,final_token,6,profile_centered,4,0.10232818785990376
activation,ipip_stems,final_token,6,profile_centered,5,0.017927489444445506
activation,ipip_stems,final_token,6,raw,0,2.6862592155446494
activation,ipip_stems,final_token,6,raw,1,0.14979377975357877
activation,ipip_stems,final_token,6,raw,2,0.2375813074437605
activation,ipip_stems,final_token,6,raw,3,0.22002028669025975
activation,ipip_stems,final_token,6,raw,4,0.10232818785990376
activation,ipip_stems,final_token,6,raw,5,0.017927489444445506
activation,ipip_stems,final_token,6,unit_norm,0,0.0014041111684603412
activation,ipip_stems,final_token,6,unit_norm,1,0.19722638442092766
activation,ipip_stems,final_token,6,unit_norm,2,0.32518541729416495
activation,ipip_stems,final_token,6,unit_norm,3,0.30334557563866166
activation,ipip_stems,final_token,6,unit_norm,4,0.1461954580914655
activation,ipip_stems,final_token,6,unit_norm,5,0.026643053386319615
activation,ipip_stems,final_token,7,common_pc1_removed,0,1.239103499098349e-33
activation,ipip_stems,final_token,7,common_pc1_removed,1,0.13327124543508623
activation,ipip_stems,final_token,7,common_pc1_removed,2,0.26818337924661506
activation,ipip_stems,final_token,7,common_pc1_removed,3,0.2648011735185516
activation,ipip_stems,final_token,7,common_pc1_removed,4,0.13277165470215785
activation,ipip_stems,final_token,7,common_pc1_removed,5,0.023567005343555724
activation,ipip_stems,final_token,7,exposure_residualized,0,2.6016324871124925e-28
activation,ipip_stems,final_token,7,exposure_residualized,1,0.10862932071653987
activation,ipip_stems,final_token,7,exposure_residualized,2,0.23262959500596425
activation,ipip_stems,final_token,7,exposure_residualized,3,0.23959032226149785
activation,ipip_stems,final_token,7,exposure_residualized,4,0.1187875557964598
activation,ipip_stems,final_token,7,exposure_residualized,5,0.023041734873591894
activation,ipip_stems,final_token,7,profile_centered,0,0.0
activation,ipip_stems,final_token,7,profile_centered,1,0.1962131237568341
activation,ipip_stems,final_token,7,profile_centered,2,0.31235115812091885
activation,ipip_stems,final_token,7,profile_centered,3,0.2901835342947457
activation,ipip_stems,final_token,7,profile_centered,4,0.13907589061141368
activation,ipip_stems,final_token,7,profile_centered,5,0.023689946663230148
activation,ipip_stems,final_token,7,raw,0,3.585556849605803
activation,ipip_stems,final_token,7,raw,1,0.1962131237568341
activation,ipip_stems,final_token,7,raw,2,0.31235115812091885
activation,ipip_stems,final_token,7,raw,3,0.2901835342947457
activation,ipip_stems,final_token,7,raw,4,0.13907589061141368
activation,ipip_stems,final_token,7,raw,5,0.023689946663230148
activation,ipip_stems,final_token,7,unit_norm,0,0.0011895748276832627
activation,ipip_stems,final_token,7,unit_norm,1,0.19604545489903405
activation,ipip_stems,final_token,7,unit_norm,2,0.32425614354598187
activation,ipip_stems,final_token,7,unit_norm,3,0.3035409130289469
activation,ipip_stems,final_token,7,unit_norm,4,0.14876156726055784
activation,ipip_stems,final_token,7,unit_norm,5,0.02620634643779583
activation,ipip_stems,final_token,8,common_pc1_removed,0,5.2887423711639536e-34
activation,ipip_stems,final_token,8,common_pc1_removed,1,0.1778043517239966
activation,ipip_stems,final_token,8,common_pc1_removed,2,0.33351472943562877
activation,ipip_stems,final_token,8,common_pc1_removed,3,0.33953928315831916
activation,ipip_stems,final_token,8,common_pc1_removed,4,0.16798335103989118
activation,ipip_stems,final_token,8,common_pc1_removed,5,0.03054472660203926
activation,ipip_stems,final_token,8,exposure_residualized,0,3.9944488890441666e-28
activation,ipip_stems,final_token,8,exposure_residualized,1,0.13816334767304816
activation,ipip_stems,final_token,8,exposure_residualized,2,0.28342064304638337
activation,ipip_stems,final_token,8,exposure_residualized,3,0.30593792408090065
activation,ipip_stems,final_token,8,exposure_residualized,4,0.1519529351931589
activation,ipip_stems,final_token,8,exposure_residualized,5,0.030109275358921158
activation,ipip_stems,final_token,8,profile_centered,0,0.0
activation,ipip_stems,final_token,8,profile_centered,1,0.25619993915820316
activation,ipip_stems,final_token,8,profile_centered,2,0.39548947403426915
activation,ipip_stems,final_token,8,profile_centered,3,0.37396487179058246
activation,ipip_stems,final_token,8,profile_centered,4,0.1772672839930884
activation,ipip_stems,final_token,8,profile_centered,5,0.030545052107126262
activation,ipip_stems,final_token,8,raw,0,5.113534545035547
activation,ipip_stems,final_token,8,raw,1,0.25619993915820316
activation,ipip_stems,final_token,8,raw,2,0.39548947403426915
activation,ipip_stems,final_token,8,raw,3,0.37396487179058246
activation,ipip_stems,final_token,8,raw,4,0.1772672839930884
activation,ipip_stems,final_token,8,raw,5,0.030545052107126262
activation,ipip_stems,final_token,8,unit_norm,0,0.001639979626094237
activation,ipip_stems,final_token,8,unit_norm,1,0.19816656800191548
activation,ipip_stems,final_token,8,unit_norm,2,0.31863310837314335
activation,ipip_stems,final_token,8,unit_norm,3,0.30532689683219366
activation,ipip_stems,final_token,8,unit_norm,4,0.14957263075432176
activation,ipip_stems,final_token,8,unit_norm,5,0.026660816412331534
activation,ipip_stems,final_token,9,common_pc1_removed,0,6.167185670955154e-33
activation,ipip_stems,final_token,9,common_pc1_removed,1,0.22236351277488742
activation,ipip_stems,final_token,9,common_pc1_removed,2,0.421215389364367
activation,ipip_stems,final_token,9,common_pc1_removed,3,0.43346719345289053
activation,ipip_stems,final_token,9,common_pc1_removed,4,0.21195887234595098
activation,ipip_stems,final_token,9,common_pc1_removed,5,0.03983400972436388
activation,ipip_stems,final_token,9,exposure_residualized,0,4.805942891791938e-28
activation,ipip_stems,final_token,9,exposure_residualized,1,0.18324499436199682
activation,ipip_stems,final_token,9,exposure_residualized,2,0.3564223051105415
activation,ipip_stems,final_token,9,exposure_residualized,3,0.3881210267803375
activation,ipip_stems,final_token,9,exposure_residualized,4,0.1924113551356717
activation,ipip_stems,final_token,9,exposure_residualized,5,0.04073689625749073
activation,ipip_stems,final_token,9,profile_centered,0,0.0
activation,ipip_stems,final_token,9,profile_centered,1,0.3285926899348149
activation,ipip_stems,final_token,9,profile_centered,2,0.48255881161358166
activation,ipip_stems,final_token,9,profile_centered,3,0.46634265362557764
activation,ipip_stems,final_token,9,profile_centered,4,0.2267122029540542
activation,ipip_stems,final_token,9,profile_centered,5,0.040114540323299704
activation,ipip_stems,final_token,9,raw,0,5.877218373488418
activation,ipip_stems,final_token,9,raw,1,0.3285926899348149
activation,ipip_stems,final_token,9,raw,2,0.48255881161358166
activation,ipip_stems,final_token,9,raw,3,0.46634265362557764
activation,ipip_stems,final_token,9,raw,4,0.2267122029540542
activation,ipip_stems,final_token,9,raw,5,0.040114540323299704
activation,ipip_stems,final_token,9,unit_norm,0,0.0012795387177532832
activation,ipip_stems,final_token,9,unit_norm,1,0.2018434297710947
activation,ipip_stems,final_token,9,unit_norm,2,0.31118747925956514
activation,ipip_stems,final_token,9,unit_norm,3,0.3049655687248118
activation,ipip_stems,final_token,9,unit_norm,4,0.15305006380912803
activation,ipip_stems,final_token,9,unit_norm,5,0.02767391971764718
activation,ipip_stems,final_token,10,common_pc1_removed,0,6.009336702920133e-33
activation,ipip_stems,final_token,10,common_pc1_removed,1,0.24555861437106521
activation,ipip_stems,final_token,10,common_pc1_removed,2,0.4730101510584767
activation,ipip_stems,final_token,10,common_pc1_removed,3,0.4880408695760723
activation,ipip_stems,final_token,10,common_pc1_removed,4,0.23317945630001852
activation,ipip_stems,final_token,10,common_pc1_removed,5,0.040281916998090625
activation,ipip_stems,final_token,10,exposure_residualized,0,5.405373905776866e-28
activation,ipip_stems,final_token,10,exposure_residualized,1,0.20755643095426118
activation,ipip_stems,final_token,10,exposure_residualized,2,0.3999668443658074
activation,ipip_stems,final_token,10,exposure_residualized,3,0.4377202118189245
activation,ipip_stems,final_token,10,exposure_residualized,4,0.21007093979050184
activation,ipip_stems,final_token,10,exposure_residualized,5,0.03972050980060651
activation,ipip_stems,final_token,10,profile_centered,0,0.0
activation,ipip_stems,final_token,10,profile_centered,1,0.36884502391538976
activation,ipip_stems,final_token,10,profile_centered,2,0.5455814753772389
activation,ipip_stems,final_token,10,profile_centered,3,0.5203068321001446
activation,ipip_stems,final_token,10,profile_centered,4,0.24518577645213
activation,ipip_stems,final_token,10,profile_centered,5,0.040451280775751206
activation,ipip_stems,final_token,10,raw,0,6.575811034953057
activation,ipip_stems,final_token,10,raw,1,0.36884502391538976
activation,ipip_stems,final_token,10,raw,2,0.5455814753772389
activation,ipip_stems,final_token,10,raw,3,0.5203068321001446
activation,ipip_stems,final_token,10,raw,4,0.24518577645213
activation,ipip_stems,final_token,10,raw,5,0.040451280775751206
activation,ipip_stems,final_token,10,unit_norm,0,0.001326813840404983
activation,ipip_stems,final_token,10,unit_norm,1,0.20408417436537216
activation,ipip_stems,final_token,10,unit_norm,2,0.3154547395581135
activation,ipip_stems,final_token,10,unit_norm,3,0.304739442677926
activation,ipip_stems,final_token,10,unit_norm,4,0.14916652089048926
activation,ipip_stems,final_token,10,unit_norm,5,0.02522830866769423
activation,ipip_stems,final_token,11,common_pc1_removed,0,1.3572874887604369e-33
activation,ipip_stems,final_token,11,common_pc1_removed,1,0.2696517719985302
activation,ipip_stems,final_token,11,common_pc1_removed,2,0.5449444733194445
activation,ipip_stems,final_token,11,common_pc1_removed,3,0.5452061537066424
activation,ipip_stems,final_token,11,common_pc1_removed,4,0.2650047847453406
activation,ipip_stems,final_token,11,common_pc1_removed,5,0.04253486147543096
activation,ipip_stems,final_token,11,exposure_residualized,0,6.251954223420469e-28
activation,ipip_stems,final_token,11,exposure_residualized,1,0.22792649560440084
activation,ipip_stems,final_token,11,exposure_residualized,2,0.4558412363106341
activation,ipip_stems,final_token,11,exposure_residualized,3,0.4873003874908855
activation,ipip_stems,final_token,11,exposure_residualized,4,0.23206432540877092
activation,ipip_stems,final_token,11,exposure_residualized,5,0.04184113702170544
activation,ipip_stems,final_token,11,profile_centered,0,0.0
activation,ipip_stems,final_token,11,profile_centered,1,0.4192260066108652
activation,ipip_stems,final_token,11,profile_centered,2,0.6098515855504144
activation,ipip_stems,final_token,11,profile_centered,3,0.5880376170135502
activation,ipip_stems,final_token,11,profile_centered,4,0.27493332310363805
activation,ipip_stems,final_token,11,profile_centered,5,0.04363216528395435
activation,ipip_stems,final_token,11,raw,0,7.518052113781616
activation,ipip_stems,final_token,11,raw,1,0.4192260066108652
activation,ipip_stems,final_token,11,raw,2,0.6098515855504144
activation,ipip_stems,final_token,11,raw,3,0.5880376170135502
activation,ipip_stems,final_token,11,raw,4,0.27493332310363805
activation,ipip_stems,final_token,11,raw,5,0.04363216528395435
activation,ipip_stems,final_token,11,unit_norm,0,0.0012562127599555451
activation,ipip_stems,final_token,11,unit_norm,1,0.20596581878636797
activation,ipip_stems,final_token,11,unit_norm,2,0.31625478229368864
activation,ipip_stems,final_token,11,unit_norm,3,0.30411332507570676
activation,ipip_stems,final_token,11,unit_norm,4,0.1481011728600495
activation,ipip_stems,final_token,11,unit_norm,5,0.024308688224231333
activation,ipip_stems,final_token,12,common_pc1_removed,0,4.418233917245602e-33
activation,ipip_stems,final_token,12,common_pc1_removed,1,0.3250167254383174
activation,ipip_stems,final_token,12,common_pc1_removed,2,0.6524073120234576
activation,ipip_stems,final_token,12,common_pc1_removed,3,0.6696903077354275
activation,ipip_stems,final_token,12,common_pc1_removed,4,0.3265339619653629
activation,ipip_stems,final_token,12,common_pc1_removed,5,0.05433069506510836
activation,ipip_stems,final_token,12,exposure_residualized,0,7.639765447989601e-28
activation,ipip_stems,final_token,12,exposure_residualized,1,0.27329011191002134
activation,ipip_stems,final_token,12,exposure_residualized,2,0.544143605864685
activation,ipip_stems,final_token,12,exposure_residualized,3,0.6065972221237143
activation,ipip_stems,final_token,12,exposure_residualized,4,0.28444555390264237
activation,ipip_stems,final_token,12,exposure_residualized,5,0.053108302824371845
activation,ipip_stems,final_token,12,profile_centered,0,0.0
activation,ipip_stems,final_token,12,profile_centered,1,0.5164736004000815
activation,ipip_stems,final_token,12,profile_centered,2,0.7411282986380338
activation,ipip_stems,final_token,12,profile_centered,3,0.7361410750576932
activation,ipip_stems,final_token,12,profile_centered,4,0.3365618264153264
activation,ipip_stems,final_token,12,profile_centered,5,0.055106691226439825
activation,ipip_stems,final_token,12,raw,0,10.099158318208566
activation,ipip_stems,final_token,12,raw,1,0.5164736004000815
activation,ipip_stems,final_token,12,raw,2,0.7411282986380338
activation,ipip_stems,final_token,12,raw,3,0.7361410750576932
activation,ipip_stems,final_token,12,raw,4,0.3365618264153264
activation,ipip_stems,final_token,12,raw,5,0.055106691226439825
activation,ipip_stems,final_token,12,unit_norm,0,0.0014801141658930812
activation,ipip_stems,final_token,12,unit_norm,1,0.20429692308934214
activation,ipip_stems,final_token,12,unit_norm,2,0.31097332931921884
activation,ipip_stems,final_token,12,unit_norm,3,0.3094580661410366
activation,ipip_stems,final_token,12,unit_norm,4,0.14861138559092468
activation,ipip_stems,final_token,12,unit_norm,5,0.025180181693584585
activation,ipip_stems,final_token,13,common_pc1_removed,0,1.0638554143367014e-32
activation,ipip_stems,final_token,13,common_pc1_removed,1,0.3951845515697331
activation,ipip_stems,final_token,13,common_pc1_removed,2,0.7769137652983902
activation,ipip_stems,final_token,13,common_pc1_removed,3,0.7665147663281324
activation,ipip_stems,final_token,13,common_pc1_removed,4,0.37466871262306195
activation,ipip_stems,final_token,13,common_pc1_removed,5,0.06953430446355359
activation,ipip_stems,final_token,13,exposure_residualized,0,8.212326152526374e-28
activation,ipip_stems,final_token,13,exposure_residualized,1,0.32600728265326845
activation,ipip_stems,final_token,13,exposure_residualized,2,0.648796445700201
activation,ipip_stems,final_token,13,exposure_residualized,3,0.7056520903231421
activation,ipip_stems,final_token,13,exposure_residualized,4,0.33228322670907157
activation,ipip_stems,final_token,13,exposure_residualized,5,0.06800526212098942
activation,ipip_stems,final_token,13,profile_centered,0,0.0
activation,ipip_stems,final_token,13,profile_centered,1,0.6118282225891692
activation,ipip_stems,final_token,13,profile_centered,2,0.8712771720619001
activation,ipip_stems,final_token,13,profile_centered,3,0.8450415529968478
activation,ipip_stems,final_token,13,profile_centered,4,0.3873972406383615
activation,ipip_stems,final_token,13,profile_centered,5,0.07166485455990779
activation,ipip_stems,final_token,13,raw,0,12.173558988712088
activation,ipip_stems,final_token,13,raw,1,0.6118282225891692
activation,ipip_stems,final_token,13,raw,2,0.8712771720619001
activation,ipip_stems,final_token,13,raw,3,0.8450415529968478
activation,ipip_stems,final_token,13,raw,4,0.3873972406383615
activation,ipip_stems,final_token,13,raw,5,0.07166485455990779
activation,ipip_stems,final_token,13,unit_norm,0,0.001636383436800606
activation,ipip_stems,final_token,13,unit_norm,1,0.20719458128316193
activation,ipip_stems,final_token,13,unit_norm,2,0.31183786046120293
activation,ipip_stems,final_token,13,unit_norm,3,0.3057115093621937
activation,ipip_stems,final_token,13,unit_norm,4,0.1460996961165836
activation,ipip_stems,final_token,13,unit_norm,5,0.027519969340057394
activation,ipip_stems,final_token,14,common_pc1_removed,0,1.5311980230261501e-33
activation,ipip_stems,final_token,14,common_pc1_removed,1,0.4381538606043328
activation,ipip_stems,final_token,14,common_pc1_removed,2,0.8395113415416589
activation,ipip_stems,final_token,14,common_pc1_removed,3,0.804872809134171
activation,ipip_stems,final_token,14,common_pc1_removed,4,0.39536779174062864
activation,ipip_stems,final_token,14,common_pc1_removed,5,0.07320751169591201
activation,ipip_stems,final_token,14,exposure_residualized,0,8.62726178094927e-28
activation,ipip_stems,final_token,14,exposure_residualized,1,0.34969285152393526
activation,ipip_stems,final_token,14,exposure_residualized,2,0.7013781394457859
activation,ipip_stems,final_token,14,exposure_residualized,3,0.7586505106052885
activation,ipip_stems,final_token,14,exposure_residualized,4,0.35391659570066514
activation,ipip_stems,final_token,14,exposure_residualized,5,0.0727419803748843
activation,ipip_stems,final_token,14,profile_centered,0,0.0
activation,ipip_stems,final_token,14,profile_centered,1,0.6324482487329673
activation,ipip_stems,final_token,14,profile_centered,2,0.944491268078401
activation,ipip_stems,final_token,14,profile_centered,3,0.9034720901125953
activation,ipip_stems,final_token,14,profile_centered,4,0.41841888802567917
activation,ipip_stems,final_token,14,profile_centered,5,0.0773408635650305
activation,ipip_stems,final_token,14,raw,0,13.927210160333749
activation,ipip_stems,final_token,14,raw,1,0.6324482487329673
activation,ipip_stems,final_token,14,raw,2,0.944491268078401
activation,ipip_stems,final_token,14,raw,3,0.9034720901125953
activation,ipip_stems,final_token,14,raw,4,0.41841888802567917
activation,ipip_stems,final_token,14,raw,5,0.0773408635650305
activation,ipip_stems,final_token,14,unit_norm,0,0.0016235076540148403
activation,ipip_stems,final_token,14,unit_norm,1,0.2027923313509915
activation,ipip_stems,final_token,14,unit_norm,2,0.31614603474952885
activation,ipip_stems,final_token,14,unit_norm,3,0.3048709626351951
activation,ipip_stems,final_token,14,unit_norm,4,0.14702976880344684
activation,ipip_stems,final_token,14,unit_norm,5,0.027537394806822796
activation,ipip_stems,final_token,15,common_pc1_removed,0,1.7949469392008234e-33
activation,ipip_stems,final_token,15,common_pc1_removed,1,0.5568214749390613
activation,ipip_stems,final_token,15,common_pc1_removed,2,1.0209458141466428
activation,ipip_stems,final_token,15,common_pc1_removed,3,0.9904199059936729
activation,ipip_stems,final_token,15,common_pc1_removed,4,0.48582200375195894
activation,ipip_stems,final_token,15,common_pc1_removed,5,0.0863487803627993
activation,ipip_stems,final_token,15,exposure_residualized,0,9.731370550824557e-28
activation,ipip_stems,final_token,15,exposure_residualized,1,0.45447487907848494
activation,ipip_stems,final_token,15,exposure_residualized,2,0.8613114813170496
activation,ipip_stems,final_token,15,exposure_residualized,3,0.9518127413264107
activation,ipip_stems,final_token,15,exposure_residualized,4,0.4262685693788261
activation,ipip_stems,final_token,15,exposure_residualized,5,0.08433370417460037
activation,ipip_stems,final_token,15,profile_centered,0,0.0
activation,ipip_stems,final_token,15,profile_centered,1,0.761596651018125
activation,ipip_stems,final_token,15,profile_centered,2,1.139744046951051
activation,ipip_stems,final_token,15,profile_centered,3,1.1187972695284507
activation,ipip_stems,final_token,15,profile_centered,4,0.5103074345142243
activation,ipip_stems,final_token,15,profile_centered,5,0.0895628507514829
activation,ipip_stems,final_token,15,raw,0,15.911522924062162
activation,ipip_stems,final_token,15,raw,1,0.761596651018125
activation,ipip_stems,final_token,15,raw,2,1.139744046951051
activation,ipip_stems,final_token,15,raw,3,1.1187972695284507
activation,ipip_stems,final_token,15,raw,4,0.5103074345142243
activation,ipip_stems,final_token,15,raw,5,0.0895628507514829
activation,ipip_stems,final_token,15,unit_norm,0,0.0013882512730974826
activation,ipip_stems,final_token,15,unit_norm,1,0.20390743298947622
activation,ipip_stems,final_token,15,unit_norm,2,0.31255404376945434
activation,ipip_stems,final_token,15,unit_norm,3,0.30851098129583715
activation,ipip_stems,final_token,15,unit_norm,4,0.1471297123594866
activation,ipip_stems,final_token,15,unit_norm,5,0.026509578312648364
activation,ipip_stems,final_token,16,common_pc1_removed,0,5.042514977096342e-33
activation,ipip_stems,final_token,16,common_pc1_removed,1,0.7182261075498176
activation,ipip_stems,final_token,16,common_pc1_removed,2,1.3446709944590838
activation,ipip_stems,final_token,16,common_pc1_removed,3,1.3442560846969125
activation,ipip_stems,final_token,16,common_pc1_removed,4,0.6441423093082266
activation,ipip_stems,final_token,16,common_pc1_removed,5,0.11199711255550558
activation,ipip_stems,final_token,16,exposure_residualized,0,1.3935482233189861e-27
activation,ipip_stems,final_token,16,exposure_residualized,1,0.577787130939756
activation,ipip_stems,final_token,16,exposure_residualized,2,1.1358633431899785
activation,ipip_stems,final_token,16,exposure_residualized,3,1.267722699529649
activation,ipip_stems,final_token,16,exposure_residualized,4,0.5587192850358378
activation,ipip_stems,final_token,16,exposure_residualized,5,0.10843542702975753
activation,ipip_stems,final_token,16,profile_centered,0,0.0
activation,ipip_stems,final_token,16,profile_centered,1,1.022550486390212
activation,ipip_stems,final_token,16,profile_centered,2,1.5098959941111492
activation,ipip_stems,final_token,16,profile_centered,3,1.4983927940501647
activation,ipip_stems,final_token,16,profile_centered,4,0.6708469487498396
activation,ipip_stems,final_token,16,profile_centered,5,0.11717975753828644
activation,ipip_stems,final_token,16,raw,0,24.57815122504391
activation,ipip_stems,final_token,16,raw,1,1.022550486390212
activation,ipip_stems,final_token,16,raw,2,1.5098959941111492
activation,ipip_stems,final_token,16,raw,3,1.4983927940501647
activation,ipip_stems,final_token,16,raw,4,0.6708469487498396
activation,ipip_stems,final_token,16,raw,5,0.11717975753828644
activation,ipip_stems,final_token,16,unit_norm,0,0.0017614680473649852
activation,ipip_stems,final_token,16,unit_norm,1,0.20583064833812303
activation,ipip_stems,final_token,16,unit_norm,2,0.3093169568257619
activation,ipip_stems,final_token,16,unit_norm,3,0.3116239586631619
activation,ipip_stems,final_token,16,unit_norm,4,0.14529954650577806
activation,ipip_stems,final_token,16,unit_norm,5,0.02616742161981022
activation,ipip_stems,final_token,17,common_pc1_removed,0,3.101103287820027e-33
activation,ipip_stems,final_token,17,common_pc1_removed,1,0.9920459319964575
activation,ipip_stems,final_token,17,common_pc1_removed,2,1.8092462685357071
activation,ipip_stems,final_token,17,common_pc1_removed,3,1.8091315597967341
activation,ipip_stems,final_token,17,common_pc1_removed,4,0.8590116966594646
activation,ipip_stems,final_token,17,common_pc1_removed,5,0.15375716029884517
activation,ipip_stems,final_token,17,exposure_residualized,0,1.873875655208874e-27
activation,ipip_stems,final_token,17,exposure_residualized,1,0.7914148340774754
activation,ipip_stems,final_token,17,exposure_residualized,2,1.5273463057873395
activation,ipip_stems,final_token,17,exposure_residualized,3,1.7432817339029012
activation,ipip_stems,final_token,17,exposure_residualized,4,0.7359444807142577
activation,ipip_stems,final_token,17,exposure_residualized,5,0.148345634625834
activation,ipip_stems,final_token,17,profile_centered,0,0.0
activation,ipip_stems,final_token,17,profile_centered,1,1.359244511547401
activation,ipip_stems,final_token,17,profile_centered,2,2.0189788419488384
activation,ipip_stems,final_token,17,profile_centered,3,2.0549387578544667
activation,ipip_stems,final_token,17,profile_centered,4,0.8921839294583642
activation,ipip_stems,final_token,17,profile_centered,5,0.16160791399533514
activation,ipip_stems,final_token,17,raw,0,32.12062041609391
activation,ipip_stems,final_token,17,raw,1,1.359244511547401
activation,ipip_stems,final_token,17,raw,2,2.0189788419488384
activation,ipip_stems,final_token,17,raw,3,2.0549387578544667
activation,ipip_stems,final_token,17,raw,4,0.8921839294583642
activation,ipip_stems,final_token,17,raw,5,0.16160791399533514
activation,ipip_stems,final_token,17,unit_norm,0,0.0015601411368209727
activation,ipip_stems,final_token,17,unit_norm,1,0.2049298449801186
activation,ipip_stems,final_token,17,unit_norm,2,0.3073297053944861
activation,ipip_stems,final_token,17,unit_norm,3,0.316467842273465
activation,ipip_stems,final_token,17,unit_norm,4,0.1428205192818343
activation,ipip_stems,final_token,17,unit_norm,5,0.026891946933275047
activation,ipip_stems,final_token,18,common_pc1_removed,0,1.1370623583175495e-31
activation,ipip_stems,final_token,18,common_pc1_removed,1,1.2132163585224616
activation,ipip_stems,final_token,18,common_pc1_removed,2,2.159341403747441
activation,ipip_stems,final_token,18,common_pc1_removed,3,2.192648895075753
activation,ipip_stems,final_token,18,common_pc1_removed,4,1.0185044153119072
activation,ipip_stems,final_token,18,common_pc1_removed,5,0.1887040376797275
activation,ipip_stems,final_token,18,exposure_residualized,0,2.1665424949241296e-27
activation,ipip_stems,final_token,18,exposure_residualized,1,0.9790018941900998
activation,ipip_stems,final_token,18,exposure_residualized,2,1.8360228919620432
activation,ipip_stems,final_token,18,exposure_residualized,3,2.0964976213692608
activation,ipip_stems,final_token,18,exposure_residualized,4,0.8688719951543803
activation,ipip_stems,final_token,18,exposure_residualized,5,0.18073394308662175
activation,ipip_stems,final_token,18,profile_centered,0,0.0
activation,ipip_stems,final_token,18,profile_centered,1,1.6499797403218568
activation,ipip_stems,final_token,18,profile_centered,2,2.4291317994484283
activation,ipip_stems,final_token,18,profile_centered,3,2.4918743785785713
activation,ipip_stems,final_token,18,profile_centered,4,1.0569681925127385
activation,ipip_stems,final_token,18,profile_centered,5,0.1951806451811294
activation,ipip_stems,final_token,18,raw,0,39.85180431388443
activation,ipip_stems,final_token,18,raw,1,1.6499797403218568
activation,ipip_stems,final_token,18,raw,2,2.4291317994484283
activation,ipip_stems,final_token,18,raw,3,2.4918743785785713
activation,ipip_stems,final_token,18,raw,4,1.0569681925127385
activation,ipip_stems,final_token,18,raw,5,0.1951806451811294
activation,ipip_stems,final_token,18,unit_norm,0,0.0016582760308954413
activation,ipip_stems,final_token,18,unit_norm,1,0.2072662242795577
activation,ipip_stems,final_token,18,unit_norm,2,0.30586655317256
activation,ipip_stems,final_token,18,unit_norm,3,0.3171907810471769
activation,ipip_stems,final_token,18,unit_norm,4,0.14075254893229047
activation,ipip_stems,final_token,18,unit_norm,5,0.027265616537519577
activation,ipip_stems,final_token,19,common_pc1_removed,0,1.2110815127460196e-32
activation,ipip_stems,final_token,19,common_pc1_removed,1,1.4198035236403
activation,ipip_stems,final_token,19,common_pc1_removed,2,2.5556603590885225
activation,ipip_stems,final_token,19,common_pc1_removed,3,2.557207255701351
activation,ipip_stems,final_token,19,common_pc1_removed,4,1.2100084970604665
activation,ipip_stems,final_token,19,common_pc1_removed,5,0.22456035907453756
activation,ipip_stems,final_token,19,exposure_residualized,0,2.601772445587346e-27
activation,ipip_stems,final_token,19,exposure_residualized,1,1.1479116229130581
activation,ipip_stems,final_token,19,exposure_residualized,2,2.1910201897171215
activation,ipip_stems,final_token,19,exposure_residualized,3,2.4269913681186552
activation,ipip_stems,final_token,19,exposure_residualized,4,1.0178234286790566
activation,ipip_stems,final_token,19,exposure_residualized,5,0.21805368750266454
activation,ipip_stems,final_token,19,profile_centered,0,0.0
activation,ipip_stems,final_token,19,profile_centered,1,1.937131237921888
activation,ipip_stems,final_token,19,profile_centered,2,2.8718149195518214
activation,ipip_stems,final_token,19,profile_centered,3,2.900132438603303
activation,ipip_stems,final_token,19,profile_centered,4,1.256607677491986
activation,ipip_stems,final_token,19,profile_centered,5,0.23604869835182302
activation,ipip_stems,final_token,19,raw,0,45.88055630278977
activation,ipip_stems,final_token,19,raw,1,1.937131237921888
activation,ipip_stems,final_token,19,raw,2,2.8718149195518214
activation,ipip_stems,final_token,19,raw,3,2.900132438603303
activation,ipip_stems,final_token,19,raw,4,1.256607677491986
activation,ipip_stems,final_token,19,raw,5,0.23604869835182302
activation,ipip_stems,final_token,19,unit_norm,0,0.0017058577303846229
activation,ipip_stems,final_token,19,unit_norm,1,0.20665672961283926
activation,ipip_stems,final_token,19,unit_norm,2,0.30784731033300994
activation,ipip_stems,final_token,19,unit_norm,3,0.3142400853710993
activation,ipip_stems,final_token,19,unit_norm,4,0.14148462623044958
activation,ipip_stems,final_token,19,unit_norm,5,0.028065390722217337
activation,ipip_stems,final_token,20,common_pc1_removed,0,7.366613068823562e-33
activation,ipip_stems,final_token,20,common_pc1_removed,1,1.7058604998328033
activation,ipip_stems,final_token,20,common_pc1_removed,2,3.142533068422879
activation,ipip_stems,final_token,20,common_pc1_removed,3,3.161381005215165
activation,ipip_stems,final_token,20,common_pc1_removed,4,1.484934109370411
activation,ipip_stems,final_token,20,common_pc1_removed,5,0.2788558630305307
activation,ipip_stems,final_token,20,exposure_residualized,0,3.1235140857012044e-27
activation,ipip_stems,final_token,20,exposure_residualized,1,1.3858218915676064
activation,ipip_stems,final_token,20,exposure_residualized,2,2.732331089250047
activation,ipip_stems,final_token,20,exposure_residualized,3,2.9397511870358994
activation,ipip_stems,final_token,20,exposure_residualized,4,1.2265228866171671
activation,ipip_stems,final_token,20,exposure_residualized,5,0.2673637774902563
activation,ipip_stems,final_token,20,profile_centered,0,0.0
activation,ipip_stems,final_token,20,profile_centered,1,2.400239340975104
activation,ipip_stems,final_token,20,profile_centered,2,3.5465955546606738
activation,ipip_stems,final_token,20,profile_centered,3,3.5179742785314345
activation,ipip_stems,final_token,20,profile_centered,4,1.5297195300567168
activation,ipip_stems,final_token,20,profile_centered,5,0.29278709472982084
activation,ipip_stems,final_token,20,raw,0,55.684091654488114
activation,ipip_stems,final_token,20,raw,1,2.400239340975104
activation,ipip_stems,final_token,20,raw,2,3.5465955546606738
activation,ipip_stems,final_token,20,raw,3,3.5179742785314345
activation,ipip_stems,final_token,20,raw,4,1.5297195300567168
activation,ipip_stems,final_token,20,raw,5,0.29278709472982084
activation,ipip_stems,final_token,20,unit_norm,0,0.0019876753611899113
activation,ipip_stems,final_token,20,unit_norm,1,0.20856429289951625
activation,ipip_stems,final_token,20,unit_norm,2,0.30847568434021955
activation,ipip_stems,final_token,20,unit_norm,3,0.3119199300236682
activation,ipip_stems,final_token,20,unit_norm,4,0.14055012594263805
activation,ipip_stems,final_token,20,unit_norm,5,0.028502291432767873
activation,ipip_stems,final_token,21,common_pc1_removed,0,5.992820025512229e-32
activation,ipip_stems,final_token,21,common_pc1_removed,1,2.374205834243038
activation,ipip_stems,final_token,21,common_pc1_removed,2,4.304572504465299
activation,ipip_stems,final_token,21,common_pc1_removed,3,4.280145958557444
activation,ipip_stems,final_token,21,common_pc1_removed,4,2.0276164323179513
activation,ipip_stems,final_token,21,common_pc1_removed,5,0.3696882992221493
activation,ipip_stems,final_token,21,exposure_residualized,0,4.165295239298653e-27
activation,ipip_stems,final_token,21,exposure_residualized,1,1.9013225795734487
activation,ipip_stems,final_token,21,exposure_residualized,2,3.7660995655907
activation,ipip_stems,final_token,21,exposure_residualized,3,4.001579038073293
activation,ipip_stems,final_token,21,exposure_residualized,4,1.67162105279762
activation,ipip_stems,final_token,21,exposure_residualized,5,0.3546733693959079
activation,ipip_stems,final_token,21,profile_centered,0,0.0
activation,ipip_stems,final_token,21,profile_centered,1,3.2478515674048953
activation,ipip_stems,final_token,21,profile_centered,2,4.839099197356845
activation,ipip_stems,final_token,21,profile_centered,3,4.76779107427149
activation,ipip_stems,final_token,21,profile_centered,4,2.0936214932148802
activation,ipip_stems,final_token,21,profile_centered,5,0.38576085243115144
activation,ipip_stems,final_token,21,raw,0,73.68354765923573
activation,ipip_stems,final_token,21,raw,1,3.2478515674048953
activation,ipip_stems,final_token,21,raw,2,4.839099197356845
activation,ipip_stems,final_token,21,raw,3,4.76779107427149
activation,ipip_stems,final_token,21,raw,4,2.0936214932148802
activation,ipip_stems,final_token,21,raw,5,0.38576085243115144
activation,ipip_stems,final_token,21,unit_norm,0,0.0020179976418804226
activation,ipip_stems,final_token,21,unit_norm,1,0.2088185541372102
activation,ipip_stems,final_token,21,unit_norm,2,0.3099963059596437
activation,ipip_stems,final_token,21,unit_norm,3,0.3113274265431601
activation,ipip_stems,final_token,21,unit_norm,4,0.1401071695709758
activation,ipip_stems,final_token,21,unit_norm,5,0.027732546147129514
activation,ipip_stems,final_token,22,common_pc1_removed,0,4.6180492372239496e-32
activation,ipip_stems,final_token,22,common_pc1_removed,1,2.9895484818336273
activation,ipip_stems,final_token,22,common_pc1_removed,2,5.76767061711933
activation,ipip_stems,final_token,22,common_pc1_removed,3,5.679419967574778
activation,ipip_stems,final_token,22,common_pc1_removed,4,2.668800103842245
activation,ipip_stems,final_token,22,common_pc1_removed,5,0.47397971531442373
activation,ipip_stems,final_token,22,exposure_residualized,0,5.350317805808292e-27
activation,ipip_stems,final_token,22,exposure_residualized,1,2.451931805002641
activation,ipip_stems,final_token,22,exposure_residualized,2,5.138695193595552
activation,ipip_stems,final_token,22,exposure_residualized,3,5.214349880088294
activation,ipip_stems,final_token,22,exposure_residualized,4,2.1763762919727663
activation,ipip_stems,final_token,22,exposure_residualized,5,0.45320130385559987
activation,ipip_stems,final_token,22,profile_centered,0,0.0
activation,ipip_stems,final_token,22,profile_centered,1,4.197721507863011
activation,ipip_stems,final_token,22,profile_centered,2,6.513586863171413
activation,ipip_stems,final_token,22,profile_centered,3,6.180246624536073
activation,ipip_stems,final_token,22,profile_centered,4,2.709458348789995
activation,ipip_stems,final_token,22,profile_centered,5,0.4962639200253227
activation,ipip_stems,final_token,22,raw,0,87.31172646562192
activation,ipip_stems,final_token,22,raw,1,4.197721507863011
activation,ipip_stems,final_token,22,raw,2,6.513586863171413
activation,ipip_stems,final_token,22,raw,3,6.180246624536073
activation,ipip_stems,final_token,22,raw,4,2.709458348789995
activation,ipip_stems,final_token,22,raw,5,0.4962639200253227
activation,ipip_stems,final_token,22,unit_norm,0,0.002025616488724451
activation,ipip_stems,final_token,22,unit_norm,1,0.20641454464300724
activation,ipip_stems,final_token,22,unit_norm,2,0.31739192687062573
activation,ipip_stems,final_token,22,unit_norm,3,0.30884227996418817
activation,ipip_stems,final_token,22,unit_norm,4,0.13819461288812335
activation,ipip_stems,final_token,22,unit_norm,5,0.027131019145331264
activation,ipip_stems,final_token,23,common_pc1_removed,0,2.093467786712172e-32
activation,ipip_stems,final_token,23,common_pc1_removed,1,3.786727090382375
activation,ipip_stems,final_token,23,common_pc1_removed,2,7.032146213251527
activation,ipip_stems,final_token,23,common_pc1_removed,3,6.928391651222424
activation,ipip_stems,final_token,23,common_pc1_removed,4,3.240553781360571
activation,ipip_stems,final_token,23,common_pc1_removed,5,0.5795237299810089
activation,ipip_stems,final_token,23,exposure_residualized,0,6.669979840732061e-27
activation,ipip_stems,final_token,23,exposure_residualized,1,3.095736528760249
activation,ipip_stems,final_token,23,exposure_residualized,2,6.259239394797393
activation,ipip_stems,final_token,23,exposure_residualized,3,6.398394378625763
activation,ipip_stems,final_token,23,exposure_residualized,4,2.652887478622068
activation,ipip_stems,final_token,23,exposure_residualized,5,0.5517425903850766
activation,ipip_stems,final_token,23,profile_centered,0,0.0
activation,ipip_stems,final_token,23,profile_centered,1,5.187088598595007
activation,ipip_stems,final_token,23,profile_centered,2,7.886157525403243
activation,ipip_stems,final_token,23,profile_centered,3,7.607871555017735
activation,ipip_stems,final_token,23,profile_centered,4,3.306840974898429
activation,ipip_stems,final_token,23,profile_centered,5,0.5983037479803495
activation,ipip_stems,final_token,23,raw,0,109.76068954728305
activation,ipip_stems,final_token,23,raw,1,5.187088598595007
activation,ipip_stems,final_token,23,raw,2,7.886157525403243
activation,ipip_stems,final_token,23,raw,3,7.607871555017735
activation,ipip_stems,final_token,23,raw,4,3.306840974898429
activation,ipip_stems,final_token,23,raw,5,0.5983037479803495
activation,ipip_stems,final_token,23,unit_norm,0,0.0019699100346963327
activation,ipip_stems,final_token,23,unit_norm,1,0.20846675732982617
activation,ipip_stems,final_token,23,unit_norm,2,0.3138314830305345
activation,ipip_stems,final_token,23,unit_norm,3,0.3115767242322306
activation,ipip_stems,final_token,23,unit_norm,4,0.1374781471509483
activation,ipip_stems,final_token,23,unit_norm,5,0.02667697822176429
activation,ipip_stems,final_token,24,common_pc1_removed,0,1.334610077516201e-31
activation,ipip_stems,final_token,24,common_pc1_removed,1,4.727137400863624
activation,ipip_stems,final_token,24,common_pc1_removed,2,8.893013701464334
activation,ipip_stems,final_token,24,common_pc1_removed,3,8.640415544800467
activation,ipip_stems,final_token,24,common_pc1_removed,4,4.0712447168030605
activation,ipip_stems,final_token,24,common_pc1_removed,5,0.7343543100034158
activation,ipip_stems,final_token,24,exposure_residualized,0,8.565861966839492e-27
activation,ipip_stems,final_token,24,exposure_residualized,1,3.8608992460166283
activation,ipip_stems,final_token,24,exposure_residualized,2,7.91714056084523
activation,ipip_stems,final_token,24,exposure_residualized,3,7.9122317426426205
activation,ipip_stems,final_token,24,exposure_residualized,4,3.3690519617846535
activation,ipip_stems,final_token,24,exposure_residualized,5,0.6988006707759558
activation,ipip_stems,final_token,24,profile_centered,0,0.0
activation,ipip_stems,final_token,24,profile_centered,1,6.380829952262673
activation,ipip_stems,final_token,24,profile_centered,2,9.943000201260531
activation,ipip_stems,final_token,24,profile_centered,3,9.443104793029878
activation,ipip_stems,final_token,24,profile_centered,4,4.141977448220861
activation,ipip_stems,final_token,24,profile_centered,5,0.7550838604052135
activation,ipip_stems,final_token,24,raw,0,131.77144462031083
activation,ipip_stems,final_token,24,raw,1,6.380829952262673
activation,ipip_stems,final_token,24,raw,2,9.943000201260531
activation,ipip_stems,final_token,24,raw,3,9.443104793029878
activation,ipip_stems,final_token,24,raw,4,4.141977448220861
activation,ipip_stems,final_token,24,raw,5,0.7550838604052135
activation,ipip_stems,final_token,24,unit_norm,0,0.0018281138694926933
activation,ipip_stems,final_token,24,unit_norm,1,0.20573846005204507
activation,ipip_stems,final_token,24,unit_norm,2,0.3176773119386996
activation,ipip_stems,final_token,24,unit_norm,3,0.31019216325263727
activation,ipip_stems,final_token,24,unit_norm,4,0.13786944472376098
activation,ipip_stems,final_token,24,unit_norm,5,0.026694506163364298
activation,ipip_stems,final_token,25,common_pc1_removed,0,4.537674044160083e-32
activation,ipip_stems,final_token,25,common_pc1_removed,1,5.75449969943673
activation,ipip_stems,final_token,25,common_pc1_removed,2,10.974656825143239
activation,ipip_stems,final_token,25,common_pc1_removed,3,10.588819211351282
activation,ipip_stems,final_token,25,common_pc1_removed,4,4.997859352410994
activation,ipip_stems,final_token,25,common_pc1_removed,5,0.9187800564496882
activation,ipip_stems,final_token,25,exposure_residualized,0,1.0423073813720099e-26
activation,ipip_stems,final_token,25,exposure_residualized,1,4.722012697375227
activation,ipip_stems,final_token,25,exposure_residualized,2,9.76932188166284
activation,ipip_stems,final_token,25,exposure_residualized,3,9.67673238881341
activation,ipip_stems,final_token,25,exposure_residualized,4,4.157501534982691
activation,ipip_stems,final_token,25,exposure_residualized,5,0.8704986702325817
activation,ipip_stems,final_token,25,profile_centered,0,0.0
activation,ipip_stems,final_token,25,profile_centered,1,7.688349251642764
activation,ipip_stems,final_token,25,profile_centered,2,12.184235110422282
activation,ipip_stems,final_token,25,profile_centered,3,11.54138903591111
activation,ipip_stems,final_token,25,profile_centered,4,5.088013697969452
activation,ipip_stems,final_token,25,profile_centered,5,0.9414382137177701
activation,ipip_stems,final_token,25,raw,0,153.94817131093657
activation,ipip_stems,final_token,25,raw,1,7.688349251642764
activation,ipip_stems,final_token,25,raw,2,12.184235110422282
activation,ipip_stems,final_token,25,raw,3,11.54138903591111
activation,ipip_stems,final_token,25,raw,4,5.088013697969452
activation,ipip_stems,final_token,25,raw,5,0.9414382137177701
activation,ipip_stems,final_token,25,unit_norm,0,0.00162540761151132
activation,ipip_stems,final_token,25,unit_norm,1,0.20310083549096908
activation,ipip_stems,final_token,25,unit_norm,2,0.3201016946566683
activation,ipip_stems,final_token,25,unit_norm,3,0.31000711714401863
activation,ipip_stems,final_token,25,unit_norm,4,0.13819243084356872
activation,ipip_stems,final_token,25,unit_norm,5,0.026972514253263843
activation,ipip_stems,final_token,26,common_pc1_removed,0,2.632681320975247e-32
activation,ipip_stems,final_token,26,common_pc1_removed,1,7.255952290882345
activation,ipip_stems,final_token,26,common_pc1_removed,2,14.020084308723423
activation,ipip_stems,final_token,26,common_pc1_removed,3,13.428302008479292
activation,ipip_stems,final_token,26,common_pc1_removed,4,6.362525816708748
activation,ipip_stems,final_token,26,common_pc1_removed,5,1.146154685978379
activation,ipip_stems,final_token,26,exposure_residualized,0,1.341076978831679e-26
activation,ipip_stems,final_token,26,exposure_residualized,1,6.033410732848884
activation,ipip_stems,final_token,26,exposure_residualized,2,12.428988465859156
activation,ipip_stems,final_token,26,exposure_residualized,3,12.128256565014162
activation,ipip_stems,final_token,26,exposure_residualized,4,5.3598564942099705
activation,ipip_stems,final_token,26,exposure_residualized,5,1.0864138032992798
activation,ipip_stems,final_token,26,profile_centered,0,0.0
activation,ipip_stems,final_token,26,profile_centered,1,9.841583073486571
activation,ipip_stems,final_token,26,profile_centered,2,15.437198223576281
activation,ipip_stems,final_token,26,profile_centered,3,14.52654596480263
activation,ipip_stems,final_token,26,profile_centered,4,6.4689616345022065
activation,ipip_stems,final_token,26,profile_centered,5,1.182838631235915
activation,ipip_stems,final_token,26,raw,0,185.67174708640266
activation,ipip_stems,final_token,26,raw,1,9.841583073486571
activation,ipip_stems,final_token,26,raw,2,15.437198223576281
activation,ipip_stems,final_token,26,raw,3,14.52654596480263
activation,ipip_stems,final_token,26,raw,4,6.4689616345022065
activation,ipip_stems,final_token,26,raw,5,1.182838631235915
activation,ipip_stems,final_token,26,unit_norm,0,0.0014947284238932116
activation,ipip_stems,final_token,26,unit_norm,1,0.20495741055853967
activation,ipip_stems,final_token,26,unit_norm,2,0.3201520871433111
activation,ipip_stems,final_token,26,unit_norm,3,0.3079099450917877
activation,ipip_stems,final_token,26,unit_norm,4,0.1389703729560111
activation,ipip_stems,final_token,26,unit_norm,5,0.026515455826457094
activation,ipip_stems,final_token,27,common_pc1_removed,0,1.8773170320442245e-31
activation,ipip_stems,final_token,27,common_pc1_removed,1,9.001294260524691
activation,ipip_stems,final_token,27,common_pc1_removed,2,17.89357423845079
activation,ipip_stems,final_token,27,common_pc1_removed,3,17.202428794739514
activation,ipip_stems,final_token,27,common_pc1_removed,4,8.23073154422585
activation,ipip_stems,final_token,27,common_pc1_removed,5,1.4788997328892435
activation,ipip_stems,final_token,27,exposure_residualized,0,1.627900792845445e-26
activation,ipip_stems,final_token,27,exposure_residualized,1,7.553497706196685
activation,ipip_stems,final_token,27,exposure_residualized,2,16.09200486025799
activation,ipip_stems,final_token,27,exposure_residualized,3,15.452817085439573
activation,ipip_stems,final_token,27,exposure_residualized,4,6.9676517642049305
activation,ipip_stems,final_token,27,exposure_residualized,5,1.400967128684957
activation,ipip_stems,final_token,27,profile_centered,0,0.0
activation,ipip_stems,final_token,27,profile_centered,1,12.254870658632052
activation,ipip_stems,final_token,27,profile_centered,2,19.772127117683873
activation,ipip_stems,final_token,27,profile_centered,3,18.37160890710272
activation,ipip_stems,final_token,27,profile_centered,4,8.304147794809904
activation,ipip_stems,final_token,27,profile_centered,5,1.534365618299697
activation,ipip_stems,final_token,27,raw,0,225.11433639684142
activation,ipip_stems,final_token,27,raw,1,12.254870658632052
activation,ipip_stems,final_token,27,raw,2,19.772127117683873
activation,ipip_stems,final_token,27,raw,3,18.37160890710272
activation,ipip_stems,final_token,27,raw,4,8.304147794809904
activation,ipip_stems,final_token,27,raw,5,1.534365618299697
activation,ipip_stems,final_token,27,unit_norm,0,0.0013221588209972705
activation,ipip_stems,final_token,27,unit_norm,1,0.20156152007191278
activation,ipip_stems,final_token,27,unit_norm,2,0.32206672616681065
activation,ipip_stems,final_token,27,unit_norm,3,0.3074879580418012
activation,ipip_stems,final_token,27,unit_norm,4,0.14068673236865262
activation,ipip_stems,final_token,27,unit_norm,5,0.026874904529825223
activation,ipip_stems,final_token,28,common_pc1_removed,0,2.903338721682991e-31
activation,ipip_stems,final_token,28,common_pc1_removed,1,11.544850198255066
activation,ipip_stems,final_token,28,common_pc1_removed,2,23.326869245764353
activation,ipip_stems,final_token,28,common_pc1_removed,3,22.40476794379412
activation,ipip_stems,final_token,28,common_pc1_removed,4,10.692387806556802
activation,ipip_stems,final_token,28,common_pc1_removed,5,1.8758873027438887
activation,ipip_stems,final_token,28,exposure_residualized,0,2.053755148830705e-26
activation,ipip_stems,final_token,28,exposure_residualized,1,9.693069978313439
activation,ipip_stems,final_token,28,exposure_residualized,2,20.98812823234251
activation,ipip_stems,final_token,28,exposure_residualized,3,20.213381355637775
activation,ipip_stems,final_token,28,exposure_residualized,4,9.1816013141239
activation,ipip_stems,final_token,28,exposure_residualized,5,1.8058745990216178
activation,ipip_stems,final_token,28,profile_centered,0,0.0
activation,ipip_stems,final_token,28,profile_centered,1,15.806873496919732
activation,ipip_stems,final_token,28,profile_centered,2,25.57120828726492
activation,ipip_stems,final_token,28,profile_centered,3,23.889816239052102
activation,ipip_stems,final_token,28,profile_centered,4,10.818528621564562
activation,ipip_stems,final_token,28,profile_centered,5,1.966642554842214
activation,ipip_stems,final_token,28,raw,0,267.98501447142445
activation,ipip_stems,final_token,28,raw,1,15.806873496919732
activation,ipip_stems,final_token,28,raw,2,25.57120828726492
activation,ipip_stems,final_token,28,raw,3,23.889816239052102
activation,ipip_stems,final_token,28,raw,4,10.818528621564562
activation,ipip_stems,final_token,28,raw,5,1.966642554842214
activation,ipip_stems,final_token,28,unit_norm,0,0.001183090146653072
activation,ipip_stems,final_token,28,unit_norm,1,0.2013186710441931
activation,ipip_stems,final_token,28,unit_norm,2,0.3226244996137943
activation,ipip_stems,final_token,28,unit_norm,3,0.30732031303929486
activation,ipip_stems,final_token,28,unit_norm,4,0.14123647684087365
activation,ipip_stems,final_token,28,unit_norm,5,0.026316949315190772
activation,ipip_stems,final_token,29,common_pc1_removed,0,2.4192686079331025e-30
activation,ipip_stems,final_token,29,common_pc1_removed,1,16.073432754080073
activation,ipip_stems,final_token,29,common_pc1_removed,2,32.270345709652965
activation,ipip_stems,final_token,29,common_pc1_removed,3,31.20922023151177
activation,ipip_stems,final_token,29,common_pc1_removed,4,15.086656374085536
activation,ipip_stems,final_token,29,common_pc1_removed,5,2.622884460924518
activation,ipip_stems,final_token,29,exposure_residualized,0,2.8353970666272504e-26
activation,ipip_stems,final_token,29,exposure_residualized,1,13.588533335870798
activation,ipip_stems,final_token,29,exposure_residualized,2,29.161811767577586
activation,ipip_stems,final_token,29,exposure_residualized,3,28.118948029647225
activation,ipip_stems,final_token,29,exposure_residualized,4,12.95769128850557
activation,ipip_stems,final_token,29,exposure_residualized,5,2.536406971615678
activation,ipip_stems,final_token,29,profile_centered,0,0.0
activation,ipip_stems,final_token,29,profile_centered,1,22.519205493891143
activation,ipip_stems,final_token,29,profile_centered,2,35.5336770265889
activation,ipip_stems,final_token,29,profile_centered,3,33.12808708440689
activation,ipip_stems,final_token,29,profile_centered,4,15.278740408147419
activation,ipip_stems,final_token,29,profile_centered,5,2.7852383375829683
activation,ipip_stems,final_token,29,raw,0,357.51120703935123
activation,ipip_stems,final_token,29,raw,1,22.519205493891143
activation,ipip_stems,final_token,29,raw,2,35.5336770265889
activation,ipip_stems,final_token,29,raw,3,33.12808708440689
activation,ipip_stems,final_token,29,raw,4,15.278740408147419
activation,ipip_stems,final_token,29,raw,5,2.7852383375829683
activation,ipip_stems,final_token,29,unit_norm,0,0.0011644578574932628
activation,ipip_stems,final_token,29,unit_norm,1,0.20455912793749817
activation,ipip_stems,final_token,29,unit_norm,2,0.32091341599692635
activation,ipip_stems,final_token,29,unit_norm,3,0.3047736427696985
activation,ipip_stems,final_token,29,unit_norm,4,0.1421283236688029
activation,ipip_stems,final_token,29,unit_norm,5,0.02646103176958079
activation,ipip_stems,final_token,30,common_pc1_removed,0,1.055056948361989e-31
activation,ipip_stems,final_token,30,common_pc1_removed,1,24.416409035880633
activation,ipip_stems,final_token,30,common_pc1_removed,2,50.52465071336459
activation,ipip_stems,final_token,30,common_pc1_removed,3,48.90268335133282
activation,ipip_stems,final_token,30,common_pc1_removed,4,23.525226777253167
activation,ipip_stems,final_token,30,common_pc1_removed,5,4.186237284154901
activation,ipip_stems,final_token,30,exposure_residualized,0,4.378783937585428e-26
activation,ipip_stems,final_token,30,exposure_residualized,1,20.8377414063773
activation,ipip_stems,final_token,30,exposure_residualized,2,45.26669830870065
activation,ipip_stems,final_token,30,exposure_residualized,3,43.633482504048104
activation,ipip_stems,final_token,30,exposure_residualized,4,20.45081754103133
activation,ipip_stems,final_token,30,exposure_residualized,5,3.9997774548979423
activation,ipip_stems,final_token,30,profile_centered,0,0.0
activation,ipip_stems,final_token,30,profile_centered,1,36.4634687295868
activation,ipip_stems,final_token,30,profile_centered,2,56.07347557351038
activation,ipip_stems,final_token,30,profile_centered,3,51.594292327837856
activation,ipip_stems,final_token,30,profile_centered,4,23.918449244405302
activation,ipip_stems,final_token,30,profile_centered,5,4.394786788395935
activation,ipip_stems,final_token,30,raw,0,570.0507063497355
activation,ipip_stems,final_token,30,raw,1,36.4634687295868
activation,ipip_stems,final_token,30,raw,2,56.07347557351038
activation,ipip_stems,final_token,30,raw,3,51.594292327837856
activation,ipip_stems,final_token,30,raw,4,23.918449244405302
activation,ipip_stems,final_token,30,raw,5,4.394786788395935
activation,ipip_stems,final_token,30,unit_norm,0,0.0014065129955251037
activation,ipip_stems,final_token,30,unit_norm,1,0.20821767012751377
activation,ipip_stems,final_token,30,unit_norm,2,0.320387007233194
activation,ipip_stems,final_token,30,unit_norm,3,0.3009081595684265
activation,ipip_stems,final_token,30,unit_norm,4,0.14228275122178752
activation,ipip_stems,final_token,30,unit_norm,5,0.026797898853553166
activation,ipip_stems,final_token,31,common_pc1_removed,0,8.545938741903441e-31
activation,ipip_stems,final_token,31,common_pc1_removed,1,52.59673369908952
activation,ipip_stems,final_token,31,common_pc1_removed,2,112.6845475740249
activation,ipip_stems,final_token,31,common_pc1_removed,3,113.80785383345017
activation,ipip_stems,final_token,31,common_pc1_removed,4,51.11959200566827
activation,ipip_stems,final_token,31,common_pc1_removed,5,11.174542530002565
activation,ipip_stems,final_token,31,exposure_residualized,0,1.0829465749777303e-25
activation,ipip_stems,final_token,31,exposure_residualized,1,45.51146692005127
activation,ipip_stems,final_token,31,exposure_residualized,2,106.98153939339508
activation,ipip_stems,final_token,31,exposure_residualized,3,103.86448202463913
activation,ipip_stems,final_token,31,exposure_residualized,4,48.25411445194952
activation,ipip_stems,final_token,31,exposure_residualized,5,10.6007993628053
activation,ipip_stems,final_token,31,profile_centered,0,0.0
activation,ipip_stems,final_token,31,profile_centered,1,120.6331378833952
activation,ipip_stems,final_token,31,profile_centered,2,149.57759260535354
activation,ipip_stems,final_token,31,profile_centered,3,123.78787262391316
activation,ipip_stems,final_token,31,profile_centered,4,54.80842833499409
activation,ipip_stems,final_token,31,profile_centered,5,11.655476542048927
activation,ipip_stems,final_token,31,raw,0,1769.3870443741544
activation,ipip_stems,final_token,31,raw,1,120.6331378833952
activation,ipip_stems,final_token,31,raw,2,149.57759260535354
activation,ipip_stems,final_token,31,raw,3,123.78787262391316
activation,ipip_stems,final_token,31,raw,4,54.80842833499409
activation,ipip_stems,final_token,31,raw,5,11.655476542048927
activation,ipip_stems,final_token,31,unit_norm,0,0.0068660025785658284
activation,ipip_stems,final_token,31,unit_norm,1,0.23709192973719545
activation,ipip_stems,final_token,31,unit_norm,2,0.3092055882116989
activation,ipip_stems,final_token,31,unit_norm,3,0.28435681400512286
activation,ipip_stems,final_token,31,unit_norm,4,0.13437936123264668
activation,ipip_stems,final_token,31,unit_norm,5,0.028100304234769932
activation,ipip_stems,mean_tokens,0,common_pc1_removed,0,6.589438717934967e-35
activation,ipip_stems,mean_tokens,0,common_pc1_removed,1,0.0009618556210939744
activation,ipip_stems,mean_tokens,0,common_pc1_removed,2,0.0018296559090198057
activation,ipip_stems,mean_tokens,0,common_pc1_removed,3,0.0018309122375261943
activation,ipip_stems,mean_tokens,0,common_pc1_removed,4,0.0009182416111680532
activation,ipip_stems,mean_tokens,0,common_pc1_removed,5,0.00017338859850510302
activation,ipip_stems,mean_tokens,0,exposure_residualized,0,1.9336155866646873e-30
activation,ipip_stems,mean_tokens,0,exposure_residualized,1,0.000771549612679977
activation,ipip_stems,mean_tokens,0,exposure_residualized,2,0.0017122882383437694
activation,ipip_stems,mean_tokens,0,exposure_residualized,3,0.0019971459780902005
activation,ipip_stems,mean_tokens,0,exposure_residualized,4,0.0008624449929183421
activation,ipip_stems,mean_tokens,0,exposure_residualized,5,0.00017629799324132367
activation,ipip_stems,mean_tokens,0,profile_centered,0,0.0
activation,ipip_stems,mean_tokens,0,profile_centered,1,0.0013148327563888178
activation,ipip_stems,mean_tokens,0,profile_centered,2,0.0022398405886111827
activation,ipip_stems,mean_tokens,0,profile_centered,3,0.002340152753298611
activation,ipip_stems,mean_tokens,0,profile_centered,4,0.001007054464589429
activation,ipip_stems,mean_tokens,0,profile_centered,5,0.0001741473663277896
activation,ipip_stems,mean_tokens,0,raw,0,0.009363348910204298
activation,ipip_stems,mean_tokens,0,raw,1,0.0013148327563888178
activation,ipip_stems,mean_tokens,0,raw,2,0.0022398405886111827
activation,ipip_stems,mean_tokens,0,raw,3,0.002340152753298611
activation,ipip_stems,mean_tokens,0,raw,4,0.001007054464589429
activation,ipip_stems,mean_tokens,0,raw,5,0.0001741473663277896
activation,ipip_stems,mean_tokens,0,unit_norm,0,0.000548562667659806
activation,ipip_stems,mean_tokens,0,unit_norm,1,0.1777902403101917
activation,ipip_stems,mean_tokens,0,unit_norm,2,0.31542637587313793
activation,ipip_stems,mean_tokens,0,unit_norm,3,0.333955792684492
activation,ipip_stems,mean_tokens,0,unit_norm,4,0.14604399889169314
activation,ipip_stems,mean_tokens,0,unit_norm,5,0.02623502957282559
activation,ipip_stems,mean_tokens,1,common_pc1_removed,0,1.9178849569483488e-33
activation,ipip_stems,mean_tokens,1,common_pc1_removed,1,0.06547757696663262
activation,ipip_stems,mean_tokens,1,common_pc1_removed,2,0.0865297888833863
activation,ipip_stems,mean_tokens,1,common_pc1_removed,3,0.07810621191555867
activation,ipip_stems,mean_tokens,1,common_pc1_removed,4,0.04390147923841004
activation,ipip_stems,mean_tokens,1,common_pc1_removed,5,0.0072100042198306345
activation,ipip_stems,mean_tokens,1,exposure_residualized,0,3.6689461505088747e-28
activation,ipip_stems,mean_tokens,1,exposure_residualized,1,0.061286185423692775
activation,ipip_stems,mean_tokens,1,exposure_residualized,2,0.22394303025308723
activation,ipip_stems,mean_tokens,1,exposure_residualized,3,0.1414223637123411
activation,ipip_stems,mean_tokens,1,exposure_residualized,4,0.11277208798173147
activation,ipip_stems,mean_tokens,1,exposure_residualized,5,0.010508092771264493
activation,ipip_stems,mean_tokens,1,profile_centered,0,0.0
activation,ipip_stems,mean_tokens,1,profile_centered,1,0.20011134310769335
activation,ipip_stems,mean_tokens,1,profile_centered,2,0.2561281423577531
activation,ipip_stems,mean_tokens,1,profile_centered,3,0.2945819787010727
activation,ipip_stems,mean_tokens,1,profile_centered,4,0.19379181326458395
activation,ipip_stems,mean_tokens,1,profile_centered,5,0.008975775228110992
activation,ipip_stems,mean_tokens,1,raw,0,6.75028506726899
activation,ipip_stems,mean_tokens,1,raw,1,0.20011134310769335
activation,ipip_stems,mean_tokens,1,raw,2,0.2561281423577531
activation,ipip_stems,mean_tokens,1,raw,3,0.2945819787010727
activation,ipip_stems,mean_tokens,1,raw,4,0.19379181326458395
activation,ipip_stems,mean_tokens,1,raw,5,0.008975775228110992
activation,ipip_stems,mean_tokens,1,unit_norm,0,0.027313798084046464
activation,ipip_stems,mean_tokens,1,unit_norm,1,0.1878144422825387
activation,ipip_stems,mean_tokens,1,unit_norm,2,0.2852432781586538
activation,ipip_stems,mean_tokens,1,unit_norm,3,0.28838563066027706
activation,ipip_stems,mean_tokens,1,unit_norm,4,0.19364986306198334
activation,ipip_stems,mean_tokens,1,unit_norm,5,0.017592987752500695
activation,ipip_stems,mean_tokens,2,common_pc1_removed,0,1.7996071132028494e-33
activation,ipip_stems,mean_tokens,2,common_pc1_removed,1,0.07055724745106401
activation,ipip_stems,mean_tokens,2,common_pc1_removed,2,0.095245520504554
activation,ipip_stems,mean_tokens,2,common_pc1_removed,3,0.08685272615973551
activation,ipip_stems,mean_tokens,2,common_pc1_removed,4,0.04772376170839309
activation,ipip_stems,mean_tokens,2,common_pc1_removed,5,0.007882023504192117
activation,ipip_stems,mean_tokens,2,exposure_residualized,0,3.7113008776480393e-28
activation,ipip_stems,mean_tokens,2,exposure_residualized,1,0.06511955200224505
activation,ipip_stems,mean_tokens,2,exposure_residualized,2,0.23109872660158637
activation,ipip_stems,mean_tokens,2,exposure_residualized,3,0.14917821921584135
activation,ipip_stems,mean_tokens,2,exposure_residualized,4,0.11611106644287579
activation,ipip_stems,mean_tokens,2,exposure_residualized,5,0.011116975916816305
activation,ipip_stems,mean_tokens,2,profile_centered,0,0.0
activation,ipip_stems,mean_tokens,2,profile_centered,1,0.2059681657756311
activation,ipip_stems,mean_tokens,2,profile_centered,2,0.265426859630338
activation,ipip_stems,mean_tokens,2,profile_centered,3,0.303986090743169
activation,ipip_stems,mean_tokens,2,profile_centered,4,0.19794065563836916
activation,ipip_stems,mean_tokens,2,profile_centered,5,0.009632008380898885
activation,ipip_stems,mean_tokens,2,raw,0,6.844519747522822
activation,ipip_stems,mean_tokens,2,raw,1,0.2059681657756311
activation,ipip_stems,mean_tokens,2,raw,2,0.265426859630338
activation,ipip_stems,mean_tokens,2,raw,3,0.303986090743169
activation,ipip_stems,mean_tokens,2,raw,4,0.19794065563836916
activation,ipip_stems,mean_tokens,2,raw,5,0.009632008380898885
activation,ipip_stems,mean_tokens,2,unit_norm,0,0.025395309589525267
activation,ipip_stems,mean_tokens,2,unit_norm,1,0.18873000197423762
activation,ipip_stems,mean_tokens,2,unit_norm,2,0.28698952090865915
activation,ipip_stems,mean_tokens,2,unit_norm,3,0.289948319797497
activation,ipip_stems,mean_tokens,2,unit_norm,4,0.1910572073801826
activation,ipip_stems,mean_tokens,2,unit_norm,5,0.017879640349898352
activation,ipip_stems,mean_tokens,3,common_pc1_removed,0,7.137604485723097e-33
activation,ipip_stems,mean_tokens,3,common_pc1_removed,1,0.08183181558804878
activation,ipip_stems,mean_tokens,3,common_pc1_removed,2,0.11231663180153788
activation,ipip_stems,mean_tokens,3,common_pc1_removed,3,0.10128993137914012
activation,ipip_stems,mean_tokens,3,common_pc1_removed,4,0.05526691887219006
activation,ipip_stems,mean_tokens,3,common_pc1_removed,5,0.00909409626644567
activation,ipip_stems,mean_tokens,3,exposure_residualized,0,3.91427484245614e-28
activation,ipip_stems,mean_tokens,3,exposure_residualized,1,0.07188352152609943
activation,ipip_stems,mean_tokens,3,exposure_residualized,2,0.2439453701421874
activation,ipip_stems,mean_tokens,3,exposure_residualized,3,0.16238033722940967
activation,ipip_stems,mean_tokens,3,exposure_residualized,4,0.12209781751524859
activation,ipip_stems,mean_tokens,3,exposure_residualized,5,0.012359564313023605
activation,ipip_stems,mean_tokens,3,profile_centered,0,0.0
activation,ipip_stems,mean_tokens,3,profile_centered,1,0.22014035037603644
activation,ipip_stems,mean_tokens,3,profile_centered,2,0.2847967245514921
activation,ipip_stems,mean_tokens,3,profile_centered,3,0.3198171211984518
activation,ipip_stems,mean_tokens,3,profile_centered,4,0.2055348851008671
activation,ipip_stems,mean_tokens,3,profile_centered,5,0.010882553177386033
activation,ipip_stems,mean_tokens,3,raw,0,7.115022877491882
activation,ipip_stems,mean_tokens,3,raw,1,0.22014035037603644
activation,ipip_stems,mean_tokens,3,raw,2,0.2847967245514921
activation,ipip_stems,mean_tokens,3,raw,3,0.3198171211984518
activation,ipip_stems,mean_tokens,3,raw,4,0.2055348851008671
activation,ipip_stems,mean_tokens,3,raw,5,0.010882553177386033
activation,ipip_stems,mean_tokens,3,unit_norm,0,0.023342011957466685
activation,ipip_stems,mean_tokens,3,unit_norm,1,0.19152058149766177
activation,ipip_stems,mean_tokens,3,unit_norm,2,0.28970567616612874
activation,ipip_stems,mean_tokens,3,unit_norm,3,0.2889821760397358
activation,ipip_stems,mean_tokens,3,unit_norm,4,0.18785474182216244
activation,ipip_stems,mean_tokens,3,unit_norm,5,0.01859481251684449
activation,ipip_stems,mean_tokens,4,common_pc1_removed,0,1.6255737806640013e-33
activation,ipip_stems,mean_tokens,4,common_pc1_removed,1,0.09510111848090812
activation,ipip_stems,mean_tokens,4,common_pc1_removed,2,0.13688560110164152
activation,ipip_stems,mean_tokens,4,common_pc1_removed,3,0.12338600480315867
activation,ipip_stems,mean_tokens,4,common_pc1_removed,4,0.06609164958555491
activation,ipip_stems,mean_tokens,4,common_pc1_removed,5,0.010845119371244999
activation,ipip_stems,mean_tokens,4,exposure_residualized,0,4.118772349328274e-28
activation,ipip_stems,mean_tokens,4,exposure_residualized,1,0.08042894944566631
activation,ipip_stems,mean_tokens,4,exposure_residualized,2,0.264283457399917
activation,ipip_stems,mean_tokens,4,exposure_residualized,3,0.1808228855404207
activation,ipip_stems,mean_tokens,4,exposure_residualized,4,0.13154771184965536
activation,ipip_stems,mean_tokens,4,exposure_residualized,5,0.014023771042088653
activation,ipip_stems,mean_tokens,4,profile_centered,0,0.0
activation,ipip_stems,mean_tokens,4,profile_centered,1,0.23702922044895902
activation,ipip_stems,mean_tokens,4,profile_centered,2,0.3133525945564272
activation,ipip_stems,mean_tokens,4,profile_centered,3,0.3437505929243574
activation,ipip_stems,mean_tokens,4,profile_centered,4,0.217012629875298
activation,ipip_stems,mean_tokens,4,profile_centered,5,0.012586965470611892
activation,ipip_stems,mean_tokens,4,raw,0,7.447639761248467
activation,ipip_stems,mean_tokens,4,raw,1,0.23702922044895902
activation,ipip_stems,mean_tokens,4,raw,2,0.3133525945564272
activation,ipip_stems,mean_tokens,4,raw,3,0.3437505929243574
activation,ipip_stems,mean_tokens,4,raw,4,0.217012629875298
activation,ipip_stems,mean_tokens,4,raw,5,0.012586965470611892
activation,ipip_stems,mean_tokens,4,unit_norm,0,0.021076744283739453
activation,ipip_stems,mean_tokens,4,unit_norm,1,0.19078328388741456
activation,ipip_stems,mean_tokens,4,unit_norm,2,0.2964988975667625
activation,ipip_stems,mean_tokens,4,unit_norm,3,0.2884089346380908
activation,ipip_stems,mean_tokens,4,unit_norm,4,0.18414563377683496
activation,ipip_stems,mean_tokens,4,unit_norm,5,0.019086505847157608
activation,ipip_stems,mean_tokens,5,common_pc1_removed,0,2.5356531874426255e-34
activation,ipip_stems,mean_tokens,5,common_pc1_removed,1,0.10882118318908093
activation,ipip_stems,mean_tokens,5,common_pc1_removed,2,0.15950398495569798
activation,ipip_stems,mean_tokens,5,common_pc1_removed,3,0.14424304406275515
activation,ipip_stems,mean_tokens,5,common_pc1_removed,4,0.0772118168354591
activation,ipip_stems,mean_tokens,5,common_pc1_removed,5,0.012923558181649492
activation,ipip_stems,mean_tokens,5,exposure_residualized,0,4.365019644982968e-28
activation,ipip_stems,mean_tokens,5,exposure_residualized,1,0.08829962331209582
activation,ipip_stems,mean_tokens,5,exposure_residualized,2,0.2804286861437568
activation,ipip_stems,mean_tokens,5,exposure_residualized,3,0.19845401047301742
activation,ipip_stems,mean_tokens,5,exposure_residualized,4,0.14026096755425665
activation,ipip_stems,mean_tokens,5,exposure_residualized,5,0.01607051084513499
activation,ipip_stems,mean_tokens,5,profile_centered,0,0.0
activation,ipip_stems,mean_tokens,5,profile_centered,1,0.2545463252413607
activation,ipip_stems,mean_tokens,5,profile_centered,2,0.336163348471907
activation,ipip_stems,mean_tokens,5,profile_centered,3,0.3663381307106522
activation,ipip_stems,mean_tokens,5,profile_centered,4,0.228723454421578
activation,ipip_stems,mean_tokens,5,profile_centered,5,0.01463378722312808
activation,ipip_stems,mean_tokens,5,raw,0,7.809891279110106
activation,ipip_stems,mean_tokens,5,raw,1,0.2545463252413607
activation,ipip_stems,mean_tokens,5,raw,2,0.336163348471907
activation,ipip_stems,mean_tokens,5,raw,3,0.3663381307106522
activation,ipip_stems,mean_tokens,5,raw,4,0.228723454421578
activation,ipip_stems,mean_tokens,5,raw,5,0.01463378722312808
activation,ipip_stems,mean_tokens,5,unit_norm,0,0.019063769652233248
activation,ipip_stems,mean_tokens,5,unit_norm,1,0.1913580262047524
activation,ipip_stems,mean_tokens,5,unit_norm,2,0.29590517886330936
activation,ipip_stems,mean_tokens,5,unit_norm,3,0.29031403205202266
activation,ipip_stems,mean_tokens,5,unit_norm,4,0.1833788279771301
activation,ipip_stems,mean_tokens,5,unit_norm,5,0.019980165250552344
activation,ipip_stems,mean_tokens,6,common_pc1_removed,0,4.3079686582101314e-34
activation,ipip_stems,mean_tokens,6,common_pc1_removed,1,0.12465506607879545
activation,ipip_stems,mean_tokens,6,common_pc1_removed,2,0.19068942305839715
activation,ipip_stems,mean_tokens,6,common_pc1_removed,3,0.17126251798494724
activation,ipip_stems,mean_tokens,6,common_pc1_removed,4,0.0907093978952987
activation,ipip_stems,mean_tokens,6,common_pc1_removed,5,0.015206742477890237
activation,ipip_stems,mean_tokens,6,exposure_residualized,0,4.8656775555271935e-28
activation,ipip_stems,mean_tokens,6,exposure_residualized,1,0.09920551312009246
activation,ipip_stems,mean_tokens,6,exposure_residualized,2,0.3035283712477992
activation,ipip_stems,mean_tokens,6,exposure_residualized,3,0.22076292057182378
activation,ipip_stems,mean_tokens,6,exposure_residualized,4,0.1515970432001634
activation,ipip_stems,mean_tokens,6,exposure_residualized,5,0.01823006285482642
activation,ipip_stems,mean_tokens,6,profile_centered,0,0.0
activation,ipip_stems,mean_tokens,6,profile_centered,1,0.2752182374977604
activation,ipip_stems,mean_tokens,6,profile_centered,2,0.37126538754414784
activation,ipip_stems,mean_tokens,6,profile_centered,3,0.4000784145823703
activation,ipip_stems,mean_tokens,6,profile_centered,4,0.24336079000242244
activation,ipip_stems,mean_tokens,6,profile_centered,5,0.016884009585005764
activation,ipip_stems,mean_tokens,6,raw,0,8.392190759863366
activation,ipip_stems,mean_tokens,6,raw,1,0.2752182374977604
activation,ipip_stems,mean_tokens,6,raw,2,0.37126538754414784
activation,ipip_stems,mean_tokens,6,raw,3,0.4000784145823703
activation,ipip_stems,mean_tokens,6,raw,4,0.24336079000242244
activation,ipip_stems,mean_tokens,6,raw,5,0.016884009585005764
activation,ipip_stems,mean_tokens,6,unit_norm,0,0.017248777823001958
activation,ipip_stems,mean_tokens,6,unit_norm,1,0.1902392794828256
activation,ipip_stems,mean_tokens,6,unit_norm,2,0.29909786579348746
activation,ipip_stems,mean_tokens,6,unit_norm,3,0.2916557030429462
activation,ipip_stems,mean_tokens,6,unit_norm,4,0.18162865901318215
activation,ipip_stems,mean_tokens,6,unit_norm,5,0.020129714844556248
activation,ipip_stems,mean_tokens,7,common_pc1_removed,0,4.1291405251366786e-34
activation,ipip_stems,mean_tokens,7,common_pc1_removed,1,0.1505229297013149
activation,ipip_stems,mean_tokens,7,common_pc1_removed,2,0.2394442096587177
activation,ipip_stems,mean_tokens,7,common_pc1_removed,3,0.2096645644065912
activation,ipip_stems,mean_tokens,7,common_pc1_removed,4,0.1113800284099154
activation,ipip_stems,mean_tokens,7,common_pc1_removed,5,0.01798070395371731
activation,ipip_stems,mean_tokens,7,exposure_residualized,0,5.682810582327286e-28
activation,ipip_stems,mean_tokens,7,exposure_residualized,1,0.11558883932424603
activation,ipip_stems,mean_tokens,7,exposure_residualized,2,0.33612244833955346
activation,ipip_stems,mean_tokens,7,exposure_residualized,3,0.25219957680717675
activation,ipip_stems,mean_tokens,7,exposure_residualized,4,0.16747817854902503
activation,ipip_stems,mean_tokens,7,exposure_residualized,5,0.020910891794536146
activation,ipip_stems,mean_tokens,7,profile_centered,0,0.0
activation,ipip_stems,mean_tokens,7,profile_centered,1,0.31192974671883844
activation,ipip_stems,mean_tokens,7,profile_centered,2,0.4277067412013178
activation,ipip_stems,mean_tokens,7,profile_centered,3,0.44570362553372894
activation,ipip_stems,mean_tokens,7,profile_centered,4,0.266405302189768
activation,ipip_stems,mean_tokens,7,profile_centered,5,0.019670931486322464
activation,ipip_stems,mean_tokens,7,raw,0,9.44696410763426
activation,ipip_stems,mean_tokens,7,raw,1,0.31192974671883844
activation,ipip_stems,mean_tokens,7,raw,2,0.4277067412013178
activation,ipip_stems,mean_tokens,7,raw,3,0.44570362553372894
activation,ipip_stems,mean_tokens,7,raw,4,0.266405302189768
activation,ipip_stems,mean_tokens,7,raw,5,0.019670931486322464
activation,ipip_stems,mean_tokens,7,unit_norm,0,0.0162777391347845
activation,ipip_stems,mean_tokens,7,unit_norm,1,0.19131957698351723
activation,ipip_stems,mean_tokens,7,unit_norm,2,0.3036253304176556
activation,ipip_stems,mean_tokens,7,unit_norm,3,0.29156891273582075
activation,ipip_stems,mean_tokens,7,unit_norm,4,0.17686713852211688
activation,ipip_stems,mean_tokens,7,unit_norm,5,0.020341302206104805
activation,ipip_stems,mean_tokens,8,common_pc1_removed,0,5.264657875546498e-34
activation,ipip_stems,mean_tokens,8,common_pc1_removed,1,0.1810673617557996
activation,ipip_stems,mean_tokens,8,common_pc1_removed,2,0.2876248792997724
activation,ipip_stems,mean_tokens,8,common_pc1_removed,3,0.2527404840653345
activation,ipip_stems,mean_tokens,8,common_pc1_removed,4,0.13556565168701648
activation,ipip_stems,mean_tokens,8,common_pc1_removed,5,0.022080738806451835
activation,ipip_stems,mean_tokens,8,exposure_residualized,0,6.485069297229062e-28
activation,ipip_stems,mean_tokens,8,exposure_residualized,1,0.13428188192491636
activation,ipip_stems,mean_tokens,8,exposure_residualized,2,0.3690870140085333
activation,ipip_stems,mean_tokens,8,exposure_residualized,3,0.29031530942620865
activation,ipip_stems,mean_tokens,8,exposure_residualized,4,0.18500807094237337
activation,ipip_stems,mean_tokens,8,exposure_residualized,5,0.02475561475678722
activation,ipip_stems,mean_tokens,8,profile_centered,0,0.0
activation,ipip_stems,mean_tokens,8,profile_centered,1,0.3515145526780145
activation,ipip_stems,mean_tokens,8,profile_centered,2,0.48267284828733403
activation,ipip_stems,mean_tokens,8,profile_centered,3,0.4981544636359852
activation,ipip_stems,mean_tokens,8,profile_centered,4,0.28853243207364626
activation,ipip_stems,mean_tokens,8,profile_centered,5,0.023730093186428283
activation,ipip_stems,mean_tokens,8,raw,0,10.627203326515883
activation,ipip_stems,mean_tokens,8,raw,1,0.3515145526780145
activation,ipip_stems,mean_tokens,8,raw,2,0.48267284828733403
activation,ipip_stems,mean_tokens,8,raw,3,0.4981544636359852
activation,ipip_stems,mean_tokens,8,raw,4,0.28853243207364626
activation,ipip_stems,mean_tokens,8,raw,5,0.023730093186428283
activation,ipip_stems,mean_tokens,8,unit_norm,0,0.014581471914114606
activation,ipip_stems,mean_tokens,8,unit_norm,1,0.19607236070976042
activation,ipip_stems,mean_tokens,8,unit_norm,2,0.3012520543868197
activation,ipip_stems,mean_tokens,8,unit_norm,3,0.2927207432621808
activation,ipip_stems,mean_tokens,8,unit_norm,4,0.17412315695872704
activation,ipip_stems,mean_tokens,8,unit_norm,5,0.021250212768397097
activation,ipip_stems,mean_tokens,9,common_pc1_removed,0,7.618544399637126e-34
activation,ipip_stems,mean_tokens,9,common_pc1_removed,1,0.20695453151962073
activation,ipip_stems,mean_tokens,9,common_pc1_removed,2,0.32458858980285193
activation,ipip_stems,mean_tokens,9,common_pc1_removed,3,0.28552045985295116
activation,ipip_stems,mean_tokens,9,common_pc1_removed,4,0.15234176295247853
activation,ipip_stems,mean_tokens,9,common_pc1_removed,5,0.02619337021151114
activation,ipip_stems,mean_tokens,9,exposure_residualized,0,7.4180804054226975e-28
activation,ipip_stems,mean_tokens,9,exposure_residualized,1,0.15136009509861706
activation,ipip_stems,mean_tokens,9,exposure_residualized,2,0.3939022151403876
activation,ipip_stems,mean_tokens,9,exposure_residualized,3,0.3185529868956337
activation,ipip_stems,mean_tokens,9,exposure_residualized,4,0.20010615136379165
activation,ipip_stems,mean_tokens,9,exposure_residualized,5,0.029432127646831147
activation,ipip_stems,mean_tokens,9,profile_centered,0,0.0
activation,ipip_stems,mean_tokens,9,profile_centered,1,0.3770006189646473
activation,ipip_stems,mean_tokens,9,profile_centered,2,0.5205109153376337
activation,ipip_stems,mean_tokens,9,profile_centered,3,0.5380087413361019
activation,ipip_stems,mean_tokens,9,profile_centered,4,0.3104054077119339
activation,ipip_stems,mean_tokens,9,profile_centered,5,0.027819250314345557
activation,ipip_stems,mean_tokens,9,raw,0,11.142954498710104
activation,ipip_stems,mean_tokens,9,raw,1,0.3770006189646473
activation,ipip_stems,mean_tokens,9,raw,2,0.5205109153376337
activation,ipip_stems,mean_tokens,9,raw,3,0.5380087413361019
activation,ipip_stems,mean_tokens,9,raw,4,0.3104054077119339
activation,ipip_stems,mean_tokens,9,raw,5,0.027819250314345557
activation,ipip_stems,mean_tokens,9,unit_norm,0,0.013215227278916383
activation,ipip_stems,mean_tokens,9,unit_norm,1,0.19827008793619455
activation,ipip_stems,mean_tokens,9,unit_norm,2,0.2996643643925281
activation,ipip_stems,mean_tokens,9,unit_norm,3,0.29114420312054573
activation,ipip_stems,mean_tokens,9,unit_norm,4,0.17530074502045795
activation,ipip_stems,mean_tokens,9,unit_norm,5,0.02240537225135722
activation,ipip_stems,mean_tokens,10,common_pc1_removed,0,3.7404311505023654e-33
activation,ipip_stems,mean_tokens,10,common_pc1_removed,1,0.2242392563316489
activation,ipip_stems,mean_tokens,10,common_pc1_removed,2,0.34837149226457764
activation,ipip_stems,mean_tokens,10,common_pc1_removed,3,0.3086290762623075
activation,ipip_stems,mean_tokens,10,common_pc1_removed,4,0.16004315124627128
activation,ipip_stems,mean_tokens,10,common_pc1_removed,5,0.027840176313007503
activation,ipip_stems,mean_tokens,10,exposure_residualized,0,7.531817505411572e-28
activation,ipip_stems,mean_tokens,10,exposure_residualized,1,0.1634785377810579
activation,ipip_stems,mean_tokens,10,exposure_residualized,2,0.41022562124875156
activation,ipip_stems,mean_tokens,10,exposure_residualized,3,0.33769743262500135
activation,ipip_stems,mean_tokens,10,exposure_residualized,4,0.2064141451438038
activation,ipip_stems,mean_tokens,10,exposure_residualized,5,0.030722628407544646
activation,ipip_stems,mean_tokens,10,profile_centered,0,0.0
activation,ipip_stems,mean_tokens,10,profile_centered,1,0.3973209030893234
activation,ipip_stems,mean_tokens,10,profile_centered,2,0.5458735482187054
activation,ipip_stems,mean_tokens,10,profile_centered,3,0.5610603563044073
activation,ipip_stems,mean_tokens,10,profile_centered,4,0.317031835104447
activation,ipip_stems,mean_tokens,10,profile_centered,5,0.029292666672803773
activation,ipip_stems,mean_tokens,10,raw,0,11.589465679196621
activation,ipip_stems,mean_tokens,10,raw,1,0.3973209030893234
activation,ipip_stems,mean_tokens,10,raw,2,0.5458735482187054
activation,ipip_stems,mean_tokens,10,raw,3,0.5610603563044073
activation,ipip_stems,mean_tokens,10,raw,4,0.317031835104447
activation,ipip_stems,mean_tokens,10,raw,5,0.029292666672803773
activation,ipip_stems,mean_tokens,10,unit_norm,0,0.012456614163430996
activation,ipip_stems,mean_tokens,10,unit_norm,1,0.20269775036521864
activation,ipip_stems,mean_tokens,10,unit_norm,2,0.29927190403828446
activation,ipip_stems,mean_tokens,10,unit_norm,3,0.29244268920394173
activation,ipip_stems,mean_tokens,10,unit_norm,4,0.17093658224281078
activation,ipip_stems,mean_tokens,10,unit_norm,5,0.022194459986313392
activation,ipip_stems,mean_tokens,11,common_pc1_removed,0,5.657995149342082e-34
activation,ipip_stems,mean_tokens,11,common_pc1_removed,1,0.2435137932126922
activation,ipip_stems,mean_tokens,11,common_pc1_removed,2,0.3847710895589016
activation,ipip_stems,mean_tokens,11,common_pc1_removed,3,0.33564952048892815
activation,ipip_stems,mean_tokens,11,common_pc1_removed,4,0.1721022835560576
activation,ipip_stems,mean_tokens,11,common_pc1_removed,5,0.029842163653394108
activation,ipip_stems,mean_tokens,11,exposure_residualized,0,8.132656704083199e-28
activation,ipip_stems,mean_tokens,11,exposure_residualized,1,0.17213241449243874
activation,ipip_stems,mean_tokens,11,exposure_residualized,2,0.4385231234971186
activation,ipip_stems,mean_tokens,11,exposure_residualized,3,0.35806640957451064
activation,ipip_stems,mean_tokens,11,exposure_residualized,4,0.21747819865598775
activation,ipip_stems,mean_tokens,11,exposure_residualized,5,0.03224945054336809
activation,ipip_stems,mean_tokens,11,profile_centered,0,0.0
activation,ipip_stems,mean_tokens,11,profile_centered,1,0.41331693304651684
activation,ipip_stems,mean_tokens,11,profile_centered,2,0.5800904223046603
activation,ipip_stems,mean_tokens,11,profile_centered,3,0.5934850158000025
activation,ipip_stems,mean_tokens,11,profile_centered,4,0.33312143905141633
activation,ipip_stems,mean_tokens,11,profile_centered,5,0.03143561812590566
activation,ipip_stems,mean_tokens,11,raw,0,12.001538171262904
activation,ipip_stems,mean_tokens,11,raw,1,0.41331693304651684
activation,ipip_stems,mean_tokens,11,raw,2,0.5800904223046603
activation,ipip_stems,mean_tokens,11,raw,3,0.5934850158000025
activation,ipip_stems,mean_tokens,11,raw,4,0.33312143905141633
activation,ipip_stems,mean_tokens,11,raw,5,0.03143561812590566
activation,ipip_stems,mean_tokens,11,unit_norm,0,0.011763930610756243
activation,ipip_stems,mean_tokens,11,unit_norm,1,0.20233001371758594
activation,ipip_stems,mean_tokens,11,unit_norm,2,0.3027162295477227
activation,ipip_stems,mean_tokens,11,unit_norm,3,0.29184272163505864
activation,ipip_stems,mean_tokens,11,unit_norm,4,0.1689306476796265
activation,ipip_stems,mean_tokens,11,unit_norm,5,0.022416456809249745
activation,ipip_stems,mean_tokens,12,common_pc1_removed,0,9.525105592255992e-33
activation,ipip_stems,mean_tokens,12,common_pc1_removed,1,0.2554462908211726
activation,ipip_stems,mean_tokens,12,common_pc1_removed,2,0.4169958400613436
activation,ipip_stems,mean_tokens,12,common_pc1_removed,3,0.3589985971394882
activation,ipip_stems,mean_tokens,12,common_pc1_removed,4,0.18483185978430236
activation,ipip_stems,mean_tokens,12,common_pc1_removed,5,0.03187482195194622
activation,ipip_stems,mean_tokens,12,exposure_residualized,0,8.300379790886682e-28
activation,ipip_stems,mean_tokens,12,exposure_residualized,1,0.17837551260939966
activation,ipip_stems,mean_tokens,12,exposure_residualized,2,0.45776023411614897
activation,ipip_stems,mean_tokens,12,exposure_residualized,3,0.37870064454825775
activation,ipip_stems,mean_tokens,12,exposure_residualized,4,0.2249186352605634
activation,ipip_stems,mean_tokens,12,exposure_residualized,5,0.03312449423425793
activation,ipip_stems,mean_tokens,12,profile_centered,0,0.0
activation,ipip_stems,mean_tokens,12,profile_centered,1,0.43322078236257777
activation,ipip_stems,mean_tokens,12,profile_centered,2,0.6130679673897218
activation,ipip_stems,mean_tokens,12,profile_centered,3,0.6192998009008073
activation,ipip_stems,mean_tokens,12,profile_centered,4,0.3423667701583875
activation,ipip_stems,mean_tokens,12,profile_centered,5,0.03312924393662299
activation,ipip_stems,mean_tokens,12,raw,0,13.227719155484646
activation,ipip_stems,mean_tokens,12,raw,1,0.43322078236257777
activation,ipip_stems,mean_tokens,12,raw,2,0.6130679673897218
activation,ipip_stems,mean_tokens,12,raw,3,0.6192998009008073
activation,ipip_stems,mean_tokens,12,raw,4,0.3423667701583875
activation,ipip_stems,mean_tokens,12,raw,5,0.03312924393662299
activation,ipip_stems,mean_tokens,12,unit_norm,0,0.011570321528409182
activation,ipip_stems,mean_tokens,12,unit_norm,1,0.20034574080746798
activation,ipip_stems,mean_tokens,12,unit_norm,2,0.3047619407494485
activation,ipip_stems,mean_tokens,12,unit_norm,3,0.2934534494992529
activation,ipip_stems,mean_tokens,12,unit_norm,4,0.16759163970802193
activation,ipip_stems,mean_tokens,12,unit_norm,5,0.022276907707399568
activation,ipip_stems,mean_tokens,13,common_pc1_removed,0,2.2867007957814802e-33
activation,ipip_stems,mean_tokens,13,common_pc1_removed,1,0.2793848887675448
activation,ipip_stems,mean_tokens,13,common_pc1_removed,2,0.45021927099631864
activation,ipip_stems,mean_tokens,13,common_pc1_removed,3,0.39269040950656087
activation,ipip_stems,mean_tokens,13,common_pc1_removed,4,0.19784236303915104
activation,ipip_stems,mean_tokens,13,common_pc1_removed,5,0.03437771994459768
activation,ipip_stems,mean_tokens,13,exposure_residualized,0,8.26696906923288e-28
activation,ipip_stems,mean_tokens,13,exposure_residualized,1,0.19527553239157822
activation,ipip_stems,mean_tokens,13,exposure_residualized,2,0.4858386925999997
activation,ipip_stems,mean_tokens,13,exposure_residualized,3,0.41078767733183036
activation,ipip_stems,mean_tokens,13,exposure_residualized,4,0.23664679746581752
activation,ipip_stems,mean_tokens,13,exposure_residualized,5,0.035380260871603016
activation,ipip_stems,mean_tokens,13,profile_centered,0,0.0
activation,ipip_stems,mean_tokens,13,profile_centered,1,0.45553663596751726
activation,ipip_stems,mean_tokens,13,profile_centered,2,0.6436590602118202
activation,ipip_stems,mean_tokens,13,profile_centered,3,0.655171583327633
activation,ipip_stems,mean_tokens,13,profile_centered,4,0.35585492575716926
activation,ipip_stems,mean_tokens,13,profile_centered,5,0.035710444238844195
activation,ipip_stems,mean_tokens,13,raw,0,13.733973610637511
activation,ipip_stems,mean_tokens,13,raw,1,0.45553663596751726
activation,ipip_stems,mean_tokens,13,raw,2,0.6436590602118202
activation,ipip_stems,mean_tokens,13,raw,3,0.655171583327633
activation,ipip_stems,mean_tokens,13,raw,4,0.35585492575716926
activation,ipip_stems,mean_tokens,13,raw,5,0.035710444238844195
activation,ipip_stems,mean_tokens,13,unit_norm,0,0.010731350490802087
activation,ipip_stems,mean_tokens,13,unit_norm,1,0.20256349906221421
activation,ipip_stems,mean_tokens,13,unit_norm,2,0.30398938732079955
activation,ipip_stems,mean_tokens,13,unit_norm,3,0.2959152977009175
activation,ipip_stems,mean_tokens,13,unit_norm,4,0.16424614188101774
activation,ipip_stems,mean_tokens,13,unit_norm,5,0.022554323544248918
activation,ipip_stems,mean_tokens,14,common_pc1_removed,0,2.0344132795611386e-33
activation,ipip_stems,mean_tokens,14,common_pc1_removed,1,0.28332246551050194
activation,ipip_stems,mean_tokens,14,common_pc1_removed,2,0.45888289149251515
activation,ipip_stems,mean_tokens,14,common_pc1_removed,3,0.400316639288875
activation,ipip_stems,mean_tokens,14,common_pc1_removed,4,0.20033092497048355
activation,ipip_stems,mean_tokens,14,common_pc1_removed,5,0.03426699347005748
activation,ipip_stems,mean_tokens,14,exposure_residualized,0,8.245319526868788e-28
activation,ipip_stems,mean_tokens,14,exposure_residualized,1,0.19938012633280278
activation,ipip_stems,mean_tokens,14,exposure_residualized,2,0.49308918827133463
activation,ipip_stems,mean_tokens,14,exposure_residualized,3,0.41637183818565693
activation,ipip_stems,mean_tokens,14,exposure_residualized,4,0.23700039360811978
activation,ipip_stems,mean_tokens,14,exposure_residualized,5,0.03480808155753257
activation,ipip_stems,mean_tokens,14,profile_centered,0,0.0
activation,ipip_stems,mean_tokens,14,profile_centered,1,0.46052502046061433
activation,ipip_stems,mean_tokens,14,profile_centered,2,0.6534053639488002
activation,ipip_stems,mean_tokens,14,profile_centered,3,0.6614555243024546
activation,ipip_stems,mean_tokens,14,profile_centered,4,0.35738217883381024
activation,ipip_stems,mean_tokens,14,profile_centered,5,0.03558602446900304
activation,ipip_stems,mean_tokens,14,raw,0,14.530799946177819
activation,ipip_stems,mean_tokens,14,raw,1,0.46052502046061433
activation,ipip_stems,mean_tokens,14,raw,2,0.6534053639488002
activation,ipip_stems,mean_tokens,14,raw,3,0.6614555243024546
activation,ipip_stems,mean_tokens,14,raw,4,0.35738217883381024
activation,ipip_stems,mean_tokens,14,raw,5,0.03558602446900304
activation,ipip_stems,mean_tokens,14,unit_norm,0,0.010646858070832654
activation,ipip_stems,mean_tokens,14,unit_norm,1,0.20428043244639477
activation,ipip_stems,mean_tokens,14,unit_norm,2,0.30618632104846166
activation,ipip_stems,mean_tokens,14,unit_norm,3,0.29377749625438304
activation,ipip_stems,mean_tokens,14,unit_norm,4,0.16300029388644338
activation,ipip_stems,mean_tokens,14,unit_norm,5,0.02210859829348428
activation,ipip_stems,mean_tokens,15,common_pc1_removed,0,3.142928783053319e-33
activation,ipip_stems,mean_tokens,15,common_pc1_removed,1,0.32176028964047637
activation,ipip_stems,mean_tokens,15,common_pc1_removed,2,0.5203460210827255
activation,ipip_stems,mean_tokens,15,common_pc1_removed,3,0.45255569528594114
activation,ipip_stems,mean_tokens,15,common_pc1_removed,4,0.2259273079822231
activation,ipip_stems,mean_tokens,15,common_pc1_removed,5,0.037488518020841764
activation,ipip_stems,mean_tokens,15,exposure_residualized,0,8.602844838736823e-28
activation,ipip_stems,mean_tokens,15,exposure_residualized,1,0.23131321970763594
activation,ipip_stems,mean_tokens,15,exposure_residualized,2,0.5427436272909131
activation,ipip_stems,mean_tokens,15,exposure_residualized,3,0.4637101431688733
activation,ipip_stems,mean_tokens,15,exposure_residualized,4,0.25734353714555414
activation,ipip_stems,mean_tokens,15,exposure_residualized,5,0.03721559696827817
activation,ipip_stems,mean_tokens,15,profile_centered,0,0.0
activation,ipip_stems,mean_tokens,15,profile_centered,1,0.5050954234624265
activation,ipip_stems,mean_tokens,15,profile_centered,2,0.717194180707436
activation,ipip_stems,mean_tokens,15,profile_centered,3,0.7197762851588012
activation,ipip_stems,mean_tokens,15,profile_centered,4,0.38358060641860076
activation,ipip_stems,mean_tokens,15,profile_centered,5,0.038626702686622404
activation,ipip_stems,mean_tokens,15,raw,0,15.391504416243542
activation,ipip_stems,mean_tokens,15,raw,1,0.5050954234624265
activation,ipip_stems,mean_tokens,15,raw,2,0.717194180707436
activation,ipip_stems,mean_tokens,15,raw,3,0.7197762851588012
activation,ipip_stems,mean_tokens,15,raw,4,0.38358060641860076
activation,ipip_stems,mean_tokens,15,raw,5,0.038626702686622404
activation,ipip_stems,mean_tokens,15,unit_norm,0,0.009678365569868112
activation,ipip_stems,mean_tokens,15,unit_norm,1,0.20839338372694166
activation,ipip_stems,mean_tokens,15,unit_norm,2,0.30717797686561443
activation,ipip_stems,mean_tokens,15,unit_norm,3,0.2924730122807801
activation,ipip_stems,mean_tokens,15,unit_norm,4,0.160620521409121
activation,ipip_stems,mean_tokens,15,unit_norm,5,0.021656740147674894
activation,ipip_stems,mean_tokens,16,common_pc1_removed,0,9.457289174977719e-34
activation,ipip_stems,mean_tokens,16,common_pc1_removed,1,0.3624624803397729
activation,ipip_stems,mean_tokens,16,common_pc1_removed,2,0.6039034039004356
activation,ipip_stems,mean_tokens,16,common_pc1_removed,3,0.531519013206298
activation,ipip_stems,mean_tokens,16,common_pc1_removed,4,0.26513958037463115
activation,ipip_stems,mean_tokens,16,common_pc1_removed,5,0.04258173928542436
activation,ipip_stems,mean_tokens,16,exposure_residualized,0,9.522436068580024e-28
activation,ipip_stems,mean_tokens,16,exposure_residualized,1,0.25500555516820655
activation,ipip_stems,mean_tokens,16,exposure_residualized,2,0.6023682016971568
activation,ipip_stems,mean_tokens,16,exposure_residualized,3,0.5258341747703982
activation,ipip_stems,mean_tokens,16,exposure_residualized,4,0.28629806209828734
activation,ipip_stems,mean_tokens,16,exposure_residualized,5,0.04110206042965006
activation,ipip_stems,mean_tokens,16,profile_centered,0,0.0
activation,ipip_stems,mean_tokens,16,profile_centered,1,0.5680781326199407
activation,ipip_stems,mean_tokens,16,profile_centered,2,0.805927649596312
activation,ipip_stems,mean_tokens,16,profile_centered,3,0.8047554406718648
activation,ipip_stems,mean_tokens,16,profile_centered,4,0.4187952293374534
activation,ipip_stems,mean_tokens,16,profile_centered,5,0.04365100839829786
activation,ipip_stems,mean_tokens,16,raw,0,18.62857540132159
activation,ipip_stems,mean_tokens,16,raw,1,0.5680781326199407
activation,ipip_stems,mean_tokens,16,raw,2,0.805927649596312
activation,ipip_stems,mean_tokens,16,raw,3,0.8047554406718648
activation,ipip_stems,mean_tokens,16,raw,4,0.4187952293374534
activation,ipip_stems,mean_tokens,16,raw,5,0.04365100839829786
activation,ipip_stems,mean_tokens,16,unit_norm,0,0.009624693113609833
activation,ipip_stems,mean_tokens,16,unit_norm,1,0.20819813177314006
activation,ipip_stems,mean_tokens,16,unit_norm,2,0.3071310796205598
activation,ipip_stems,mean_tokens,16,unit_norm,3,0.29602481926109764
activation,ipip_stems,mean_tokens,16,unit_norm,4,0.15765492584047264
activation,ipip_stems,mean_tokens,16,unit_norm,5,0.021366350391120142
activation,ipip_stems,mean_tokens,17,common_pc1_removed,0,5.708029882713841e-33
activation,ipip_stems,mean_tokens,17,common_pc1_removed,1,0.43305843008067774
activation,ipip_stems,mean_tokens,17,common_pc1_removed,2,0.7205781281000644
activation,ipip_stems,mean_tokens,17,common_pc1_removed,3,0.6423592832204942
activation,ipip_stems,mean_tokens,17,common_pc1_removed,4,0.3181887279195506
activation,ipip_stems,mean_tokens,17,common_pc1_removed,5,0.05433982625386516
activation,ipip_stems,mean_tokens,17,exposure_residualized,0,1.1052401635030169e-27
activation,ipip_stems,mean_tokens,17,exposure_residualized,1,0.30724081668294123
activation,ipip_stems,mean_tokens,17,exposure_residualized,2,0.6934145364141462
activation,ipip_stems,mean_tokens,17,exposure_residualized,3,0.6245944979628714
activation,ipip_stems,mean_tokens,17,exposure_residualized,4,0.3290033407539732
activation,ipip_stems,mean_tokens,17,exposure_residualized,5,0.0510887177169749
activation,ipip_stems,mean_tokens,17,profile_centered,0,0.0
activation,ipip_stems,mean_tokens,17,profile_centered,1,0.6547956047026925
activation,ipip_stems,mean_tokens,17,profile_centered,2,0.9386007019273142
activation,ipip_stems,mean_tokens,17,profile_centered,3,0.9339449297626476
activation,ipip_stems,mean_tokens,17,profile_centered,4,0.47119829939875313
activation,ipip_stems,mean_tokens,17,profile_centered,5,0.05548344003649844
activation,ipip_stems,mean_tokens,17,raw,0,21.078834659922496
activation,ipip_stems,mean_tokens,17,raw,1,0.6547956047026925
activation,ipip_stems,mean_tokens,17,raw,2,0.9386007019273142
activation,ipip_stems,mean_tokens,17,raw,3,0.9339449297626476
activation,ipip_stems,mean_tokens,17,raw,4,0.47119829939875313
activation,ipip_stems,mean_tokens,17,raw,5,0.05548344003649844
activation,ipip_stems,mean_tokens,17,unit_norm,0,0.008768766332426438
activation,ipip_stems,mean_tokens,17,unit_norm,1,0.20993238738936057
activation,ipip_stems,mean_tokens,17,unit_norm,2,0.3061871137378144
activation,ipip_stems,mean_tokens,17,unit_norm,3,0.29879236007347854
activation,ipip_stems,mean_tokens,17,unit_norm,4,0.15348284049538818
activation,ipip_stems,mean_tokens,17,unit_norm,5,0.022836531971531883
activation,ipip_stems,mean_tokens,18,common_pc1_removed,0,3.7886461365231395e-32
activation,ipip_stems,mean_tokens,18,common_pc1_removed,1,0.5056528394588454
activation,ipip_stems,mean_tokens,18,common_pc1_removed,2,0.8364433861286762
activation,ipip_stems,mean_tokens,18,common_pc1_removed,3,0.7471649126874044
activation,ipip_stems,mean_tokens,18,common_pc1_removed,4,0.3673791418269893
activation,ipip_stems,mean_tokens,18,common_pc1_removed,5,0.06156126429167913
activation,ipip_stems,mean_tokens,18,exposure_residualized,0,1.2567133273484501e-27
activation,ipip_stems,mean_tokens,18,exposure_residualized,1,0.3604332128606521
activation,ipip_stems,mean_tokens,18,exposure_residualized,2,0.7850613841656426
activation,ipip_stems,mean_tokens,18,exposure_residualized,3,0.7103145166997146
activation,ipip_stems,mean_tokens,18,exposure_residualized,4,0.3630755477131419
activation,ipip_stems,mean_tokens,18,exposure_residualized,5,0.057448208305405646
activation,ipip_stems,mean_tokens,18,profile_centered,0,0.0
activation,ipip_stems,mean_tokens,18,profile_centered,1,0.7493525856057962
activation,ipip_stems,mean_tokens,18,profile_centered,2,1.0717505001722867
activation,ipip_stems,mean_tokens,18,profile_centered,3,1.0533783557222658
activation,ipip_stems,mean_tokens,18,profile_centered,4,0.5203769628663731
activation,ipip_stems,mean_tokens,18,profile_centered,5,0.06253044072049702
activation,ipip_stems,mean_tokens,18,raw,0,24.336209814011045
activation,ipip_stems,mean_tokens,18,raw,1,0.7493525856057962
activation,ipip_stems,mean_tokens,18,raw,2,1.0717505001722867
activation,ipip_stems,mean_tokens,18,raw,3,1.0533783557222658
activation,ipip_stems,mean_tokens,18,raw,4,0.5203769628663731
activation,ipip_stems,mean_tokens,18,raw,5,0.06253044072049702
activation,ipip_stems,mean_tokens,18,unit_norm,0,0.008633157824061233
activation,ipip_stems,mean_tokens,18,unit_norm,1,0.2140573094681103
activation,ipip_stems,mean_tokens,18,unit_norm,2,0.3065702071741428
activation,ipip_stems,mean_tokens,18,unit_norm,3,0.29816538333328046
activation,ipip_stems,mean_tokens,18,unit_norm,4,0.1495985701695925
activation,ipip_stems,mean_tokens,18,unit_norm,5,0.02297537203081259
activation,ipip_stems,mean_tokens,19,common_pc1_removed,0,7.369815737046717e-33
activation,ipip_stems,mean_tokens,19,common_pc1_removed,1,0.560025423130358
activation,ipip_stems,mean_tokens,19,common_pc1_removed,2,0.9188103854563239
activation,ipip_stems,mean_tokens,19,common_pc1_removed,3,0.8297821060815589
activation,ipip_stems,mean_tokens,19,common_pc1_removed,4,0.4046138602791466
activation,ipip_stems,mean_tokens,19,common_pc1_removed,5,0.06839165993851055
activation,ipip_stems,mean_tokens,19,exposure_residualized,0,1.3573937767502992e-27
activation,ipip_stems,mean_tokens,19,exposure_residualized,1,0.39929833529260045
activation,ipip_stems,mean_tokens,19,exposure_residualized,2,0.849582863490834
activation,ipip_stems,mean_tokens,19,exposure_residualized,3,0.778334529925311
activation,ipip_stems,mean_tokens,19,exposure_residualized,4,0.38864078797307
activation,ipip_stems,mean_tokens,19,exposure_residualized,5,0.06307970469377949
activation,ipip_stems,mean_tokens,19,profile_centered,0,0.0
activation,ipip_stems,mean_tokens,19,profile_centered,1,0.8130150132437164
activation,ipip_stems,mean_tokens,19,profile_centered,2,1.1644062578011032
activation,ipip_stems,mean_tokens,19,profile_centered,3,1.144996181839394
activation,ipip_stems,mean_tokens,19,profile_centered,4,0.5569500631082858
activation,ipip_stems,mean_tokens,19,profile_centered,5,0.0693098662961702
activation,ipip_stems,mean_tokens,19,raw,0,26.309408702837274
activation,ipip_stems,mean_tokens,19,raw,1,0.8130150132437164
activation,ipip_stems,mean_tokens,19,raw,2,1.1644062578011032
activation,ipip_stems,mean_tokens,19,raw,3,1.144996181839394
activation,ipip_stems,mean_tokens,19,raw,4,0.5569500631082858
activation,ipip_stems,mean_tokens,19,raw,5,0.0693098662961702
activation,ipip_stems,mean_tokens,19,unit_norm,0,0.008237557809469257
activation,ipip_stems,mean_tokens,19,unit_norm,1,0.21502539002318613
activation,ipip_stems,mean_tokens,19,unit_norm,2,0.30620661205470173
activation,ipip_stems,mean_tokens,19,unit_norm,3,0.29989632452106085
activation,ipip_stems,mean_tokens,19,unit_norm,4,0.14739278677896514
activation,ipip_stems,mean_tokens,19,unit_norm,5,0.023241328812616906
activation,ipip_stems,mean_tokens,20,common_pc1_removed,0,2.0053831866993693e-33
activation,ipip_stems,mean_tokens,20,common_pc1_removed,1,0.643119004909158
activation,ipip_stems,mean_tokens,20,common_pc1_removed,2,1.0419358390082494
activation,ipip_stems,mean_tokens,20,common_pc1_removed,3,0.9371422419641358
activation,ipip_stems,mean_tokens,20,common_pc1_removed,4,0.45155874339978
activation,ipip_stems,mean_tokens,20,common_pc1_removed,5,0.0765391948734738
activation,ipip_stems,mean_tokens,20,exposure_residualized,0,1.4566472566831417e-27
activation,ipip_stems,mean_tokens,20,exposure_residualized,1,0.44974180337909875
activation,ipip_stems,mean_tokens,20,exposure_residualized,2,0.9563462667621434
activation,ipip_stems,mean_tokens,20,exposure_residualized,3,0.8686216630533163
activation,ipip_stems,mean_tokens,20,exposure_residualized,4,0.4248738109207362
activation,ipip_stems,mean_tokens,20,exposure_residualized,5,0.07029677322824678
activation,ipip_stems,mean_tokens,20,profile_centered,0,0.0
activation,ipip_stems,mean_tokens,20,profile_centered,1,0.9052573697269697
activation,ipip_stems,mean_tokens,20,profile_centered,2,1.3053282559990735
activation,ipip_stems,mean_tokens,20,profile_centered,3,1.268030002275251
activation,ipip_stems,mean_tokens,20,profile_centered,4,0.6094481068092171
activation,ipip_stems,mean_tokens,20,profile_centered,5,0.07747633302300647
activation,ipip_stems,mean_tokens,20,raw,0,28.260136819062154
activation,ipip_stems,mean_tokens,20,raw,1,0.9052573697269697
activation,ipip_stems,mean_tokens,20,raw,2,1.3053282559990735
activation,ipip_stems,mean_tokens,20,raw,3,1.268030002275251
activation,ipip_stems,mean_tokens,20,raw,4,0.6094481068092171
activation,ipip_stems,mean_tokens,20,raw,5,0.07747633302300647
activation,ipip_stems,mean_tokens,20,unit_norm,0,0.008001902615321847
activation,ipip_stems,mean_tokens,20,unit_norm,1,0.21632337451170464
activation,ipip_stems,mean_tokens,20,unit_norm,2,0.3074435350109877
activation,ipip_stems,mean_tokens,20,unit_norm,3,0.29945749972461394
activation,ipip_stems,mean_tokens,20,unit_norm,4,0.14546704527073306
activation,ipip_stems,mean_tokens,20,unit_norm,5,0.02330664286663873
activation,ipip_stems,mean_tokens,21,common_pc1_removed,0,5.024481441605945e-32
activation,ipip_stems,mean_tokens,21,common_pc1_removed,1,0.8521761726079647
activation,ipip_stems,mean_tokens,21,common_pc1_removed,2,1.3682361973138444
activation,ipip_stems,mean_tokens,21,common_pc1_removed,3,1.2383614620228522
activation,ipip_stems,mean_tokens,21,common_pc1_removed,4,0.5943029776612114
activation,ipip_stems,mean_tokens,21,common_pc1_removed,5,0.09737423301421362
activation,ipip_stems,mean_tokens,21,exposure_residualized,0,1.7859670810971825e-27
activation,ipip_stems,mean_tokens,21,exposure_residualized,1,0.6002936850114912
activation,ipip_stems,mean_tokens,21,exposure_residualized,2,1.2279777255555002
activation,ipip_stems,mean_tokens,21,exposure_residualized,3,1.1327993924945925
activation,ipip_stems,mean_tokens,21,exposure_residualized,4,0.5373191987209325
activation,ipip_stems,mean_tokens,21,exposure_residualized,5,0.08904407545501027
activation,ipip_stems,mean_tokens,21,profile_centered,0,0.0
activation,ipip_stems,mean_tokens,21,profile_centered,1,1.1557832398121097
activation,ipip_stems,mean_tokens,21,profile_centered,2,1.684892800687803
activation,ipip_stems,mean_tokens,21,profile_centered,3,1.595604522386484
activation,ipip_stems,mean_tokens,21,profile_centered,4,0.759158353084849
activation,ipip_stems,mean_tokens,21,profile_centered,5,0.09839805064662702
activation,ipip_stems,mean_tokens,21,raw,0,35.338531137196135
activation,ipip_stems,mean_tokens,21,raw,1,1.1557832398121097
activation,ipip_stems,mean_tokens,21,raw,2,1.684892800687803
activation,ipip_stems,mean_tokens,21,raw,3,1.595604522386484
activation,ipip_stems,mean_tokens,21,raw,4,0.759158353084849
activation,ipip_stems,mean_tokens,21,raw,5,0.09839805064662702
activation,ipip_stems,mean_tokens,21,unit_norm,0,0.00740657465697826
activation,ipip_stems,mean_tokens,21,unit_norm,1,0.21919137473226039
activation,ipip_stems,mean_tokens,21,unit_norm,2,0.3104467393354176
activation,ipip_stems,mean_tokens,21,unit_norm,3,0.29816690509326915
activation,ipip_stems,mean_tokens,21,unit_norm,4,0.1419994564280938
activation,ipip_stems,mean_tokens,21,unit_norm,5,0.02278894975398079
activation,ipip_stems,mean_tokens,22,common_pc1_removed,0,6.469087900520272e-32
activation,ipip_stems,mean_tokens,22,common_pc1_removed,1,1.0247724513892815
activation,ipip_stems,mean_tokens,22,common_pc1_removed,2,1.656568869117215
activation,ipip_stems,mean_tokens,22,common_pc1_removed,3,1.496167494953379
activation,ipip_stems,mean_tokens,22,common_pc1_removed,4,0.7155273309470869
activation,ipip_stems,mean_tokens,22,common_pc1_removed,5,0.11873575116796029
activation,ipip_stems,mean_tokens,22,exposure_residualized,0,2.0366814155533312e-27
activation,ipip_stems,mean_tokens,22,exposure_residualized,1,0.7187125297831701
activation,ipip_stems,mean_tokens,22,exposure_residualized,2,1.482010899126048
activation,ipip_stems,mean_tokens,22,exposure_residualized,3,1.3602037791587627
activation,ipip_stems,mean_tokens,22,exposure_residualized,4,0.6388127856467549
activation,ipip_stems,mean_tokens,22,exposure_residualized,5,0.10796347917624971
activation,ipip_stems,mean_tokens,22,profile_centered,0,0.0
activation,ipip_stems,mean_tokens,22,profile_centered,1,1.3524052714184753
activation,ipip_stems,mean_tokens,22,profile_centered,2,2.0174064926271837
activation,ipip_stems,mean_tokens,22,profile_centered,3,1.8815985856121584
activation,ipip_stems,mean_tokens,22,profile_centered,4,0.8906787936647609
activation,ipip_stems,mean_tokens,22,profile_centered,5,0.11971905472678424
activation,ipip_stems,mean_tokens,22,raw,0,40.03596777252797
activation,ipip_stems,mean_tokens,22,raw,1,1.3524052714184753
activation,ipip_stems,mean_tokens,22,raw,2,2.0174064926271837
activation,ipip_stems,mean_tokens,22,raw,3,1.8815985856121584
activation,ipip_stems,mean_tokens,22,raw,4,0.8906787936647609
activation,ipip_stems,mean_tokens,22,raw,5,0.11971905472678424
activation,ipip_stems,mean_tokens,22,unit_norm,0,0.006727225342872237
activation,ipip_stems,mean_tokens,22,unit_norm,1,0.2176850554740383
activation,ipip_stems,mean_tokens,22,unit_norm,2,0.31382302088029784
activation,ipip_stems,mean_tokens,22,unit_norm,3,0.297507963517382
activation,ipip_stems,mean_tokens,22,unit_norm,4,0.14118113040592975
activation,ipip_stems,mean_tokens,22,unit_norm,5,0.023075604379479836
activation,ipip_stems,mean_tokens,23,common_pc1_removed,0,3.7163273196027855e-32
activation,ipip_stems,mean_tokens,23,common_pc1_removed,1,1.2654339364832872
activation,ipip_stems,mean_tokens,23,common_pc1_removed,2,2.0195506748436682
activation,ipip_stems,mean_tokens,23,common_pc1_removed,3,1.8408478268627737
activation,ipip_stems,mean_tokens,23,common_pc1_removed,4,0.8838940315256194
activation,ipip_stems,mean_tokens,23,common_pc1_removed,5,0.14215808121093107
activation,ipip_stems,mean_tokens,23,exposure_residualized,0,2.4604392570576872e-27
activation,ipip_stems,mean_tokens,23,exposure_residualized,1,0.8998246027862299
activation,ipip_stems,mean_tokens,23,exposure_residualized,2,1.8042288712447156
activation,ipip_stems,mean_tokens,23,exposure_residualized,3,1.6650763288387136
activation,ipip_stems,mean_tokens,23,exposure_residualized,4,0.7755068499498705
activation,ipip_stems,mean_tokens,23,exposure_residualized,5,0.12956913353210917
activation,ipip_stems,mean_tokens,23,profile_centered,0,0.0
activation,ipip_stems,mean_tokens,23,profile_centered,1,1.6258474403952463
activation,ipip_stems,mean_tokens,23,profile_centered,2,2.4432354025543512
activation,ipip_stems,mean_tokens,23,profile_centered,3,2.2801158184802883
activation,ipip_stems,mean_tokens,23,profile_centered,4,1.0664898565708525
activation,ipip_stems,mean_tokens,23,profile_centered,5,0.14349090279358212
activation,ipip_stems,mean_tokens,23,raw,0,47.69875120215338
activation,ipip_stems,mean_tokens,23,raw,1,1.6258474403952463
activation,ipip_stems,mean_tokens,23,raw,2,2.4432354025543512
activation,ipip_stems,mean_tokens,23,raw,3,2.2801158184802883
activation,ipip_stems,mean_tokens,23,raw,4,1.0664898565708525
activation,ipip_stems,mean_tokens,23,raw,5,0.14349090279358212
activation,ipip_stems,mean_tokens,23,unit_norm,0,0.006308993415024425
activation,ipip_stems,mean_tokens,23,unit_norm,1,0.21826025783308647
activation,ipip_stems,mean_tokens,23,unit_norm,2,0.31403111376806625
activation,ipip_stems,mean_tokens,23,unit_norm,3,0.29883024965820176
activation,ipip_stems,mean_tokens,23,unit_norm,4,0.1399423419392613
activation,ipip_stems,mean_tokens,23,unit_norm,5,0.022627043386359656
activation,ipip_stems,mean_tokens,24,common_pc1_removed,0,5.607517484762776e-33
activation,ipip_stems,mean_tokens,24,common_pc1_removed,1,1.542093688437053
activation,ipip_stems,mean_tokens,24,common_pc1_removed,2,2.480735907095025
activation,ipip_stems,mean_tokens,24,common_pc1_removed,3,2.2623978673818503
activation,ipip_stems,mean_tokens,24,common_pc1_removed,4,1.067920778719567
activation,ipip_stems,mean_tokens,24,common_pc1_removed,5,0.17767643115313703
activation,ipip_stems,mean_tokens,24,exposure_residualized,0,2.9409905000154452e-27
activation,ipip_stems,mean_tokens,24,exposure_residualized,1,1.095516936270318
activation,ipip_stems,mean_tokens,24,exposure_residualized,2,2.212666708789836
activation,ipip_stems,mean_tokens,24,exposure_residualized,3,2.040559291295396
activation,ipip_stems,mean_tokens,24,exposure_residualized,4,0.9414380118002551
activation,ipip_stems,mean_tokens,24,exposure_residualized,5,0.1614885570327867
activation,ipip_stems,mean_tokens,24,profile_centered,0,0.0
activation,ipip_stems,mean_tokens,24,profile_centered,1,1.928716076146844
activation,ipip_stems,mean_tokens,24,profile_centered,2,2.9758882837032443
activation,ipip_stems,mean_tokens,24,profile_centered,3,2.7533195979834595
activation,ipip_stems,mean_tokens,24,profile_centered,4,1.2639522598039348
activation,ipip_stems,mean_tokens,24,profile_centered,5,0.178729082023586
activation,ipip_stems,mean_tokens,24,raw,0,55.0292685049881
activation,ipip_stems,mean_tokens,24,raw,1,1.928716076146844
activation,ipip_stems,mean_tokens,24,raw,2,2.9758882837032443
activation,ipip_stems,mean_tokens,24,raw,3,2.7533195979834595
activation,ipip_stems,mean_tokens,24,raw,4,1.2639522598039348
activation,ipip_stems,mean_tokens,24,raw,5,0.178729082023586
activation,ipip_stems,mean_tokens,24,unit_norm,0,0.005584224236930236
activation,ipip_stems,mean_tokens,24,unit_norm,1,0.21533651589898928
activation,ipip_stems,mean_tokens,24,unit_norm,2,0.3177484006380969
activation,ipip_stems,mean_tokens,24,unit_norm,3,0.3001019644339834
activation,ipip_stems,mean_tokens,24,unit_norm,4,0.13820874240117154
activation,ipip_stems,mean_tokens,24,unit_norm,5,0.023020152390828642
activation,ipip_stems,mean_tokens,25,common_pc1_removed,0,1.6168786250235173e-31
activation,ipip_stems,mean_tokens,25,common_pc1_removed,1,1.8406529508029654
activation,ipip_stems,mean_tokens,25,common_pc1_removed,2,3.00584235662828
activation,ipip_stems,mean_tokens,25,common_pc1_removed,3,2.777737763940559
activation,ipip_stems,mean_tokens,25,common_pc1_removed,4,1.3301898346217302
activation,ipip_stems,mean_tokens,25,common_pc1_removed,5,0.21850028484969689
activation,ipip_stems,mean_tokens,25,exposure_residualized,0,3.445271146034033e-27
activation,ipip_stems,mean_tokens,25,exposure_residualized,1,1.330148918575461
activation,ipip_stems,mean_tokens,25,exposure_residualized,2,2.676052792829338
activation,ipip_stems,mean_tokens,25,exposure_residualized,3,2.4846311885020844
activation,ipip_stems,mean_tokens,25,exposure_residualized,4,1.1414811375255938
activation,ipip_stems,mean_tokens,25,exposure_residualized,5,0.2003534955137733
activation,ipip_stems,mean_tokens,25,profile_centered,0,0.0
activation,ipip_stems,mean_tokens,25,profile_centered,1,2.310301934339324
activation,ipip_stems,mean_tokens,25,profile_centered,2,3.579000836753912
activation,ipip_stems,mean_tokens,25,profile_centered,3,3.3029285464522546
activation,ipip_stems,mean_tokens,25,profile_centered,4,1.517411137714403
activation,ipip_stems,mean_tokens,25,profile_centered,5,0.21981199950646596
activation,ipip_stems,mean_tokens,25,raw,0,64.97038782924969
activation,ipip_stems,mean_tokens,25,raw,1,2.310301934339324
activation,ipip_stems,mean_tokens,25,raw,2,3.579000836753912
activation,ipip_stems,mean_tokens,25,raw,3,3.3029285464522546
activation,ipip_stems,mean_tokens,25,raw,4,1.517411137714403
activation,ipip_stems,mean_tokens,25,raw,5,0.21981199950646596
activation,ipip_stems,mean_tokens,25,unit_norm,0,0.005112770346117644
activation,ipip_stems,mean_tokens,25,unit_norm,1,0.2139972226988982
activation,ipip_stems,mean_tokens,25,unit_norm,2,0.3182731618599531
activation,ipip_stems,mean_tokens,25,unit_norm,3,0.30074415012175076
activation,ipip_stems,mean_tokens,25,unit_norm,4,0.13859467372856368
activation,ipip_stems,mean_tokens,25,unit_norm,5,0.02327802124471659
activation,ipip_stems,mean_tokens,26,common_pc1_removed,0,3.8358650154899905e-32
activation,ipip_stems,mean_tokens,26,common_pc1_removed,1,2.240354520873431
activation,ipip_stems,mean_tokens,26,common_pc1_removed,2,3.686440922605092
activation,ipip_stems,mean_tokens,26,common_pc1_removed,3,3.4304503451917494
activation,ipip_stems,mean_tokens,26,common_pc1_removed,4,1.6396413541527002
activation,ipip_stems,mean_tokens,26,common_pc1_removed,5,0.2717936078437666
activation,ipip_stems,mean_tokens,26,exposure_residualized,0,4.1025955065451055e-27
activation,ipip_stems,mean_tokens,26,exposure_residualized,1,1.6245384584299625
activation,ipip_stems,mean_tokens,26,exposure_residualized,2,3.2805049739333234
activation,ipip_stems,mean_tokens,26,exposure_residualized,3,3.036044911299568
activation,ipip_stems,mean_tokens,26,exposure_residualized,4,1.4109046695352565
activation,ipip_stems,mean_tokens,26,exposure_residualized,5,0.249556501549609
activation,ipip_stems,mean_tokens,26,profile_centered,0,0.0
activation,ipip_stems,mean_tokens,26,profile_centered,1,2.790891818488894
activation,ipip_stems,mean_tokens,26,profile_centered,2,4.341876596163922
activation,ipip_stems,mean_tokens,26,profile_centered,3,3.9986671444617077
activation,ipip_stems,mean_tokens,26,profile_centered,4,1.8436667197449523
activation,ipip_stems,mean_tokens,26,profile_centered,5,0.2730722130377138
activation,ipip_stems,mean_tokens,26,raw,0,74.99728659057803
activation,ipip_stems,mean_tokens,26,raw,1,2.790891818488894
activation,ipip_stems,mean_tokens,26,raw,2,4.341876596163922
activation,ipip_stems,mean_tokens,26,raw,3,3.9986671444617077
activation,ipip_stems,mean_tokens,26,raw,4,1.8436667197449523
activation,ipip_stems,mean_tokens,26,raw,5,0.2730722130377138
activation,ipip_stems,mean_tokens,26,unit_norm,0,0.004629724838296866
activation,ipip_stems,mean_tokens,26,unit_norm,1,0.2132501610199733
activation,ipip_stems,mean_tokens,26,unit_norm,2,0.3187943791698826
activation,ipip_stems,mean_tokens,26,unit_norm,3,0.3005938754790883
activation,ipip_stems,mean_tokens,26,unit_norm,4,0.13914156140178136
activation,ipip_stems,mean_tokens,26,unit_norm,5,0.023590298090977638
activation,ipip_stems,mean_tokens,27,common_pc1_removed,0,4.815071285450818e-32
activation,ipip_stems,mean_tokens,27,common_pc1_removed,1,2.694542281844328
activation,ipip_stems,mean_tokens,27,common_pc1_removed,2,4.578358926326372
activation,ipip_stems,mean_tokens,27,common_pc1_removed,3,4.272586188207913
activation,ipip_stems,mean_tokens,27,common_pc1_removed,4,2.052854712303553
activation,ipip_stems,mean_tokens,27,common_pc1_removed,5,0.34657711711699607
activation,ipip_stems,mean_tokens,27,exposure_residualized,0,4.807122078803222e-27
activation,ipip_stems,mean_tokens,27,exposure_residualized,1,1.9809199530867916
activation,ipip_stems,mean_tokens,27,exposure_residualized,2,4.068444546386727
activation,ipip_stems,mean_tokens,27,exposure_residualized,3,3.766762429092565
activation,ipip_stems,mean_tokens,27,exposure_residualized,4,1.7545483759171372
activation,ipip_stems,mean_tokens,27,exposure_residualized,5,0.3184800133509872
activation,ipip_stems,mean_tokens,27,profile_centered,0,0.0
activation,ipip_stems,mean_tokens,27,profile_centered,1,3.367256196697875
activation,ipip_stems,mean_tokens,27,profile_centered,2,5.320655472055848
activation,ipip_stems,mean_tokens,27,profile_centered,3,4.886540973003462
activation,ipip_stems,mean_tokens,27,profile_centered,4,2.2562248534346487
activation,ipip_stems,mean_tokens,27,profile_centered,5,0.34810472583308855
activation,ipip_stems,mean_tokens,27,raw,0,86.60882104125945
activation,ipip_stems,mean_tokens,27,raw,1,3.367256196697875
activation,ipip_stems,mean_tokens,27,raw,2,5.320655472055848
activation,ipip_stems,mean_tokens,27,raw,3,4.886540973003462
activation,ipip_stems,mean_tokens,27,raw,4,2.2562248534346487
activation,ipip_stems,mean_tokens,27,raw,5,0.34810472583308855
activation,ipip_stems,mean_tokens,27,unit_norm,0,0.004118712945500577
activation,ipip_stems,mean_tokens,27,unit_norm,1,0.2100531814020523
activation,ipip_stems,mean_tokens,27,unit_norm,2,0.3200758645159207
activation,ipip_stems,mean_tokens,27,unit_norm,3,0.3014745964798853
activation,ipip_stems,mean_tokens,27,unit_norm,4,0.14004107743444186
activation,ipip_stems,mean_tokens,27,unit_norm,5,0.02423656722219931
activation,ipip_stems,mean_tokens,28,common_pc1_removed,0,1.9896805800249039e-32
activation,ipip_stems,mean_tokens,28,common_pc1_removed,1,3.3071718147330813
activation,ipip_stems,mean_tokens,28,common_pc1_removed,2,5.82076207165354
activation,ipip_stems,mean_tokens,28,common_pc1_removed,3,5.509493914680187
activation,ipip_stems,mean_tokens,28,common_pc1_removed,4,2.604445621628299
activation,ipip_stems,mean_tokens,28,common_pc1_removed,5,0.4332352258558778
activation,ipip_stems,mean_tokens,28,exposure_residualized,0,5.7532462603543214e-27
activation,ipip_stems,mean_tokens,28,exposure_residualized,1,2.4838016610762583
activation,ipip_stems,mean_tokens,28,exposure_residualized,2,5.169127461136345
activation,ipip_stems,mean_tokens,28,exposure_residualized,3,4.815459913529161
activation,ipip_stems,mean_tokens,28,exposure_residualized,4,2.2199966152920165
activation,ipip_stems,mean_tokens,28,exposure_residualized,5,0.40232560965609965
activation,ipip_stems,mean_tokens,28,profile_centered,0,0.0
activation,ipip_stems,mean_tokens,28,profile_centered,1,4.179325519665626
activation,ipip_stems,mean_tokens,28,profile_centered,2,6.665947601525943
activation,ipip_stems,mean_tokens,28,profile_centered,3,6.140570566774727
activation,ipip_stems,mean_tokens,28,profile_centered,4,2.805918740364846
activation,ipip_stems,mean_tokens,28,profile_centered,5,0.43852896649654405
activation,ipip_stems,mean_tokens,28,raw,0,96.97702656120376
activation,ipip_stems,mean_tokens,28,raw,1,4.179325519665626
activation,ipip_stems,mean_tokens,28,raw,2,6.665947601525943
activation,ipip_stems,mean_tokens,28,raw,3,6.140570566774727
activation,ipip_stems,mean_tokens,28,raw,4,2.805918740364846
activation,ipip_stems,mean_tokens,28,raw,5,0.43852896649654405
activation,ipip_stems,mean_tokens,28,unit_norm,0,0.0034368288789130993
activation,ipip_stems,mean_tokens,28,unit_norm,1,0.20831639189085022
activation,ipip_stems,mean_tokens,28,unit_norm,2,0.32130642346912336
activation,ipip_stems,mean_tokens,28,unit_norm,3,0.30364541234195463
activation,ipip_stems,mean_tokens,28,unit_norm,4,0.1391563165696755
activation,ipip_stems,mean_tokens,28,unit_norm,5,0.02413862684948312
activation,ipip_stems,mean_tokens,29,common_pc1_removed,0,1.6795988044053328e-32
activation,ipip_stems,mean_tokens,29,common_pc1_removed,1,4.705678871525436
activation,ipip_stems,mean_tokens,29,common_pc1_removed,2,8.608174717868753
activation,ipip_stems,mean_tokens,29,common_pc1_removed,3,8.299491690927379
activation,ipip_stems,mean_tokens,29,common_pc1_removed,4,3.933632675222206
activation,ipip_stems,mean_tokens,29,common_pc1_removed,5,0.6767719239182437
activation,ipip_stems,mean_tokens,29,exposure_residualized,0,8.128441965716924e-27
activation,ipip_stems,mean_tokens,29,exposure_residualized,1,3.6960690438916766
activation,ipip_stems,mean_tokens,29,exposure_residualized,2,7.672796813035221
activation,ipip_stems,mean_tokens,29,exposure_residualized,3,7.165516155498017
activation,ipip_stems,mean_tokens,29,exposure_residualized,4,3.2991971300768874
activation,ipip_stems,mean_tokens,29,exposure_residualized,5,0.6288384309864864
activation,ipip_stems,mean_tokens,29,profile_centered,0,0.0
activation,ipip_stems,mean_tokens,29,profile_centered,1,6.295238940863015
activation,ipip_stems,mean_tokens,29,profile_centered,2,9.76068406728079
activation,ipip_stems,mean_tokens,29,profile_centered,3,9.033126005744451
activation,ipip_stems,mean_tokens,29,profile_centered,4,4.129973331116695
activation,ipip_stems,mean_tokens,29,profile_centered,5,0.6873166021826693
activation,ipip_stems,mean_tokens,29,raw,0,129.4391876857562
activation,ipip_stems,mean_tokens,29,raw,1,6.295238940863015
activation,ipip_stems,mean_tokens,29,raw,2,9.76068406728079
activation,ipip_stems,mean_tokens,29,raw,3,9.033126005744451
activation,ipip_stems,mean_tokens,29,raw,4,4.129973331116695
activation,ipip_stems,mean_tokens,29,raw,5,0.6873166021826693
activation,ipip_stems,mean_tokens,29,unit_norm,0,0.0031213991675799364
activation,ipip_stems,mean_tokens,29,unit_norm,1,0.21149586451581534
activation,ipip_stems,mean_tokens,29,unit_norm,2,0.3193839155709636
activation,ipip_stems,mean_tokens,29,unit_norm,3,0.3021592790964329
activation,ipip_stems,mean_tokens,29,unit_norm,4,0.13873288415768203
activation,ipip_stems,mean_tokens,29,unit_norm,5,0.025106657491526296
activation,ipip_stems,mean_tokens,30,common_pc1_removed,0,1.3779279352860682e-30
activation,ipip_stems,mean_tokens,30,common_pc1_removed,1,7.780242777758862
activation,ipip_stems,mean_tokens,30,common_pc1_removed,2,14.889288046726783
activation,ipip_stems,mean_tokens,30,common_pc1_removed,3,14.423510967948125
activation,ipip_stems,mean_tokens,30,common_pc1_removed,4,6.853955029007037
activation,ipip_stems,mean_tokens,30,common_pc1_removed,5,1.1756599978061484
activation,ipip_stems,mean_tokens,30,exposure_residualized,0,1.2857536283789535e-26
activation,ipip_stems,mean_tokens,30,exposure_residualized,1,6.336189941537736
activation,ipip_stems,mean_tokens,30,exposure_residualized,2,13.259702431639996
activation,ipip_stems,mean_tokens,30,exposure_residualized,3,12.472727851138927
activation,ipip_stems,mean_tokens,30,exposure_residualized,4,5.808295262556307
activation,ipip_stems,mean_tokens,30,exposure_residualized,5,1.099195142414927
activation,ipip_stems,mean_tokens,30,profile_centered,0,0.0
activation,ipip_stems,mean_tokens,30,profile_centered,1,12.305443731549666
activation,ipip_stems,mean_tokens,30,profile_centered,2,16.97831718902672
activation,ipip_stems,mean_tokens,30,profile_centered,3,15.652410309875854
activation,ipip_stems,mean_tokens,30,profile_centered,4,7.230775349580929
activation,ipip_stems,mean_tokens,30,profile_centered,5,1.1908869948742322
activation,ipip_stems,mean_tokens,30,raw,0,224.37261751582844
activation,ipip_stems,mean_tokens,30,raw,1,12.305443731549666
activation,ipip_stems,mean_tokens,30,raw,2,16.97831718902672
activation,ipip_stems,mean_tokens,30,raw,3,15.652410309875854
activation,ipip_stems,mean_tokens,30,raw,4,7.230775349580929
activation,ipip_stems,mean_tokens,30,raw,5,1.1908869948742322
activation,ipip_stems,mean_tokens,30,unit_norm,0,0.003119856549158989
activation,ipip_stems,mean_tokens,30,unit_norm,1,0.22522947774423827
activation,ipip_stems,mean_tokens,30,unit_norm,2,0.313758392175808
activation,ipip_stems,mean_tokens,30,unit_norm,3,0.2952833311047228
activation,ipip_stems,mean_tokens,30,unit_norm,4,0.13827667797853632
activation,ipip_stems,mean_tokens,30,unit_norm,5,0.024332264447535654
activation,ipip_stems,mean_tokens,31,common_pc1_removed,0,2.5968543952251317e-31
activation,ipip_stems,mean_tokens,31,common_pc1_removed,1,32.11406154652906
activation,ipip_stems,mean_tokens,31,common_pc1_removed,2,67.98161789848724
activation,ipip_stems,mean_tokens,31,common_pc1_removed,3,60.80170561603779
activation,ipip_stems,mean_tokens,31,common_pc1_removed,4,26.7112240471038
activation,ipip_stems,mean_tokens,31,common_pc1_removed,5,4.406432838567376
activation,ipip_stems,mean_tokens,31,exposure_residualized,0,6.642777496734335e-26
activation,ipip_stems,mean_tokens,31,exposure_residualized,1,27.76290255219222
activation,ipip_stems,mean_tokens,31,exposure_residualized,2,59.47870156480499
activation,ipip_stems,mean_tokens,31,exposure_residualized,3,53.61655492633511
activation,ipip_stems,mean_tokens,31,exposure_residualized,4,22.591576265957663
activation,ipip_stems,mean_tokens,31,exposure_residualized,5,4.296384652291069
activation,ipip_stems,mean_tokens,31,profile_centered,0,0.0
activation,ipip_stems,mean_tokens,31,profile_centered,1,78.42651500083284
activation,ipip_stems,mean_tokens,31,profile_centered,2,82.1190752869254
activation,ipip_stems,mean_tokens,31,profile_centered,3,65.25184510443009
activation,ipip_stems,mean_tokens,31,profile_centered,4,29.75832390119015
activation,ipip_stems,mean_tokens,31,profile_centered,5,4.444376962640099
activation,ipip_stems,mean_tokens,31,raw,0,1098.2886425989775
activation,ipip_stems,mean_tokens,31,raw,1,78.42651500083284
activation,ipip_stems,mean_tokens,31,raw,2,82.1190752869254
activation,ipip_stems,mean_tokens,31,raw,3,65.25184510443009
activation,ipip_stems,mean_tokens,31,raw,4,29.75832390119015
activation,ipip_stems,mean_tokens,31,raw,5,4.444376962640099
activation,ipip_stems,mean_tokens,31,unit_norm,0,0.0028870861994306574
activation,ipip_stems,mean_tokens,31,unit_norm,1,0.26885776210673207
activation,ipip_stems,mean_tokens,31,unit_norm,2,0.31833137708705633
activation,ipip_stems,mean_tokens,31,unit_norm,3,0.26773233024417337
activation,ipip_stems,mean_tokens,31,unit_norm,4,0.12254962627518368
activation,ipip_stems,mean_tokens,31,unit_norm,5,0.01964181808742402
activation,naturalistic_behavioral,final_token,0,common_pc1_removed,0,2.698149657330267e-36
activation,naturalistic_behavioral,final_token,0,common_pc1_removed,1,0.0003104518983464157
activation,naturalistic_behavioral,final_token,0,common_pc1_removed,2,0.0006776237812764059
activation,naturalistic_behavioral,final_token,0,common_pc1_removed,3,0.0007251292786958381
activation,naturalistic_behavioral,final_token,0,common_pc1_removed,4,0.0003246528455869757
activation,naturalistic_behavioral,final_token,0,common_pc1_removed,5,6.190109309033182e-05
activation,naturalistic_behavioral,final_token,0,exposure_residualized,0,7.094500542509707e-31
activation,naturalistic_behavioral,final_token,0,exposure_residualized,1,0.0002704825777819427
activation,naturalistic_behavioral,final_token,0,exposure_residualized,2,0.0006232951609470192
activation,naturalistic_behavioral,final_token,0,exposure_residualized,3,0.0006234074557006747
activation,naturalistic_behavioral,final_token,0,exposure_residualized,4,0.0003063504814336416
activation,naturalistic_behavioral,final_token,0,exposure_residualized,5,6.159930619155629e-05
activation,naturalistic_behavioral,final_token,0,profile_centered,0,0.0
activation,naturalistic_behavioral,final_token,0,profile_centered,1,0.00045200129869624184
activation,naturalistic_behavioral,final_token,0,profile_centered,2,0.0007651928362408369
activation,naturalistic_behavioral,final_token,0,profile_centered,3,0.0007435090840980875
activation,naturalistic_behavioral,final_token,0,profile_centered,4,0.0003390077609458752
activation,naturalistic_behavioral,final_token,0,profile_centered,5,6.193440084796216e-05
activation,naturalistic_behavioral,final_token,0,raw,0,0.003304005861887647
activation,naturalistic_behavioral,final_token,0,raw,1,0.00045200129869624184
activation,naturalistic_behavioral,final_token,0,raw,2,0.0007651928362408369
activation,naturalistic_behavioral,final_token,0,raw,3,0.0007435090840980875
activation,naturalistic_behavioral,final_token,0,raw,4,0.0003390077609458752
activation,naturalistic_behavioral,final_token,0,raw,5,6.193440084796216e-05
activation,naturalistic_behavioral,final_token,0,unit_norm,0,0.0004746745829229045
activation,naturalistic_behavioral,final_token,0,unit_norm,1,0.18720261695989038
activation,naturalistic_behavioral,final_token,0,unit_norm,2,0.3272963687106797
activation,naturalistic_behavioral,final_token,0,unit_norm,3,0.3152912798107914
activation,naturalistic_behavioral,final_token,0,unit_norm,4,0.143389364381465
activation,naturalistic_behavioral,final_token,0,unit_norm,5,0.026345695554250818
activation,naturalistic_behavioral,final_token,1,common_pc1_removed,0,2.350043612430633e-35
activation,naturalistic_behavioral,final_token,1,common_pc1_removed,1,0.0011486737175386652
activation,naturalistic_behavioral,final_token,1,common_pc1_removed,2,0.002525423849090603
activation,naturalistic_behavioral,final_token,1,common_pc1_removed,3,0.002633022753295245
activation,naturalistic_behavioral,final_token,1,common_pc1_removed,4,0.0011942797192132002
activation,naturalistic_behavioral,final_token,1,common_pc1_removed,5,0.00023881052330129623
activation,naturalistic_behavioral,final_token,1,exposure_residualized,0,2.1451345318643998e-30
activation,naturalistic_behavioral,final_token,1,exposure_residualized,1,0.0009655813831385186
activation,naturalistic_behavioral,final_token,1,exposure_residualized,2,0.0023296140964011508
activation,naturalistic_behavioral,final_token,1,exposure_residualized,3,0.0023817517301576024
activation,naturalistic_behavioral,final_token,1,exposure_residualized,4,0.0011500776967083735
activation,naturalistic_behavioral,final_token,1,exposure_residualized,5,0.0002355136367316248
activation,naturalistic_behavioral,final_token,1,profile_centered,0,0.0
activation,naturalistic_behavioral,final_token,1,profile_centered,1,0.0018104904562842564
activation,naturalistic_behavioral,final_token,1,profile_centered,2,0.0029547125183722817
activation,naturalistic_behavioral,final_token,1,profile_centered,3,0.002728901088966212
activation,naturalistic_behavioral,final_token,1,profile_centered,4,0.0012909160321290442
activation,naturalistic_behavioral,final_token,1,profile_centered,5,0.0002392298725842476
activation,naturalistic_behavioral,final_token,1,raw,0,0.01658188504722083
activation,naturalistic_behavioral,final_token,1,raw,1,0.0018104904562842564
activation,naturalistic_behavioral,final_token,1,raw,2,0.0029547125183722817
activation,naturalistic_behavioral,final_token,1,raw,3,0.002728901088966212
activation,naturalistic_behavioral,final_token,1,raw,4,0.0012909160321290442
activation,naturalistic_behavioral,final_token,1,raw,5,0.0002392298725842476
activation,naturalistic_behavioral,final_token,1,unit_norm,0,0.0005874269387534795
activation,naturalistic_behavioral,final_token,1,unit_norm,1,0.19063793847664512
activation,naturalistic_behavioral,final_token,1,unit_norm,2,0.329502390451681
activation,naturalistic_behavioral,final_token,1,unit_norm,3,0.30796463374833805
activation,naturalistic_behavioral,final_token,1,unit_norm,4,0.1441264329246225
activation,naturalistic_behavioral,final_token,1,unit_norm,5,0.02718117745996001
activation,naturalistic_behavioral,final_token,2,common_pc1_removed,0,6.841886013860797e-34
activation,naturalistic_behavioral,final_token,2,common_pc1_removed,1,0.0027106118010750847
activation,naturalistic_behavioral,final_token,2,common_pc1_removed,2,0.00569664874581931
activation,naturalistic_behavioral,final_token,2,common_pc1_removed,3,0.0060417999469208885
activation,naturalistic_behavioral,final_token,2,common_pc1_removed,4,0.0028986098924130323
activation,naturalistic_behavioral,final_token,2,common_pc1_removed,5,0.0005592600181896244
activation,naturalistic_behavioral,final_token,2,exposure_residualized,0,4.661324681265191e-30
activation,naturalistic_behavioral,final_token,2,exposure_residualized,1,0.0022386969248769967
activation,naturalistic_behavioral,final_token,2,exposure_residualized,2,0.005253615603330917
activation,naturalistic_behavioral,final_token,2,exposure_residualized,3,0.005534588213486565
activation,naturalistic_behavioral,final_token,2,exposure_residualized,4,0.0028361644680385727
activation,naturalistic_behavioral,final_token,2,exposure_residualized,5,0.0005422343832313892
activation,naturalistic_behavioral,final_token,2,profile_centered,0,0.0
activation,naturalistic_behavioral,final_token,2,profile_centered,1,0.004221906245459353
activation,naturalistic_behavioral,final_token,2,profile_centered,2,0.0065368416014261405
activation,naturalistic_behavioral,final_token,2,profile_centered,3,0.006552257255764323
activation,naturalistic_behavioral,final_token,2,profile_centered,4,0.0031474770435159635
activation,naturalistic_behavioral,final_token,2,profile_centered,5,0.0005601047641692305
activation,naturalistic_behavioral,final_token,2,raw,0,0.052359847459603315
activation,naturalistic_behavioral,final_token,2,raw,1,0.004221906245459353
activation,naturalistic_behavioral,final_token,2,raw,2,0.0065368416014261405
activation,naturalistic_behavioral,final_token,2,raw,3,0.006552257255764323
activation,naturalistic_behavioral,final_token,2,raw,4,0.0031474770435159635
activation,naturalistic_behavioral,final_token,2,raw,5,0.0005601047641692305
activation,naturalistic_behavioral,final_token,2,unit_norm,0,0.0005786430999006034
activation,naturalistic_behavioral,final_token,2,unit_norm,1,0.18841383996914957
activation,naturalistic_behavioral,final_token,2,unit_norm,2,0.31332047241739674
activation,naturalistic_behavioral,final_token,2,unit_norm,3,0.3169772628288208
activation,naturalistic_behavioral,final_token,2,unit_norm,4,0.1530201964105395
activation,naturalistic_behavioral,final_token,2,unit_norm,5,0.027689585274192484
activation,naturalistic_behavioral,final_token,3,common_pc1_removed,0,1.4447083387654158e-33
activation,naturalistic_behavioral,final_token,3,common_pc1_removed,1,0.007934138426645311
activation,naturalistic_behavioral,final_token,3,common_pc1_removed,2,0.016129406162860602
activation,naturalistic_behavioral,final_token,3,common_pc1_removed,3,0.016926314760132663
activation,naturalistic_behavioral,final_token,3,common_pc1_removed,4,0.007925903472330947
activation,naturalistic_behavioral,final_token,3,common_pc1_removed,5,0.0014876691763390775
activation,naturalistic_behavioral,final_token,3,exposure_residualized,0,1.3633117125884932e-29
activation,naturalistic_behavioral,final_token,3,exposure_residualized,1,0.006565411160136595
activation,naturalistic_behavioral,final_token,3,exposure_residualized,2,0.014931662842377489
activation,naturalistic_behavioral,final_token,3,exposure_residualized,3,0.015299558965048558
activation,naturalistic_behavioral,final_token,3,exposure_residualized,4,0.007505712953966778
activation,naturalistic_behavioral,final_token,3,exposure_residualized,5,0.0014330682947154465
activation,naturalistic_behavioral,final_token,3,profile_centered,0,0.0
activation,naturalistic_behavioral,final_token,3,profile_centered,1,0.012008232411722032
activation,naturalistic_behavioral,final_token,3,profile_centered,2,0.018872158853280332
activation,naturalistic_behavioral,final_token,3,profile_centered,3,0.018233050751916096
activation,naturalistic_behavioral,final_token,3,profile_centered,4,0.0085300512835367
activation,naturalistic_behavioral,final_token,3,profile_centered,5,0.0014881779312805002
activation,naturalistic_behavioral,final_token,3,raw,0,0.1639648082232811
activation,naturalistic_behavioral,final_token,3,raw,1,0.012008232411722032
activation,naturalistic_behavioral,final_token,3,raw,2,0.018872158853280332
activation,naturalistic_behavioral,final_token,3,raw,3,0.018233050751916096
activation,naturalistic_behavioral,final_token,3,raw,4,0.0085300512835367
activation,naturalistic_behavioral,final_token,3,raw,5,0.0014881779312805002
activation,naturalistic_behavioral,final_token,3,unit_norm,0,0.0010160979112369506
activation,naturalistic_behavioral,final_token,3,unit_norm,1,0.19272753495229608
activation,naturalistic_behavioral,final_token,3,unit_norm,2,0.3177473446802104
activation,naturalistic_behavioral,final_token,3,unit_norm,3,0.31233982487129425
activation,naturalistic_behavioral,final_token,3,unit_norm,4,0.14966276024931874
activation,naturalistic_behavioral,final_token,3,unit_norm,5,0.02650643733564332
activation,naturalistic_behavioral,final_token,4,common_pc1_removed,0,2.9772197712758342e-33
activation,naturalistic_behavioral,final_token,4,common_pc1_removed,1,0.015352729687163563
activation,naturalistic_behavioral,final_token,4,common_pc1_removed,2,0.03019666669974407
activation,naturalistic_behavioral,final_token,4,common_pc1_removed,3,0.030508613497586316
activation,naturalistic_behavioral,final_token,4,common_pc1_removed,4,0.01532329819715983
activation,naturalistic_behavioral,final_token,4,common_pc1_removed,5,0.0027686646241032054
activation,naturalistic_behavioral,final_token,4,exposure_residualized,0,2.3449063961997266e-29
activation,naturalistic_behavioral,final_token,4,exposure_residualized,1,0.012629940649776713
activation,naturalistic_behavioral,final_token,4,exposure_residualized,2,0.028389660835134865
activation,naturalistic_behavioral,final_token,4,exposure_residualized,3,0.028597012227323946
activation,naturalistic_behavioral,final_token,4,exposure_residualized,4,0.014351161739901332
activation,naturalistic_behavioral,final_token,4,exposure_residualized,5,0.0027486823754362833
activation,naturalistic_behavioral,final_token,4,profile_centered,0,0.0
activation,naturalistic_behavioral,final_token,4,profile_centered,1,0.022645956213171295
activation,naturalistic_behavioral,final_token,4,profile_centered,2,0.03618661622200396
activation,naturalistic_behavioral,final_token,4,profile_centered,3,0.03417527762811653
activation,naturalistic_behavioral,final_token,4,profile_centered,4,0.016224098240457167
activation,naturalistic_behavioral,final_token,4,profile_centered,5,0.002837273540325891
activation,naturalistic_behavioral,final_token,4,raw,0,0.34271680391140913
activation,naturalistic_behavioral,final_token,4,raw,1,0.022645956213171295
activation,naturalistic_behavioral,final_token,4,raw,2,0.03618661622200396
activation,naturalistic_behavioral,final_token,4,raw,3,0.03417527762811653
activation,naturalistic_behavioral,final_token,4,raw,4,0.016224098240457167
activation,naturalistic_behavioral,final_token,4,raw,5,0.002837273540325891
activation,naturalistic_behavioral,final_token,4,unit_norm,0,0.0010648273329868325
activation,naturalistic_behavioral,final_token,4,unit_norm,1,0.19276047402868832
activation,naturalistic_behavioral,final_token,4,unit_norm,2,0.31993472012909435
activation,naturalistic_behavioral,final_token,4,unit_norm,3,0.3076744041386988
activation,naturalistic_behavioral,final_token,4,unit_norm,4,0.15193473107607472
activation,naturalistic_behavioral,final_token,4,unit_norm,5,0.026630843294456905
activation,naturalistic_behavioral,final_token,5,common_pc1_removed,0,5.488958959903517e-34
activation,naturalistic_behavioral,final_token,5,common_pc1_removed,1,0.02380000288952696
activation,naturalistic_behavioral,final_token,5,common_pc1_removed,2,0.04623261145381889
activation,naturalistic_behavioral,final_token,5,common_pc1_removed,3,0.047358753054614226
activation,naturalistic_behavioral,final_token,5,common_pc1_removed,4,0.02356379426233303
activation,naturalistic_behavioral,final_token,5,common_pc1_removed,5,0.004489921254619625
activation,naturalistic_behavioral,final_token,5,exposure_residualized,0,3.559583185974107e-29
activation,naturalistic_behavioral,final_token,5,exposure_residualized,1,0.01924358542129529
activation,naturalistic_behavioral,final_token,5,exposure_residualized,2,0.04387438130855075
activation,naturalistic_behavioral,final_token,5,exposure_residualized,3,0.04370307512283442
activation,naturalistic_behavioral,final_token,5,exposure_residualized,4,0.022285690491743927
activation,naturalistic_behavioral,final_token,5,exposure_residualized,5,0.004542165217201926
activation,naturalistic_behavioral,final_token,5,profile_centered,0,0.0
activation,naturalistic_behavioral,final_token,5,profile_centered,1,0.03472268012007162
activation,naturalistic_behavioral,final_token,5,profile_centered,2,0.056001752587458604
activation,naturalistic_behavioral,final_token,5,profile_centered,3,0.052385524402716516
activation,naturalistic_behavioral,final_token,5,profile_centered,4,0.024820367329321788
activation,naturalistic_behavioral,final_token,5,profile_centered,5,0.004542328596451036
activation,naturalistic_behavioral,final_token,5,raw,0,0.5541916184090923
activation,naturalistic_behavioral,final_token,5,raw,1,0.03472268012007162
activation,naturalistic_behavioral,final_token,5,raw,2,0.056001752587458604
activation,naturalistic_behavioral,final_token,5,raw,3,0.052385524402716516
activation,naturalistic_behavioral,final_token,5,raw,4,0.024820367329321788
activation,naturalistic_behavioral,final_token,5,raw,5,0.004542328596451036
activation,naturalistic_behavioral,final_token,5,unit_norm,0,0.0010380563560306191
activation,naturalistic_behavioral,final_token,5,unit_norm,1,0.19098504538620314
activation,naturalistic_behavioral,final_token,5,unit_norm,2,0.320551337692163
activation,naturalistic_behavioral,final_token,5,unit_norm,3,0.3081542493239473
activation,naturalistic_behavioral,final_token,5,unit_norm,4,0.1513832834651436
activation,naturalistic_behavioral,final_token,5,unit_norm,5,0.027888027776512517
activation,naturalistic_behavioral,final_token,6,common_pc1_removed,0,2.27166836532274e-34
activation,naturalistic_behavioral,final_token,6,common_pc1_removed,1,0.03277378532947723
activation,naturalistic_behavioral,final_token,6,common_pc1_removed,2,0.06335755168232862
activation,naturalistic_behavioral,final_token,6,common_pc1_removed,3,0.06146325216273015
activation,naturalistic_behavioral,final_token,6,common_pc1_removed,4,0.030449609973928187
activation,naturalistic_behavioral,final_token,6,common_pc1_removed,5,0.006545023310494726
activation,naturalistic_behavioral,final_token,6,exposure_residualized,0,5.525580126366484e-29
activation,naturalistic_behavioral,final_token,6,exposure_residualized,1,0.026002414269803327
activation,naturalistic_behavioral,final_token,6,exposure_residualized,2,0.06000246222967037
activation,naturalistic_behavioral,final_token,6,exposure_residualized,3,0.05845004216348104
activation,naturalistic_behavioral,final_token,6,exposure_residualized,4,0.029518755851369288
activation,naturalistic_behavioral,final_token,6,exposure_residualized,5,0.006515394080483468
activation,naturalistic_behavioral,final_token,6,profile_centered,0,0.0
activation,naturalistic_behavioral,final_token,6,profile_centered,1,0.046183584553417936
activation,naturalistic_behavioral,final_token,6,profile_centered,2,0.07588843784545635
activation,naturalistic_behavioral,final_token,6,profile_centered,3,0.07248780033198249
activation,naturalistic_behavioral,final_token,6,profile_centered,4,0.03186894428984787
activation,naturalistic_behavioral,final_token,6,profile_centered,5,0.006611314080578273
activation,naturalistic_behavioral,final_token,6,raw,0,0.7261754452816296
activation,naturalistic_behavioral,final_token,6,raw,1,0.046183584553417936
activation,naturalistic_behavioral,final_token,6,raw,2,0.07588843784545635
activation,naturalistic_behavioral,final_token,6,raw,3,0.07248780033198249
activation,naturalistic_behavioral,final_token,6,raw,4,0.03186894428984787
activation,naturalistic_behavioral,final_token,6,raw,5,0.006611314080578273
activation,naturalistic_behavioral,final_token,6,unit_norm,0,0.0011979395138960883
activation,naturalistic_behavioral,final_token,6,unit_norm,1,0.18790585890924866
activation,naturalistic_behavioral,final_token,6,unit_norm,2,0.32182903597585766
activation,naturalistic_behavioral,final_token,6,unit_norm,3,0.3137242968353205
activation,naturalistic_behavioral,final_token,6,unit_norm,4,0.14507529299850566
activation,naturalistic_behavioral,final_token,6,unit_norm,5,0.030267575767171356
activation,naturalistic_behavioral,final_token,7,common_pc1_removed,0,4.671125196967124e-33
activation,naturalistic_behavioral,final_token,7,common_pc1_removed,1,0.04798423233536923
activation,naturalistic_behavioral,final_token,7,common_pc1_removed,2,0.09125813548268805
activation,naturalistic_behavioral,final_token,7,common_pc1_removed,3,0.08800543485436993
activation,naturalistic_behavioral,final_token,7,common_pc1_removed,4,0.042683369067299776
activation,naturalistic_behavioral,final_token,7,common_pc1_removed,5,0.00898966214300816
activation,naturalistic_behavioral,final_token,7,exposure_residualized,0,9.405420171755449e-29
activation,naturalistic_behavioral,final_token,7,exposure_residualized,1,0.03823124976440041
activation,naturalistic_behavioral,final_token,7,exposure_residualized,2,0.08570743573490827
activation,naturalistic_behavioral,final_token,7,exposure_residualized,3,0.08301735696910267
activation,naturalistic_behavioral,final_token,7,exposure_residualized,4,0.04180570013901601
activation,naturalistic_behavioral,final_token,7,exposure_residualized,5,0.008702677090303333
activation,naturalistic_behavioral,final_token,7,profile_centered,0,0.0
activation,naturalistic_behavioral,final_token,7,profile_centered,1,0.06555985281438567
activation,naturalistic_behavioral,final_token,7,profile_centered,2,0.11087210777821188
activation,naturalistic_behavioral,final_token,7,profile_centered,3,0.10499822157053004
activation,naturalistic_behavioral,final_token,7,profile_centered,4,0.04558143525270997
activation,naturalistic_behavioral,final_token,7,profile_centered,5,0.009198256495542356
activation,naturalistic_behavioral,final_token,7,raw,0,1.1446739119976095
activation,naturalistic_behavioral,final_token,7,raw,1,0.06555985281438567
activation,naturalistic_behavioral,final_token,7,raw,2,0.11087210777821188
activation,naturalistic_behavioral,final_token,7,raw,3,0.10499822157053004
activation,naturalistic_behavioral,final_token,7,raw,4,0.04558143525270997
activation,naturalistic_behavioral,final_token,7,raw,5,0.009198256495542356
activation,naturalistic_behavioral,final_token,7,unit_norm,0,0.0014355665295249448
activation,naturalistic_behavioral,final_token,7,unit_norm,1,0.1858090788934673
activation,naturalistic_behavioral,final_token,7,unit_norm,2,0.3249615873618475
activation,naturalistic_behavioral,final_token,7,unit_norm,3,0.31370352749401953
activation,naturalistic_behavioral,final_token,7,unit_norm,4,0.1447745705423422
activation,naturalistic_behavioral,final_token,7,unit_norm,5,0.02931566917879848
activation,naturalistic_behavioral,final_token,8,common_pc1_removed,0,2.0293893323789887e-34
activation,naturalistic_behavioral,final_token,8,common_pc1_removed,1,0.06423821457083002
activation,naturalistic_behavioral,final_token,8,common_pc1_removed,2,0.1192298310410343
activation,naturalistic_behavioral,final_token,8,common_pc1_removed,3,0.11742799781128238
activation,naturalistic_behavioral,final_token,8,common_pc1_removed,4,0.05808597810318383
activation,naturalistic_behavioral,final_token,8,common_pc1_removed,5,0.012879510943784669
activation,naturalistic_behavioral,final_token,8,exposure_residualized,0,1.2678704789614196e-28
activation,naturalistic_behavioral,final_token,8,exposure_residualized,1,0.050329813280376855
activation,naturalistic_behavioral,final_token,8,exposure_residualized,2,0.11221509300823718
activation,naturalistic_behavioral,final_token,8,exposure_residualized,3,0.10968014372701704
activation,naturalistic_behavioral,final_token,8,exposure_residualized,4,0.05518439935358274
activation,naturalistic_behavioral,final_token,8,exposure_residualized,5,0.012382170568754503
activation,naturalistic_behavioral,final_token,8,profile_centered,0,0.0
activation,naturalistic_behavioral,final_token,8,profile_centered,1,0.08365298549394294
activation,naturalistic_behavioral,final_token,8,profile_centered,2,0.14291278461016102
activation,naturalistic_behavioral,final_token,8,profile_centered,3,0.13689955708779178
activation,naturalistic_behavioral,final_token,8,profile_centered,4,0.06097075044594349
activation,naturalistic_behavioral,final_token,8,profile_centered,5,0.01302695702243931
activation,naturalistic_behavioral,final_token,8,raw,0,1.3727526171656075
activation,naturalistic_behavioral,final_token,8,raw,1,0.08365298549394294
activation,naturalistic_behavioral,final_token,8,raw,2,0.14291278461016102
activation,naturalistic_behavioral,final_token,8,raw,3,0.13689955708779178
activation,naturalistic_behavioral,final_token,8,raw,4,0.06097075044594349
activation,naturalistic_behavioral,final_token,8,raw,5,0.01302695702243931
activation,naturalistic_behavioral,final_token,8,unit_norm,0,0.0014502314683262603
activation,naturalistic_behavioral,final_token,8,unit_norm,1,0.18321386891863295
activation,naturalistic_behavioral,final_token,8,unit_norm,2,0.3230609970788636
activation,naturalistic_behavioral,final_token,8,unit_norm,3,0.31322273160391817
activation,naturalistic_behavioral,final_token,8,unit_norm,4,0.14827551620434687
activation,naturalistic_behavioral,final_token,8,unit_norm,5,0.030776654725912074
activation,naturalistic_behavioral,final_token,9,common_pc1_removed,0,4.206431462486771e-33
activation,naturalistic_behavioral,final_token,9,common_pc1_removed,1,0.0923518939185757
activation,naturalistic_behavioral,final_token,9,common_pc1_removed,2,0.17714298260071812
activation,naturalistic_behavioral,final_token,9,common_pc1_removed,3,0.1704501552960749
activation,naturalistic_behavioral,final_token,9,common_pc1_removed,4,0.08604177669645799
activation,naturalistic_behavioral,final_token,9,common_pc1_removed,5,0.02118959718898261
activation,naturalistic_behavioral,final_token,9,exposure_residualized,0,1.6610366555589568e-28
activation,naturalistic_behavioral,final_token,9,exposure_residualized,1,0.07315112239619716
activation,naturalistic_behavioral,final_token,9,exposure_residualized,2,0.1634970099461186
activation,naturalistic_behavioral,final_token,9,exposure_residualized,3,0.16204498829054392
activation,naturalistic_behavioral,final_token,9,exposure_residualized,4,0.0817891106885918
activation,naturalistic_behavioral,final_token,9,exposure_residualized,5,0.019842898628101575
activation,naturalistic_behavioral,final_token,9,profile_centered,0,0.0
activation,naturalistic_behavioral,final_token,9,profile_centered,1,0.11395677663545069
activation,naturalistic_behavioral,final_token,9,profile_centered,2,0.202518523395445
activation,naturalistic_behavioral,final_token,9,profile_centered,3,0.1972480008834099
activation,naturalistic_behavioral,final_token,9,profile_centered,4,0.09056252975225926
activation,naturalistic_behavioral,final_token,9,profile_centered,5,0.02128700509632542
activation,naturalistic_behavioral,final_token,9,raw,0,1.6003858418878436
activation,naturalistic_behavioral,final_token,9,raw,1,0.11395677663545069
activation,naturalistic_behavioral,final_token,9,raw,2,0.202518523395445
activation,naturalistic_behavioral,final_token,9,raw,3,0.1972480008834099
activation,naturalistic_behavioral,final_token,9,raw,4,0.09056252975225926
activation,naturalistic_behavioral,final_token,9,raw,5,0.02128700509632542
activation,naturalistic_behavioral,final_token,9,unit_norm,0,0.001271678292452722
activation,naturalistic_behavioral,final_token,9,unit_norm,1,0.17661073932358468
activation,naturalistic_behavioral,final_token,9,unit_norm,2,0.321171570152937
activation,naturalistic_behavioral,final_token,9,unit_norm,3,0.31586765224577223
activation,naturalistic_behavioral,final_token,9,unit_norm,4,0.15062788949683473
activation,naturalistic_behavioral,final_token,9,unit_norm,5,0.03445047048841842
activation,naturalistic_behavioral,final_token,10,common_pc1_removed,0,2.8262440961010046e-33
activation,naturalistic_behavioral,final_token,10,common_pc1_removed,1,0.10500172624838734
activation,naturalistic_behavioral,final_token,10,common_pc1_removed,2,0.2006976842556164
activation,naturalistic_behavioral,final_token,10,common_pc1_removed,3,0.18842209029689522
activation,naturalistic_behavioral,final_token,10,common_pc1_removed,4,0.094959178414638
activation,naturalistic_behavioral,final_token,10,common_pc1_removed,5,0.023962894897828598
activation,naturalistic_behavioral,final_token,10,exposure_residualized,0,1.8794382425952512e-28
activation,naturalistic_behavioral,final_token,10,exposure_residualized,1,0.08269317111269042
activation,naturalistic_behavioral,final_token,10,exposure_residualized,2,0.18347019963610278
activation,naturalistic_behavioral,final_token,10,exposure_residualized,3,0.17909426807077827
activation,naturalistic_behavioral,final_token,10,exposure_residualized,4,0.09079039816621283
activation,naturalistic_behavioral,final_token,10,exposure_residualized,5,0.022257045152413016
activation,naturalistic_behavioral,final_token,10,profile_centered,0,0.0
activation,naturalistic_behavioral,final_token,10,profile_centered,1,0.12960653527976387
activation,naturalistic_behavioral,final_token,10,profile_centered,2,0.22632788453158392
activation,naturalistic_behavioral,final_token,10,profile_centered,3,0.2187893804867591
activation,naturalistic_behavioral,final_token,10,profile_centered,4,0.10041609849155003
activation,naturalistic_behavioral,final_token,10,profile_centered,5,0.024064072238005184
activation,naturalistic_behavioral,final_token,10,raw,0,1.7028491354090196
activation,naturalistic_behavioral,final_token,10,raw,1,0.12960653527976387
activation,naturalistic_behavioral,final_token,10,raw,2,0.22632788453158392
activation,naturalistic_behavioral,final_token,10,raw,3,0.2187893804867591
activation,naturalistic_behavioral,final_token,10,raw,4,0.10041609849155003
activation,naturalistic_behavioral,final_token,10,raw,5,0.024064072238005184
activation,naturalistic_behavioral,final_token,10,unit_norm,0,0.001302154040842344
activation,naturalistic_behavioral,final_token,10,unit_norm,1,0.17976216538720086
activation,naturalistic_behavioral,final_token,10,unit_norm,2,0.32245963471080813
activation,naturalistic_behavioral,final_token,10,unit_norm,3,0.31255672195716094
activation,naturalistic_behavioral,final_token,10,unit_norm,4,0.14962574755781988
activation,naturalistic_behavioral,final_token,10,unit_norm,5,0.034293576346167864
activation,naturalistic_behavioral,final_token,11,common_pc1_removed,0,3.4674758757879996e-33
activation,naturalistic_behavioral,final_token,11,common_pc1_removed,1,0.11771217054887283
activation,naturalistic_behavioral,final_token,11,common_pc1_removed,2,0.2170214468781849
activation,naturalistic_behavioral,final_token,11,common_pc1_removed,3,0.2069375912322954
activation,naturalistic_behavioral,final_token,11,common_pc1_removed,4,0.10350877135225389
activation,naturalistic_behavioral,final_token,11,common_pc1_removed,5,0.024470231964364555
activation,naturalistic_behavioral,final_token,11,exposure_residualized,0,2.1724374313386357e-28
activation,naturalistic_behavioral,final_token,11,exposure_residualized,1,0.09043756910848114
activation,naturalistic_behavioral,final_token,11,exposure_residualized,2,0.19789164189341216
activation,naturalistic_behavioral,final_token,11,exposure_residualized,3,0.19426142895228055
activation,naturalistic_behavioral,final_token,11,exposure_residualized,4,0.09887757807853867
activation,naturalistic_behavioral,final_token,11,exposure_residualized,5,0.02302209204782022
activation,naturalistic_behavioral,final_token,11,profile_centered,0,0.0
activation,naturalistic_behavioral,final_token,11,profile_centered,1,0.14303191783769909
activation,naturalistic_behavioral,final_token,11,profile_centered,2,0.24678939916462775
activation,naturalistic_behavioral,final_token,11,profile_centered,3,0.2407931510912781
activation,naturalistic_behavioral,final_token,11,profile_centered,4,0.10867351565767548
activation,naturalistic_behavioral,final_token,11,profile_centered,5,0.024670104053761417
activation,naturalistic_behavioral,final_token,11,raw,0,1.8566619058376084
activation,naturalistic_behavioral,final_token,11,raw,1,0.14303191783769909
activation,naturalistic_behavioral,final_token,11,raw,2,0.24678939916462775
activation,naturalistic_behavioral,final_token,11,raw,3,0.2407931510912781
activation,naturalistic_behavioral,final_token,11,raw,4,0.10867351565767548
activation,naturalistic_behavioral,final_token,11,raw,5,0.024670104053761417
activation,naturalistic_behavioral,final_token,11,unit_norm,0,0.0014204261974048718
activation,naturalistic_behavioral,final_token,11,unit_norm,1,0.18120778223501363
activation,naturalistic_behavioral,final_token,11,unit_norm,2,0.3217197793509886
activation,naturalistic_behavioral,final_token,11,unit_norm,3,0.31459159714677487
activation,naturalistic_behavioral,final_token,11,unit_norm,4,0.14837443703008027
activation,naturalistic_behavioral,final_token,11,unit_norm,5,0.032685978039737856
activation,naturalistic_behavioral,final_token,12,common_pc1_removed,0,1.6656214197921702e-33
activation,naturalistic_behavioral,final_token,12,common_pc1_removed,1,0.13449514694507103
activation,naturalistic_behavioral,final_token,12,common_pc1_removed,2,0.2556216374054905
activation,naturalistic_behavioral,final_token,12,common_pc1_removed,3,0.2524181323836671
activation,naturalistic_behavioral,final_token,12,common_pc1_removed,4,0.12257506536916049
activation,naturalistic_behavioral,final_token,12,common_pc1_removed,5,0.027214037115104395
activation,naturalistic_behavioral,final_token,12,exposure_residualized,0,2.6152473190984373e-28
activation,naturalistic_behavioral,final_token,12,exposure_residualized,1,0.10137601499482668
activation,naturalistic_behavioral,final_token,12,exposure_residualized,2,0.2334953021679116
activation,naturalistic_behavioral,final_token,12,exposure_residualized,3,0.22713746877855656
activation,naturalistic_behavioral,final_token,12,exposure_residualized,4,0.11625432558185031
activation,naturalistic_behavioral,final_token,12,exposure_residualized,5,0.026309846796727425
activation,naturalistic_behavioral,final_token,12,profile_centered,0,0.0
activation,naturalistic_behavioral,final_token,12,profile_centered,1,0.17547635542401657
activation,naturalistic_behavioral,final_token,12,profile_centered,2,0.29418559283544904
activation,naturalistic_behavioral,final_token,12,profile_centered,3,0.2867601265584789
activation,naturalistic_behavioral,final_token,12,profile_centered,4,0.1296231008064208
activation,naturalistic_behavioral,final_token,12,profile_centered,5,0.02835553117997929
activation,naturalistic_behavioral,final_token,12,raw,0,2.4756103442562907
activation,naturalistic_behavioral,final_token,12,raw,1,0.17547635542401657
activation,naturalistic_behavioral,final_token,12,raw,2,0.29418559283544904
activation,naturalistic_behavioral,final_token,12,raw,3,0.2867601265584789
activation,naturalistic_behavioral,final_token,12,raw,4,0.1296231008064208
activation,naturalistic_behavioral,final_token,12,raw,5,0.02835553117997929
activation,naturalistic_behavioral,final_token,12,unit_norm,0,0.0018662420000124138
activation,naturalistic_behavioral,final_token,12,unit_norm,1,0.18344670489870107
activation,naturalistic_behavioral,final_token,12,unit_norm,2,0.32120585761880044
activation,naturalistic_behavioral,final_token,12,unit_norm,3,0.31419741824175773
activation,naturalistic_behavioral,final_token,12,unit_norm,4,0.14765068902103126
activation,naturalistic_behavioral,final_token,12,unit_norm,5,0.03163308821969696
activation,naturalistic_behavioral,final_token,13,common_pc1_removed,0,2.7085610309013305e-32
activation,naturalistic_behavioral,final_token,13,common_pc1_removed,1,0.17317074075132605
activation,naturalistic_behavioral,final_token,13,common_pc1_removed,2,0.3499181808898136
activation,naturalistic_behavioral,final_token,13,common_pc1_removed,3,0.3311081871733447
activation,naturalistic_behavioral,final_token,13,common_pc1_removed,4,0.1640844311678566
activation,naturalistic_behavioral,final_token,13,common_pc1_removed,5,0.03413248337083982
activation,naturalistic_behavioral,final_token,13,exposure_residualized,0,3.1525475371841243e-28
activation,naturalistic_behavioral,final_token,13,exposure_residualized,1,0.13710280988623022
activation,naturalistic_behavioral,final_token,13,exposure_residualized,2,0.31298243198846376
activation,naturalistic_behavioral,final_token,13,exposure_residualized,3,0.30438333880585844
activation,naturalistic_behavioral,final_token,13,exposure_residualized,4,0.16136190073804754
activation,naturalistic_behavioral,final_token,13,exposure_residualized,5,0.032825205389542464
activation,naturalistic_behavioral,final_token,13,profile_centered,0,0.0
activation,naturalistic_behavioral,final_token,13,profile_centered,1,0.2327335478805877
activation,naturalistic_behavioral,final_token,13,profile_centered,2,0.39133998750487103
activation,naturalistic_behavioral,final_token,13,profile_centered,3,0.37257798435911266
activation,naturalistic_behavioral,final_token,13,profile_centered,4,0.17424015948587315
activation,naturalistic_behavioral,final_token,13,profile_centered,5,0.03573250192554352
activation,naturalistic_behavioral,final_token,13,raw,0,2.920495636228806
activation,naturalistic_behavioral,final_token,13,raw,1,0.2327335478805877
activation,naturalistic_behavioral,final_token,13,raw,2,0.39133998750487103
activation,naturalistic_behavioral,final_token,13,raw,3,0.37257798435911266
activation,naturalistic_behavioral,final_token,13,raw,4,0.17424015948587315
activation,naturalistic_behavioral,final_token,13,raw,5,0.03573250192554352
activation,naturalistic_behavioral,final_token,13,unit_norm,0,0.0019928144856842037
activation,naturalistic_behavioral,final_token,13,unit_norm,1,0.18462564607686568
activation,naturalistic_behavioral,final_token,13,unit_norm,2,0.3253027266333424
activation,naturalistic_behavioral,final_token,13,unit_norm,3,0.3090994317983652
activation,naturalistic_behavioral,final_token,13,unit_norm,4,0.14978524561007373
activation,naturalistic_behavioral,final_token,13,unit_norm,5,0.029194135395668827
activation,naturalistic_behavioral,final_token,14,common_pc1_removed,0,6.853703504494131e-33
activation,naturalistic_behavioral,final_token,14,common_pc1_removed,1,0.18298958354967593
activation,naturalistic_behavioral,final_token,14,common_pc1_removed,2,0.38325390889646876
activation,naturalistic_behavioral,final_token,14,common_pc1_removed,3,0.35223806857054635
activation,naturalistic_behavioral,final_token,14,common_pc1_removed,4,0.17789412626711693
activation,naturalistic_behavioral,final_token,14,common_pc1_removed,5,0.03781020988489177
activation,naturalistic_behavioral,final_token,14,exposure_residualized,0,3.1983778623835163e-28
activation,naturalistic_behavioral,final_token,14,exposure_residualized,1,0.1471463118729756
activation,naturalistic_behavioral,final_token,14,exposure_residualized,2,0.3390094614185507
activation,naturalistic_behavioral,final_token,14,exposure_residualized,3,0.3312308545509107
activation,naturalistic_behavioral,final_token,14,exposure_residualized,4,0.17622330213253057
activation,naturalistic_behavioral,final_token,14,exposure_residualized,5,0.03690505096293262
activation,naturalistic_behavioral,final_token,14,profile_centered,0,0.0
activation,naturalistic_behavioral,final_token,14,profile_centered,1,0.25070739876118775
activation,naturalistic_behavioral,final_token,14,profile_centered,2,0.4214872891810032
activation,naturalistic_behavioral,final_token,14,profile_centered,3,0.3992327210913532
activation,naturalistic_behavioral,final_token,14,profile_centered,4,0.19153822839184675
activation,naturalistic_behavioral,final_token,14,profile_centered,5,0.040831972151082994
activation,naturalistic_behavioral,final_token,14,raw,0,3.155493690955388
activation,naturalistic_behavioral,final_token,14,raw,1,0.25070739876118775
activation,naturalistic_behavioral,final_token,14,raw,2,0.4214872891810032
activation,naturalistic_behavioral,final_token,14,raw,3,0.3992327210913532
activation,naturalistic_behavioral,final_token,14,raw,4,0.19153822839184675
activation,naturalistic_behavioral,final_token,14,raw,5,0.040831972151082994
activation,naturalistic_behavioral,final_token,14,unit_norm,0,0.001986091648106416
activation,naturalistic_behavioral,final_token,14,unit_norm,1,0.1837195273267484
activation,naturalistic_behavioral,final_token,14,unit_norm,2,0.3247830849048961
activation,naturalistic_behavioral,final_token,14,unit_norm,3,0.3072004613244877
activation,naturalistic_behavioral,final_token,14,unit_norm,4,0.15201525929000073
activation,naturalistic_behavioral,final_token,14,unit_norm,5,0.030295575505760772
activation,naturalistic_behavioral,final_token,15,common_pc1_removed,0,2.4086957365505114e-32
activation,naturalistic_behavioral,final_token,15,common_pc1_removed,1,0.2262021814000457
activation,naturalistic_behavioral,final_token,15,common_pc1_removed,2,0.47576774164521085
activation,naturalistic_behavioral,final_token,15,common_pc1_removed,3,0.42934219445599886
activation,naturalistic_behavioral,final_token,15,common_pc1_removed,4,0.21309747624266456
activation,naturalistic_behavioral,final_token,15,common_pc1_removed,5,0.04323873118587832
activation,naturalistic_behavioral,final_token,15,exposure_residualized,0,3.6788873453224367e-28
activation,naturalistic_behavioral,final_token,15,exposure_residualized,1,0.1850045934770633
activation,naturalistic_behavioral,final_token,15,exposure_residualized,2,0.41966855311010415
activation,naturalistic_behavioral,final_token,15,exposure_residualized,3,0.40370284280106006
activation,naturalistic_behavioral,final_token,15,exposure_residualized,4,0.21461566108311192
activation,naturalistic_behavioral,final_token,15,exposure_residualized,5,0.043110770962743614
activation,naturalistic_behavioral,final_token,15,profile_centered,0,0.0
activation,naturalistic_behavioral,final_token,15,profile_centered,1,0.3071709287817398
activation,naturalistic_behavioral,final_token,15,profile_centered,2,0.5086678621730212
activation,naturalistic_behavioral,final_token,15,profile_centered,3,0.48363308120853765
activation,naturalistic_behavioral,final_token,15,profile_centered,4,0.23401878339793192
activation,naturalistic_behavioral,final_token,15,profile_centered,5,0.04856233277336776
activation,naturalistic_behavioral,final_token,15,raw,0,3.397739443744685
activation,naturalistic_behavioral,final_token,15,raw,1,0.3071709287817398
activation,naturalistic_behavioral,final_token,15,raw,2,0.5086678621730212
activation,naturalistic_behavioral,final_token,15,raw,3,0.48363308120853765
activation,naturalistic_behavioral,final_token,15,raw,4,0.23401878339793192
activation,naturalistic_behavioral,final_token,15,raw,5,0.04856233277336776
activation,naturalistic_behavioral,final_token,15,unit_norm,0,0.001806366363265035
activation,naturalistic_behavioral,final_token,15,unit_norm,1,0.18659164407839357
activation,naturalistic_behavioral,final_token,15,unit_norm,2,0.3243779890683402
activation,naturalistic_behavioral,final_token,15,unit_norm,3,0.306438874228658
activation,naturalistic_behavioral,final_token,15,unit_norm,4,0.15114908424937679
activation,naturalistic_behavioral,final_token,15,unit_norm,5,0.02963604201196629
activation,naturalistic_behavioral,final_token,16,common_pc1_removed,0,1.9142032596835682e-32
activation,naturalistic_behavioral,final_token,16,common_pc1_removed,1,0.27912381384149976
activation,naturalistic_behavioral,final_token,16,common_pc1_removed,2,0.5805216910735621
activation,naturalistic_behavioral,final_token,16,common_pc1_removed,3,0.536221484832494
activation,naturalistic_behavioral,final_token,16,common_pc1_removed,4,0.26112454002449836
activation,naturalistic_behavioral,final_token,16,common_pc1_removed,5,0.053247785948584515
activation,naturalistic_behavioral,final_token,16,exposure_residualized,0,4.617936665465843e-28
activation,naturalistic_behavioral,final_token,16,exposure_residualized,1,0.22471879040993742
activation,naturalistic_behavioral,final_token,16,exposure_residualized,2,0.5154852660892142
activation,naturalistic_behavioral,final_token,16,exposure_residualized,3,0.5056302184567812
activation,naturalistic_behavioral,final_token,16,exposure_residualized,4,0.2598140875348054
activation,naturalistic_behavioral,final_token,16,exposure_residualized,5,0.0509099653105831
activation,naturalistic_behavioral,final_token,16,profile_centered,0,0.0
activation,naturalistic_behavioral,final_token,16,profile_centered,1,0.3805588601292623
activation,naturalistic_behavioral,final_token,16,profile_centered,2,0.6257707827979629
activation,naturalistic_behavioral,final_token,16,profile_centered,3,0.607975843485603
activation,naturalistic_behavioral,final_token,16,profile_centered,4,0.28730097593395815
activation,naturalistic_behavioral,final_token,16,profile_centered,5,0.058026270751326874
activation,naturalistic_behavioral,final_token,16,raw,0,4.616912686962556
activation,naturalistic_behavioral,final_token,16,raw,1,0.3805588601292623
activation,naturalistic_behavioral,final_token,16,raw,2,0.6257707827979629
activation,naturalistic_behavioral,final_token,16,raw,3,0.607975843485603
activation,naturalistic_behavioral,final_token,16,raw,4,0.28730097593395815
activation,naturalistic_behavioral,final_token,16,raw,5,0.058026270751326874
activation,naturalistic_behavioral,final_token,16,unit_norm,0,0.002074573011266486
activation,naturalistic_behavioral,final_token,16,unit_norm,1,0.1868276242269028
activation,naturalistic_behavioral,final_token,16,unit_norm,2,0.323099531820577
activation,naturalistic_behavioral,final_token,16,unit_norm,3,0.3103941436143411
activation,naturalistic_behavioral,final_token,16,unit_norm,4,0.14867521393527547
activation,naturalistic_behavioral,final_token,16,unit_norm,5,0.028928913391636953
activation,naturalistic_behavioral,final_token,17,common_pc1_removed,0,2.2405200075238817e-32
activation,naturalistic_behavioral,final_token,17,common_pc1_removed,1,0.43519557048023344
activation,naturalistic_behavioral,final_token,17,common_pc1_removed,2,0.8820499108618065
activation,naturalistic_behavioral,final_token,17,common_pc1_removed,3,0.7864426899027227
activation,naturalistic_behavioral,final_token,17,common_pc1_removed,4,0.3778717324987723
activation,naturalistic_behavioral,final_token,17,common_pc1_removed,5,0.08251439626618483
activation,naturalistic_behavioral,final_token,17,exposure_residualized,0,6.449173248179367e-28
activation,naturalistic_behavioral,final_token,17,exposure_residualized,1,0.33824366484481333
activation,naturalistic_behavioral,final_token,17,exposure_residualized,2,0.7910063963320215
activation,naturalistic_behavioral,final_token,17,exposure_residualized,3,0.7839416351866308
activation,naturalistic_behavioral,final_token,17,exposure_residualized,4,0.39211032720651295
activation,naturalistic_behavioral,final_token,17,exposure_residualized,5,0.07957307079760767
activation,naturalistic_behavioral,final_token,17,profile_centered,0,0.0
activation,naturalistic_behavioral,final_token,17,profile_centered,1,0.554878388331551
activation,naturalistic_behavioral,final_token,17,profile_centered,2,0.9486956948617106
activation,naturalistic_behavioral,final_token,17,profile_centered,3,0.9300734253809451
activation,naturalistic_behavioral,final_token,17,profile_centered,4,0.4314595479442056
activation,naturalistic_behavioral,final_token,17,profile_centered,5,0.09322358974862216
activation,naturalistic_behavioral,final_token,17,raw,0,6.72105683128988
activation,naturalistic_behavioral,final_token,17,raw,1,0.554878388331551
activation,naturalistic_behavioral,final_token,17,raw,2,0.9486956948617106
activation,naturalistic_behavioral,final_token,17,raw,3,0.9300734253809451
activation,naturalistic_behavioral,final_token,17,raw,4,0.4314595479442056
activation,naturalistic_behavioral,final_token,17,raw,5,0.09322358974862216
activation,naturalistic_behavioral,final_token,17,unit_norm,0,0.002349124719029839
activation,naturalistic_behavioral,final_token,17,unit_norm,1,0.1823174357695012
activation,naturalistic_behavioral,final_token,17,unit_norm,2,0.3249948542537884
activation,naturalistic_behavioral,final_token,17,unit_norm,3,0.31392789771048074
activation,naturalistic_behavioral,final_token,17,unit_norm,4,0.14581327414186487
activation,naturalistic_behavioral,final_token,17,unit_norm,5,0.030597413405334905
activation,naturalistic_behavioral,final_token,18,common_pc1_removed,0,1.5813809484681994e-32
activation,naturalistic_behavioral,final_token,18,common_pc1_removed,1,0.5485714079103585
activation,naturalistic_behavioral,final_token,18,common_pc1_removed,2,1.1093217640414776
activation,naturalistic_behavioral,final_token,18,common_pc1_removed,3,0.988035096907077
activation,naturalistic_behavioral,final_token,18,common_pc1_removed,4,0.4691830307597157
activation,naturalistic_behavioral,final_token,18,common_pc1_removed,5,0.10520721373149469
activation,naturalistic_behavioral,final_token,18,exposure_residualized,0,7.95715245676777e-28
activation,naturalistic_behavioral,final_token,18,exposure_residualized,1,0.43474770227330745
activation,naturalistic_behavioral,final_token,18,exposure_residualized,2,0.996066608457145
activation,naturalistic_behavioral,final_token,18,exposure_residualized,3,0.9676519092426572
activation,naturalistic_behavioral,final_token,18,exposure_residualized,4,0.4798754813307054
activation,naturalistic_behavioral,final_token,18,exposure_residualized,5,0.10291087257165793
activation,naturalistic_behavioral,final_token,18,profile_centered,0,0.0
activation,naturalistic_behavioral,final_token,18,profile_centered,1,0.698701412900067
activation,naturalistic_behavioral,final_token,18,profile_centered,2,1.1915370930837987
activation,naturalistic_behavioral,final_token,18,profile_centered,3,1.157613070825371
activation,naturalistic_behavioral,final_token,18,profile_centered,4,0.5337913242381632
activation,naturalistic_behavioral,final_token,18,profile_centered,5,0.12036939849780348
activation,naturalistic_behavioral,final_token,18,raw,0,8.702212662177226
activation,naturalistic_behavioral,final_token,18,raw,1,0.698701412900067
activation,naturalistic_behavioral,final_token,18,raw,2,1.1915370930837987
activation,naturalistic_behavioral,final_token,18,raw,3,1.157613070825371
activation,naturalistic_behavioral,final_token,18,raw,4,0.5337913242381632
activation,naturalistic_behavioral,final_token,18,raw,5,0.12036939849780348
activation,naturalistic_behavioral,final_token,18,unit_norm,0,0.0025856124938425577
activation,naturalistic_behavioral,final_token,18,unit_norm,1,0.183056953434183
activation,naturalistic_behavioral,final_token,18,unit_norm,2,0.3255912459064029
activation,naturalistic_behavioral,final_token,18,unit_norm,3,0.31341873743257115
activation,naturalistic_behavioral,final_token,18,unit_norm,4,0.14419029332956754
activation,naturalistic_behavioral,final_token,18,unit_norm,5,0.031157157403432976
activation,naturalistic_behavioral,final_token,19,common_pc1_removed,0,1.0088044472470056e-32
activation,naturalistic_behavioral,final_token,19,common_pc1_removed,1,0.6377822361256362
activation,naturalistic_behavioral,final_token,19,common_pc1_removed,2,1.2773883525169603
activation,naturalistic_behavioral,final_token,19,common_pc1_removed,3,1.1436380961000425
activation,naturalistic_behavioral,final_token,19,common_pc1_removed,4,0.5457426582072692
activation,naturalistic_behavioral,final_token,19,common_pc1_removed,5,0.12111493397612208
activation,naturalistic_behavioral,final_token,19,exposure_residualized,0,9.188304671336832e-28
activation,naturalistic_behavioral,final_token,19,exposure_residualized,1,0.5046722070972238
activation,naturalistic_behavioral,final_token,19,exposure_residualized,2,1.1505892184936477
activation,naturalistic_behavioral,final_token,19,exposure_residualized,3,1.115170460396136
activation,naturalistic_behavioral,final_token,19,exposure_residualized,4,0.5546016016362744
activation,naturalistic_behavioral,final_token,19,exposure_residualized,5,0.11873980829272723
activation,naturalistic_behavioral,final_token,19,profile_centered,0,0.0
activation,naturalistic_behavioral,final_token,19,profile_centered,1,0.805734839294145
activation,naturalistic_behavioral,final_token,19,profile_centered,2,1.3691912305811298
activation,naturalistic_behavioral,final_token,19,profile_centered,3,1.3323620740208009
activation,naturalistic_behavioral,final_token,19,profile_centered,4,0.6212275064370916
activation,naturalistic_behavioral,final_token,19,profile_centered,5,0.13826661470056084
activation,naturalistic_behavioral,final_token,19,raw,0,9.940717446050368
activation,naturalistic_behavioral,final_token,19,raw,1,0.805734839294145
activation,naturalistic_behavioral,final_token,19,raw,2,1.3691912305811298
activation,naturalistic_behavioral,final_token,19,raw,3,1.3323620740208009
activation,naturalistic_behavioral,final_token,19,raw,4,0.6212275064370916
activation,naturalistic_behavioral,final_token,19,raw,5,0.13826661470056084
activation,naturalistic_behavioral,final_token,19,unit_norm,0,0.002639363949435192
activation,naturalistic_behavioral,final_token,19,unit_norm,1,0.18323936447947733
activation,naturalistic_behavioral,final_token,19,unit_norm,2,0.3248691400751077
activation,naturalistic_behavioral,final_token,19,unit_norm,3,0.31195888241295977
activation,naturalistic_behavioral,final_token,19,unit_norm,4,0.14626774059563918
activation,naturalistic_behavioral,final_token,19,unit_norm,5,0.0310255084873807
activation,naturalistic_behavioral,final_token,20,common_pc1_removed,0,1.139935804283123e-32
activation,naturalistic_behavioral,final_token,20,common_pc1_removed,1,0.7247221611465418
activation,naturalistic_behavioral,final_token,20,common_pc1_removed,2,1.471153461955231
activation,naturalistic_behavioral,final_token,20,common_pc1_removed,3,1.3352096551280512
activation,naturalistic_behavioral,final_token,20,common_pc1_removed,4,0.6184479290869592
activation,naturalistic_behavioral,final_token,20,common_pc1_removed,5,0.13673902414543732
activation,naturalistic_behavioral,final_token,20,exposure_residualized,0,1.0793559850002787e-27
activation,naturalistic_behavioral,final_token,20,exposure_residualized,1,0.5857754620943352
activation,naturalistic_behavioral,final_token,20,exposure_residualized,2,1.3160538743707315
activation,naturalistic_behavioral,final_token,20,exposure_residualized,3,1.2816639270583625
activation,naturalistic_behavioral,final_token,20,exposure_residualized,4,0.6271740113467134
activation,naturalistic_behavioral,final_token,20,exposure_residualized,5,0.13197081789447357
activation,naturalistic_behavioral,final_token,20,profile_centered,0,0.0
activation,naturalistic_behavioral,final_token,20,profile_centered,1,0.9449528568487049
activation,naturalistic_behavioral,final_token,20,profile_centered,2,1.5618196559860513
activation,naturalistic_behavioral,final_token,20,profile_centered,3,1.5245302593798478
activation,naturalistic_behavioral,final_token,20,profile_centered,4,0.7019734688065817
activation,naturalistic_behavioral,final_token,20,profile_centered,5,0.15363163889387368
activation,naturalistic_behavioral,final_token,20,raw,0,11.41723103401917
activation,naturalistic_behavioral,final_token,20,raw,1,0.9449528568487049
activation,naturalistic_behavioral,final_token,20,raw,2,1.5618196559860513
activation,naturalistic_behavioral,final_token,20,raw,3,1.5245302593798478
activation,naturalistic_behavioral,final_token,20,raw,4,0.7019734688065817
activation,naturalistic_behavioral,final_token,20,raw,5,0.15363163889387368
activation,naturalistic_behavioral,final_token,20,unit_norm,0,0.0026676894539397504
activation,naturalistic_behavioral,final_token,20,unit_norm,1,0.1872348886262893
activation,naturalistic_behavioral,final_token,20,unit_norm,2,0.3231982558920323
activation,naturalistic_behavioral,final_token,20,unit_norm,3,0.31156568685248326
activation,naturalistic_behavioral,final_token,20,unit_norm,4,0.14500974127662147
activation,naturalistic_behavioral,final_token,20,unit_norm,5,0.030323737898633886
activation,naturalistic_behavioral,final_token,21,common_pc1_removed,0,1.404913143030949e-32
activation,naturalistic_behavioral,final_token,21,common_pc1_removed,1,1.084899471869512
activation,naturalistic_behavioral,final_token,21,common_pc1_removed,2,2.1574421206883976
activation,naturalistic_behavioral,final_token,21,common_pc1_removed,3,1.9082578690256955
activation,naturalistic_behavioral,final_token,21,common_pc1_removed,4,0.9011730152834169
activation,naturalistic_behavioral,final_token,21,common_pc1_removed,5,0.19920675384505815
activation,naturalistic_behavioral,final_token,21,exposure_residualized,0,1.603737041761051e-27
activation,naturalistic_behavioral,final_token,21,exposure_residualized,1,0.8518999100589156
activation,naturalistic_behavioral,final_token,21,exposure_residualized,2,1.9303656314264328
activation,naturalistic_behavioral,final_token,21,exposure_residualized,3,1.8745563008149888
activation,naturalistic_behavioral,final_token,21,exposure_residualized,4,0.932338025144746
activation,naturalistic_behavioral,final_token,21,exposure_residualized,5,0.20058200178451607
activation,naturalistic_behavioral,final_token,21,profile_centered,0,0.0
activation,naturalistic_behavioral,final_token,21,profile_centered,1,1.3818984788657303
activation,naturalistic_behavioral,final_token,21,profile_centered,2,2.2998271369551118
activation,naturalistic_behavioral,final_token,21,profile_centered,3,2.229618405284149
activation,naturalistic_behavioral,final_token,21,profile_centered,4,1.0439754231247105
activation,naturalistic_behavioral,final_token,21,profile_centered,5,0.24010000242947133
activation,naturalistic_behavioral,final_token,21,raw,0,17.486797644689467
activation,naturalistic_behavioral,final_token,21,raw,1,1.3818984788657303
activation,naturalistic_behavioral,final_token,21,raw,2,2.2998271369551118
activation,naturalistic_behavioral,final_token,21,raw,3,2.229618405284149
activation,naturalistic_behavioral,final_token,21,raw,4,1.0439754231247105
activation,naturalistic_behavioral,final_token,21,raw,5,0.24010000242947133
activation,naturalistic_behavioral,final_token,21,unit_norm,0,0.0028334625216563077
activation,naturalistic_behavioral,final_token,21,unit_norm,1,0.18623205859245504
activation,naturalistic_behavioral,final_token,21,unit_norm,2,0.3236456556309212
activation,naturalistic_behavioral,final_token,21,unit_norm,3,0.31004053805111564
activation,naturalistic_behavioral,final_token,21,unit_norm,4,0.14573274703833033
activation,naturalistic_behavioral,final_token,21,unit_norm,5,0.03151553816552171
activation,naturalistic_behavioral,final_token,22,common_pc1_removed,0,4.384737422964809e-32
activation,naturalistic_behavioral,final_token,22,common_pc1_removed,1,1.3241049634859614
activation,naturalistic_behavioral,final_token,22,common_pc1_removed,2,2.718420514461061
activation,naturalistic_behavioral,final_token,22,common_pc1_removed,3,2.4093564339377918
activation,naturalistic_behavioral,final_token,22,common_pc1_removed,4,1.116101935471151
activation,naturalistic_behavioral,final_token,22,common_pc1_removed,5,0.2385507599193875
activation,naturalistic_behavioral,final_token,22,exposure_residualized,0,2.0794251210065423e-27
activation,naturalistic_behavioral,final_token,22,exposure_residualized,1,1.0582110550632717
activation,naturalistic_behavioral,final_token,22,exposure_residualized,2,2.40568728589269
activation,naturalistic_behavioral,final_token,22,exposure_residualized,3,2.3438219288504816
activation,naturalistic_behavioral,final_token,22,exposure_residualized,4,1.1595110303974487
activation,naturalistic_behavioral,final_token,22,exposure_residualized,5,0.23995467980470137
activation,naturalistic_behavioral,final_token,22,profile_centered,0,0.0
activation,naturalistic_behavioral,final_token,22,profile_centered,1,1.7228519936491198
activation,naturalistic_behavioral,final_token,22,profile_centered,2,2.8663389686360103
activation,naturalistic_behavioral,final_token,22,profile_centered,3,2.794842760649024
activation,naturalistic_behavioral,final_token,22,profile_centered,4,1.3050136410979956
activation,naturalistic_behavioral,final_token,22,profile_centered,5,0.28742979746504227
activation,naturalistic_behavioral,final_token,22,raw,0,21.643661188028332
activation,naturalistic_behavioral,final_token,22,raw,1,1.7228519936491198
activation,naturalistic_behavioral,final_token,22,raw,2,2.8663389686360103
activation,naturalistic_behavioral,final_token,22,raw,3,2.794842760649024
activation,naturalistic_behavioral,final_token,22,raw,4,1.3050136410979956
activation,naturalistic_behavioral,final_token,22,raw,5,0.28742979746504227
activation,naturalistic_behavioral,final_token,22,unit_norm,0,0.002811640193382813
activation,naturalistic_behavioral,final_token,22,unit_norm,1,0.1850865960552641
activation,naturalistic_behavioral,final_token,22,unit_norm,2,0.32421826487453326
activation,naturalistic_behavioral,final_token,22,unit_norm,3,0.3113647738472486
activation,naturalistic_behavioral,final_token,22,unit_norm,4,0.14622373106237094
activation,naturalistic_behavioral,final_token,22,unit_norm,5,0.03029499396720023
activation,naturalistic_behavioral,final_token,23,common_pc1_removed,0,5.2695432032353316e-33
activation,naturalistic_behavioral,final_token,23,common_pc1_removed,1,1.7072909151913769
activation,naturalistic_behavioral,final_token,23,common_pc1_removed,2,3.441630912983295
activation,naturalistic_behavioral,final_token,23,common_pc1_removed,3,3.004596298385579
activation,naturalistic_behavioral,final_token,23,common_pc1_removed,4,1.3989032770667886
activation,naturalistic_behavioral,final_token,23,common_pc1_removed,5,0.30144010124662646
activation,naturalistic_behavioral,final_token,23,exposure_residualized,0,2.58248982975767e-27
activation,naturalistic_behavioral,final_token,23,exposure_residualized,1,1.3621088730673137
activation,naturalistic_behavioral,final_token,23,exposure_residualized,2,3.055558083788038
activation,naturalistic_behavioral,final_token,23,exposure_residualized,3,2.954733317805369
activation,naturalistic_behavioral,final_token,23,exposure_residualized,4,1.4580558601954818
activation,naturalistic_behavioral,final_token,23,exposure_residualized,5,0.3095063811892813
activation,naturalistic_behavioral,final_token,23,profile_centered,0,0.0
activation,naturalistic_behavioral,final_token,23,profile_centered,1,2.1865744972285204
activation,naturalistic_behavioral,final_token,23,profile_centered,2,3.635930895499127
activation,naturalistic_behavioral,final_token,23,profile_centered,3,3.515300813551683
activation,naturalistic_behavioral,final_token,23,profile_centered,4,1.6453356115591597
activation,naturalistic_behavioral,final_token,23,profile_centered,5,0.37327795473875985
activation,naturalistic_behavioral,final_token,23,raw,0,28.02522100187152
activation,naturalistic_behavioral,final_token,23,raw,1,2.1865744972285204
activation,naturalistic_behavioral,final_token,23,raw,2,3.635930895499127
activation,naturalistic_behavioral,final_token,23,raw,3,3.515300813551683
activation,naturalistic_behavioral,final_token,23,raw,4,1.6453356115591597
activation,naturalistic_behavioral,final_token,23,raw,5,0.37327795473875985
activation,naturalistic_behavioral,final_token,23,unit_norm,0,0.002758045845377697
activation,naturalistic_behavioral,final_token,23,unit_norm,1,0.18557374792657033
activation,naturalistic_behavioral,final_token,23,unit_norm,2,0.32454107588720676
activation,naturalistic_behavioral,final_token,23,unit_norm,3,0.31003159743165576
activation,naturalistic_behavioral,final_token,23,unit_norm,4,0.14613944325010694
activation,naturalistic_behavioral,final_token,23,unit_norm,5,0.03095608965908259
activation,naturalistic_behavioral,final_token,24,common_pc1_removed,0,5.831324420161906e-33
activation,naturalistic_behavioral,final_token,24,common_pc1_removed,1,1.991765846695011
activation,naturalistic_behavioral,final_token,24,common_pc1_removed,2,4.062243336725469
activation,naturalistic_behavioral,final_token,24,common_pc1_removed,3,3.5870387829023174
activation,naturalistic_behavioral,final_token,24,common_pc1_removed,4,1.6421728843614312
activation,naturalistic_behavioral,final_token,24,common_pc1_removed,5,0.3557655727588189
activation,naturalistic_behavioral,final_token,24,exposure_residualized,0,3.0179262913902127e-27
activation,naturalistic_behavioral,final_token,24,exposure_residualized,1,1.5979394765168091
activation,naturalistic_behavioral,final_token,24,exposure_residualized,2,3.602143214799355
activation,naturalistic_behavioral,final_token,24,exposure_residualized,3,3.4912914176996566
activation,naturalistic_behavioral,final_token,24,exposure_residualized,4,1.711919439868828
activation,naturalistic_behavioral,final_token,24,exposure_residualized,5,0.35634865810745353
activation,naturalistic_behavioral,final_token,24,profile_centered,0,0.0
activation,naturalistic_behavioral,final_token,24,profile_centered,1,2.5521605197421993
activation,naturalistic_behavioral,final_token,24,profile_centered,2,4.284662295466791
activation,naturalistic_behavioral,final_token,24,profile_centered,3,4.152105642278539
activation,naturalistic_behavioral,final_token,24,profile_centered,4,1.9220424080074308
activation,naturalistic_behavioral,final_token,24,profile_centered,5,0.4290998303294264
activation,naturalistic_behavioral,final_token,24,raw,0,33.95188728901392
activation,naturalistic_behavioral,final_token,24,raw,1,2.5521605197421993
activation,naturalistic_behavioral,final_token,24,raw,2,4.284662295466791
activation,naturalistic_behavioral,final_token,24,raw,3,4.152105642278539
activation,naturalistic_behavioral,final_token,24,raw,4,1.9220424080074308
activation,naturalistic_behavioral,final_token,24,raw,5,0.4290998303294264
activation,naturalistic_behavioral,final_token,24,unit_norm,0,0.0025900602092619063
activation,naturalistic_behavioral,final_token,24,unit_norm,1,0.18470559871627007
activation,naturalistic_behavioral,final_token,24,unit_norm,2,0.32515472454774563
activation,naturalistic_behavioral,final_token,24,unit_norm,3,0.31166678809000253
activation,naturalistic_behavioral,final_token,24,unit_norm,4,0.14549308838775146
activation,naturalistic_behavioral,final_token,24,unit_norm,5,0.030389740048968418
activation,naturalistic_behavioral,final_token,25,common_pc1_removed,0,1.154393219904429e-32
activation,naturalistic_behavioral,final_token,25,common_pc1_removed,1,2.392059991015774
activation,naturalistic_behavioral,final_token,25,common_pc1_removed,2,4.9702278219324665
activation,naturalistic_behavioral,final_token,25,common_pc1_removed,3,4.3950447935812935
activation,naturalistic_behavioral,final_token,25,common_pc1_removed,4,2.0000549427403858
activation,naturalistic_behavioral,final_token,25,common_pc1_removed,5,0.43803984951731534
activation,naturalistic_behavioral,final_token,25,exposure_residualized,0,3.700754566574531e-27
activation,naturalistic_behavioral,final_token,25,exposure_residualized,1,1.9305719128881476
activation,naturalistic_behavioral,final_token,25,exposure_residualized,2,4.412271877542346
activation,naturalistic_behavioral,final_token,25,exposure_residualized,3,4.221380701900526
activation,naturalistic_behavioral,final_token,25,exposure_residualized,4,2.078727409742971
activation,naturalistic_behavioral,final_token,25,exposure_residualized,5,0.42792837049006327
activation,naturalistic_behavioral,final_token,25,profile_centered,0,0.0
activation,naturalistic_behavioral,final_token,25,profile_centered,1,3.0713637052893126
activation,naturalistic_behavioral,final_token,25,profile_centered,2,5.237237076638666
activation,naturalistic_behavioral,final_token,25,profile_centered,3,5.041906784518062
activation,naturalistic_behavioral,final_token,25,profile_centered,4,2.340239318827353
activation,naturalistic_behavioral,final_token,25,profile_centered,5,0.5140509614298965
activation,naturalistic_behavioral,final_token,25,raw,0,41.78110231037904
activation,naturalistic_behavioral,final_token,25,raw,1,3.0713637052893126
activation,naturalistic_behavioral,final_token,25,raw,2,5.237237076638666
activation,naturalistic_behavioral,final_token,25,raw,3,5.041906784518062
activation,naturalistic_behavioral,final_token,25,raw,4,2.340239318827353
activation,naturalistic_behavioral,final_token,25,raw,5,0.5140509614298965
activation,naturalistic_behavioral,final_token,25,unit_norm,0,0.0026041043578494943
activation,naturalistic_behavioral,final_token,25,unit_norm,1,0.18381363084850721
activation,naturalistic_behavioral,final_token,25,unit_norm,2,0.3265599325793489
activation,naturalistic_behavioral,final_token,25,unit_norm,3,0.3117655737496761
activation,naturalistic_behavioral,final_token,25,unit_norm,4,0.1452616026192443
activation,naturalistic_behavioral,final_token,25,unit_norm,5,0.02999515584537378
activation,naturalistic_behavioral,final_token,26,common_pc1_removed,0,6.71249718533456e-32
activation,naturalistic_behavioral,final_token,26,common_pc1_removed,1,2.9843557742029865
activation,naturalistic_behavioral,final_token,26,common_pc1_removed,2,6.235284629528091
activation,naturalistic_behavioral,final_token,26,common_pc1_removed,3,5.5013406712102695
activation,naturalistic_behavioral,final_token,26,common_pc1_removed,4,2.5156069909390038
activation,naturalistic_behavioral,final_token,26,common_pc1_removed,5,0.5515925357687042
activation,naturalistic_behavioral,final_token,26,exposure_residualized,0,4.483265074719092e-27
activation,naturalistic_behavioral,final_token,26,exposure_residualized,1,2.411187222780534
activation,naturalistic_behavioral,final_token,26,exposure_residualized,2,5.52637071024664
activation,naturalistic_behavioral,final_token,26,exposure_residualized,3,5.290413434302446
activation,naturalistic_behavioral,final_token,26,exposure_residualized,4,2.5918888935483846
activation,naturalistic_behavioral,final_token,26,exposure_residualized,5,0.5237951127181505
activation,naturalistic_behavioral,final_token,26,profile_centered,0,0.0
activation,naturalistic_behavioral,final_token,26,profile_centered,1,3.8100012421417904
activation,naturalistic_behavioral,final_token,26,profile_centered,2,6.572820015829391
activation,naturalistic_behavioral,final_token,26,profile_centered,3,6.275761736694488
activation,naturalistic_behavioral,final_token,26,profile_centered,4,2.923613223625461
activation,naturalistic_behavioral,final_token,26,profile_centered,5,0.6326246189398388
activation,naturalistic_behavioral,final_token,26,raw,0,51.97276847529972
activation,naturalistic_behavioral,final_token,26,raw,1,3.8100012421417904
activation,naturalistic_behavioral,final_token,26,raw,2,6.572820015829391
activation,naturalistic_behavioral,final_token,26,raw,3,6.275761736694488
activation,naturalistic_behavioral,final_token,26,raw,4,2.923613223625461
activation,naturalistic_behavioral,final_token,26,raw,5,0.6326246189398388
activation,naturalistic_behavioral,final_token,26,unit_norm,0,0.0025206728232251207
activation,naturalistic_behavioral,final_token,26,unit_norm,1,0.18322169835105345
activation,naturalistic_behavioral,final_token,26,unit_norm,2,0.3274630624416522
activation,naturalistic_behavioral,final_token,26,unit_norm,3,0.31107228833995704
activation,naturalistic_behavioral,final_token,26,unit_norm,4,0.1460871187594903
activation,naturalistic_behavioral,final_token,26,unit_norm,5,0.029635159284622285
activation,naturalistic_behavioral,final_token,27,common_pc1_removed,0,2.2326894818528603e-31
activation,naturalistic_behavioral,final_token,27,common_pc1_removed,1,3.546594335622649
activation,naturalistic_behavioral,final_token,27,common_pc1_removed,2,7.6004947832893635
activation,naturalistic_behavioral,final_token,27,common_pc1_removed,3,6.7808918542607195
activation,naturalistic_behavioral,final_token,27,common_pc1_removed,4,3.1109799043008284
activation,naturalistic_behavioral,final_token,27,common_pc1_removed,5,0.6709328222246347
activation,naturalistic_behavioral,final_token,27,exposure_residualized,0,5.389247741103625e-27
activation,naturalistic_behavioral,final_token,27,exposure_residualized,1,2.914912539025518
activation,naturalistic_behavioral,final_token,27,exposure_residualized,2,6.747689658700582
activation,naturalistic_behavioral,final_token,27,exposure_residualized,3,6.407979904269049
activation,naturalistic_behavioral,final_token,27,exposure_residualized,4,3.164161703002126
activation,naturalistic_behavioral,final_token,27,exposure_residualized,5,0.6311508311283764
activation,naturalistic_behavioral,final_token,27,profile_centered,0,0.0
activation,naturalistic_behavioral,final_token,27,profile_centered,1,4.580074398642345
activation,naturalistic_behavioral,final_token,27,profile_centered,2,7.995165051571095
activation,naturalistic_behavioral,final_token,27,profile_centered,3,7.606120988286993
activation,naturalistic_behavioral,final_token,27,profile_centered,4,3.587350012490221
activation,naturalistic_behavioral,final_token,27,profile_centered,5,0.7554485439827219
activation,naturalistic_behavioral,final_token,27,raw,0,64.31632485892672
activation,naturalistic_behavioral,final_token,27,raw,1,4.580074398642345
activation,naturalistic_behavioral,final_token,27,raw,2,7.995165051571095
activation,naturalistic_behavioral,final_token,27,raw,3,7.606120988286993
activation,naturalistic_behavioral,final_token,27,raw,4,3.587350012490221
activation,naturalistic_behavioral,final_token,27,raw,5,0.7554485439827219
activation,naturalistic_behavioral,final_token,27,unit_norm,0,0.0023772785304801217
activation,naturalistic_behavioral,final_token,27,unit_norm,1,0.18145475181958112
activation,naturalistic_behavioral,final_token,27,unit_norm,2,0.3276674915876319
activation,naturalistic_behavioral,final_token,27,unit_norm,3,0.3119862092430715
activation,naturalistic_behavioral,final_token,27,unit_norm,4,0.14719947921731505
activation,naturalistic_behavioral,final_token,27,unit_norm,5,0.029314789601920455
activation,naturalistic_behavioral,final_token,28,common_pc1_removed,0,5.877591398543776e-32
activation,naturalistic_behavioral,final_token,28,common_pc1_removed,1,4.291796166397384
activation,naturalistic_behavioral,final_token,28,common_pc1_removed,2,9.478280823210147
activation,naturalistic_behavioral,final_token,28,common_pc1_removed,3,8.514922006429762
activation,naturalistic_behavioral,final_token,28,common_pc1_removed,4,3.91392340815647
activation,naturalistic_behavioral,final_token,28,common_pc1_removed,5,0.8487529842934858
activation,naturalistic_behavioral,final_token,28,exposure_residualized,0,6.459925991435832e-27
activation,naturalistic_behavioral,final_token,28,exposure_residualized,1,3.6148032947228432
activation,naturalistic_behavioral,final_token,28,exposure_residualized,2,8.447934533870093
activation,naturalistic_behavioral,final_token,28,exposure_residualized,3,7.96373110512922
activation,naturalistic_behavioral,final_token,28,exposure_residualized,4,3.9163573055850023
activation,naturalistic_behavioral,final_token,28,exposure_residualized,5,0.7819830325820554
activation,naturalistic_behavioral,final_token,28,profile_centered,0,0.0
activation,naturalistic_behavioral,final_token,28,profile_centered,1,5.673685144050064
activation,naturalistic_behavioral,final_token,28,profile_centered,2,9.917001580052256
activation,naturalistic_behavioral,final_token,28,profile_centered,3,9.39534599424872
activation,naturalistic_behavioral,final_token,28,profile_centered,4,4.437836194214304
activation,naturalistic_behavioral,final_token,28,profile_centered,5,0.9236070234415722
activation,naturalistic_behavioral,final_token,28,raw,0,72.0553336868787
activation,naturalistic_behavioral,final_token,28,raw,1,5.673685144050064
activation,naturalistic_behavioral,final_token,28,raw,2,9.917001580052256
activation,naturalistic_behavioral,final_token,28,raw,3,9.39534599424872
activation,naturalistic_behavioral,final_token,28,raw,4,4.437836194214304
activation,naturalistic_behavioral,final_token,28,raw,5,0.9236070234415722
activation,naturalistic_behavioral,final_token,28,unit_norm,0,0.0021802791514536363
activation,naturalistic_behavioral,final_token,28,unit_norm,1,0.18223296084837579
activation,naturalistic_behavioral,final_token,28,unit_norm,2,0.32785020528062014
activation,naturalistic_behavioral,final_token,28,unit_norm,3,0.3112589424891935
activation,naturalistic_behavioral,final_token,28,unit_norm,4,0.14726349231186278
activation,naturalistic_behavioral,final_token,28,unit_norm,5,0.029214119918494232
activation,naturalistic_behavioral,final_token,29,common_pc1_removed,0,4.473332231291222e-32
activation,naturalistic_behavioral,final_token,29,common_pc1_removed,1,5.73208501142929
activation,naturalistic_behavioral,final_token,29,common_pc1_removed,2,12.975310207253546
activation,naturalistic_behavioral,final_token,29,common_pc1_removed,3,12.007365986323931
activation,naturalistic_behavioral,final_token,29,common_pc1_removed,4,5.4223039682721215
activation,naturalistic_behavioral,final_token,29,common_pc1_removed,5,1.1814548102362825
activation,naturalistic_behavioral,final_token,29,exposure_residualized,0,8.9009684338273e-27
activation,naturalistic_behavioral,final_token,29,exposure_residualized,1,4.988615074590125
activation,naturalistic_behavioral,final_token,29,exposure_residualized,2,11.607348116512032
activation,naturalistic_behavioral,final_token,29,exposure_residualized,3,10.973539166190672
activation,naturalistic_behavioral,final_token,29,exposure_residualized,4,5.358252061487107
activation,naturalistic_behavioral,final_token,29,exposure_residualized,5,1.0660528455866607
activation,naturalistic_behavioral,final_token,29,profile_centered,0,0.0
activation,naturalistic_behavioral,final_token,29,profile_centered,1,7.8844625885452455
activation,naturalistic_behavioral,final_token,29,profile_centered,2,13.645447419004597
activation,naturalistic_behavioral,final_token,29,profile_centered,3,12.933801391816777
activation,naturalistic_behavioral,final_token,29,profile_centered,4,6.098336187488694
activation,naturalistic_behavioral,final_token,29,profile_centered,5,1.252783716936497
activation,naturalistic_behavioral,final_token,29,raw,0,96.79788013919773
activation,naturalistic_behavioral,final_token,29,raw,1,7.8844625885452455
activation,naturalistic_behavioral,final_token,29,raw,2,13.645447419004597
activation,naturalistic_behavioral,final_token,29,raw,3,12.933801391816777
activation,naturalistic_behavioral,final_token,29,raw,4,6.098336187488694
activation,naturalistic_behavioral,final_token,29,raw,5,1.252783716936497
activation,naturalistic_behavioral,final_token,29,unit_norm,0,0.0019705071721067232
activation,naturalistic_behavioral,final_token,29,unit_norm,1,0.18356607656660098
activation,naturalistic_behavioral,final_token,29,unit_norm,2,0.32653053956168926
activation,naturalistic_behavioral,final_token,29,unit_norm,3,0.3120105475983119
activation,naturalistic_behavioral,final_token,29,unit_norm,4,0.14686504395687766
activation,naturalistic_behavioral,final_token,29,unit_norm,5,0.029057285144413456
activation,naturalistic_behavioral,final_token,30,common_pc1_removed,0,3.09245775114923e-32
activation,naturalistic_behavioral,final_token,30,common_pc1_removed,1,8.96303939749147
activation,naturalistic_behavioral,final_token,30,common_pc1_removed,2,20.47754953444403
activation,naturalistic_behavioral,final_token,30,common_pc1_removed,3,19.004361587675557
activation,naturalistic_behavioral,final_token,30,common_pc1_removed,4,8.8718537733275
activation,naturalistic_behavioral,final_token,30,common_pc1_removed,5,1.8661283917413438
activation,naturalistic_behavioral,final_token,30,exposure_residualized,0,1.384436883608432e-26
activation,naturalistic_behavioral,final_token,30,exposure_residualized,1,7.8880355402767055
activation,naturalistic_behavioral,final_token,30,exposure_residualized,2,18.26447182997169
activation,naturalistic_behavioral,final_token,30,exposure_residualized,3,17.101517006429685
activation,naturalistic_behavioral,final_token,30,exposure_residualized,4,8.47974272668873
activation,naturalistic_behavioral,final_token,30,exposure_residualized,5,1.6023802374684815
activation,naturalistic_behavioral,final_token,30,profile_centered,0,0.0
activation,naturalistic_behavioral,final_token,30,profile_centered,1,13.00824357470474
activation,naturalistic_behavioral,final_token,30,profile_centered,2,21.808598141393652
activation,naturalistic_behavioral,final_token,30,profile_centered,3,20.184146057505583
activation,naturalistic_behavioral,final_token,30,profile_centered,4,9.716246748195239
activation,naturalistic_behavioral,final_token,30,profile_centered,5,1.89322784904207
activation,naturalistic_behavioral,final_token,30,raw,0,175.5460927381107
activation,naturalistic_behavioral,final_token,30,raw,1,13.00824357470474
activation,naturalistic_behavioral,final_token,30,raw,2,21.808598141393652
activation,naturalistic_behavioral,final_token,30,raw,3,20.184146057505583
activation,naturalistic_behavioral,final_token,30,raw,4,9.716246748195239
activation,naturalistic_behavioral,final_token,30,raw,5,1.89322784904207
activation,naturalistic_behavioral,final_token,30,unit_norm,0,0.0020876746528739405
activation,naturalistic_behavioral,final_token,30,unit_norm,1,0.18883523530656812
activation,naturalistic_behavioral,final_token,30,unit_norm,2,0.3275576534554741
activation,naturalistic_behavioral,final_token,30,unit_norm,3,0.30608148560280857
activation,naturalistic_behavioral,final_token,30,unit_norm,4,0.14769702868774867
activation,naturalistic_behavioral,final_token,30,unit_norm,5,0.02774092229452712
activation,naturalistic_behavioral,final_token,31,common_pc1_removed,0,3.099422589616163e-31
activation,naturalistic_behavioral,final_token,31,common_pc1_removed,1,21.308777386337123
activation,naturalistic_behavioral,final_token,31,common_pc1_removed,2,50.39150324295551
activation,naturalistic_behavioral,final_token,31,common_pc1_removed,3,45.13541221366185
activation,naturalistic_behavioral,final_token,31,common_pc1_removed,4,22.492517633881086
activation,naturalistic_behavioral,final_token,31,common_pc1_removed,5,4.053299277686705
activation,naturalistic_behavioral,final_token,31,exposure_residualized,0,3.4863738835746463e-26
activation,naturalistic_behavioral,final_token,31,exposure_residualized,1,18.783184433374075
activation,naturalistic_behavioral,final_token,31,exposure_residualized,2,44.83869125138476
activation,naturalistic_behavioral,final_token,31,exposure_residualized,3,41.27133025521035
activation,naturalistic_behavioral,final_token,31,exposure_residualized,4,20.363003162628555
activation,naturalistic_behavioral,final_token,31,exposure_residualized,5,3.406040848076716
activation,naturalistic_behavioral,final_token,31,profile_centered,0,0.0
activation,naturalistic_behavioral,final_token,31,profile_centered,1,36.109079987222906
activation,naturalistic_behavioral,final_token,31,profile_centered,2,59.0346529174491
activation,naturalistic_behavioral,final_token,31,profile_centered,3,48.16674537803349
activation,naturalistic_behavioral,final_token,31,profile_centered,4,23.46256801365658
activation,naturalistic_behavioral,final_token,31,profile_centered,5,4.11120919166701
activation,naturalistic_behavioral,final_token,31,raw,0,629.7370777892397
activation,naturalistic_behavioral,final_token,31,raw,1,36.109079987222906
activation,naturalistic_behavioral,final_token,31,raw,2,59.0346529174491
activation,naturalistic_behavioral,final_token,31,raw,3,48.16674537803349
activation,naturalistic_behavioral,final_token,31,raw,4,23.46256801365658
activation,naturalistic_behavioral,final_token,31,raw,5,4.11120919166701
activation,naturalistic_behavioral,final_token,31,unit_norm,0,0.0031959474039680138
activation,naturalistic_behavioral,final_token,31,unit_norm,1,0.1988891007933582
activation,naturalistic_behavioral,final_token,31,unit_norm,2,0.34017700169648685
activation,naturalistic_behavioral,final_token,31,unit_norm,3,0.29014310398398496
activation,naturalistic_behavioral,final_token,31,unit_norm,4,0.1438459361260467
activation,naturalistic_behavioral,final_token,31,unit_norm,5,0.023748909996154866
activation,naturalistic_behavioral,mean_tokens,0,common_pc1_removed,0,4.243405977376298e-35
activation,naturalistic_behavioral,mean_tokens,0,common_pc1_removed,1,0.00042199009445038937
activation,naturalistic_behavioral,mean_tokens,0,common_pc1_removed,2,0.0008792158167859743
activation,naturalistic_behavioral,mean_tokens,0,common_pc1_removed,3,0.0009384714290416035
activation,naturalistic_behavioral,mean_tokens,0,common_pc1_removed,4,0.0004383985743863852
activation,naturalistic_behavioral,mean_tokens,0,common_pc1_removed,5,8.00404535304454e-05
activation,naturalistic_behavioral,mean_tokens,0,exposure_residualized,0,9.337568535111123e-31
activation,naturalistic_behavioral,mean_tokens,0,exposure_residualized,1,0.0003499017179439772
activation,naturalistic_behavioral,mean_tokens,0,exposure_residualized,2,0.000799598634282741
activation,naturalistic_behavioral,mean_tokens,0,exposure_residualized,3,0.0008399329783990275
activation,naturalistic_behavioral,mean_tokens,0,exposure_residualized,4,0.0003956562429837665
activation,naturalistic_behavioral,mean_tokens,0,exposure_residualized,5,7.971363782437414e-05
activation,naturalistic_behavioral,mean_tokens,0,profile_centered,0,9.29834398599661e-40
activation,naturalistic_behavioral,mean_tokens,0,profile_centered,1,0.0005944613693211531
activation,naturalistic_behavioral,mean_tokens,0,profile_centered,2,0.0010129130297119489
activation,naturalistic_behavioral,mean_tokens,0,profile_centered,3,0.0009962621700137769
activation,naturalistic_behavioral,mean_tokens,0,profile_centered,4,0.0004506915394553184
activation,naturalistic_behavioral,mean_tokens,0,profile_centered,5,8.01157249095877e-05
activation,naturalistic_behavioral,mean_tokens,0,raw,0,0.00462189846620517
activation,naturalistic_behavioral,mean_tokens,0,raw,1,0.0005944613693211531
activation,naturalistic_behavioral,mean_tokens,0,raw,2,0.0010129130297119489
activation,naturalistic_behavioral,mean_tokens,0,raw,3,0.0009962621700137769
activation,naturalistic_behavioral,mean_tokens,0,raw,4,0.0004506915394553184
activation,naturalistic_behavioral,mean_tokens,0,raw,5,8.01157249095877e-05
activation,naturalistic_behavioral,mean_tokens,0,unit_norm,0,0.0004028290822175407
activation,naturalistic_behavioral,mean_tokens,0,unit_norm,1,0.1851027597886238
activation,naturalistic_behavioral,mean_tokens,0,unit_norm,2,0.3235933002819029
activation,naturalistic_behavioral,mean_tokens,0,unit_norm,3,0.31903202441473116
activation,naturalistic_behavioral,mean_tokens,0,unit_norm,4,0.14531080981690628
activation,naturalistic_behavioral,mean_tokens,0,unit_norm,5,0.026558276615618617
activation,naturalistic_behavioral,mean_tokens,1,common_pc1_removed,0,6.652991562913142e-34
activation,naturalistic_behavioral,mean_tokens,1,common_pc1_removed,1,0.009254586288358528
activation,naturalistic_behavioral,mean_tokens,1,common_pc1_removed,2,0.0125791767271008
activation,naturalistic_behavioral,mean_tokens,1,common_pc1_removed,3,0.011280479493379052
activation,naturalistic_behavioral,mean_tokens,1,common_pc1_removed,4,0.006228772137411662
activation,naturalistic_behavioral,mean_tokens,1,common_pc1_removed,5,0.0010467007573721839
activation,naturalistic_behavioral,mean_tokens,1,exposure_residualized,0,4.5682624966769137e-29
activation,naturalistic_behavioral,mean_tokens,1,exposure_residualized,1,0.008703812923549282
activation,naturalistic_behavioral,mean_tokens,1,exposure_residualized,2,0.028691935156274127
activation,naturalistic_behavioral,mean_tokens,1,exposure_residualized,3,0.01883328146017159
activation,naturalistic_behavioral,mean_tokens,1,exposure_residualized,4,0.013994034658208827
activation,naturalistic_behavioral,mean_tokens,1,exposure_residualized,5,0.0013307068807458335
activation,naturalistic_behavioral,mean_tokens,1,profile_centered,0,0.0
activation,naturalistic_behavioral,mean_tokens,1,profile_centered,1,0.02580357092132586
activation,naturalistic_behavioral,mean_tokens,1,profile_centered,2,0.03297586019860706
activation,naturalistic_behavioral,mean_tokens,1,profile_centered,3,0.03721377379161796
activation,naturalistic_behavioral,mean_tokens,1,profile_centered,4,0.02384093501802992
activation,naturalistic_behavioral,mean_tokens,1,profile_centered,5,0.001182922377231929
activation,naturalistic_behavioral,mean_tokens,1,raw,0,0.7985778735592736
activation,naturalistic_behavioral,mean_tokens,1,raw,1,0.02580357092132586
activation,naturalistic_behavioral,mean_tokens,1,raw,2,0.03297586019860706
activation,naturalistic_behavioral,mean_tokens,1,raw,3,0.03721377379161796
activation,naturalistic_behavioral,mean_tokens,1,raw,4,0.02384093501802992
activation,naturalistic_behavioral,mean_tokens,1,raw,5,0.001182922377231929
activation,naturalistic_behavioral,mean_tokens,1,unit_norm,0,0.02278049013232841
activation,naturalistic_behavioral,mean_tokens,1,unit_norm,1,0.1932475828865035
activation,naturalistic_behavioral,mean_tokens,1,unit_norm,2,0.2885778888080463
activation,naturalistic_behavioral,mean_tokens,1,unit_norm,3,0.2910031259022741
activation,naturalistic_behavioral,mean_tokens,1,unit_norm,4,0.18706399473952193
activation,naturalistic_behavioral,mean_tokens,1,unit_norm,5,0.0173269175313257
activation,naturalistic_behavioral,mean_tokens,2,common_pc1_removed,0,2.2749607054988806e-34
activation,naturalistic_behavioral,mean_tokens,2,common_pc1_removed,1,0.011330142554553859
activation,naturalistic_behavioral,mean_tokens,2,common_pc1_removed,2,0.016307781710975324
activation,naturalistic_behavioral,mean_tokens,2,common_pc1_removed,3,0.015094233904381913
activation,naturalistic_behavioral,mean_tokens,2,common_pc1_removed,4,0.00812075490508503
activation,naturalistic_behavioral,mean_tokens,2,common_pc1_removed,5,0.0013550748715905297
activation,naturalistic_behavioral,mean_tokens,2,exposure_residualized,0,4.734491127753702e-29
activation,naturalistic_behavioral,mean_tokens,2,exposure_residualized,1,0.010183257044837806
activation,naturalistic_behavioral,mean_tokens,2,exposure_residualized,2,0.0318262783903314
activation,naturalistic_behavioral,mean_tokens,2,exposure_residualized,3,0.022211145518212284
activation,naturalistic_behavioral,mean_tokens,2,exposure_residualized,4,0.015612178957461899
activation,naturalistic_behavioral,mean_tokens,2,exposure_residualized,5,0.0016119144373007072
activation,naturalistic_behavioral,mean_tokens,2,profile_centered,0,0.0
activation,naturalistic_behavioral,mean_tokens,2,profile_centered,1,0.028287129956265582
activation,naturalistic_behavioral,mean_tokens,2,profile_centered,2,0.03680485574228468
activation,naturalistic_behavioral,mean_tokens,2,profile_centered,3,0.041301796969165756
activation,naturalistic_behavioral,mean_tokens,2,profile_centered,4,0.025642218968911723
activation,naturalistic_behavioral,mean_tokens,2,profile_centered,5,0.0014897181519254075
activation,naturalistic_behavioral,mean_tokens,2,raw,0,0.8303912298638862
activation,naturalistic_behavioral,mean_tokens,2,raw,1,0.028287129956265582
activation,naturalistic_behavioral,mean_tokens,2,raw,2,0.03680485574228468
activation,naturalistic_behavioral,mean_tokens,2,raw,3,0.041301796969165756
activation,naturalistic_behavioral,mean_tokens,2,raw,4,0.025642218968911723
activation,naturalistic_behavioral,mean_tokens,2,raw,5,0.0014897181519254075
activation,naturalistic_behavioral,mean_tokens,2,unit_norm,0,0.01795127485143516
activation,naturalistic_behavioral,mean_tokens,2,unit_norm,1,0.19202435708888402
activation,naturalistic_behavioral,mean_tokens,2,unit_norm,2,0.2939972296475467
activation,naturalistic_behavioral,mean_tokens,2,unit_norm,3,0.295391532924136
activation,naturalistic_behavioral,mean_tokens,2,unit_norm,4,0.18239328175297892
activation,naturalistic_behavioral,mean_tokens,2,unit_norm,5,0.018242323735019425
activation,naturalistic_behavioral,mean_tokens,3,common_pc1_removed,0,1.1494020877691973e-34
activation,naturalistic_behavioral,mean_tokens,3,common_pc1_removed,1,0.017961483452528123
activation,naturalistic_behavioral,mean_tokens,3,common_pc1_removed,2,0.02768996221837572
activation,naturalistic_behavioral,mean_tokens,3,common_pc1_removed,3,0.02544339150633836
activation,naturalistic_behavioral,mean_tokens,3,common_pc1_removed,4,0.013639422243913997
activation,naturalistic_behavioral,mean_tokens,3,common_pc1_removed,5,0.0021938824597498
activation,naturalistic_behavioral,mean_tokens,3,exposure_residualized,0,5.488621216245099e-29
activation,naturalistic_behavioral,mean_tokens,3,exposure_residualized,1,0.014412088085168785
activation,naturalistic_behavioral,mean_tokens,3,exposure_residualized,2,0.04125383352652237
activation,naturalistic_behavioral,mean_tokens,3,exposure_residualized,3,0.03149724178462054
activation,naturalistic_behavioral,mean_tokens,3,exposure_residualized,4,0.020252488158692523
activation,naturalistic_behavioral,mean_tokens,3,exposure_residualized,5,0.0024214049108308884
activation,naturalistic_behavioral,mean_tokens,3,profile_centered,0,0.0
activation,naturalistic_behavioral,mean_tokens,3,profile_centered,1,0.03632104272677845
activation,naturalistic_behavioral,mean_tokens,3,profile_centered,2,0.048928437895717325
activation,naturalistic_behavioral,mean_tokens,3,profile_centered,3,0.05225619019463237
activation,naturalistic_behavioral,mean_tokens,3,profile_centered,4,0.031049090278035
activation,naturalistic_behavioral,mean_tokens,3,profile_centered,5,0.0023380734844168933
activation,naturalistic_behavioral,mean_tokens,3,raw,0,0.9399596026075344
activation,naturalistic_behavioral,mean_tokens,3,raw,1,0.03632104272677845
activation,naturalistic_behavioral,mean_tokens,3,raw,2,0.048928437895717325
activation,naturalistic_behavioral,mean_tokens,3,raw,3,0.05225619019463237
activation,naturalistic_behavioral,mean_tokens,3,raw,4,0.031049090278035
activation,naturalistic_behavioral,mean_tokens,3,raw,5,0.0023380734844168933
activation,naturalistic_behavioral,mean_tokens,3,unit_norm,0,0.01170151532071926
activation,naturalistic_behavioral,mean_tokens,3,unit_norm,1,0.19281907109745447
activation,naturalistic_behavioral,mean_tokens,3,unit_norm,2,0.30187003249069955
activation,naturalistic_behavioral,mean_tokens,3,unit_norm,3,0.29734325109264065
activation,naturalistic_behavioral,mean_tokens,3,unit_norm,4,0.17646692846345777
activation,naturalistic_behavioral,mean_tokens,3,unit_norm,5,0.019799201535028392
activation,naturalistic_behavioral,mean_tokens,4,common_pc1_removed,0,7.544534916980522e-35
activation,naturalistic_behavioral,mean_tokens,4,common_pc1_removed,1,0.026689857395971274
activation,naturalistic_behavioral,mean_tokens,4,common_pc1_removed,2,0.04482004941855839
activation,naturalistic_behavioral,mean_tokens,4,common_pc1_removed,3,0.041585024139797734
activation,naturalistic_behavioral,mean_tokens,4,common_pc1_removed,4,0.022526631185458047
activation,naturalistic_behavioral,mean_tokens,4,common_pc1_removed,5,0.0036017043227764946
activation,naturalistic_behavioral,mean_tokens,4,exposure_residualized,0,6.903335355446884e-29
activation,naturalistic_behavioral,mean_tokens,4,exposure_residualized,1,0.020704253654197008
activation,naturalistic_behavioral,mean_tokens,4,exposure_residualized,2,0.055622397918692806
activation,naturalistic_behavioral,mean_tokens,4,exposure_residualized,3,0.04528957765538368
activation,naturalistic_behavioral,mean_tokens,4,exposure_residualized,4,0.027752151482072808
activation,naturalistic_behavioral,mean_tokens,4,exposure_residualized,5,0.0037378551932179824
activation,naturalistic_behavioral,mean_tokens,4,profile_centered,0,0.0
activation,naturalistic_behavioral,mean_tokens,4,profile_centered,1,0.047825300496593594
activation,naturalistic_behavioral,mean_tokens,4,profile_centered,2,0.06853596928190767
activation,naturalistic_behavioral,mean_tokens,4,profile_centered,3,0.0690574605880728
activation,naturalistic_behavioral,mean_tokens,4,profile_centered,4,0.03938644383455952
activation,naturalistic_behavioral,mean_tokens,4,profile_centered,5,0.0037085238450319047
activation,naturalistic_behavioral,mean_tokens,4,raw,0,1.1323209210425906
activation,naturalistic_behavioral,mean_tokens,4,raw,1,0.047825300496593594
activation,naturalistic_behavioral,mean_tokens,4,raw,2,0.06853596928190767
activation,naturalistic_behavioral,mean_tokens,4,raw,3,0.0690574605880728
activation,naturalistic_behavioral,mean_tokens,4,raw,4,0.03938644383455952
activation,naturalistic_behavioral,mean_tokens,4,raw,5,0.0037085238450319047
activation,naturalistic_behavioral,mean_tokens,4,unit_norm,0,0.008454386056569278
activation,naturalistic_behavioral,mean_tokens,4,unit_norm,1,0.19164457209455343
activation,naturalistic_behavioral,mean_tokens,4,unit_norm,2,0.3097583794877773
activation,naturalistic_behavioral,mean_tokens,4,unit_norm,3,0.29764633755198194
activation,naturalistic_behavioral,mean_tokens,4,unit_norm,4,0.17116835040791903
activation,naturalistic_behavioral,mean_tokens,4,unit_norm,5,0.021327974401199098
activation,naturalistic_behavioral,mean_tokens,5,common_pc1_removed,0,2.568516919370664e-33
activation,naturalistic_behavioral,mean_tokens,5,common_pc1_removed,1,0.03294816801517243
activation,naturalistic_behavioral,mean_tokens,5,common_pc1_removed,2,0.05787286036644057
activation,naturalistic_behavioral,mean_tokens,5,common_pc1_removed,3,0.05425642314043543
activation,naturalistic_behavioral,mean_tokens,5,common_pc1_removed,4,0.029248761008666205
activation,naturalistic_behavioral,mean_tokens,5,common_pc1_removed,5,0.004659880059658615
activation,naturalistic_behavioral,mean_tokens,5,exposure_residualized,0,8.207418137769306e-29
activation,naturalistic_behavioral,mean_tokens,5,exposure_residualized,1,0.025174375212516472
activation,naturalistic_behavioral,mean_tokens,5,exposure_residualized,2,0.06616678621728113
activation,naturalistic_behavioral,mean_tokens,5,exposure_residualized,3,0.05574804902759061
activation,naturalistic_behavioral,mean_tokens,5,exposure_residualized,4,0.03271943767912162
activation,naturalistic_behavioral,mean_tokens,5,exposure_residualized,5,0.004808148356891518
activation,naturalistic_behavioral,mean_tokens,5,profile_centered,0,0.0
activation,naturalistic_behavioral,mean_tokens,5,profile_centered,1,0.05727357943416945
activation,naturalistic_behavioral,mean_tokens,5,profile_centered,2,0.08331193980223323
activation,naturalistic_behavioral,mean_tokens,5,profile_centered,3,0.08252424377850824
activation,naturalistic_behavioral,mean_tokens,5,profile_centered,4,0.045499354572198614
activation,naturalistic_behavioral,mean_tokens,5,profile_centered,5,0.004755973743533688
activation,naturalistic_behavioral,mean_tokens,5,raw,0,1.3381556983133518
activation,naturalistic_behavioral,mean_tokens,5,raw,1,0.05727357943416945
activation,naturalistic_behavioral,mean_tokens,5,raw,2,0.08331193980223323
activation,naturalistic_behavioral,mean_tokens,5,raw,3,0.08252424377850824
activation,naturalistic_behavioral,mean_tokens,5,raw,4,0.045499354572198614
activation,naturalistic_behavioral,mean_tokens,5,raw,5,0.004755973743533688
activation,naturalistic_behavioral,mean_tokens,5,unit_norm,0,0.0071794681531358985
activation,naturalistic_behavioral,mean_tokens,5,unit_norm,1,0.19114496016249916
activation,naturalistic_behavioral,mean_tokens,5,unit_norm,2,0.31024529308334564
activation,naturalistic_behavioral,mean_tokens,5,unit_norm,3,0.30081856409040725
activation,naturalistic_behavioral,mean_tokens,5,unit_norm,4,0.16839165870049883
activation,naturalistic_behavioral,mean_tokens,5,unit_norm,5,0.022220055810113513
activation,naturalistic_behavioral,mean_tokens,6,common_pc1_removed,0,8.280677625087499e-33
activation,naturalistic_behavioral,mean_tokens,6,common_pc1_removed,1,0.039185952238968244
activation,naturalistic_behavioral,mean_tokens,6,common_pc1_removed,2,0.07201397606253329
activation,naturalistic_behavioral,mean_tokens,6,common_pc1_removed,3,0.06711574775894294
activation,naturalistic_behavioral,mean_tokens,6,common_pc1_removed,4,0.03500383626669591
activation,naturalistic_behavioral,mean_tokens,6,common_pc1_removed,5,0.005742896240464975
activation,naturalistic_behavioral,mean_tokens,6,exposure_residualized,0,1.050869774013326e-28
activation,naturalistic_behavioral,mean_tokens,6,exposure_residualized,1,0.029812434531799464
activation,naturalistic_behavioral,mean_tokens,6,exposure_residualized,2,0.07730196902504638
activation,naturalistic_behavioral,mean_tokens,6,exposure_residualized,3,0.06542077354244151
activation,naturalistic_behavioral,mean_tokens,6,exposure_residualized,4,0.036924931448142906
activation,naturalistic_behavioral,mean_tokens,6,exposure_residualized,5,0.005800244540385235
activation,naturalistic_behavioral,mean_tokens,6,profile_centered,0,0.0
activation,naturalistic_behavioral,mean_tokens,6,profile_centered,1,0.06616669107631622
activation,naturalistic_behavioral,mean_tokens,6,profile_centered,2,0.10089889423826921
activation,naturalistic_behavioral,mean_tokens,6,profile_centered,3,0.09826383958959826
activation,naturalistic_behavioral,mean_tokens,6,profile_centered,4,0.05084223084085383
activation,naturalistic_behavioral,mean_tokens,6,profile_centered,5,0.005866644991349273
activation,naturalistic_behavioral,mean_tokens,6,raw,0,1.5938111778647954
activation,naturalistic_behavioral,mean_tokens,6,raw,1,0.06616669107631622
activation,naturalistic_behavioral,mean_tokens,6,raw,2,0.10089889423826921
activation,naturalistic_behavioral,mean_tokens,6,raw,3,0.09826383958959826
activation,naturalistic_behavioral,mean_tokens,6,raw,4,0.05084223084085383
activation,naturalistic_behavioral,mean_tokens,6,raw,5,0.005866644991349273
activation,naturalistic_behavioral,mean_tokens,6,unit_norm,0,0.007175564928554032
activation,naturalistic_behavioral,mean_tokens,6,unit_norm,1,0.18753219671961058
activation,naturalistic_behavioral,mean_tokens,6,unit_norm,2,0.3163646456511157
activation,naturalistic_behavioral,mean_tokens,6,unit_norm,3,0.3032339145936822
activation,naturalistic_behavioral,mean_tokens,6,unit_norm,4,0.16277091923659937
activation,naturalistic_behavioral,mean_tokens,6,unit_norm,5,0.02292275887043789
activation,naturalistic_behavioral,mean_tokens,7,common_pc1_removed,0,1.1328636652762888e-33
activation,naturalistic_behavioral,mean_tokens,7,common_pc1_removed,1,0.04924199743510672
activation,naturalistic_behavioral,mean_tokens,7,common_pc1_removed,2,0.09741854067819071
activation,naturalistic_behavioral,mean_tokens,7,common_pc1_removed,3,0.08807329497635846
activation,naturalistic_behavioral,mean_tokens,7,common_pc1_removed,4,0.04654667375641033
activation,naturalistic_behavioral,mean_tokens,7,common_pc1_removed,5,0.007828172517959224
activation,naturalistic_behavioral,mean_tokens,7,exposure_residualized,0,1.4905988033143292e-28
activation,naturalistic_behavioral,mean_tokens,7,exposure_residualized,1,0.038267131415849226
activation,naturalistic_behavioral,mean_tokens,7,exposure_residualized,2,0.09745042020543174
activation,naturalistic_behavioral,mean_tokens,7,exposure_residualized,3,0.08317823035800409
activation,naturalistic_behavioral,mean_tokens,7,exposure_residualized,4,0.04554255402532022
activation,naturalistic_behavioral,mean_tokens,7,exposure_residualized,5,0.007590872231380709
activation,naturalistic_behavioral,mean_tokens,7,profile_centered,0,0.0
activation,naturalistic_behavioral,mean_tokens,7,profile_centered,1,0.08200322345482264
activation,naturalistic_behavioral,mean_tokens,7,profile_centered,2,0.13441678862464795
activation,naturalistic_behavioral,mean_tokens,7,profile_centered,3,0.12580337968300917
activation,naturalistic_behavioral,mean_tokens,7,profile_centered,4,0.06185931339751732
activation,naturalistic_behavioral,mean_tokens,7,profile_centered,5,0.007926876694390511
activation,naturalistic_behavioral,mean_tokens,7,raw,0,2.1735108119628124
activation,naturalistic_behavioral,mean_tokens,7,raw,1,0.08200322345482264
activation,naturalistic_behavioral,mean_tokens,7,raw,2,0.13441678862464795
activation,naturalistic_behavioral,mean_tokens,7,raw,3,0.12580337968300917
activation,naturalistic_behavioral,mean_tokens,7,raw,4,0.06185931339751732
activation,naturalistic_behavioral,mean_tokens,7,raw,5,0.007926876694390511
activation,naturalistic_behavioral,mean_tokens,7,unit_norm,0,0.00696648728410049
activation,naturalistic_behavioral,mean_tokens,7,unit_norm,1,0.18063358415059047
activation,naturalistic_behavioral,mean_tokens,7,unit_norm,2,0.3248022186045935
activation,naturalistic_behavioral,mean_tokens,7,unit_norm,3,0.3050933911293474
activation,naturalistic_behavioral,mean_tokens,7,unit_norm,4,0.15847743040765241
activation,naturalistic_behavioral,mean_tokens,7,unit_norm,5,0.02402688842371576
activation,naturalistic_behavioral,mean_tokens,8,common_pc1_removed,0,2.4605430779781953e-33
activation,naturalistic_behavioral,mean_tokens,8,common_pc1_removed,1,0.060935285010947575
activation,naturalistic_behavioral,mean_tokens,8,common_pc1_removed,2,0.12127780866868115
activation,naturalistic_behavioral,mean_tokens,8,common_pc1_removed,3,0.111521857897606
activation,naturalistic_behavioral,mean_tokens,8,common_pc1_removed,4,0.05876759474806199
activation,naturalistic_behavioral,mean_tokens,8,common_pc1_removed,5,0.0108278826514632
activation,naturalistic_behavioral,mean_tokens,8,exposure_residualized,0,1.87743737842267e-28
activation,naturalistic_behavioral,mean_tokens,8,exposure_residualized,1,0.04660314723169609
activation,naturalistic_behavioral,mean_tokens,8,exposure_residualized,2,0.11757524898680262
activation,naturalistic_behavioral,mean_tokens,8,exposure_residualized,3,0.10368572064514642
activation,naturalistic_behavioral,mean_tokens,8,exposure_residualized,4,0.0561094480103282
activation,naturalistic_behavioral,mean_tokens,8,exposure_residualized,5,0.010325132092016895
activation,naturalistic_behavioral,mean_tokens,8,profile_centered,0,0.0
activation,naturalistic_behavioral,mean_tokens,8,profile_centered,1,0.09741858584804217
activation,naturalistic_behavioral,mean_tokens,8,profile_centered,2,0.16419349385280577
activation,naturalistic_behavioral,mean_tokens,8,profile_centered,3,0.15433105422434515
activation,naturalistic_behavioral,mean_tokens,8,profile_centered,4,0.0738396275812241
activation,naturalistic_behavioral,mean_tokens,8,profile_centered,5,0.010905102013818302
activation,naturalistic_behavioral,mean_tokens,8,raw,0,2.6056118105818227
activation,naturalistic_behavioral,mean_tokens,8,raw,1,0.09741858584804217
activation,naturalistic_behavioral,mean_tokens,8,raw,2,0.16419349385280577
activation,naturalistic_behavioral,mean_tokens,8,raw,3,0.15433105422434515
activation,naturalistic_behavioral,mean_tokens,8,raw,4,0.0738396275812241
activation,naturalistic_behavioral,mean_tokens,8,raw,5,0.010905102013818302
activation,naturalistic_behavioral,mean_tokens,8,unit_norm,0,0.006507173915786553
activation,naturalistic_behavioral,mean_tokens,8,unit_norm,1,0.1776828752783293
activation,naturalistic_behavioral,mean_tokens,8,unit_norm,2,0.32303590030828033
activation,naturalistic_behavioral,mean_tokens,8,unit_norm,3,0.3088386195982979
activation,naturalistic_behavioral,mean_tokens,8,unit_norm,4,0.1578101813139336
activation,naturalistic_behavioral,mean_tokens,8,unit_norm,5,0.026125249585372372
activation,naturalistic_behavioral,mean_tokens,9,common_pc1_removed,0,2.1918917114581765e-34
activation,naturalistic_behavioral,mean_tokens,9,common_pc1_removed,1,0.07842566382632438
activation,naturalistic_behavioral,mean_tokens,9,common_pc1_removed,2,0.15532297961606287
activation,naturalistic_behavioral,mean_tokens,9,common_pc1_removed,3,0.14668812086033856
activation,naturalistic_behavioral,mean_tokens,9,common_pc1_removed,4,0.07580040912272171
activation,naturalistic_behavioral,mean_tokens,9,common_pc1_removed,5,0.01591977853207112
activation,naturalistic_behavioral,mean_tokens,9,exposure_residualized,0,2.2631439541335996e-28
activation,naturalistic_behavioral,mean_tokens,9,exposure_residualized,1,0.060889665663931336
activation,naturalistic_behavioral,mean_tokens,9,exposure_residualized,2,0.14813831645575082
activation,naturalistic_behavioral,mean_tokens,9,exposure_residualized,3,0.13493645928261802
activation,naturalistic_behavioral,mean_tokens,9,exposure_residualized,4,0.0723115240964826
activation,naturalistic_behavioral,mean_tokens,9,exposure_residualized,5,0.015274794542611964
activation,naturalistic_behavioral,mean_tokens,9,profile_centered,0,0.0
activation,naturalistic_behavioral,mean_tokens,9,profile_centered,1,0.11672821556503907
activation,naturalistic_behavioral,mean_tokens,9,profile_centered,2,0.20078729947787177
activation,naturalistic_behavioral,mean_tokens,9,profile_centered,3,0.1934180752275511
activation,naturalistic_behavioral,mean_tokens,9,profile_centered,4,0.09265125580502313
activation,naturalistic_behavioral,mean_tokens,9,profile_centered,5,0.016202845602274436
activation,naturalistic_behavioral,mean_tokens,9,raw,0,2.8825228166977315
activation,naturalistic_behavioral,mean_tokens,9,raw,1,0.11672821556503907
activation,naturalistic_behavioral,mean_tokens,9,raw,2,0.20078729947787177
activation,naturalistic_behavioral,mean_tokens,9,raw,3,0.1934180752275511
activation,naturalistic_behavioral,mean_tokens,9,raw,4,0.09265125580502313
activation,naturalistic_behavioral,mean_tokens,9,raw,5,0.016202845602274436
activation,naturalistic_behavioral,mean_tokens,9,unit_norm,0,0.0049880887181403466
activation,naturalistic_behavioral,mean_tokens,9,unit_norm,1,0.173912849635649
activation,naturalistic_behavioral,mean_tokens,9,unit_norm,2,0.3192450854589071
activation,naturalistic_behavioral,mean_tokens,9,unit_norm,3,0.3128696422938676
activation,naturalistic_behavioral,mean_tokens,9,unit_norm,4,0.1588969687855478
activation,naturalistic_behavioral,mean_tokens,9,unit_norm,5,0.030087365107888273
activation,naturalistic_behavioral,mean_tokens,10,common_pc1_removed,0,4.129026949559833e-34
activation,naturalistic_behavioral,mean_tokens,10,common_pc1_removed,1,0.0864937614636516
activation,naturalistic_behavioral,mean_tokens,10,common_pc1_removed,2,0.16978332087752465
activation,naturalistic_behavioral,mean_tokens,10,common_pc1_removed,3,0.16095331180906994
activation,naturalistic_behavioral,mean_tokens,10,common_pc1_removed,4,0.08165841473274209
activation,naturalistic_behavioral,mean_tokens,10,common_pc1_removed,5,0.017638360025555307
activation,naturalistic_behavioral,mean_tokens,10,exposure_residualized,0,2.5794094103916296e-28
activation,naturalistic_behavioral,mean_tokens,10,exposure_residualized,1,0.06689065249592643
activation,naturalistic_behavioral,mean_tokens,10,exposure_residualized,2,0.15947562029925239
activation,naturalistic_behavioral,mean_tokens,10,exposure_residualized,3,0.14484082624434794
activation,naturalistic_behavioral,mean_tokens,10,exposure_residualized,4,0.07691854066581864
activation,naturalistic_behavioral,mean_tokens,10,exposure_residualized,5,0.01685702766296301
activation,naturalistic_behavioral,mean_tokens,10,profile_centered,0,0.0
activation,naturalistic_behavioral,mean_tokens,10,profile_centered,1,0.12689377902329307
activation,naturalistic_behavioral,mean_tokens,10,profile_centered,2,0.2187580745801718
activation,naturalistic_behavioral,mean_tokens,10,profile_centered,3,0.20770761322035294
activation,naturalistic_behavioral,mean_tokens,10,profile_centered,4,0.0982905892850143
activation,naturalistic_behavioral,mean_tokens,10,profile_centered,5,0.017808931762720207
activation,naturalistic_behavioral,mean_tokens,10,raw,0,3.111645490883631
activation,naturalistic_behavioral,mean_tokens,10,raw,1,0.12689377902329307
activation,naturalistic_behavioral,mean_tokens,10,raw,2,0.2187580745801718
activation,naturalistic_behavioral,mean_tokens,10,raw,3,0.20770761322035294
activation,naturalistic_behavioral,mean_tokens,10,raw,4,0.0982905892850143
activation,naturalistic_behavioral,mean_tokens,10,raw,5,0.017808931762720207
activation,naturalistic_behavioral,mean_tokens,10,unit_norm,0,0.005156899155273028
activation,naturalistic_behavioral,mean_tokens,10,unit_norm,1,0.17697198841198092
activation,naturalistic_behavioral,mean_tokens,10,unit_norm,2,0.32091715296145257
activation,naturalistic_behavioral,mean_tokens,10,unit_norm,3,0.31112506476612367
activation,naturalistic_behavioral,mean_tokens,10,unit_norm,4,0.1555395177213959
activation,naturalistic_behavioral,mean_tokens,10,unit_norm,5,0.030289376983773937
activation,naturalistic_behavioral,mean_tokens,11,common_pc1_removed,0,2.677133746361701e-33
activation,naturalistic_behavioral,mean_tokens,11,common_pc1_removed,1,0.09494763555686338
activation,naturalistic_behavioral,mean_tokens,11,common_pc1_removed,2,0.18609891970228717
activation,naturalistic_behavioral,mean_tokens,11,common_pc1_removed,3,0.17447699688921897
activation,naturalistic_behavioral,mean_tokens,11,common_pc1_removed,4,0.08621411907242565
activation,naturalistic_behavioral,mean_tokens,11,common_pc1_removed,5,0.018207983037455144
activation,naturalistic_behavioral,mean_tokens,11,exposure_residualized,0,2.7561851696031303e-28
activation,naturalistic_behavioral,mean_tokens,11,exposure_residualized,1,0.07086678320773736
activation,naturalistic_behavioral,mean_tokens,11,exposure_residualized,2,0.17373209809348564
activation,naturalistic_behavioral,mean_tokens,11,exposure_residualized,3,0.15584256446148065
activation,naturalistic_behavioral,mean_tokens,11,exposure_residualized,4,0.0812785304680697
activation,naturalistic_behavioral,mean_tokens,11,exposure_residualized,5,0.017259429718887803
activation,naturalistic_behavioral,mean_tokens,11,profile_centered,0,0.0
activation,naturalistic_behavioral,mean_tokens,11,profile_centered,1,0.13412069584510844
activation,naturalistic_behavioral,mean_tokens,11,profile_centered,2,0.23560998842903388
activation,naturalistic_behavioral,mean_tokens,11,profile_centered,3,0.22402334344934424
activation,naturalistic_behavioral,mean_tokens,11,profile_centered,4,0.10508856180935758
activation,naturalistic_behavioral,mean_tokens,11,profile_centered,5,0.01838572082244145
activation,naturalistic_behavioral,mean_tokens,11,raw,0,3.2408569139506342
activation,naturalistic_behavioral,mean_tokens,11,raw,1,0.13412069584510844
activation,naturalistic_behavioral,mean_tokens,11,raw,2,0.23560998842903388
activation,naturalistic_behavioral,mean_tokens,11,raw,3,0.22402334344934424
activation,naturalistic_behavioral,mean_tokens,11,raw,4,0.10508856180935758
activation,naturalistic_behavioral,mean_tokens,11,raw,5,0.01838572082244145
activation,naturalistic_behavioral,mean_tokens,11,unit_norm,0,0.005057791141517543
activation,naturalistic_behavioral,mean_tokens,11,unit_norm,1,0.17684187511988347
activation,naturalistic_behavioral,mean_tokens,11,unit_norm,2,0.32521836300987333
activation,naturalistic_behavioral,mean_tokens,11,unit_norm,3,0.3110288514048244
activation,naturalistic_behavioral,mean_tokens,11,unit_norm,4,0.15274226903899812
activation,naturalistic_behavioral,mean_tokens,11,unit_norm,5,0.029110850284903088
activation,naturalistic_behavioral,mean_tokens,12,common_pc1_removed,0,1.3387175493116293e-33
activation,naturalistic_behavioral,mean_tokens,12,common_pc1_removed,1,0.10399623058373518
activation,naturalistic_behavioral,mean_tokens,12,common_pc1_removed,2,0.20648191248115236
activation,naturalistic_behavioral,mean_tokens,12,common_pc1_removed,3,0.19478916204614113
activation,naturalistic_behavioral,mean_tokens,12,common_pc1_removed,4,0.09663584704436325
activation,naturalistic_behavioral,mean_tokens,12,common_pc1_removed,5,0.01979222878529111
activation,naturalistic_behavioral,mean_tokens,12,exposure_residualized,0,3.001803649750419e-28
activation,naturalistic_behavioral,mean_tokens,12,exposure_residualized,1,0.07726185012728402
activation,naturalistic_behavioral,mean_tokens,12,exposure_residualized,2,0.19322739148476697
activation,naturalistic_behavioral,mean_tokens,12,exposure_residualized,3,0.17224764568924195
activation,naturalistic_behavioral,mean_tokens,12,exposure_residualized,4,0.08961551517352143
activation,naturalistic_behavioral,mean_tokens,12,exposure_residualized,5,0.018174842473451573
activation,naturalistic_behavioral,mean_tokens,12,profile_centered,0,0.0
activation,naturalistic_behavioral,mean_tokens,12,profile_centered,1,0.1525131506054167
activation,naturalistic_behavioral,mean_tokens,12,profile_centered,2,0.26747120940631086
activation,naturalistic_behavioral,mean_tokens,12,profile_centered,3,0.24798274930129027
activation,naturalistic_behavioral,mean_tokens,12,profile_centered,4,0.11512296543475402
activation,naturalistic_behavioral,mean_tokens,12,profile_centered,5,0.019980500167665758
activation,naturalistic_behavioral,mean_tokens,12,raw,0,3.9575420614386556
activation,naturalistic_behavioral,mean_tokens,12,raw,1,0.1525131506054167
activation,naturalistic_behavioral,mean_tokens,12,raw,2,0.26747120940631086
activation,naturalistic_behavioral,mean_tokens,12,raw,3,0.24798274930129027
activation,naturalistic_behavioral,mean_tokens,12,raw,4,0.11512296543475402
activation,naturalistic_behavioral,mean_tokens,12,raw,5,0.019980500167665758
activation,naturalistic_behavioral,mean_tokens,12,unit_norm,0,0.005788154167776886
activation,naturalistic_behavioral,mean_tokens,12,unit_norm,1,0.17611959140626854
activation,naturalistic_behavioral,mean_tokens,12,unit_norm,2,0.3290748025830976
activation,naturalistic_behavioral,mean_tokens,12,unit_norm,3,0.3098695043284175
activation,naturalistic_behavioral,mean_tokens,12,unit_norm,4,0.15082262654100406
activation,naturalistic_behavioral,mean_tokens,12,unit_norm,5,0.028325320973435368
activation,naturalistic_behavioral,mean_tokens,13,common_pc1_removed,0,2.51984631548109e-33
activation,naturalistic_behavioral,mean_tokens,13,common_pc1_removed,1,0.12904859989093792
activation,naturalistic_behavioral,mean_tokens,13,common_pc1_removed,2,0.25331638883471586
activation,naturalistic_behavioral,mean_tokens,13,common_pc1_removed,3,0.24818436867380053
activation,naturalistic_behavioral,mean_tokens,13,common_pc1_removed,4,0.12408634824559614
activation,naturalistic_behavioral,mean_tokens,13,common_pc1_removed,5,0.023789167843739027
activation,naturalistic_behavioral,mean_tokens,13,exposure_residualized,0,3.308031162735779e-28
activation,naturalistic_behavioral,mean_tokens,13,exposure_residualized,1,0.09738525785642288
activation,naturalistic_behavioral,mean_tokens,13,exposure_residualized,2,0.23583280018214817
activation,naturalistic_behavioral,mean_tokens,13,exposure_residualized,3,0.22068906874690628
activation,naturalistic_behavioral,mean_tokens,13,exposure_residualized,4,0.11381662258997025
activation,naturalistic_behavioral,mean_tokens,13,exposure_residualized,5,0.021690372328088355
activation,naturalistic_behavioral,mean_tokens,13,profile_centered,0,0.0
activation,naturalistic_behavioral,mean_tokens,13,profile_centered,1,0.18672116873129388
activation,naturalistic_behavioral,mean_tokens,13,profile_centered,2,0.31960046635525446
activation,naturalistic_behavioral,mean_tokens,13,profile_centered,3,0.30350025782815515
activation,naturalistic_behavioral,mean_tokens,13,profile_centered,4,0.14122911426094187
activation,naturalistic_behavioral,mean_tokens,13,profile_centered,5,0.023962313304951383
activation,naturalistic_behavioral,mean_tokens,13,raw,0,4.555536008771594
activation,naturalistic_behavioral,mean_tokens,13,raw,1,0.18672116873129388
activation,naturalistic_behavioral,mean_tokens,13,raw,2,0.31960046635525446
activation,naturalistic_behavioral,mean_tokens,13,raw,3,0.30350025782815515
activation,naturalistic_behavioral,mean_tokens,13,raw,4,0.14122911426094187
activation,naturalistic_behavioral,mean_tokens,13,raw,5,0.023962313304951383
activation,naturalistic_behavioral,mean_tokens,13,unit_norm,0,0.005378429749587824
activation,naturalistic_behavioral,mean_tokens,13,unit_norm,1,0.17889916215845852
activation,naturalistic_behavioral,mean_tokens,13,unit_norm,2,0.3246860286173247
activation,naturalistic_behavioral,mean_tokens,13,unit_norm,3,0.3123736540018301
activation,naturalistic_behavioral,mean_tokens,13,unit_norm,4,0.15145195057297084
activation,naturalistic_behavioral,mean_tokens,13,unit_norm,5,0.027210774899828018
activation,naturalistic_behavioral,mean_tokens,14,common_pc1_removed,0,4.20386539921442e-32
activation,naturalistic_behavioral,mean_tokens,14,common_pc1_removed,1,0.13503750973401915
activation,naturalistic_behavioral,mean_tokens,14,common_pc1_removed,2,0.27092864213432327
activation,naturalistic_behavioral,mean_tokens,14,common_pc1_removed,3,0.26508668321551165
activation,naturalistic_behavioral,mean_tokens,14,common_pc1_removed,4,0.13584009601721858
activation,naturalistic_behavioral,mean_tokens,14,common_pc1_removed,5,0.02583952625823089
activation,naturalistic_behavioral,mean_tokens,14,exposure_residualized,0,3.247890098354671e-28
activation,naturalistic_behavioral,mean_tokens,14,exposure_residualized,1,0.10418923284840659
activation,naturalistic_behavioral,mean_tokens,14,exposure_residualized,2,0.25065942301159594
activation,naturalistic_behavioral,mean_tokens,14,exposure_residualized,3,0.23708772462029168
activation,naturalistic_behavioral,mean_tokens,14,exposure_residualized,4,0.12416933950902914
activation,naturalistic_behavioral,mean_tokens,14,exposure_residualized,5,0.023078100055716554
activation,naturalistic_behavioral,mean_tokens,14,profile_centered,0,0.0
activation,naturalistic_behavioral,mean_tokens,14,profile_centered,1,0.19789286521945135
activation,naturalistic_behavioral,mean_tokens,14,profile_centered,2,0.3397050202264671
activation,naturalistic_behavioral,mean_tokens,14,profile_centered,3,0.32060020834706227
activation,naturalistic_behavioral,mean_tokens,14,profile_centered,4,0.15301525440637967
activation,naturalistic_behavioral,mean_tokens,14,profile_centered,5,0.02613577537242097
activation,naturalistic_behavioral,mean_tokens,14,raw,0,5.164990546481847
activation,naturalistic_behavioral,mean_tokens,14,raw,1,0.19789286521945135
activation,naturalistic_behavioral,mean_tokens,14,raw,2,0.3397050202264671
activation,naturalistic_behavioral,mean_tokens,14,raw,3,0.32060020834706227
activation,naturalistic_behavioral,mean_tokens,14,raw,4,0.15301525440637967
activation,naturalistic_behavioral,mean_tokens,14,raw,5,0.02613577537242097
activation,naturalistic_behavioral,mean_tokens,14,unit_norm,0,0.005328149459168156
activation,naturalistic_behavioral,mean_tokens,14,unit_norm,1,0.17835838469158963
activation,naturalistic_behavioral,mean_tokens,14,unit_norm,2,0.3244765859946739
activation,naturalistic_behavioral,mean_tokens,14,unit_norm,3,0.3102727581480334
activation,naturalistic_behavioral,mean_tokens,14,unit_norm,4,0.15451631475011987
activation,naturalistic_behavioral,mean_tokens,14,unit_norm,5,0.02704780695641519
activation,naturalistic_behavioral,mean_tokens,15,common_pc1_removed,0,7.610395353209208e-33
activation,naturalistic_behavioral,mean_tokens,15,common_pc1_removed,1,0.16379345465249084
activation,naturalistic_behavioral,mean_tokens,15,common_pc1_removed,2,0.33201112052798365
activation,naturalistic_behavioral,mean_tokens,15,common_pc1_removed,3,0.32146072240687285
activation,naturalistic_behavioral,mean_tokens,15,common_pc1_removed,4,0.16064923698079045
activation,naturalistic_behavioral,mean_tokens,15,common_pc1_removed,5,0.030176946168712238
activation,naturalistic_behavioral,mean_tokens,15,exposure_residualized,0,3.675529251848094e-28
activation,naturalistic_behavioral,mean_tokens,15,exposure_residualized,1,0.12885449233330276
activation,naturalistic_behavioral,mean_tokens,15,exposure_residualized,2,0.30694146967718594
activation,naturalistic_behavioral,mean_tokens,15,exposure_residualized,3,0.28561252635165685
activation,naturalistic_behavioral,mean_tokens,15,exposure_residualized,4,0.14760045139350675
activation,naturalistic_behavioral,mean_tokens,15,exposure_residualized,5,0.02693221270072382
activation,naturalistic_behavioral,mean_tokens,15,profile_centered,0,0.0
activation,naturalistic_behavioral,mean_tokens,15,profile_centered,1,0.23262744594659018
activation,naturalistic_behavioral,mean_tokens,15,profile_centered,2,0.40511934167282626
activation,naturalistic_behavioral,mean_tokens,15,profile_centered,3,0.38151204081884155
activation,naturalistic_behavioral,mean_tokens,15,profile_centered,4,0.18153288995963668
activation,naturalistic_behavioral,mean_tokens,15,profile_centered,5,0.03104002938876264
activation,naturalistic_behavioral,mean_tokens,15,raw,0,5.654026598828375
activation,naturalistic_behavioral,mean_tokens,15,raw,1,0.23262744594659018
activation,naturalistic_behavioral,mean_tokens,15,raw,2,0.40511934167282626
activation,naturalistic_behavioral,mean_tokens,15,raw,3,0.38151204081884155
activation,naturalistic_behavioral,mean_tokens,15,raw,4,0.18153288995963668
activation,naturalistic_behavioral,mean_tokens,15,raw,5,0.03104002938876264
activation,naturalistic_behavioral,mean_tokens,15,unit_norm,0,0.0047044795796772065
activation,naturalistic_behavioral,mean_tokens,15,unit_norm,1,0.17962232319334454
activation,naturalistic_behavioral,mean_tokens,15,unit_norm,2,0.32672782439659304
activation,naturalistic_behavioral,mean_tokens,15,unit_norm,3,0.3097480319951513
activation,naturalistic_behavioral,mean_tokens,15,unit_norm,4,0.15262305247106198
activation,naturalistic_behavioral,mean_tokens,15,unit_norm,5,0.026574288364172104
activation,naturalistic_behavioral,mean_tokens,16,common_pc1_removed,0,2.4648959899520246e-32
activation,naturalistic_behavioral,mean_tokens,16,common_pc1_removed,1,0.19980845311051848
activation,naturalistic_behavioral,mean_tokens,16,common_pc1_removed,2,0.40391590101050384
activation,naturalistic_behavioral,mean_tokens,16,common_pc1_removed,3,0.3979062337794329
activation,naturalistic_behavioral,mean_tokens,16,common_pc1_removed,4,0.19378819469106984
activation,naturalistic_behavioral,mean_tokens,16,common_pc1_removed,5,0.036543097400624336
activation,naturalistic_behavioral,mean_tokens,16,exposure_residualized,0,4.832135433934076e-28
activation,naturalistic_behavioral,mean_tokens,16,exposure_residualized,1,0.15620452145432806
activation,naturalistic_behavioral,mean_tokens,16,exposure_residualized,2,0.3711740236930214
activation,naturalistic_behavioral,mean_tokens,16,exposure_residualized,3,0.35105547400631104
activation,naturalistic_behavioral,mean_tokens,16,exposure_residualized,4,0.17526444959546003
activation,naturalistic_behavioral,mean_tokens,16,exposure_residualized,5,0.03175370450140472
activation,naturalistic_behavioral,mean_tokens,16,profile_centered,0,0.0
activation,naturalistic_behavioral,mean_tokens,16,profile_centered,1,0.2800677869847471
activation,naturalistic_behavioral,mean_tokens,16,profile_centered,2,0.4959797072016229
activation,naturalistic_behavioral,mean_tokens,16,profile_centered,3,0.4710693572102067
activation,naturalistic_behavioral,mean_tokens,16,profile_centered,4,0.21638951642844306
activation,naturalistic_behavioral,mean_tokens,16,profile_centered,5,0.03756477034826164
activation,naturalistic_behavioral,mean_tokens,16,raw,0,7.553377833899441
activation,naturalistic_behavioral,mean_tokens,16,raw,1,0.2800677869847471
activation,naturalistic_behavioral,mean_tokens,16,raw,2,0.4959797072016229
activation,naturalistic_behavioral,mean_tokens,16,raw,3,0.4710693572102067
activation,naturalistic_behavioral,mean_tokens,16,raw,4,0.21638951642844306
activation,naturalistic_behavioral,mean_tokens,16,raw,5,0.03756477034826164
activation,naturalistic_behavioral,mean_tokens,16,unit_norm,0,0.005170240892665748
activation,naturalistic_behavioral,mean_tokens,16,unit_norm,1,0.1782583829900936
activation,naturalistic_behavioral,mean_tokens,16,unit_norm,2,0.32703692049342215
activation,naturalistic_behavioral,mean_tokens,16,unit_norm,3,0.31352285635664456
activation,naturalistic_behavioral,mean_tokens,16,unit_norm,4,0.149496919636107
activation,naturalistic_behavioral,mean_tokens,16,unit_norm,5,0.026514679631067073
activation,naturalistic_behavioral,mean_tokens,17,common_pc1_removed,0,2.1444562018649948e-32
activation,naturalistic_behavioral,mean_tokens,17,common_pc1_removed,1,0.28100401418965176
activation,naturalistic_behavioral,mean_tokens,17,common_pc1_removed,2,0.5617800579302361
activation,naturalistic_behavioral,mean_tokens,17,common_pc1_removed,3,0.5574199333056555
activation,naturalistic_behavioral,mean_tokens,17,common_pc1_removed,4,0.26493851447594324
activation,naturalistic_behavioral,mean_tokens,17,common_pc1_removed,5,0.054136125939830526
activation,naturalistic_behavioral,mean_tokens,17,exposure_residualized,0,6.183709058168727e-28
activation,naturalistic_behavioral,mean_tokens,17,exposure_residualized,1,0.21950939784234863
activation,naturalistic_behavioral,mean_tokens,17,exposure_residualized,2,0.5149391049848473
activation,naturalistic_behavioral,mean_tokens,17,exposure_residualized,3,0.4986267861499498
activation,naturalistic_behavioral,mean_tokens,17,exposure_residualized,4,0.243970140426501
activation,naturalistic_behavioral,mean_tokens,17,exposure_residualized,5,0.04672978160505799
activation,naturalistic_behavioral,mean_tokens,17,profile_centered,0,0.0
activation,naturalistic_behavioral,mean_tokens,17,profile_centered,1,0.3805429591420457
activation,naturalistic_behavioral,mean_tokens,17,profile_centered,2,0.6803199636222057
activation,naturalistic_behavioral,mean_tokens,17,profile_centered,3,0.656704545448554
activation,naturalistic_behavioral,mean_tokens,17,profile_centered,4,0.2950242599791279
activation,naturalistic_behavioral,mean_tokens,17,profile_centered,5,0.05625465300569352
activation,naturalistic_behavioral,mean_tokens,17,raw,0,9.943573875897307
activation,naturalistic_behavioral,mean_tokens,17,raw,1,0.3805429591420457
activation,naturalistic_behavioral,mean_tokens,17,raw,2,0.6803199636222057
activation,naturalistic_behavioral,mean_tokens,17,raw,3,0.656704545448554
activation,naturalistic_behavioral,mean_tokens,17,raw,4,0.2950242599791279
activation,naturalistic_behavioral,mean_tokens,17,raw,5,0.05625465300569352
activation,naturalistic_behavioral,mean_tokens,17,unit_norm,0,0.004772414875309386
activation,naturalistic_behavioral,mean_tokens,17,unit_norm,1,0.17678063448405967
activation,naturalistic_behavioral,mean_tokens,17,unit_norm,2,0.3258948818045252
activation,naturalistic_behavioral,mean_tokens,17,unit_norm,3,0.3168008790134986
activation,naturalistic_behavioral,mean_tokens,17,unit_norm,4,0.14726029569829935
activation,naturalistic_behavioral,mean_tokens,17,unit_norm,5,0.028490894124307616
activation,naturalistic_behavioral,mean_tokens,18,common_pc1_removed,0,6.605780805230956e-32
activation,naturalistic_behavioral,mean_tokens,18,common_pc1_removed,1,0.34009746223343434
activation,naturalistic_behavioral,mean_tokens,18,common_pc1_removed,2,0.6719640165571564
activation,naturalistic_behavioral,mean_tokens,18,common_pc1_removed,3,0.6693408699261585
activation,naturalistic_behavioral,mean_tokens,18,common_pc1_removed,4,0.3068217218575304
activation,naturalistic_behavioral,mean_tokens,18,common_pc1_removed,5,0.06577872611682065
activation,naturalistic_behavioral,mean_tokens,18,exposure_residualized,0,7.272087057959487e-28
activation,naturalistic_behavioral,mean_tokens,18,exposure_residualized,1,0.26725260122628636
activation,naturalistic_behavioral,mean_tokens,18,exposure_residualized,2,0.6157479025963967
activation,naturalistic_behavioral,mean_tokens,18,exposure_residualized,3,0.5979307964782794
activation,naturalistic_behavioral,mean_tokens,18,exposure_residualized,4,0.28392125105271615
activation,naturalistic_behavioral,mean_tokens,18,exposure_residualized,5,0.05765132394287384
activation,naturalistic_behavioral,mean_tokens,18,profile_centered,0,0.0
activation,naturalistic_behavioral,mean_tokens,18,profile_centered,1,0.45788258374928925
activation,naturalistic_behavioral,mean_tokens,18,profile_centered,2,0.8125730166351336
activation,naturalistic_behavioral,mean_tokens,18,profile_centered,3,0.7865710859727701
activation,naturalistic_behavioral,mean_tokens,18,profile_centered,4,0.3458206993885157
activation,naturalistic_behavioral,mean_tokens,18,profile_centered,5,0.06943817018049592
activation,naturalistic_behavioral,mean_tokens,18,raw,0,12.284872003374446
activation,naturalistic_behavioral,mean_tokens,18,raw,1,0.45788258374928925
activation,naturalistic_behavioral,mean_tokens,18,raw,2,0.8125730166351336
activation,naturalistic_behavioral,mean_tokens,18,raw,3,0.7865710859727701
activation,naturalistic_behavioral,mean_tokens,18,raw,4,0.3458206993885157
activation,naturalistic_behavioral,mean_tokens,18,raw,5,0.06943817018049592
activation,naturalistic_behavioral,mean_tokens,18,unit_norm,0,0.005039523640324366
activation,naturalistic_behavioral,mean_tokens,18,unit_norm,1,0.1783221540571053
activation,naturalistic_behavioral,mean_tokens,18,unit_norm,2,0.3246021159841802
activation,naturalistic_behavioral,mean_tokens,18,unit_norm,3,0.3189621079654901
activation,naturalistic_behavioral,mean_tokens,18,unit_norm,4,0.14411505500327182
activation,naturalistic_behavioral,mean_tokens,18,unit_norm,5,0.02895904334962793
activation,naturalistic_behavioral,mean_tokens,19,common_pc1_removed,0,9.06292650262274e-33
activation,naturalistic_behavioral,mean_tokens,19,common_pc1_removed,1,0.3818314951390186
activation,naturalistic_behavioral,mean_tokens,19,common_pc1_removed,2,0.7496045770948472
activation,naturalistic_behavioral,mean_tokens,19,common_pc1_removed,3,0.7560336710644856
activation,naturalistic_behavioral,mean_tokens,19,common_pc1_removed,4,0.34327243631259285
activation,naturalistic_behavioral,mean_tokens,19,common_pc1_removed,5,0.07163691086049204
activation,naturalistic_behavioral,mean_tokens,19,exposure_residualized,0,8.063486375074009e-28
activation,naturalistic_behavioral,mean_tokens,19,exposure_residualized,1,0.30143400416147215
activation,naturalistic_behavioral,mean_tokens,19,exposure_residualized,2,0.68559301024791
activation,naturalistic_behavioral,mean_tokens,19,exposure_residualized,3,0.6740154320989419
activation,naturalistic_behavioral,mean_tokens,19,exposure_residualized,4,0.31578923037237927
activation,naturalistic_behavioral,mean_tokens,19,exposure_residualized,5,0.06371964141874994
activation,naturalistic_behavioral,mean_tokens,19,profile_centered,0,0.0
activation,naturalistic_behavioral,mean_tokens,19,profile_centered,1,0.5082903118466437
activation,naturalistic_behavioral,mean_tokens,19,profile_centered,2,0.9018977538904087
activation,naturalistic_behavioral,mean_tokens,19,profile_centered,3,0.8857514167147422
activation,naturalistic_behavioral,mean_tokens,19,profile_centered,4,0.387053801179734
activation,naturalistic_behavioral,mean_tokens,19,profile_centered,5,0.07655350184081483
activation,naturalistic_behavioral,mean_tokens,19,raw,0,13.616094231175996
activation,naturalistic_behavioral,mean_tokens,19,raw,1,0.5082903118466437
activation,naturalistic_behavioral,mean_tokens,19,raw,2,0.9018977538904087
activation,naturalistic_behavioral,mean_tokens,19,raw,3,0.8857514167147422
activation,naturalistic_behavioral,mean_tokens,19,raw,4,0.387053801179734
activation,naturalistic_behavioral,mean_tokens,19,raw,5,0.07655350184081483
activation,naturalistic_behavioral,mean_tokens,19,unit_norm,0,0.0049770631741622795
activation,naturalistic_behavioral,mean_tokens,19,unit_norm,1,0.17761211543785616
activation,naturalistic_behavioral,mean_tokens,19,unit_norm,2,0.32262710172539744
activation,naturalistic_behavioral,mean_tokens,19,unit_norm,3,0.3220666447506191
activation,naturalistic_behavioral,mean_tokens,19,unit_norm,4,0.14423362443077387
activation,naturalistic_behavioral,mean_tokens,19,unit_norm,5,0.028483450481191094
activation,naturalistic_behavioral,mean_tokens,20,common_pc1_removed,0,2.512400103889428e-32
activation,naturalistic_behavioral,mean_tokens,20,common_pc1_removed,1,0.4347924097490783
activation,naturalistic_behavioral,mean_tokens,20,common_pc1_removed,2,0.844549400940513
activation,naturalistic_behavioral,mean_tokens,20,common_pc1_removed,3,0.8530973714782004
activation,naturalistic_behavioral,mean_tokens,20,common_pc1_removed,4,0.3800349062871742
activation,naturalistic_behavioral,mean_tokens,20,common_pc1_removed,5,0.07842703216369301
activation,naturalistic_behavioral,mean_tokens,20,exposure_residualized,0,8.815843320979241e-28
activation,naturalistic_behavioral,mean_tokens,20,exposure_residualized,1,0.3420805949453428
activation,naturalistic_behavioral,mean_tokens,20,exposure_residualized,2,0.7753669019686859
activation,naturalistic_behavioral,mean_tokens,20,exposure_residualized,3,0.7584612022226687
activation,naturalistic_behavioral,mean_tokens,20,exposure_residualized,4,0.3508653064055161
activation,naturalistic_behavioral,mean_tokens,20,exposure_residualized,5,0.07000024869738178
activation,naturalistic_behavioral,mean_tokens,20,profile_centered,0,0.0
activation,naturalistic_behavioral,mean_tokens,20,profile_centered,1,0.5781869488361636
activation,naturalistic_behavioral,mean_tokens,20,profile_centered,2,1.0132521832088608
activation,naturalistic_behavioral,mean_tokens,20,profile_centered,3,0.9941424641168283
activation,naturalistic_behavioral,mean_tokens,20,profile_centered,4,0.43251601186926336
activation,naturalistic_behavioral,mean_tokens,20,profile_centered,5,0.0839349392591166
activation,naturalistic_behavioral,mean_tokens,20,raw,0,15.147562582812142
activation,naturalistic_behavioral,mean_tokens,20,raw,1,0.5781869488361636
activation,naturalistic_behavioral,mean_tokens,20,raw,2,1.0132521832088608
activation,naturalistic_behavioral,mean_tokens,20,raw,3,0.9941424641168283
activation,naturalistic_behavioral,mean_tokens,20,raw,4,0.43251601186926336
activation,naturalistic_behavioral,mean_tokens,20,raw,5,0.0839349392591166
activation,naturalistic_behavioral,mean_tokens,20,unit_norm,0,0.0048982906867663855
activation,naturalistic_behavioral,mean_tokens,20,unit_norm,1,0.18008188922960067
activation,naturalistic_behavioral,mean_tokens,20,unit_norm,2,0.32258600920934843
activation,naturalistic_behavioral,mean_tokens,20,unit_norm,3,0.3211104711566788
activation,naturalistic_behavioral,mean_tokens,20,unit_norm,4,0.14341399155073103
activation,naturalistic_behavioral,mean_tokens,20,unit_norm,5,0.027909348166874473
activation,naturalistic_behavioral,mean_tokens,21,common_pc1_removed,0,6.938432794927193e-32
activation,naturalistic_behavioral,mean_tokens,21,common_pc1_removed,1,0.6503092383836531
activation,naturalistic_behavioral,mean_tokens,21,common_pc1_removed,2,1.2641132097251726
activation,naturalistic_behavioral,mean_tokens,21,common_pc1_removed,3,1.2548487234868526
activation,naturalistic_behavioral,mean_tokens,21,common_pc1_removed,4,0.5598174567482448
activation,naturalistic_behavioral,mean_tokens,21,common_pc1_removed,5,0.1146697456899658
activation,naturalistic_behavioral,mean_tokens,21,exposure_residualized,0,1.274717131739838e-27
activation,naturalistic_behavioral,mean_tokens,21,exposure_residualized,1,0.5054983575243193
activation,naturalistic_behavioral,mean_tokens,21,exposure_residualized,2,1.156102210598949
activation,naturalistic_behavioral,mean_tokens,21,exposure_residualized,3,1.1306972405552607
activation,naturalistic_behavioral,mean_tokens,21,exposure_residualized,4,0.5259556476322587
activation,naturalistic_behavioral,mean_tokens,21,exposure_residualized,5,0.10351522757851382
activation,naturalistic_behavioral,mean_tokens,21,profile_centered,0,0.0
activation,naturalistic_behavioral,mean_tokens,21,profile_centered,1,0.8605663373768198
activation,naturalistic_behavioral,mean_tokens,21,profile_centered,2,1.507872905001718
activation,naturalistic_behavioral,mean_tokens,21,profile_centered,3,1.465372523415439
activation,naturalistic_behavioral,mean_tokens,21,profile_centered,4,0.6471845376541905
activation,naturalistic_behavioral,mean_tokens,21,profile_centered,5,0.1279507199383938
activation,naturalistic_behavioral,mean_tokens,21,raw,0,22.84984612753849
activation,naturalistic_behavioral,mean_tokens,21,raw,1,0.8605663373768198
activation,naturalistic_behavioral,mean_tokens,21,raw,2,1.507872905001718
activation,naturalistic_behavioral,mean_tokens,21,raw,3,1.465372523415439
activation,naturalistic_behavioral,mean_tokens,21,raw,4,0.6471845376541905
activation,naturalistic_behavioral,mean_tokens,21,raw,5,0.1279507199383938
activation,naturalistic_behavioral,mean_tokens,21,unit_norm,0,0.005184294218197229
activation,naturalistic_behavioral,mean_tokens,21,unit_norm,1,0.18070265464605106
activation,naturalistic_behavioral,mean_tokens,21,unit_norm,2,0.3227173965001422
activation,naturalistic_behavioral,mean_tokens,21,unit_norm,3,0.3193351122213081
activation,naturalistic_behavioral,mean_tokens,21,unit_norm,4,0.14418419929572626
activation,naturalistic_behavioral,mean_tokens,21,unit_norm,5,0.027876343118575127
activation,naturalistic_behavioral,mean_tokens,22,common_pc1_removed,0,6.433842677932293e-33
activation,naturalistic_behavioral,mean_tokens,22,common_pc1_removed,1,0.8055774411153296
activation,naturalistic_behavioral,mean_tokens,22,common_pc1_removed,2,1.584412020133119
activation,naturalistic_behavioral,mean_tokens,22,common_pc1_removed,3,1.5623302234327412
activation,naturalistic_behavioral,mean_tokens,22,common_pc1_removed,4,0.6891652498683396
activation,naturalistic_behavioral,mean_tokens,22,common_pc1_removed,5,0.13920137610555688
activation,naturalistic_behavioral,mean_tokens,22,exposure_residualized,0,1.5613523559303942e-27
activation,naturalistic_behavioral,mean_tokens,22,exposure_residualized,1,0.6260411714910388
activation,naturalistic_behavioral,mean_tokens,22,exposure_residualized,2,1.4413573454346067
activation,naturalistic_behavioral,mean_tokens,22,exposure_residualized,3,1.4097761432006832
activation,naturalistic_behavioral,mean_tokens,22,exposure_residualized,4,0.6521094278549651
activation,naturalistic_behavioral,mean_tokens,22,exposure_residualized,5,0.12514134574126456
activation,naturalistic_behavioral,mean_tokens,22,profile_centered,0,0.0
activation,naturalistic_behavioral,mean_tokens,22,profile_centered,1,1.0627547286094918
activation,naturalistic_behavioral,mean_tokens,22,profile_centered,2,1.8638211016014434
activation,naturalistic_behavioral,mean_tokens,22,profile_centered,3,1.819656344143177
activation,naturalistic_behavioral,mean_tokens,22,profile_centered,4,0.8004885163638998
activation,naturalistic_behavioral,mean_tokens,22,profile_centered,5,0.15471113627213084
activation,naturalistic_behavioral,mean_tokens,22,raw,0,27.48694506943037
activation,naturalistic_behavioral,mean_tokens,22,raw,1,1.0627547286094918
activation,naturalistic_behavioral,mean_tokens,22,raw,2,1.8638211016014434
activation,naturalistic_behavioral,mean_tokens,22,raw,3,1.819656344143177
activation,naturalistic_behavioral,mean_tokens,22,raw,4,0.8004885163638998
activation,naturalistic_behavioral,mean_tokens,22,raw,5,0.15471113627213084
activation,naturalistic_behavioral,mean_tokens,22,unit_norm,0,0.0049899071185901716
activation,naturalistic_behavioral,mean_tokens,22,unit_norm,1,0.18039605610287462
activation,naturalistic_behavioral,mean_tokens,22,unit_norm,2,0.3226432679265574
activation,naturalistic_behavioral,mean_tokens,22,unit_norm,3,0.3208486314027906
activation,naturalistic_behavioral,mean_tokens,22,unit_norm,4,0.14385271537946076
activation,naturalistic_behavioral,mean_tokens,22,unit_norm,5,0.027269422069726497
activation,naturalistic_behavioral,mean_tokens,23,common_pc1_removed,0,6.135891810656441e-32
activation,naturalistic_behavioral,mean_tokens,23,common_pc1_removed,1,1.0530922309662705
activation,naturalistic_behavioral,mean_tokens,23,common_pc1_removed,2,2.042421648464017
activation,naturalistic_behavioral,mean_tokens,23,common_pc1_removed,3,1.9900376090155694
activation,naturalistic_behavioral,mean_tokens,23,common_pc1_removed,4,0.879574081301226
activation,naturalistic_behavioral,mean_tokens,23,common_pc1_removed,5,0.17587321643230167
activation,naturalistic_behavioral,mean_tokens,23,exposure_residualized,0,1.9599258103260096e-27
activation,naturalistic_behavioral,mean_tokens,23,exposure_residualized,1,0.8192786182130903
activation,naturalistic_behavioral,mean_tokens,23,exposure_residualized,2,1.858605440019797
activation,naturalistic_behavioral,mean_tokens,23,exposure_residualized,3,1.8170323271704838
activation,naturalistic_behavioral,mean_tokens,23,exposure_residualized,4,0.8377425479673719
activation,naturalistic_behavioral,mean_tokens,23,exposure_residualized,5,0.16186076009787437
activation,naturalistic_behavioral,mean_tokens,23,profile_centered,0,0.0
activation,naturalistic_behavioral,mean_tokens,23,profile_centered,1,1.3544039804013575
activation,naturalistic_behavioral,mean_tokens,23,profile_centered,2,2.3870215031527913
activation,naturalistic_behavioral,mean_tokens,23,profile_centered,3,2.3272754539818967
activation,naturalistic_behavioral,mean_tokens,23,profile_centered,4,1.0248594723882694
activation,naturalistic_behavioral,mean_tokens,23,profile_centered,5,0.20099548515485718
activation,naturalistic_behavioral,mean_tokens,23,raw,0,34.02971783954336
activation,naturalistic_behavioral,mean_tokens,23,raw,1,1.3544039804013575
activation,naturalistic_behavioral,mean_tokens,23,raw,2,2.3870215031527913
activation,naturalistic_behavioral,mean_tokens,23,raw,3,2.3272754539818967
activation,naturalistic_behavioral,mean_tokens,23,raw,4,1.0248594723882694
activation,naturalistic_behavioral,mean_tokens,23,raw,5,0.20099548515485718
activation,naturalistic_behavioral,mean_tokens,23,unit_norm,0,0.004598267470565481
activation,naturalistic_behavioral,mean_tokens,23,unit_norm,1,0.18030346009786702
activation,naturalistic_behavioral,mean_tokens,23,unit_norm,2,0.3228074986770252
activation,naturalistic_behavioral,mean_tokens,23,unit_norm,3,0.3211445861896153
activation,naturalistic_behavioral,mean_tokens,23,unit_norm,4,0.14383763550042322
activation,naturalistic_behavioral,mean_tokens,23,unit_norm,5,0.027308552064503708
activation,naturalistic_behavioral,mean_tokens,24,common_pc1_removed,0,9.612031240486246e-32
activation,naturalistic_behavioral,mean_tokens,24,common_pc1_removed,1,1.2443595096989353
activation,naturalistic_behavioral,mean_tokens,24,common_pc1_removed,2,2.4257009755904706
activation,naturalistic_behavioral,mean_tokens,24,common_pc1_removed,3,2.360761227032439
activation,naturalistic_behavioral,mean_tokens,24,common_pc1_removed,4,1.039200284769669
activation,naturalistic_behavioral,mean_tokens,24,common_pc1_removed,5,0.20455995707810798
activation,naturalistic_behavioral,mean_tokens,24,exposure_residualized,0,2.2841581563098848e-27
activation,naturalistic_behavioral,mean_tokens,24,exposure_residualized,1,0.9678094059247893
activation,naturalistic_behavioral,mean_tokens,24,exposure_residualized,2,2.207184765328767
activation,naturalistic_behavioral,mean_tokens,24,exposure_residualized,3,2.1519837907501542
activation,naturalistic_behavioral,mean_tokens,24,exposure_residualized,4,0.9903410379894482
activation,naturalistic_behavioral,mean_tokens,24,exposure_residualized,5,0.1873380275849772
activation,naturalistic_behavioral,mean_tokens,24,profile_centered,0,0.0
activation,naturalistic_behavioral,mean_tokens,24,profile_centered,1,1.5866124527852308
activation,naturalistic_behavioral,mean_tokens,24,profile_centered,2,2.8127668719661476
activation,naturalistic_behavioral,mean_tokens,24,profile_centered,3,2.742332063751043
activation,naturalistic_behavioral,mean_tokens,24,profile_centered,4,1.200349033923618
activation,naturalistic_behavioral,mean_tokens,24,profile_centered,5,0.2324773817005572
activation,naturalistic_behavioral,mean_tokens,24,raw,0,39.19835330774118
activation,naturalistic_behavioral,mean_tokens,24,raw,1,1.5866124527852308
activation,naturalistic_behavioral,mean_tokens,24,raw,2,2.8127668719661476
activation,naturalistic_behavioral,mean_tokens,24,raw,3,2.742332063751043
activation,naturalistic_behavioral,mean_tokens,24,raw,4,1.200349033923618
activation,naturalistic_behavioral,mean_tokens,24,raw,5,0.2324773817005572
activation,naturalistic_behavioral,mean_tokens,24,unit_norm,0,0.0040755207640372736
activation,naturalistic_behavioral,mean_tokens,24,unit_norm,1,0.180363286345655
activation,naturalistic_behavioral,mean_tokens,24,unit_norm,2,0.32392783231626887
activation,naturalistic_behavioral,mean_tokens,24,unit_norm,3,0.321689386063817
activation,naturalistic_behavioral,mean_tokens,24,unit_norm,4,0.1431018107191734
activation,naturalistic_behavioral,mean_tokens,24,unit_norm,5,0.026842163791048604
activation,naturalistic_behavioral,mean_tokens,25,common_pc1_removed,0,5.153993092911225e-33
activation,naturalistic_behavioral,mean_tokens,25,common_pc1_removed,1,1.5089695263854503
activation,naturalistic_behavioral,mean_tokens,25,common_pc1_removed,2,2.954115069724916
activation,naturalistic_behavioral,mean_tokens,25,common_pc1_removed,3,2.8628255411845505
activation,naturalistic_behavioral,mean_tokens,25,common_pc1_removed,4,1.2667118960832724
activation,naturalistic_behavioral,mean_tokens,25,common_pc1_removed,5,0.24583496896962936
activation,naturalistic_behavioral,mean_tokens,25,exposure_residualized,0,2.7114142842925996e-27
activation,naturalistic_behavioral,mean_tokens,25,exposure_residualized,1,1.1728232051137037
activation,naturalistic_behavioral,mean_tokens,25,exposure_residualized,2,2.6901032441385726
activation,naturalistic_behavioral,mean_tokens,25,exposure_residualized,3,2.6012347178565367
activation,naturalistic_behavioral,mean_tokens,25,exposure_residualized,4,1.1985784148205385
activation,naturalistic_behavioral,mean_tokens,25,exposure_residualized,5,0.2261071344957334
activation,naturalistic_behavioral,mean_tokens,25,profile_centered,0,0.0
activation,naturalistic_behavioral,mean_tokens,25,profile_centered,1,1.912787575792219
activation,naturalistic_behavioral,mean_tokens,25,profile_centered,2,3.401408856744689
activation,naturalistic_behavioral,mean_tokens,25,profile_centered,3,3.3196698131155236
activation,naturalistic_behavioral,mean_tokens,25,profile_centered,4,1.4581916091919969
activation,naturalistic_behavioral,mean_tokens,25,profile_centered,5,0.2779848521575945
activation,naturalistic_behavioral,mean_tokens,25,raw,0,47.490694979669655
activation,naturalistic_behavioral,mean_tokens,25,raw,1,1.912787575792219
activation,naturalistic_behavioral,mean_tokens,25,raw,2,3.401408856744689
activation,naturalistic_behavioral,mean_tokens,25,raw,3,3.3196698131155236
activation,naturalistic_behavioral,mean_tokens,25,raw,4,1.4581916091919969
activation,naturalistic_behavioral,mean_tokens,25,raw,5,0.2779848521575945
activation,naturalistic_behavioral,mean_tokens,25,unit_norm,0,0.003939907949614325
activation,naturalistic_behavioral,mean_tokens,25,unit_norm,1,0.18031052081373675
activation,naturalistic_behavioral,mean_tokens,25,unit_norm,2,0.3238921181628479
activation,naturalistic_behavioral,mean_tokens,25,unit_norm,3,0.32215069386953776
activation,naturalistic_behavioral,mean_tokens,25,unit_norm,4,0.1431734134777387
activation,naturalistic_behavioral,mean_tokens,25,unit_norm,5,0.02653334572652439
activation,naturalistic_behavioral,mean_tokens,26,common_pc1_removed,0,5.044759212773421e-32
activation,naturalistic_behavioral,mean_tokens,26,common_pc1_removed,1,1.8638720911088242
activation,naturalistic_behavioral,mean_tokens,26,common_pc1_removed,2,3.6789954406948198
activation,naturalistic_behavioral,mean_tokens,26,common_pc1_removed,3,3.5573868196632565
activation,naturalistic_behavioral,mean_tokens,26,common_pc1_removed,4,1.5906449924355979
activation,naturalistic_behavioral,mean_tokens,26,common_pc1_removed,5,0.3059489736667491
activation,naturalistic_behavioral,mean_tokens,26,exposure_residualized,0,3.260346164632314e-27
activation,naturalistic_behavioral,mean_tokens,26,exposure_residualized,1,1.4516519191698594
activation,naturalistic_behavioral,mean_tokens,26,exposure_residualized,2,3.343269869992245
activation,naturalistic_behavioral,mean_tokens,26,exposure_residualized,3,3.2233202938505117
activation,naturalistic_behavioral,mean_tokens,26,exposure_residualized,4,1.4924421942836186
activation,naturalistic_behavioral,mean_tokens,26,exposure_residualized,5,0.2770724337319444
activation,naturalistic_behavioral,mean_tokens,26,profile_centered,0,0.0
activation,naturalistic_behavioral,mean_tokens,26,profile_centered,1,2.347450686527492
activation,naturalistic_behavioral,mean_tokens,26,profile_centered,2,4.203931639173618
activation,naturalistic_behavioral,mean_tokens,26,profile_centered,3,4.080107071246267
activation,naturalistic_behavioral,mean_tokens,26,profile_centered,4,1.8051771792803997
activation,naturalistic_behavioral,mean_tokens,26,profile_centered,5,0.3399238047025812
activation,naturalistic_behavioral,mean_tokens,26,raw,0,56.22203045206021
activation,naturalistic_behavioral,mean_tokens,26,raw,1,2.347450686527492
activation,naturalistic_behavioral,mean_tokens,26,raw,2,4.203931639173618
activation,naturalistic_behavioral,mean_tokens,26,raw,3,4.080107071246267
activation,naturalistic_behavioral,mean_tokens,26,raw,4,1.8051771792803997
activation,naturalistic_behavioral,mean_tokens,26,raw,5,0.3399238047025812
activation,naturalistic_behavioral,mean_tokens,26,unit_norm,0,0.0036151169332205822
activation,naturalistic_behavioral,mean_tokens,26,unit_norm,1,0.17995418725970552
activation,naturalistic_behavioral,mean_tokens,26,unit_norm,2,0.3250254405257524
activation,naturalistic_behavioral,mean_tokens,26,unit_norm,3,0.32142875111182706
activation,naturalistic_behavioral,mean_tokens,26,unit_norm,4,0.1435351161818849
activation,naturalistic_behavioral,mean_tokens,26,unit_norm,5,0.026441387987609526
activation,naturalistic_behavioral,mean_tokens,27,common_pc1_removed,0,6.092578039058188e-32
activation,naturalistic_behavioral,mean_tokens,27,common_pc1_removed,1,2.2911032042922925
activation,naturalistic_behavioral,mean_tokens,27,common_pc1_removed,2,4.575908959717053
activation,naturalistic_behavioral,mean_tokens,27,common_pc1_removed,3,4.395138971322064
activation,naturalistic_behavioral,mean_tokens,27,common_pc1_removed,4,1.983266045671828
activation,naturalistic_behavioral,mean_tokens,27,common_pc1_removed,5,0.37776591365119633
activation,naturalistic_behavioral,mean_tokens,27,exposure_residualized,0,3.941875444329972e-27
activation,naturalistic_behavioral,mean_tokens,27,exposure_residualized,1,1.7838120148739616
activation,naturalistic_behavioral,mean_tokens,27,exposure_residualized,2,4.154171126760591
activation,naturalistic_behavioral,mean_tokens,27,exposure_residualized,3,3.966460909549552
activation,naturalistic_behavioral,mean_tokens,27,exposure_residualized,4,1.8499225919652278
activation,naturalistic_behavioral,mean_tokens,27,exposure_residualized,5,0.3440642569536142
activation,naturalistic_behavioral,mean_tokens,27,profile_centered,0,0.0
activation,naturalistic_behavioral,mean_tokens,27,profile_centered,1,2.859297015270211
activation,naturalistic_behavioral,mean_tokens,27,profile_centered,2,5.191941952079047
activation,naturalistic_behavioral,mean_tokens,27,profile_centered,3,5.021217115315577
activation,naturalistic_behavioral,mean_tokens,27,profile_centered,4,2.230466202864109
activation,naturalistic_behavioral,mean_tokens,27,profile_centered,5,0.4177841156599057
activation,naturalistic_behavioral,mean_tokens,27,raw,0,67.75363729450986
activation,naturalistic_behavioral,mean_tokens,27,raw,1,2.859297015270211
activation,naturalistic_behavioral,mean_tokens,27,raw,2,5.191941952079047
activation,naturalistic_behavioral,mean_tokens,27,raw,3,5.021217115315577
activation,naturalistic_behavioral,mean_tokens,27,raw,4,2.230466202864109
activation,naturalistic_behavioral,mean_tokens,27,raw,5,0.4177841156599057
activation,naturalistic_behavioral,mean_tokens,27,unit_norm,0,0.0034342747199184714
activation,naturalistic_behavioral,mean_tokens,27,unit_norm,1,0.17836560481312333
activation,naturalistic_behavioral,mean_tokens,27,unit_norm,2,0.32592694186372023
activation,naturalistic_behavioral,mean_tokens,27,unit_norm,3,0.3220231742908081
activation,naturalistic_behavioral,mean_tokens,27,unit_norm,4,0.143796902126616
activation,naturalistic_behavioral,mean_tokens,27,unit_norm,5,0.02645310218581396
activation,naturalistic_behavioral,mean_tokens,28,common_pc1_removed,0,3.708584020548753e-32
activation,naturalistic_behavioral,mean_tokens,28,common_pc1_removed,1,2.8519140052589376
activation,naturalistic_behavioral,mean_tokens,28,common_pc1_removed,2,5.782315716413508
activation,naturalistic_behavioral,mean_tokens,28,common_pc1_removed,3,5.520948386879926
activation,naturalistic_behavioral,mean_tokens,28,common_pc1_removed,4,2.509397806712064
activation,naturalistic_behavioral,mean_tokens,28,common_pc1_removed,5,0.4725760884429163
activation,naturalistic_behavioral,mean_tokens,28,exposure_residualized,0,4.6318958222602886e-27
activation,naturalistic_behavioral,mean_tokens,28,exposure_residualized,1,2.2371976013013737
activation,naturalistic_behavioral,mean_tokens,28,exposure_residualized,2,5.244854697957242
activation,naturalistic_behavioral,mean_tokens,28,exposure_residualized,3,4.962016290974226
activation,naturalistic_behavioral,mean_tokens,28,exposure_residualized,4,2.319231133364948
activation,naturalistic_behavioral,mean_tokens,28,exposure_residualized,5,0.42906887483712497
activation,naturalistic_behavioral,mean_tokens,28,profile_centered,0,0.0
activation,naturalistic_behavioral,mean_tokens,28,profile_centered,1,3.5404668876546435
activation,naturalistic_behavioral,mean_tokens,28,profile_centered,2,6.462837619288976
activation,naturalistic_behavioral,mean_tokens,28,profile_centered,3,6.218707888779939
activation,naturalistic_behavioral,mean_tokens,28,profile_centered,4,2.775341171012623
activation,naturalistic_behavioral,mean_tokens,28,profile_centered,5,0.5162485772090555
activation,naturalistic_behavioral,mean_tokens,28,raw,0,75.05677929381503
activation,naturalistic_behavioral,mean_tokens,28,raw,1,3.5404668876546435
activation,naturalistic_behavioral,mean_tokens,28,raw,2,6.462837619288976
activation,naturalistic_behavioral,mean_tokens,28,raw,3,6.218707888779939
activation,naturalistic_behavioral,mean_tokens,28,raw,4,2.775341171012623
activation,naturalistic_behavioral,mean_tokens,28,raw,5,0.5162485772090555
activation,naturalistic_behavioral,mean_tokens,28,unit_norm,0,0.003040609885100823
activation,naturalistic_behavioral,mean_tokens,28,unit_norm,1,0.17859719092963822
activation,naturalistic_behavioral,mean_tokens,28,unit_norm,2,0.3269409023703487
activation,naturalistic_behavioral,mean_tokens,28,unit_norm,3,0.3213455368829677
activation,naturalistic_behavioral,mean_tokens,28,unit_norm,4,0.14365121954388937
activation,naturalistic_behavioral,mean_tokens,28,unit_norm,5,0.026424540388055383
activation,naturalistic_behavioral,mean_tokens,29,common_pc1_removed,0,1.088862405646245e-30
activation,naturalistic_behavioral,mean_tokens,29,common_pc1_removed,1,4.1213637048906575
activation,naturalistic_behavioral,mean_tokens,29,common_pc1_removed,2,8.364681861163172
activation,naturalistic_behavioral,mean_tokens,29,common_pc1_removed,3,8.03964777907689
activation,naturalistic_behavioral,mean_tokens,29,common_pc1_removed,4,3.674307018058965
activation,naturalistic_behavioral,mean_tokens,29,common_pc1_removed,5,0.6904885002487119
activation,naturalistic_behavioral,mean_tokens,29,exposure_residualized,0,6.549073705795612e-27
activation,naturalistic_behavioral,mean_tokens,29,exposure_residualized,1,3.2811139657562673
activation,naturalistic_behavioral,mean_tokens,29,exposure_residualized,2,7.606614476606215
activation,naturalistic_behavioral,mean_tokens,29,exposure_residualized,3,7.187083447753396
activation,naturalistic_behavioral,mean_tokens,29,exposure_residualized,4,3.356375769004961
activation,naturalistic_behavioral,mean_tokens,29,exposure_residualized,5,0.6277070441608763
activation,naturalistic_behavioral,mean_tokens,29,profile_centered,0,0.0
activation,naturalistic_behavioral,mean_tokens,29,profile_centered,1,5.182605777147071
activation,naturalistic_behavioral,mean_tokens,29,profile_centered,2,9.315978570859201
activation,naturalistic_behavioral,mean_tokens,29,profile_centered,3,8.929390442308062
activation,naturalistic_behavioral,mean_tokens,29,profile_centered,4,4.014389421060452
activation,naturalistic_behavioral,mean_tokens,29,profile_centered,5,0.7494509310707267
activation,naturalistic_behavioral,mean_tokens,29,raw,0,100.23747185442053
activation,naturalistic_behavioral,mean_tokens,29,raw,1,5.182605777147071
activation,naturalistic_behavioral,mean_tokens,29,raw,2,9.315978570859201
activation,naturalistic_behavioral,mean_tokens,29,raw,3,8.929390442308062
activation,naturalistic_behavioral,mean_tokens,29,raw,4,4.014389421060452
activation,naturalistic_behavioral,mean_tokens,29,raw,5,0.7494509310707267
activation,naturalistic_behavioral,mean_tokens,29,unit_norm,0,0.0027710034625279393
activation,naturalistic_behavioral,mean_tokens,29,unit_norm,1,0.1816471804838079
activation,naturalistic_behavioral,mean_tokens,29,unit_norm,2,0.3265067990375509
activation,naturalistic_behavioral,mean_tokens,29,unit_norm,3,0.3189399627864378
activation,naturalistic_behavioral,mean_tokens,29,unit_norm,4,0.14347462373447234
activation,naturalistic_behavioral,mean_tokens,29,unit_norm,5,0.02666043049520301
activation,naturalistic_behavioral,mean_tokens,30,common_pc1_removed,0,3.2302121289806225e-31
activation,naturalistic_behavioral,mean_tokens,30,common_pc1_removed,1,6.7630276164013665
activation,naturalistic_behavioral,mean_tokens,30,common_pc1_removed,2,13.58525921037463
activation,naturalistic_behavioral,mean_tokens,30,common_pc1_removed,3,13.292722296366058
activation,naturalistic_behavioral,mean_tokens,30,common_pc1_removed,4,6.235407126247512
activation,naturalistic_behavioral,mean_tokens,30,common_pc1_removed,5,1.1614872077716045
activation,naturalistic_behavioral,mean_tokens,30,exposure_residualized,0,9.897008587594836e-27
activation,naturalistic_behavioral,mean_tokens,30,exposure_residualized,1,5.452214545702229
activation,naturalistic_behavioral,mean_tokens,30,exposure_residualized,2,12.379425171632569
activation,naturalistic_behavioral,mean_tokens,30,exposure_residualized,3,11.693590908026145
activation,naturalistic_behavioral,mean_tokens,30,exposure_residualized,4,5.5910614461870916
activation,naturalistic_behavioral,mean_tokens,30,exposure_residualized,5,1.028230016846953
activation,naturalistic_behavioral,mean_tokens,30,profile_centered,0,0.0
activation,naturalistic_behavioral,mean_tokens,30,profile_centered,1,9.099874907731355
activation,naturalistic_behavioral,mean_tokens,30,profile_centered,2,15.288029636983474
activation,naturalistic_behavioral,mean_tokens,30,profile_centered,3,14.540699635107691
activation,naturalistic_behavioral,mean_tokens,30,profile_centered,4,6.630748211153566
activation,naturalistic_behavioral,mean_tokens,30,profile_centered,5,1.2260838687312394
activation,naturalistic_behavioral,mean_tokens,30,raw,0,175.22202127997664
activation,naturalistic_behavioral,mean_tokens,30,raw,1,9.099874907731355
activation,naturalistic_behavioral,mean_tokens,30,raw,2,15.288029636983474
activation,naturalistic_behavioral,mean_tokens,30,raw,3,14.540699635107691
activation,naturalistic_behavioral,mean_tokens,30,raw,4,6.630748211153566
activation,naturalistic_behavioral,mean_tokens,30,raw,5,1.2260838687312394
activation,naturalistic_behavioral,mean_tokens,30,unit_norm,0,0.0030077959928411285
activation,naturalistic_behavioral,mean_tokens,30,unit_norm,1,0.19069201970661703
activation,naturalistic_behavioral,mean_tokens,30,unit_norm,2,0.322878485895883
activation,naturalistic_behavioral,mean_tokens,30,unit_norm,3,0.31273058924813485
activation,naturalistic_behavioral,mean_tokens,30,unit_norm,4,0.14415005876207848
activation,naturalistic_behavioral,mean_tokens,30,unit_norm,5,0.026541050394445487
activation,naturalistic_behavioral,mean_tokens,31,common_pc1_removed,0,6.509524465288494e-32
activation,naturalistic_behavioral,mean_tokens,31,common_pc1_removed,1,18.667322554759842
activation,naturalistic_behavioral,mean_tokens,31,common_pc1_removed,2,38.876200655745535
activation,naturalistic_behavioral,mean_tokens,31,common_pc1_removed,3,37.65474504819576
activation,naturalistic_behavioral,mean_tokens,31,common_pc1_removed,4,17.13507559268775
activation,naturalistic_behavioral,mean_tokens,31,common_pc1_removed,5,2.977188365732781
activation,naturalistic_behavioral,mean_tokens,31,exposure_residualized,0,2.8820839302771953e-26
activation,naturalistic_behavioral,mean_tokens,31,exposure_residualized,1,15.460278617371984
activation,naturalistic_behavioral,mean_tokens,31,exposure_residualized,2,35.06646922534429
activation,naturalistic_behavioral,mean_tokens,31,exposure_residualized,3,33.60690582002745
activation,naturalistic_behavioral,mean_tokens,31,exposure_residualized,4,15.01620160004281
activation,naturalistic_behavioral,mean_tokens,31,exposure_residualized,5,2.5713805466453095
activation,naturalistic_behavioral,mean_tokens,31,profile_centered,0,0.0
activation,naturalistic_behavioral,mean_tokens,31,profile_centered,1,30.754722512605888
activation,naturalistic_behavioral,mean_tokens,31,profile_centered,2,46.61321425614507
activation,naturalistic_behavioral,mean_tokens,31,profile_centered,3,40.81279790607184
activation,naturalistic_behavioral,mean_tokens,31,profile_centered,4,18.062617495741307
activation,naturalistic_behavioral,mean_tokens,31,profile_centered,5,3.146059068202657
activation,naturalistic_behavioral,mean_tokens,31,raw,0,685.5934039640453
activation,naturalistic_behavioral,mean_tokens,31,raw,1,30.754722512605888
activation,naturalistic_behavioral,mean_tokens,31,raw,2,46.61321425614507
activation,naturalistic_behavioral,mean_tokens,31,raw,3,40.81279790607184
activation,naturalistic_behavioral,mean_tokens,31,raw,4,18.062617495741307
activation,naturalistic_behavioral,mean_tokens,31,raw,5,3.146059068202657
activation,naturalistic_behavioral,mean_tokens,31,unit_norm,0,0.004222831830315511
activation,naturalistic_behavioral,mean_tokens,31,unit_norm,1,0.21045309567034023
activation,naturalistic_behavioral,mean_tokens,31,unit_norm,2,0.33094245706773984
activation,naturalistic_behavioral,mean_tokens,31,unit_norm,3,0.2960004973340242
activation,naturalistic_behavioral,mean_tokens,31,unit_norm,4,0.13457873349958763
activation,naturalistic_behavioral,mean_tokens,31,unit_norm,5,0.023802384597992464
activation,neutral_controls,final_token,0,common_pc1_removed,0,2.0460770906517617e-35
activation,neutral_controls,final_token,0,common_pc1_removed,1,0.0005753399606861574
activation,neutral_controls,final_token,0,common_pc1_removed,2,0.0011717969362454882
activation,neutral_controls,final_token,0,common_pc1_removed,3,0.0012241924695727013
activation,neutral_controls,final_token,0,common_pc1_removed,4,0.0005993809775971365
activation,neutral_controls,final_token,0,common_pc1_removed,5,0.00012286071217743747
activation,neutral_controls,final_token,0,exposure_residualized,0,1.0797793554799843e-30
activation,neutral_controls,final_token,0,exposure_residualized,1,0.00047520549746685664
activation,neutral_controls,final_token,0,exposure_residualized,2,0.0011086856571673822
activation,neutral_controls,final_token,0,exposure_residualized,3,0.0011415464969730153
activation,neutral_controls,final_token,0,exposure_residualized,4,0.0005959558031005134
activation,neutral_controls,final_token,0,exposure_residualized,5,0.00012106039613176058
activation,neutral_controls,final_token,0,profile_centered,0,0.0
activation,neutral_controls,final_token,0,profile_centered,1,0.0008198030507097585
activation,neutral_controls,final_token,0,profile_centered,2,0.0013611371980363442
activation,neutral_controls,final_token,0,profile_centered,3,0.0013213586040767128
activation,neutral_controls,final_token,0,profile_centered,4,0.0006231094507469318
activation,neutral_controls,final_token,0,profile_centered,5,0.0001235074821999318
activation,neutral_controls,final_token,0,raw,0,0.005217653928360046
activation,neutral_controls,final_token,0,raw,1,0.0008198030507097585
activation,neutral_controls,final_token,0,raw,2,0.0013611371980363442
activation,neutral_controls,final_token,0,raw,3,0.0013213586040767128
activation,neutral_controls,final_token,0,raw,4,0.0006231094507469318
activation,neutral_controls,final_token,0,raw,5,0.0001235074821999318
activation,neutral_controls,final_token,0,unit_norm,0,0.00126782911386938
activation,neutral_controls,final_token,0,unit_norm,1,0.19233016492149757
activation,neutral_controls,final_token,0,unit_norm,2,0.3233436395315987
activation,neutral_controls,final_token,0,unit_norm,3,0.307693637102041
activation,neutral_controls,final_token,0,unit_norm,4,0.1460623770236545
activation,neutral_controls,final_token,0,unit_norm,5,0.02930235230733886
activation,neutral_controls,final_token,1,common_pc1_removed,0,6.19678563882051e-35
activation,neutral_controls,final_token,1,common_pc1_removed,1,0.0018393017858677042
activation,neutral_controls,final_token,1,common_pc1_removed,2,0.003722309029454939
activation,neutral_controls,final_token,1,common_pc1_removed,3,0.003850964442579874
activation,neutral_controls,final_token,1,common_pc1_removed,4,0.0018474955427856268
activation,neutral_controls,final_token,1,common_pc1_removed,5,0.00038615283882495834
activation,neutral_controls,final_token,1,exposure_residualized,0,3.103523286107957e-30
activation,neutral_controls,final_token,1,exposure_residualized,1,0.001545641019248729
activation,neutral_controls,final_token,1,exposure_residualized,2,0.0034641186310803893
activation,neutral_controls,final_token,1,exposure_residualized,3,0.0035729107561704113
activation,neutral_controls,final_token,1,exposure_residualized,4,0.0018340885677873078
activation,neutral_controls,final_token,1,exposure_residualized,5,0.0003743656616413463
activation,neutral_controls,final_token,1,profile_centered,0,0.0
activation,neutral_controls,final_token,1,profile_centered,1,0.0029251816651885195
activation,neutral_controls,final_token,1,profile_centered,2,0.0044806165567431696
activation,neutral_controls,final_token,1,profile_centered,3,0.00402413908779225
activation,neutral_controls,final_token,1,profile_centered,4,0.001946582503421336
activation,neutral_controls,final_token,1,profile_centered,5,0.00038621435809603987
activation,neutral_controls,final_token,1,raw,0,0.0237014774223704
activation,neutral_controls,final_token,1,raw,1,0.0029251816651885195
activation,neutral_controls,final_token,1,raw,2,0.0044806165567431696
activation,neutral_controls,final_token,1,raw,3,0.00402413908779225
activation,neutral_controls,final_token,1,raw,4,0.001946582503421336
activation,neutral_controls,final_token,1,raw,5,0.00038621435809603987
activation,neutral_controls,final_token,1,unit_norm,0,0.0005264178853572974
activation,neutral_controls,final_token,1,unit_norm,1,0.20556175915564673
activation,neutral_controls,final_token,1,unit_norm,2,0.32678712973184265
activation,neutral_controls,final_token,1,unit_norm,3,0.2955966492975457
activation,neutral_controls,final_token,1,unit_norm,4,0.14290802597372398
activation,neutral_controls,final_token,1,unit_norm,5,0.02862001795588375
activation,neutral_controls,final_token,2,common_pc1_removed,0,2.0258844784804226e-35
activation,neutral_controls,final_token,2,common_pc1_removed,1,0.004910950677252647
activation,neutral_controls,final_token,2,common_pc1_removed,2,0.00987036859377967
activation,neutral_controls,final_token,2,common_pc1_removed,3,0.010150266830944586
activation,neutral_controls,final_token,2,common_pc1_removed,4,0.004932939189841573
activation,neutral_controls,final_token,2,common_pc1_removed,5,0.001001051052670925
activation,neutral_controls,final_token,2,exposure_residualized,0,6.817251173304877e-30
activation,neutral_controls,final_token,2,exposure_residualized,1,0.0040453258688870185
activation,neutral_controls,final_token,2,exposure_residualized,2,0.009322185757172231
activation,neutral_controls,final_token,2,exposure_residualized,3,0.00937547398296726
activation,neutral_controls,final_token,2,exposure_residualized,4,0.00481735351519114
activation,neutral_controls,final_token,2,exposure_residualized,5,0.0009566144250538878
activation,neutral_controls,final_token,2,profile_centered,0,0.0
activation,neutral_controls,final_token,2,profile_centered,1,0.008068251575566735
activation,neutral_controls,final_token,2,profile_centered,2,0.011794530421452917
activation,neutral_controls,final_token,2,profile_centered,3,0.01059541977643415
activation,neutral_controls,final_token,2,profile_centered,4,0.0051609559667981815
activation,neutral_controls,final_token,2,profile_centered,5,0.001006345907524854
activation,neutral_controls,final_token,2,raw,0,0.08283690693917053
activation,neutral_controls,final_token,2,raw,1,0.008068251575566735
activation,neutral_controls,final_token,2,raw,2,0.011794530421452917
activation,neutral_controls,final_token,2,raw,3,0.01059541977643415
activation,neutral_controls,final_token,2,raw,4,0.0051609559667981815
activation,neutral_controls,final_token,2,raw,5,0.001006345907524854
activation,neutral_controls,final_token,2,unit_norm,0,0.00044151956872644736
activation,neutral_controls,final_token,2,unit_norm,1,0.21062097093254598
activation,neutral_controls,final_token,2,unit_norm,2,0.3198401293827539
activation,neutral_controls,final_token,2,unit_norm,3,0.2954577853114575
activation,neutral_controls,final_token,2,unit_norm,4,0.145203108513499
activation,neutral_controls,final_token,2,unit_norm,5,0.028436486291017218
activation,neutral_controls,final_token,3,common_pc1_removed,0,4.771616275271882e-34
activation,neutral_controls,final_token,3,common_pc1_removed,1,0.012248726569406258
activation,neutral_controls,final_token,3,common_pc1_removed,2,0.02445777947094105
activation,neutral_controls,final_token,3,common_pc1_removed,3,0.024372568686589605
activation,neutral_controls,final_token,3,common_pc1_removed,4,0.012286759598840541
activation,neutral_controls,final_token,3,common_pc1_removed,5,0.0022637456164604037
activation,neutral_controls,final_token,3,exposure_residualized,0,1.8377212180485298e-29
activation,neutral_controls,final_token,3,exposure_residualized,1,0.010223297973613358
activation,neutral_controls,final_token,3,exposure_residualized,2,0.02337407227354826
activation,neutral_controls,final_token,3,exposure_residualized,3,0.022884291691339296
activation,neutral_controls,final_token,3,exposure_residualized,4,0.011846592062384231
activation,neutral_controls,final_token,3,exposure_residualized,5,0.0020973127007813523
activation,neutral_controls,final_token,3,profile_centered,0,0.0
activation,neutral_controls,final_token,3,profile_centered,1,0.021409553093236743
activation,neutral_controls,final_token,3,profile_centered,2,0.030643523374484966
activation,neutral_controls,final_token,3,profile_centered,3,0.026311376359862644
activation,neutral_controls,final_token,3,profile_centered,4,0.012820001140514403
activation,neutral_controls,final_token,3,profile_centered,5,0.0022637831361173926
activation,neutral_controls,final_token,3,raw,0,0.29189827171458615
activation,neutral_controls,final_token,3,raw,1,0.021409553093236743
activation,neutral_controls,final_token,3,raw,2,0.030643523374484966
activation,neutral_controls,final_token,3,raw,3,0.026311376359862644
activation,neutral_controls,final_token,3,raw,4,0.012820001140514403
activation,neutral_controls,final_token,3,raw,5,0.0022637831361173926
activation,neutral_controls,final_token,3,unit_norm,0,0.0011882581359264027
activation,neutral_controls,final_token,3,unit_norm,1,0.21290070002615233
activation,neutral_controls,final_token,3,unit_norm,2,0.32291454818318904
activation,neutral_controls,final_token,3,unit_norm,3,0.29066859076398804
activation,neutral_controls,final_token,3,unit_norm,4,0.14621538302388393
activation,neutral_controls,final_token,3,unit_norm,5,0.026112519866860175
activation,neutral_controls,final_token,4,common_pc1_removed,0,9.877053530605532e-34
activation,neutral_controls,final_token,4,common_pc1_removed,1,0.023871649209716437
activation,neutral_controls,final_token,4,common_pc1_removed,2,0.048111540139860624
activation,neutral_controls,final_token,4,common_pc1_removed,3,0.04721109089597883
activation,neutral_controls,final_token,4,common_pc1_removed,4,0.024833155849094242
activation,neutral_controls,final_token,4,common_pc1_removed,5,0.004546153980267567
activation,neutral_controls,final_token,4,exposure_residualized,0,3.6831353536257934e-29
activation,neutral_controls,final_token,4,exposure_residualized,1,0.020257889542176128
activation,neutral_controls,final_token,4,exposure_residualized,2,0.0454738429950106
activation,neutral_controls,final_token,4,exposure_residualized,3,0.04427983763378454
activation,neutral_controls,final_token,4,exposure_residualized,4,0.024336983547507768
activation,neutral_controls,final_token,4,exposure_residualized,5,0.004353088982050472
activation,neutral_controls,final_token,4,profile_centered,0,0.0
activation,neutral_controls,final_token,4,profile_centered,1,0.04023541368393141
activation,neutral_controls,final_token,4,profile_centered,2,0.05977732306073314
activation,neutral_controls,final_token,4,profile_centered,3,0.05214288471016813
activation,neutral_controls,final_token,4,profile_centered,4,0.02564762470442211
activation,neutral_controls,final_token,4,profile_centered,5,0.004552804447210592
activation,neutral_controls,final_token,4,raw,0,0.6046678106756689
activation,neutral_controls,final_token,4,raw,1,0.04023541368393141
activation,neutral_controls,final_token,4,raw,2,0.05977732306073314
activation,neutral_controls,final_token,4,raw,3,0.05214288471016813
activation,neutral_controls,final_token,4,raw,4,0.02564762470442211
activation,neutral_controls,final_token,4,raw,5,0.004552804447210592
activation,neutral_controls,final_token,4,unit_norm,0,0.001012529830757403
activation,neutral_controls,final_token,4,unit_norm,1,0.20763728201449297
activation,neutral_controls,final_token,4,unit_norm,2,0.32207235925444866
activation,neutral_controls,final_token,4,unit_norm,3,0.29278483223554463
activation,neutral_controls,final_token,4,unit_norm,4,0.14964608130260404
activation,neutral_controls,final_token,4,unit_norm,5,0.026846915362152078
activation,neutral_controls,final_token,5,common_pc1_removed,0,1.0452533558177182e-33
activation,neutral_controls,final_token,5,common_pc1_removed,1,0.03539597397656883
activation,neutral_controls,final_token,5,common_pc1_removed,2,0.07206722874173524
activation,neutral_controls,final_token,5,common_pc1_removed,3,0.07308355604480705
activation,neutral_controls,final_token,5,common_pc1_removed,4,0.03601324674926835
activation,neutral_controls,final_token,5,common_pc1_removed,5,0.007211627969377297
activation,neutral_controls,final_token,5,exposure_residualized,0,5.851297935141116e-29
activation,neutral_controls,final_token,5,exposure_residualized,1,0.02977419904472978
activation,neutral_controls,final_token,5,exposure_residualized,2,0.06765623112988653
activation,neutral_controls,final_token,5,exposure_residualized,3,0.06835853667708708
activation,neutral_controls,final_token,5,exposure_residualized,4,0.03442230547960061
activation,neutral_controls,final_token,5,exposure_residualized,5,0.007153908351624232
activation,neutral_controls,final_token,5,profile_centered,0,0.0
activation,neutral_controls,final_token,5,profile_centered,1,0.05909815058961554
activation,neutral_controls,final_token,5,profile_centered,2,0.08982868720336784
activation,neutral_controls,final_token,5,profile_centered,3,0.07895140234780405
activation,neutral_controls,final_token,5,profile_centered,4,0.036717653773079124
activation,neutral_controls,final_token,5,profile_centered,5,0.007212174498289358
activation,neutral_controls,final_token,5,raw,0,0.9233585004332154
activation,neutral_controls,final_token,5,raw,1,0.05909815058961554
activation,neutral_controls,final_token,5,raw,2,0.08982868720336784
activation,neutral_controls,final_token,5,raw,3,0.07895140234780405
activation,neutral_controls,final_token,5,raw,4,0.036717653773079124
activation,neutral_controls,final_token,5,raw,5,0.007212174498289358
activation,neutral_controls,final_token,5,unit_norm,0,0.0009185034355921329
activation,neutral_controls,final_token,5,unit_norm,1,0.20397011032145176
activation,neutral_controls,final_token,5,unit_norm,2,0.32478274091541987
activation,neutral_controls,final_token,5,unit_norm,3,0.29834725578336363
activation,neutral_controls,final_token,5,unit_norm,4,0.1437934641068732
activation,neutral_controls,final_token,5,unit_norm,5,0.02818792543729962
activation,neutral_controls,final_token,6,common_pc1_removed,0,1.3296183773694572e-33
activation,neutral_controls,final_token,6,common_pc1_removed,1,0.046725061101010865
activation,neutral_controls,final_token,6,common_pc1_removed,2,0.09503733118220889
activation,neutral_controls,final_token,6,common_pc1_removed,3,0.093265676896823
activation,neutral_controls,final_token,6,common_pc1_removed,4,0.045575468052075144
activation,neutral_controls,final_token,6,common_pc1_removed,5,0.009916615743625116
activation,neutral_controls,final_token,6,exposure_residualized,0,8.163827142146216e-29
activation,neutral_controls,final_token,6,exposure_residualized,1,0.03949468227437787
activation,neutral_controls,final_token,6,exposure_residualized,2,0.08812473618615865
activation,neutral_controls,final_token,6,exposure_residualized,3,0.08742492370521698
activation,neutral_controls,final_token,6,exposure_residualized,4,0.04356966921665055
activation,neutral_controls,final_token,6,exposure_residualized,5,0.009691377231275061
activation,neutral_controls,final_token,6,profile_centered,0,0.0
activation,neutral_controls,final_token,6,profile_centered,1,0.07856963949060441
activation,neutral_controls,final_token,6,profile_centered,2,0.11936114540211096
activation,neutral_controls,final_token,6,profile_centered,3,0.1043937016182248
activation,neutral_controls,final_token,6,profile_centered,4,0.04637678737886819
activation,neutral_controls,final_token,6,profile_centered,5,0.00992079145987174
activation,neutral_controls,final_token,6,raw,0,1.4104233971757585
activation,neutral_controls,final_token,6,raw,1,0.07856963949060441
activation,neutral_controls,final_token,6,raw,2,0.11936114540211096
activation,neutral_controls,final_token,6,raw,3,0.1043937016182248
activation,neutral_controls,final_token,6,raw,4,0.04637678737886819
activation,neutral_controls,final_token,6,raw,5,0.00992079145987174
activation,neutral_controls,final_token,6,unit_norm,0,0.0012769930930037212
activation,neutral_controls,final_token,6,unit_norm,1,0.20414860101560695
activation,neutral_controls,final_token,6,unit_norm,2,0.32642667364240624
activation,neutral_controls,final_token,6,unit_norm,3,0.2987322842951831
activation,neutral_controls,final_token,6,unit_norm,4,0.139708346197567
activation,neutral_controls,final_token,6,unit_norm,5,0.029707101756232986
activation,neutral_controls,final_token,7,common_pc1_removed,0,1.5320679003616294e-33
activation,neutral_controls,final_token,7,common_pc1_removed,1,0.06405694810880812
activation,neutral_controls,final_token,7,common_pc1_removed,2,0.13301812897938672
activation,neutral_controls,final_token,7,common_pc1_removed,3,0.13178872563696079
activation,neutral_controls,final_token,7,common_pc1_removed,4,0.06300840448245737
activation,neutral_controls,final_token,7,common_pc1_removed,5,0.013588885729940336
activation,neutral_controls,final_token,7,exposure_residualized,0,1.138199206164822e-28
activation,neutral_controls,final_token,7,exposure_residualized,1,0.053832132147972986
activation,neutral_controls,final_token,7,exposure_residualized,2,0.1233596731255177
activation,neutral_controls,final_token,7,exposure_residualized,3,0.1220005009568438
activation,neutral_controls,final_token,7,exposure_residualized,4,0.05958896069189547
activation,neutral_controls,final_token,7,exposure_residualized,5,0.012844162582876687
activation,neutral_controls,final_token,7,profile_centered,0,0.0
activation,neutral_controls,final_token,7,profile_centered,1,0.10474807734951164
activation,neutral_controls,final_token,7,profile_centered,2,0.1665980739852869
activation,neutral_controls,final_token,7,profile_centered,3,0.1474810861761952
activation,neutral_controls,final_token,7,profile_centered,4,0.06569499225785792
activation,neutral_controls,final_token,7,profile_centered,5,0.013599388734182816
activation,neutral_controls,final_token,7,raw,0,2.0133559629800377
activation,neutral_controls,final_token,7,raw,1,0.10474807734951164
activation,neutral_controls,final_token,7,raw,2,0.1665980739852869
activation,neutral_controls,final_token,7,raw,3,0.1474810861761952
activation,neutral_controls,final_token,7,raw,4,0.06569499225785792
activation,neutral_controls,final_token,7,raw,5,0.013599388734182816
activation,neutral_controls,final_token,7,unit_norm,0,0.0013962642873147997
activation,neutral_controls,final_token,7,unit_norm,1,0.19507967615371005
activation,neutral_controls,final_token,7,unit_norm,2,0.3289002861632833
activation,neutral_controls,final_token,7,unit_norm,3,0.30371317128953135
activation,neutral_controls,final_token,7,unit_norm,4,0.141385610750064
activation,neutral_controls,final_token,7,unit_norm,5,0.029524991356096493
activation,neutral_controls,final_token,8,common_pc1_removed,0,3.378125751610029e-33
activation,neutral_controls,final_token,8,common_pc1_removed,1,0.0849554577123085
activation,neutral_controls,final_token,8,common_pc1_removed,2,0.1742834856613706
activation,neutral_controls,final_token,8,common_pc1_removed,3,0.17017360618597915
activation,neutral_controls,final_token,8,common_pc1_removed,4,0.08114339266233722
activation,neutral_controls,final_token,8,common_pc1_removed,5,0.017159009927438205
activation,neutral_controls,final_token,8,exposure_residualized,0,1.563401008194712e-28
activation,neutral_controls,final_token,8,exposure_residualized,1,0.06974967742743261
activation,neutral_controls,final_token,8,exposure_residualized,2,0.16147918238409098
activation,neutral_controls,final_token,8,exposure_residualized,3,0.15673520778480854
activation,neutral_controls,final_token,8,exposure_residualized,4,0.07678825979919982
activation,neutral_controls,final_token,8,exposure_residualized,5,0.01656189441559243
activation,neutral_controls,final_token,8,profile_centered,0,0.0
activation,neutral_controls,final_token,8,profile_centered,1,0.1318990785821993
activation,neutral_controls,final_token,8,profile_centered,2,0.21972161365769724
activation,neutral_controls,final_token,8,profile_centered,3,0.18976062825819598
activation,neutral_controls,final_token,8,profile_centered,4,0.08573987098122171
activation,neutral_controls,final_token,8,profile_centered,5,0.017190108305394053
activation,neutral_controls,final_token,8,raw,0,2.6906683943433656
activation,neutral_controls,final_token,8,raw,1,0.1318990785821993
activation,neutral_controls,final_token,8,raw,2,0.21972161365769724
activation,neutral_controls,final_token,8,raw,3,0.18976062825819598
activation,neutral_controls,final_token,8,raw,4,0.08573987098122171
activation,neutral_controls,final_token,8,raw,5,0.017190108305394053
activation,neutral_controls,final_token,8,unit_norm,0,0.001541977629231175
activation,neutral_controls,final_token,8,unit_norm,1,0.19185790118853563
activation,neutral_controls,final_token,8,unit_norm,2,0.33531592660004705
activation,neutral_controls,final_token,8,unit_norm,3,0.3010704540753597
activation,neutral_controls,final_token,8,unit_norm,4,0.14158166857998644
activation,neutral_controls,final_token,8,unit_norm,5,0.02863207192683997
activation,neutral_controls,final_token,9,common_pc1_removed,0,9.57061624981316e-34
activation,neutral_controls,final_token,9,common_pc1_removed,1,0.1088977009105687
activation,neutral_controls,final_token,9,common_pc1_removed,2,0.22448726233427896
activation,neutral_controls,final_token,9,common_pc1_removed,3,0.22262786636417348
activation,neutral_controls,final_token,9,common_pc1_removed,4,0.10820126647467694
activation,neutral_controls,final_token,9,common_pc1_removed,5,0.02406460263948669
activation,neutral_controls,final_token,9,exposure_residualized,0,1.913802411554237e-28
activation,neutral_controls,final_token,9,exposure_residualized,1,0.08964337390825156
activation,neutral_controls,final_token,9,exposure_residualized,2,0.20933663299360694
activation,neutral_controls,final_token,9,exposure_residualized,3,0.20551133325229043
activation,neutral_controls,final_token,9,exposure_residualized,4,0.10222917042185878
activation,neutral_controls,final_token,9,exposure_residualized,5,0.022715183697679393
activation,neutral_controls,final_token,9,profile_centered,0,0.0
activation,neutral_controls,final_token,9,profile_centered,1,0.165952542676447
activation,neutral_controls,final_token,9,profile_centered,2,0.2765199416083998
activation,neutral_controls,final_token,9,profile_centered,3,0.2480606253717508
activation,neutral_controls,final_token,9,profile_centered,4,0.11533078029361486
activation,neutral_controls,final_token,9,profile_centered,5,0.02415014989251566
activation,neutral_controls,final_token,9,raw,0,3.281227851732184
activation,neutral_controls,final_token,9,raw,1,0.165952542676447
activation,neutral_controls,final_token,9,raw,2,0.2765199416083998
activation,neutral_controls,final_token,9,raw,3,0.2480606253717508
activation,neutral_controls,final_token,9,raw,4,0.11533078029361486
activation,neutral_controls,final_token,9,raw,5,0.02415014989251566
activation,neutral_controls,final_token,9,unit_norm,0,0.0015594363466337156
activation,neutral_controls,final_token,9,unit_norm,1,0.18824338558982734
activation,neutral_controls,final_token,9,unit_norm,2,0.3283211059241526
activation,neutral_controls,final_token,9,unit_norm,3,0.30493502794228816
activation,neutral_controls,final_token,9,unit_norm,4,0.14637788248961983
activation,neutral_controls,final_token,9,unit_norm,5,0.03056316170747824
activation,neutral_controls,final_token,10,common_pc1_removed,0,2.0938999725276772e-32
activation,neutral_controls,final_token,10,common_pc1_removed,1,0.12440550403053147
activation,neutral_controls,final_token,10,common_pc1_removed,2,0.2614887130153173
activation,neutral_controls,final_token,10,common_pc1_removed,3,0.2490598307745921
activation,neutral_controls,final_token,10,common_pc1_removed,4,0.12357734732610712
activation,neutral_controls,final_token,10,common_pc1_removed,5,0.026636606144801237
activation,neutral_controls,final_token,10,exposure_residualized,0,2.27718663409332e-28
activation,neutral_controls,final_token,10,exposure_residualized,1,0.10077386249360998
activation,neutral_controls,final_token,10,exposure_residualized,2,0.24038375166597087
activation,neutral_controls,final_token,10,exposure_residualized,3,0.22952283462793893
activation,neutral_controls,final_token,10,exposure_residualized,4,0.1179194291378318
activation,neutral_controls,final_token,10,exposure_residualized,5,0.024778136977853006
activation,neutral_controls,final_token,10,profile_centered,0,0.0
activation,neutral_controls,final_token,10,profile_centered,1,0.18713082534084383
activation,neutral_controls,final_token,10,profile_centered,2,0.31861906708846377
activation,neutral_controls,final_token,10,profile_centered,3,0.27864580557544194
activation,neutral_controls,final_token,10,profile_centered,4,0.13343440023830544
activation,neutral_controls,final_token,10,profile_centered,5,0.026871559425566346
activation,neutral_controls,final_token,10,raw,0,3.8554134014319272
activation,neutral_controls,final_token,10,raw,1,0.18713082534084383
activation,neutral_controls,final_token,10,raw,2,0.31861906708846377
activation,neutral_controls,final_token,10,raw,3,0.27864580557544194
activation,neutral_controls,final_token,10,raw,4,0.13343440023830544
activation,neutral_controls,final_token,10,raw,5,0.026871559425566346
activation,neutral_controls,final_token,10,unit_norm,0,0.0017511658683124279
activation,neutral_controls,final_token,10,unit_norm,1,0.18635040714428192
activation,neutral_controls,final_token,10,unit_norm,2,0.3342425689198275
activation,neutral_controls,final_token,10,unit_norm,3,0.30004254699331817
activation,neutral_controls,final_token,10,unit_norm,4,0.14813609449243162
activation,neutral_controls,final_token,10,unit_norm,5,0.029477216581828548
activation,neutral_controls,final_token,11,common_pc1_removed,0,9.402227138751194e-34
activation,neutral_controls,final_token,11,common_pc1_removed,1,0.13428389833949833
activation,neutral_controls,final_token,11,common_pc1_removed,2,0.2877412656500596
activation,neutral_controls,final_token,11,common_pc1_removed,3,0.27128423921419076
activation,neutral_controls,final_token,11,common_pc1_removed,4,0.13455789178787653
activation,neutral_controls,final_token,11,common_pc1_removed,5,0.02932233161683736
activation,neutral_controls,final_token,11,exposure_residualized,0,2.4868242252560153e-28
activation,neutral_controls,final_token,11,exposure_residualized,1,0.10873609663109815
activation,neutral_controls,final_token,11,exposure_residualized,2,0.2658655574757782
activation,neutral_controls,final_token,11,exposure_residualized,3,0.24897267773474618
activation,neutral_controls,final_token,11,exposure_residualized,4,0.1283225537904959
activation,neutral_controls,final_token,11,exposure_residualized,5,0.028200783957796544
activation,neutral_controls,final_token,11,profile_centered,0,0.0
activation,neutral_controls,final_token,11,profile_centered,1,0.20412387916041988
activation,neutral_controls,final_token,11,profile_centered,2,0.34913444542486466
activation,neutral_controls,final_token,11,profile_centered,3,0.2992774790170458
activation,neutral_controls,final_token,11,profile_centered,4,0.1456759443814363
activation,neutral_controls,final_token,11,profile_centered,5,0.0300209087199527
activation,neutral_controls,final_token,11,raw,0,4.10448557898091
activation,neutral_controls,final_token,11,raw,1,0.20412387916041988
activation,neutral_controls,final_token,11,raw,2,0.34913444542486466
activation,neutral_controls,final_token,11,raw,3,0.2992774790170458
activation,neutral_controls,final_token,11,raw,4,0.1456759443814363
activation,neutral_controls,final_token,11,raw,5,0.0300209087199527
activation,neutral_controls,final_token,11,unit_norm,0,0.0016448780735045584
activation,neutral_controls,final_token,11,unit_norm,1,0.18628705079239608
activation,neutral_controls,final_token,11,unit_norm,2,0.3361585589117701
activation,neutral_controls,final_token,11,unit_norm,3,0.29736719094579506
activation,neutral_controls,final_token,11,unit_norm,4,0.14799358452683917
activation,neutral_controls,final_token,11,unit_norm,5,0.030548736749695177
activation,neutral_controls,final_token,12,common_pc1_removed,0,5.636868550508468e-34
activation,neutral_controls,final_token,12,common_pc1_removed,1,0.1666669982931353
activation,neutral_controls,final_token,12,common_pc1_removed,2,0.3449457900781492
activation,neutral_controls,final_token,12,common_pc1_removed,3,0.33787999050049733
activation,neutral_controls,final_token,12,common_pc1_removed,4,0.16632987250107872
activation,neutral_controls,final_token,12,common_pc1_removed,5,0.03545272120513632
activation,neutral_controls,final_token,12,exposure_residualized,0,3.0485838786401164e-28
activation,neutral_controls,final_token,12,exposure_residualized,1,0.1337899555680851
activation,neutral_controls,final_token,12,exposure_residualized,2,0.3216896229388703
activation,neutral_controls,final_token,12,exposure_residualized,3,0.31023354801485464
activation,neutral_controls,final_token,12,exposure_residualized,4,0.1590488123783661
activation,neutral_controls,final_token,12,exposure_residualized,5,0.03353613545645942
activation,neutral_controls,final_token,12,profile_centered,0,0.0
activation,neutral_controls,final_token,12,profile_centered,1,0.25812942822412127
activation,neutral_controls,final_token,12,profile_centered,2,0.43197982800534535
activation,neutral_controls,final_token,12,profile_centered,3,0.3718874388637299
activation,neutral_controls,final_token,12,profile_centered,4,0.17830454111013733
activation,neutral_controls,final_token,12,profile_centered,5,0.03671377343561784
activation,neutral_controls,final_token,12,raw,0,5.2859317253163605
activation,neutral_controls,final_token,12,raw,1,0.25812942822412127
activation,neutral_controls,final_token,12,raw,2,0.43197982800534535
activation,neutral_controls,final_token,12,raw,3,0.3718874388637299
activation,neutral_controls,final_token,12,raw,4,0.17830454111013733
activation,neutral_controls,final_token,12,raw,5,0.03671377343561784
activation,neutral_controls,final_token,12,unit_norm,0,0.0019144848626897221
activation,neutral_controls,final_token,12,unit_norm,1,0.18784257147312072
activation,neutral_controls,final_token,12,unit_norm,2,0.33289936788629826
activation,neutral_controls,final_token,12,unit_norm,3,0.2995362405164054
activation,neutral_controls,final_token,12,unit_norm,4,0.14732167856312955
activation,neutral_controls,final_token,12,unit_norm,5,0.030485656698356022
activation,neutral_controls,final_token,13,common_pc1_removed,0,9.107911789664453e-33
activation,neutral_controls,final_token,13,common_pc1_removed,1,0.2050794238189795
activation,neutral_controls,final_token,13,common_pc1_removed,2,0.44037243281545224
activation,neutral_controls,final_token,13,common_pc1_removed,3,0.42804160230943494
activation,neutral_controls,final_token,13,common_pc1_removed,4,0.21517181927591822
activation,neutral_controls,final_token,13,common_pc1_removed,5,0.0428693612442691
activation,neutral_controls,final_token,13,exposure_residualized,0,3.730172459091431e-28
activation,neutral_controls,final_token,13,exposure_residualized,1,0.16727858046468042
activation,neutral_controls,final_token,13,exposure_residualized,2,0.408667145096742
activation,neutral_controls,final_token,13,exposure_residualized,3,0.3962195810338167
activation,neutral_controls,final_token,13,exposure_residualized,4,0.20473304737835168
activation,neutral_controls,final_token,13,exposure_residualized,5,0.0414756854823681
activation,neutral_controls,final_token,13,profile_centered,0,0.0
activation,neutral_controls,final_token,13,profile_centered,1,0.3138013704377894
activation,neutral_controls,final_token,13,profile_centered,2,0.5453200938828389
activation,neutral_controls,final_token,13,profile_centered,3,0.4700583621634584
activation,neutral_controls,final_token,13,profile_centered,4,0.22836686323958394
activation,neutral_controls,final_token,13,profile_centered,5,0.0449365666632245
activation,neutral_controls,final_token,13,raw,0,6.658845508224715
activation,neutral_controls,final_token,13,raw,1,0.3138013704377894
activation,neutral_controls,final_token,13,raw,2,0.5453200938828389
activation,neutral_controls,final_token,13,raw,3,0.4700583621634584
activation,neutral_controls,final_token,13,raw,4,0.22836686323958394
activation,neutral_controls,final_token,13,raw,5,0.0449365666632245
activation,neutral_controls,final_token,13,unit_norm,0,0.0019928784486644845
activation,neutral_controls,final_token,13,unit_norm,1,0.18355565743189328
activation,neutral_controls,final_token,13,unit_norm,2,0.33401147453919144
activation,neutral_controls,final_token,13,unit_norm,3,0.3017541997434662
activation,neutral_controls,final_token,13,unit_norm,4,0.14918684302769447
activation,neutral_controls,final_token,13,unit_norm,5,0.02949894680909003
activation,neutral_controls,final_token,14,common_pc1_removed,0,2.5109009700689042e-33
activation,neutral_controls,final_token,14,common_pc1_removed,1,0.22380412529211263
activation,neutral_controls,final_token,14,common_pc1_removed,2,0.48353169818035246
activation,neutral_controls,final_token,14,common_pc1_removed,3,0.47253249189959695
activation,neutral_controls,final_token,14,common_pc1_removed,4,0.2386416505184892
activation,neutral_controls,final_token,14,common_pc1_removed,5,0.048548824242143816
activation,neutral_controls,final_token,14,exposure_residualized,0,4.121139101845583e-28
activation,neutral_controls,final_token,14,exposure_residualized,1,0.1839106912255481
activation,neutral_controls,final_token,14,exposure_residualized,2,0.44940406808300265
activation,neutral_controls,final_token,14,exposure_residualized,3,0.4422467761285966
activation,neutral_controls,final_token,14,exposure_residualized,4,0.22483064147423443
activation,neutral_controls,final_token,14,exposure_residualized,5,0.045999107550888985
activation,neutral_controls,final_token,14,profile_centered,0,0.0
activation,neutral_controls,final_token,14,profile_centered,1,0.3467454553023548
activation,neutral_controls,final_token,14,profile_centered,2,0.6051504971140323
activation,neutral_controls,final_token,14,profile_centered,3,0.5200719863230461
activation,neutral_controls,final_token,14,profile_centered,4,0.2563819112499938
activation,neutral_controls,final_token,14,profile_centered,5,0.05118398546613945
activation,neutral_controls,final_token,14,raw,0,7.754915336506263
activation,neutral_controls,final_token,14,raw,1,0.3467454553023548
activation,neutral_controls,final_token,14,raw,2,0.6051504971140323
activation,neutral_controls,final_token,14,raw,3,0.5200719863230461
activation,neutral_controls,final_token,14,raw,4,0.2563819112499938
activation,neutral_controls,final_token,14,raw,5,0.05118398546613945
activation,neutral_controls,final_token,14,unit_norm,0,0.0022078444752033494
activation,neutral_controls,final_token,14,unit_norm,1,0.18262796905061815
activation,neutral_controls,final_token,14,unit_norm,2,0.33350126743180797
activation,neutral_controls,final_token,14,unit_norm,3,0.3018236356870195
activation,neutral_controls,final_token,14,unit_norm,4,0.15013721760595658
activation,neutral_controls,final_token,14,unit_norm,5,0.02970206574939433
activation,neutral_controls,final_token,15,common_pc1_removed,0,9.941676496739135e-34
activation,neutral_controls,final_token,15,common_pc1_removed,1,0.288483329052976
activation,neutral_controls,final_token,15,common_pc1_removed,2,0.6219553646149736
activation,neutral_controls,final_token,15,common_pc1_removed,3,0.5893260546824267
activation,neutral_controls,final_token,15,common_pc1_removed,4,0.3031119609214746
activation,neutral_controls,final_token,15,common_pc1_removed,5,0.0633513117719139
activation,neutral_controls,final_token,15,exposure_residualized,0,5.065051047470277e-28
activation,neutral_controls,final_token,15,exposure_residualized,1,0.23804508444942127
activation,neutral_controls,final_token,15,exposure_residualized,2,0.5767451107768456
activation,neutral_controls,final_token,15,exposure_residualized,3,0.5533113420412936
activation,neutral_controls,final_token,15,exposure_residualized,4,0.2859607270939856
activation,neutral_controls,final_token,15,exposure_residualized,5,0.060594666072346724
activation,neutral_controls,final_token,15,profile_centered,0,0.0
activation,neutral_controls,final_token,15,profile_centered,1,0.44181317946673015
activation,neutral_controls,final_token,15,profile_centered,2,0.762702619224632
activation,neutral_controls,final_token,15,profile_centered,3,0.6465305418174551
activation,neutral_controls,final_token,15,profile_centered,4,0.32897647081723885
activation,neutral_controls,final_token,15,profile_centered,5,0.068537916680811
activation,neutral_controls,final_token,15,raw,0,9.408173357969826
activation,neutral_controls,final_token,15,raw,1,0.44181317946673015
activation,neutral_controls,final_token,15,raw,2,0.762702619224632
activation,neutral_controls,final_token,15,raw,3,0.6465305418174551
activation,neutral_controls,final_token,15,raw,4,0.32897647081723885
activation,neutral_controls,final_token,15,raw,5,0.068537916680811
activation,neutral_controls,final_token,15,unit_norm,0,0.0020101369603187577
activation,neutral_controls,final_token,15,unit_norm,1,0.18523023291199955
activation,neutral_controls,final_token,15,unit_norm,2,0.3337381557862797
activation,neutral_controls,final_token,15,unit_norm,3,0.29615007902995827
activation,neutral_controls,final_token,15,unit_norm,4,0.15181856484100192
activation,neutral_controls,final_token,15,unit_norm,5,0.031052830470441876
activation,neutral_controls,final_token,16,common_pc1_removed,0,1.5902517711855064e-31
activation,neutral_controls,final_token,16,common_pc1_removed,1,0.381624775533134
activation,neutral_controls,final_token,16,common_pc1_removed,2,0.8058342757024239
activation,neutral_controls,final_token,16,common_pc1_removed,3,0.7607223793082618
activation,neutral_controls,final_token,16,common_pc1_removed,4,0.3822753941590406
activation,neutral_controls,final_token,16,common_pc1_removed,5,0.08159239796124061
activation,neutral_controls,final_token,16,exposure_residualized,0,7.29126024093747e-28
activation,neutral_controls,final_token,16,exposure_residualized,1,0.30978745721983003
activation,neutral_controls,final_token,16,exposure_residualized,2,0.7380257036166289
activation,neutral_controls,final_token,16,exposure_residualized,3,0.7241103902451042
activation,neutral_controls,final_token,16,exposure_residualized,4,0.3614436335974754
activation,neutral_controls,final_token,16,exposure_residualized,5,0.07674266346175868
activation,neutral_controls,final_token,16,profile_centered,0,0.0
activation,neutral_controls,final_token,16,profile_centered,1,0.5799706402495635
activation,neutral_controls,final_token,16,profile_centered,2,1.0050823484635147
activation,neutral_controls,final_token,16,profile_centered,3,0.8600001475841522
activation,neutral_controls,final_token,16,profile_centered,4,0.4187192705975198
activation,neutral_controls,final_token,16,profile_centered,5,0.08951872636751912
activation,neutral_controls,final_token,16,raw,0,14.472956039910331
activation,neutral_controls,final_token,16,raw,1,0.5799706402495635
activation,neutral_controls,final_token,16,raw,2,1.0050823484635147
activation,neutral_controls,final_token,16,raw,3,0.8600001475841522
activation,neutral_controls,final_token,16,raw,4,0.4187192705975198
activation,neutral_controls,final_token,16,raw,5,0.08951872636751912
activation,neutral_controls,final_token,16,unit_norm,0,0.0024750991623257853
activation,neutral_controls,final_token,16,unit_norm,1,0.1859086264549415
activation,neutral_controls,final_token,16,unit_norm,2,0.33404465571255887
activation,neutral_controls,final_token,16,unit_norm,3,0.2988246485575633
activation,neutral_controls,final_token,16,unit_norm,4,0.14767281856289266
activation,neutral_controls,final_token,16,unit_norm,5,0.031074151549717856
activation,neutral_controls,final_token,17,common_pc1_removed,0,6.548812978259698e-33
activation,neutral_controls,final_token,17,common_pc1_removed,1,0.5462190513807714
activation,neutral_controls,final_token,17,common_pc1_removed,2,1.1347177709945897
activation,neutral_controls,final_token,17,common_pc1_removed,3,1.0775842280569743
activation,neutral_controls,final_token,17,common_pc1_removed,4,0.5301643750149702
activation,neutral_controls,final_token,17,common_pc1_removed,5,0.1133785470444498
activation,neutral_controls,final_token,17,exposure_residualized,0,9.746212251893052e-28
activation,neutral_controls,final_token,17,exposure_residualized,1,0.44393027252874195
activation,neutral_controls,final_token,17,exposure_residualized,2,1.041573527027686
activation,neutral_controls,final_token,17,exposure_residualized,3,1.0356207066064593
activation,neutral_controls,final_token,17,exposure_residualized,4,0.508790154267325
activation,neutral_controls,final_token,17,exposure_residualized,5,0.113041750278173
activation,neutral_controls,final_token,17,profile_centered,0,0.0
activation,neutral_controls,final_token,17,profile_centered,1,0.8088978854196054
activation,neutral_controls,final_token,17,profile_centered,2,1.3911050747884024
activation,neutral_controls,final_token,17,profile_centered,3,1.2211257585664685
activation,neutral_controls,final_token,17,profile_centered,4,0.59061288494432
activation,neutral_controls,final_token,17,profile_centered,5,0.1327576305675856
activation,neutral_controls,final_token,17,raw,0,19.848921679079126
activation,neutral_controls,final_token,17,raw,1,0.8088978854196054
activation,neutral_controls,final_token,17,raw,2,1.3911050747884024
activation,neutral_controls,final_token,17,raw,3,1.2211257585664685
activation,neutral_controls,final_token,17,raw,4,0.59061288494432
activation,neutral_controls,final_token,17,raw,5,0.1327576305675856
activation,neutral_controls,final_token,17,unit_norm,0,0.0023454921976245767
activation,neutral_controls,final_token,17,unit_norm,1,0.18604445543497672
activation,neutral_controls,final_token,17,unit_norm,2,0.3295454623373551
activation,neutral_controls,final_token,17,unit_norm,3,0.30246020274343655
activation,neutral_controls,final_token,17,unit_norm,4,0.1472576255874462
activation,neutral_controls,final_token,17,unit_norm,5,0.03234676169916105
activation,neutral_controls,final_token,18,common_pc1_removed,0,2.678218000209935e-31
activation,neutral_controls,final_token,18,common_pc1_removed,1,0.6734503915183536
activation,neutral_controls,final_token,18,common_pc1_removed,2,1.4161016237593307
activation,neutral_controls,final_token,18,common_pc1_removed,3,1.3417625272350762
activation,neutral_controls,final_token,18,common_pc1_removed,4,0.6579987447389013
activation,neutral_controls,final_token,18,common_pc1_removed,5,0.1458705379064248
activation,neutral_controls,final_token,18,exposure_residualized,0,1.1865104808726427e-27
activation,neutral_controls,final_token,18,exposure_residualized,1,0.5581666148297577
activation,neutral_controls,final_token,18,exposure_residualized,2,1.2982676547944279
activation,neutral_controls,final_token,18,exposure_residualized,3,1.2862559995831686
activation,neutral_controls,final_token,18,exposure_residualized,4,0.6235535520585576
activation,neutral_controls,final_token,18,exposure_residualized,5,0.1517386683308584
activation,neutral_controls,final_token,18,profile_centered,0,0.0
activation,neutral_controls,final_token,18,profile_centered,1,1.0029498623698376
activation,neutral_controls,final_token,18,profile_centered,2,1.7419754406067565
activation,neutral_controls,final_token,18,profile_centered,3,1.5207151444404094
activation,neutral_controls,final_token,18,profile_centered,4,0.7244550253528974
activation,neutral_controls,final_token,18,profile_centered,5,0.1781938787696782
activation,neutral_controls,final_token,18,raw,0,25.43464785258639
activation,neutral_controls,final_token,18,raw,1,1.0029498623698376
activation,neutral_controls,final_token,18,raw,2,1.7419754406067565
activation,neutral_controls,final_token,18,raw,3,1.5207151444404094
activation,neutral_controls,final_token,18,raw,4,0.7244550253528974
activation,neutral_controls,final_token,18,raw,5,0.1781938787696782
activation,neutral_controls,final_token,18,unit_norm,0,0.002590867238022172
activation,neutral_controls,final_token,18,unit_norm,1,0.1862182160300186
activation,neutral_controls,final_token,18,unit_norm,2,0.32959643115798565
activation,neutral_controls,final_token,18,unit_norm,3,0.3026957185129425
activation,neutral_controls,final_token,18,unit_norm,4,0.14493322864457645
activation,neutral_controls,final_token,18,unit_norm,5,0.033965538416454596
activation,neutral_controls,final_token,19,common_pc1_removed,0,6.65367972232725e-33
activation,neutral_controls,final_token,19,common_pc1_removed,1,0.7723311768478722
activation,neutral_controls,final_token,19,common_pc1_removed,2,1.6190836466672176
activation,neutral_controls,final_token,19,common_pc1_removed,3,1.513441762614599
activation,neutral_controls,final_token,19,common_pc1_removed,4,0.7547522685618754
activation,neutral_controls,final_token,19,common_pc1_removed,5,0.16795864910559055
activation,neutral_controls,final_token,19,exposure_residualized,0,1.373806923673183e-27
activation,neutral_controls,final_token,19,exposure_residualized,1,0.6339203504116859
activation,neutral_controls,final_token,19,exposure_residualized,2,1.4905139367349833
activation,neutral_controls,final_token,19,exposure_residualized,3,1.4557024662179936
activation,neutral_controls,final_token,19,exposure_residualized,4,0.71260104072111
activation,neutral_controls,final_token,19,exposure_residualized,5,0.1724860708752362
activation,neutral_controls,final_token,19,profile_centered,0,0.0
activation,neutral_controls,final_token,19,profile_centered,1,1.13261091999378
activation,neutral_controls,final_token,19,profile_centered,2,2.0000255454722184
activation,neutral_controls,final_token,19,profile_centered,3,1.734918639977686
activation,neutral_controls,final_token,19,profile_centered,4,0.8346059287476166
activation,neutral_controls,final_token,19,profile_centered,5,0.2044446114525338
activation,neutral_controls,final_token,19,raw,0,30.052188991300326
activation,neutral_controls,final_token,19,raw,1,1.13261091999378
activation,neutral_controls,final_token,19,raw,2,2.0000255454722184
activation,neutral_controls,final_token,19,raw,3,1.734918639977686
activation,neutral_controls,final_token,19,raw,4,0.8346059287476166
activation,neutral_controls,final_token,19,raw,5,0.2044446114525338
activation,neutral_controls,final_token,19,unit_norm,0,0.0025586366646807765
activation,neutral_controls,final_token,19,unit_norm,1,0.1838260390288916
activation,neutral_controls,final_token,19,unit_norm,2,0.3320564771138846
activation,neutral_controls,final_token,19,unit_norm,3,0.3006948995823837
activation,neutral_controls,final_token,19,unit_norm,4,0.14635312526515978
activation,neutral_controls,final_token,19,unit_norm,5,0.034510822344999595
activation,neutral_controls,final_token,20,common_pc1_removed,0,3.874578678549864e-33
activation,neutral_controls,final_token,20,common_pc1_removed,1,0.9154431455516978
activation,neutral_controls,final_token,20,common_pc1_removed,2,1.908056121407531
activation,neutral_controls,final_token,20,common_pc1_removed,3,1.7770225903355523
activation,neutral_controls,final_token,20,common_pc1_removed,4,0.8942255079350773
activation,neutral_controls,final_token,20,common_pc1_removed,5,0.19414428408206436
activation,neutral_controls,final_token,20,exposure_residualized,0,1.6172783911975623e-27
activation,neutral_controls,final_token,20,exposure_residualized,1,0.7535164801627073
activation,neutral_controls,final_token,20,exposure_residualized,2,1.7687818968967743
activation,neutral_controls,final_token,20,exposure_residualized,3,1.6950965841423862
activation,neutral_controls,final_token,20,exposure_residualized,4,0.8358082473404527
activation,neutral_controls,final_token,20,exposure_residualized,5,0.1954599113079646
activation,neutral_controls,final_token,20,profile_centered,0,0.0
activation,neutral_controls,final_token,20,profile_centered,1,1.363031208880233
activation,neutral_controls,final_token,20,profile_centered,2,2.365310927831425
activation,neutral_controls,final_token,20,profile_centered,3,2.017660751199755
activation,neutral_controls,final_token,20,profile_centered,4,0.9797380862586351
activation,neutral_controls,final_token,20,profile_centered,5,0.2293426916475984
activation,neutral_controls,final_token,20,raw,0,35.54240435112851
activation,neutral_controls,final_token,20,raw,1,1.363031208880233
activation,neutral_controls,final_token,20,raw,2,2.365310927831425
activation,neutral_controls,final_token,20,raw,3,2.017660751199755
activation,neutral_controls,final_token,20,raw,4,0.9797380862586351
activation,neutral_controls,final_token,20,raw,5,0.2293426916475984
activation,neutral_controls,final_token,20,unit_norm,0,0.0024800436217903557
activation,neutral_controls,final_token,20,unit_norm,1,0.18807249591454464
activation,neutral_controls,final_token,20,unit_norm,2,0.3328801230456256
activation,neutral_controls,final_token,20,unit_norm,3,0.2974989372589192
activation,neutral_controls,final_token,20,unit_norm,4,0.1459999256043884
activation,neutral_controls,final_token,20,unit_norm,5,0.03306847455473183
activation,neutral_controls,final_token,21,common_pc1_removed,0,3.0844761746998597e-31
activation,neutral_controls,final_token,21,common_pc1_removed,1,1.31785038283197
activation,neutral_controls,final_token,21,common_pc1_removed,2,2.7961634655265173
activation,neutral_controls,final_token,21,common_pc1_removed,3,2.552905425297743
activation,neutral_controls,final_token,21,common_pc1_removed,4,1.3076953025416442
activation,neutral_controls,final_token,21,common_pc1_removed,5,0.26697090361571735
activation,neutral_controls,final_token,21,exposure_residualized,0,2.2732794432726978e-27
activation,neutral_controls,final_token,21,exposure_residualized,1,1.0824870465117846
activation,neutral_controls,final_token,21,exposure_residualized,2,2.56283577947415
activation,neutral_controls,final_token,21,exposure_residualized,3,2.4215540778932785
activation,neutral_controls,final_token,21,exposure_residualized,4,1.2324138464068748
activation,neutral_controls,final_token,21,exposure_residualized,5,0.2847398929139211
activation,neutral_controls,final_token,21,profile_centered,0,0.0
activation,neutral_controls,final_token,21,profile_centered,1,1.94468093774843
activation,neutral_controls,final_token,21,profile_centered,2,3.38832781599819
activation,neutral_controls,final_token,21,profile_centered,3,2.8761811496314778
activation,neutral_controls,final_token,21,profile_centered,4,1.4369765652619277
activation,neutral_controls,final_token,21,profile_centered,5,0.3327271610225433
activation,neutral_controls,final_token,21,raw,0,48.52263109199464
activation,neutral_controls,final_token,21,raw,1,1.94468093774843
activation,neutral_controls,final_token,21,raw,2,3.38832781599819
activation,neutral_controls,final_token,21,raw,3,2.8761811496314778
activation,neutral_controls,final_token,21,raw,4,1.4369765652619277
activation,neutral_controls,final_token,21,raw,5,0.3327271610225433
activation,neutral_controls,final_token,21,unit_norm,0,0.002408429806108665
activation,neutral_controls,final_token,21,unit_norm,1,0.18769112235909122
activation,neutral_controls,final_token,21,unit_norm,2,0.3337282464291488
activation,neutral_controls,final_token,21,unit_norm,3,0.2947844249632979
activation,neutral_controls,final_token,21,unit_norm,4,0.1484355389892123
activation,neutral_controls,final_token,21,unit_norm,5,0.03295223745314116
activation,neutral_controls,final_token,22,common_pc1_removed,0,5.460292299327434e-32
activation,neutral_controls,final_token,22,common_pc1_removed,1,1.6949927117240216
activation,neutral_controls,final_token,22,common_pc1_removed,2,3.6536136813711213
activation,neutral_controls,final_token,22,common_pc1_removed,3,3.2722114461877925
activation,neutral_controls,final_token,22,common_pc1_removed,4,1.6899128504992087
activation,neutral_controls,final_token,22,common_pc1_removed,5,0.34778173302329385
activation,neutral_controls,final_token,22,exposure_residualized,0,3.0590263018175783e-27
activation,neutral_controls,final_token,22,exposure_residualized,1,1.3678831065231827
activation,neutral_controls,final_token,22,exposure_residualized,2,3.3123322162868254
activation,neutral_controls,final_token,22,exposure_residualized,3,3.100826519352053
activation,neutral_controls,final_token,22,exposure_residualized,4,1.6039092162374178
activation,neutral_controls,final_token,22,exposure_residualized,5,0.34967245970801714
activation,neutral_controls,final_token,22,profile_centered,0,0.0
activation,neutral_controls,final_token,22,profile_centered,1,2.470824936447496
activation,neutral_controls,final_token,22,profile_centered,2,4.3921731075003745
activation,neutral_controls,final_token,22,profile_centered,3,3.6692743532422334
activation,neutral_controls,final_token,22,profile_centered,4,1.8856004098401993
activation,neutral_controls,final_token,22,profile_centered,5,0.41094825091927933
activation,neutral_controls,final_token,22,raw,0,60.54019301998526
activation,neutral_controls,final_token,22,raw,1,2.470824936447496
activation,neutral_controls,final_token,22,raw,2,4.3921731075003745
activation,neutral_controls,final_token,22,raw,3,3.6692743532422334
activation,neutral_controls,final_token,22,raw,4,1.8856004098401993
activation,neutral_controls,final_token,22,raw,5,0.41094825091927933
activation,neutral_controls,final_token,22,unit_norm,0,0.002281705513167912
activation,neutral_controls,final_token,22,unit_norm,1,0.1855249653946287
activation,neutral_controls,final_token,22,unit_norm,2,0.33713578561914487
activation,neutral_controls,final_token,22,unit_norm,3,0.29216767750192735
activation,neutral_controls,final_token,22,unit_norm,4,0.15101548604570653
activation,neutral_controls,final_token,22,unit_norm,5,0.031874379925424697
activation,neutral_controls,final_token,23,common_pc1_removed,0,2.4506659450107054e-32
activation,neutral_controls,final_token,23,common_pc1_removed,1,2.0560518688092477
activation,neutral_controls,final_token,23,common_pc1_removed,2,4.436061704348553
activation,neutral_controls,final_token,23,common_pc1_removed,3,3.9339981606104706
activation,neutral_controls,final_token,23,common_pc1_removed,4,2.0771240085456513
activation,neutral_controls,final_token,23,common_pc1_removed,5,0.4129746266766433
activation,neutral_controls,final_token,23,exposure_residualized,0,3.6791537848397245e-27
activation,neutral_controls,final_token,23,exposure_residualized,1,1.690912136586896
activation,neutral_controls,final_token,23,exposure_residualized,2,4.044975142422094
activation,neutral_controls,final_token,23,exposure_residualized,3,3.7356303329253424
activation,neutral_controls,final_token,23,exposure_residualized,4,1.979657972292529
activation,neutral_controls,final_token,23,exposure_residualized,5,0.42952536050952367
activation,neutral_controls,final_token,23,profile_centered,0,0.0
activation,neutral_controls,final_token,23,profile_centered,1,3.01051654315934
activation,neutral_controls,final_token,23,profile_centered,2,5.296602324047626
activation,neutral_controls,final_token,23,profile_centered,3,4.427191054305393
activation,neutral_controls,final_token,23,profile_centered,4,2.3373991215931107
activation,neutral_controls,final_token,23,profile_centered,5,0.5035381915678898
activation,neutral_controls,final_token,23,raw,0,74.75894800992843
activation,neutral_controls,final_token,23,raw,1,3.01051654315934
activation,neutral_controls,final_token,23,raw,2,5.296602324047626
activation,neutral_controls,final_token,23,raw,3,4.427191054305393
activation,neutral_controls,final_token,23,raw,4,2.3373991215931107
activation,neutral_controls,final_token,23,raw,5,0.5035381915678898
activation,neutral_controls,final_token,23,unit_norm,0,0.0023030191040818966
activation,neutral_controls,final_token,23,unit_norm,1,0.18625542218969382
activation,neutral_controls,final_token,23,unit_norm,2,0.3357839370383402
activation,neutral_controls,final_token,23,unit_norm,3,0.289810459833556
activation,neutral_controls,final_token,23,unit_norm,4,0.15372077953506794
activation,neutral_controls,final_token,23,unit_norm,5,0.03212638229926018
activation,neutral_controls,final_token,24,common_pc1_removed,0,1.6471432948608495e-31
activation,neutral_controls,final_token,24,common_pc1_removed,1,2.4687736015843704
activation,neutral_controls,final_token,24,common_pc1_removed,2,5.348512707930095
activation,neutral_controls,final_token,24,common_pc1_removed,3,4.765890798650481
activation,neutral_controls,final_token,24,common_pc1_removed,4,2.4973605353284816
activation,neutral_controls,final_token,24,common_pc1_removed,5,0.4882680705791087
activation,neutral_controls,final_token,24,exposure_residualized,0,4.545284543601325e-27
activation,neutral_controls,final_token,24,exposure_residualized,1,2.0308798777113455
activation,neutral_controls,final_token,24,exposure_residualized,2,4.8743262813556205
activation,neutral_controls,final_token,24,exposure_residualized,3,4.50431387018555
activation,neutral_controls,final_token,24,exposure_residualized,4,2.395346102727497
activation,neutral_controls,final_token,24,exposure_residualized,5,0.5204531609595109
activation,neutral_controls,final_token,24,profile_centered,0,0.0
activation,neutral_controls,final_token,24,profile_centered,1,3.604398541293324
activation,neutral_controls,final_token,24,profile_centered,2,6.394578107889888
activation,neutral_controls,final_token,24,profile_centered,3,5.33596741580049
activation,neutral_controls,final_token,24,profile_centered,4,2.806206925688919
activation,neutral_controls,final_token,24,profile_centered,5,0.6017529452480566
activation,neutral_controls,final_token,24,raw,0,90.38836092587789
activation,neutral_controls,final_token,24,raw,1,3.604398541293324
activation,neutral_controls,final_token,24,raw,2,6.394578107889888
activation,neutral_controls,final_token,24,raw,3,5.33596741580049
activation,neutral_controls,final_token,24,raw,4,2.806206925688919
activation,neutral_controls,final_token,24,raw,5,0.6017529452480566
activation,neutral_controls,final_token,24,unit_norm,0,0.002172310336765684
activation,neutral_controls,final_token,24,unit_norm,1,0.1854486867005398
activation,neutral_controls,final_token,24,unit_norm,2,0.3363246295747219
activation,neutral_controls,final_token,24,unit_norm,3,0.2902245108155649
activation,neutral_controls,final_token,24,unit_norm,4,0.15382097170495437
activation,neutral_controls,final_token,24,unit_norm,5,0.03200889086745335
activation,neutral_controls,final_token,25,common_pc1_removed,0,2.1990342495510513e-31
activation,neutral_controls,final_token,25,common_pc1_removed,1,2.940316625198614
activation,neutral_controls,final_token,25,common_pc1_removed,2,6.369411549202172
activation,neutral_controls,final_token,25,common_pc1_removed,3,5.6264085132819
activation,neutral_controls,final_token,25,common_pc1_removed,4,2.932726751409978
activation,neutral_controls,final_token,25,common_pc1_removed,5,0.5818061317778407
activation,neutral_controls,final_token,25,exposure_residualized,0,5.2329819308729586e-27
activation,neutral_controls,final_token,25,exposure_residualized,1,2.4212800958183447
activation,neutral_controls,final_token,25,exposure_residualized,2,5.827869119261469
activation,neutral_controls,final_token,25,exposure_residualized,3,5.327679353030824
activation,neutral_controls,final_token,25,exposure_residualized,4,2.8134856264756998
activation,neutral_controls,final_token,25,exposure_residualized,5,0.6028770724048003
activation,neutral_controls,final_token,25,profile_centered,0,0.0
activation,neutral_controls,final_token,25,profile_centered,1,4.223369481109716
activation,neutral_controls,final_token,25,profile_centered,2,7.541468128302388
activation,neutral_controls,final_token,25,profile_centered,3,6.341895050389069
activation,neutral_controls,final_token,25,profile_centered,4,3.3101112433549678
activation,neutral_controls,final_token,25,profile_centered,5,0.698579083908368
activation,neutral_controls,final_token,25,raw,0,104.62830139898495
activation,neutral_controls,final_token,25,raw,1,4.223369481109716
activation,neutral_controls,final_token,25,raw,2,7.541468128302388
activation,neutral_controls,final_token,25,raw,3,6.341895050389069
activation,neutral_controls,final_token,25,raw,4,3.3101112433549678
activation,neutral_controls,final_token,25,raw,5,0.698579083908368
activation,neutral_controls,final_token,25,unit_norm,0,0.002141896400116009
activation,neutral_controls,final_token,25,unit_norm,1,0.18521512718304373
activation,neutral_controls,final_token,25,unit_norm,2,0.3362473073319985
activation,neutral_controls,final_token,25,unit_norm,3,0.2914723304260317
activation,neutral_controls,final_token,25,unit_norm,4,0.15332633548181313
activation,neutral_controls,final_token,25,unit_norm,5,0.03159700317699679
activation,neutral_controls,final_token,26,common_pc1_removed,0,8.384144955923691e-31
activation,neutral_controls,final_token,26,common_pc1_removed,1,3.7260822912596367
activation,neutral_controls,final_token,26,common_pc1_removed,2,8.03283722214308
activation,neutral_controls,final_token,26,common_pc1_removed,3,7.15589420970986
activation,neutral_controls,final_token,26,common_pc1_removed,4,3.7202393815483705
activation,neutral_controls,final_token,26,common_pc1_removed,5,0.7579166095007891
activation,neutral_controls,final_token,26,exposure_residualized,0,6.864330895454038e-27
activation,neutral_controls,final_token,26,exposure_residualized,1,3.0856752183575247
activation,neutral_controls,final_token,26,exposure_residualized,2,7.304573401949237
activation,neutral_controls,final_token,26,exposure_residualized,3,6.727370149701278
activation,neutral_controls,final_token,26,exposure_residualized,4,3.5454764668138656
activation,neutral_controls,final_token,26,exposure_residualized,5,0.744051595654263
activation,neutral_controls,final_token,26,profile_centered,0,0.0
activation,neutral_controls,final_token,26,profile_centered,1,5.441368045936794
activation,neutral_controls,final_token,26,profile_centered,2,9.481533835787003
activation,neutral_controls,final_token,26,profile_centered,3,8.000178329624038
activation,neutral_controls,final_token,26,profile_centered,4,4.144391917857989
activation,neutral_controls,final_token,26,profile_centered,5,0.8651446915692927
activation,neutral_controls,final_token,26,raw,0,130.46723776855308
activation,neutral_controls,final_token,26,raw,1,5.441368045936794
activation,neutral_controls,final_token,26,raw,2,9.481533835787003
activation,neutral_controls,final_token,26,raw,3,8.000178329624038
activation,neutral_controls,final_token,26,raw,4,4.144391917857989
activation,neutral_controls,final_token,26,raw,5,0.8651446915692927
activation,neutral_controls,final_token,26,unit_norm,0,0.002048376510394721
activation,neutral_controls,final_token,26,unit_norm,1,0.1884154785483419
activation,neutral_controls,final_token,26,unit_norm,2,0.33370331519470625
activation,neutral_controls,final_token,26,unit_norm,3,0.2919749425167727
activation,neutral_controls,final_token,26,unit_norm,4,0.15255792183200478
activation,neutral_controls,final_token,26,unit_norm,5,0.03129996539777936
activation,neutral_controls,final_token,27,common_pc1_removed,0,3.598406549342011e-32
activation,neutral_controls,final_token,27,common_pc1_removed,1,4.546886563715663
activation,neutral_controls,final_token,27,common_pc1_removed,2,9.847565884165876
activation,neutral_controls,final_token,27,common_pc1_removed,3,8.822973757271178
activation,neutral_controls,final_token,27,common_pc1_removed,4,4.572360464656997
activation,neutral_controls,final_token,27,common_pc1_removed,5,0.935904512486641
activation,neutral_controls,final_token,27,exposure_residualized,0,8.214295862805833e-27
activation,neutral_controls,final_token,27,exposure_residualized,1,3.7602350323952165
activation,neutral_controls,final_token,27,exposure_residualized,2,8.90523865081408
activation,neutral_controls,final_token,27,exposure_residualized,3,8.270156114274856
activation,neutral_controls,final_token,27,exposure_residualized,4,4.335004410966661
activation,neutral_controls,final_token,27,exposure_residualized,5,0.9266362828248401
activation,neutral_controls,final_token,27,profile_centered,0,0.0
activation,neutral_controls,final_token,27,profile_centered,1,6.6226264327068725
activation,neutral_controls,final_token,27,profile_centered,2,11.424556387857676
activation,neutral_controls,final_token,27,profile_centered,3,9.802333731542504
activation,neutral_controls,final_token,27,profile_centered,4,5.079897992085385
activation,neutral_controls,final_token,27,profile_centered,5,1.0765470673487039
activation,neutral_controls,final_token,27,raw,0,157.2618463515107
activation,neutral_controls,final_token,27,raw,1,6.6226264327068725
activation,neutral_controls,final_token,27,raw,2,11.424556387857676
activation,neutral_controls,final_token,27,raw,3,9.802333731542504
activation,neutral_controls,final_token,27,raw,4,5.079897992085385
activation,neutral_controls,final_token,27,raw,5,1.0765470673487039
activation,neutral_controls,final_token,27,unit_norm,0,0.0017436525295940373
activation,neutral_controls,final_token,27,unit_norm,1,0.18817993132035957
activation,neutral_controls,final_token,27,unit_norm,2,0.33159542916809503
activation,neutral_controls,final_token,27,unit_norm,3,0.2937699906143436
activation,neutral_controls,final_token,27,unit_norm,4,0.1529556791199349
activation,neutral_controls,final_token,27,unit_norm,5,0.03175531724767268
activation,neutral_controls,final_token,28,common_pc1_removed,0,6.188594416777309e-32
activation,neutral_controls,final_token,28,common_pc1_removed,1,5.810714785614582
activation,neutral_controls,final_token,28,common_pc1_removed,2,12.552723864685069
activation,neutral_controls,final_token,28,common_pc1_removed,3,11.17782669256385
activation,neutral_controls,final_token,28,common_pc1_removed,4,5.770664391862432
activation,neutral_controls,final_token,28,common_pc1_removed,5,1.1683515835576173
activation,neutral_controls,final_token,28,exposure_residualized,0,9.952889364160444e-27
activation,neutral_controls,final_token,28,exposure_residualized,1,4.757078887821642
activation,neutral_controls,final_token,28,exposure_residualized,2,11.376830098849599
activation,neutral_controls,final_token,28,exposure_residualized,3,10.47971347594442
activation,neutral_controls,final_token,28,exposure_residualized,4,5.476280884453601
activation,neutral_controls,final_token,28,exposure_residualized,5,1.1500446059189118
activation,neutral_controls,final_token,28,profile_centered,0,0.0
activation,neutral_controls,final_token,28,profile_centered,1,8.397613422230634
activation,neutral_controls,final_token,28,profile_centered,2,14.31924104824569
activation,neutral_controls,final_token,28,profile_centered,3,12.374030522983196
activation,neutral_controls,final_token,28,profile_centered,4,6.395559535095482
activation,neutral_controls,final_token,28,profile_centered,5,1.3238629781142648
activation,neutral_controls,final_token,28,raw,0,179.54330136450062
activation,neutral_controls,final_token,28,raw,1,8.397613422230634
activation,neutral_controls,final_token,28,raw,2,14.31924104824569
activation,neutral_controls,final_token,28,raw,3,12.374030522983196
activation,neutral_controls,final_token,28,raw,4,6.395559535095482
activation,neutral_controls,final_token,28,raw,5,1.3238629781142648
activation,neutral_controls,final_token,28,unit_norm,0,0.0015685182528288985
activation,neutral_controls,final_token,28,unit_norm,1,0.1900649920141339
activation,neutral_controls,final_token,28,unit_norm,2,0.3312330311183043
activation,neutral_controls,final_token,28,unit_norm,3,0.2939191592884148
activation,neutral_controls,final_token,28,unit_norm,4,0.1522351473064854
activation,neutral_controls,final_token,28,unit_norm,5,0.03097915201983295
activation,neutral_controls,final_token,29,common_pc1_removed,0,6.1591253008823255e-31
activation,neutral_controls,final_token,29,common_pc1_removed,1,8.052842228841898
activation,neutral_controls,final_token,29,common_pc1_removed,2,17.30129418092683
activation,neutral_controls,final_token,29,common_pc1_removed,3,15.591183191919864
activation,neutral_controls,final_token,29,common_pc1_removed,4,8.072544601405646
activation,neutral_controls,final_token,29,common_pc1_removed,5,1.556285904994095
activation,neutral_controls,final_token,29,exposure_residualized,0,1.3641047461871517e-26
activation,neutral_controls,final_token,29,exposure_residualized,1,6.662136638945588
activation,neutral_controls,final_token,29,exposure_residualized,2,15.784504430534911
activation,neutral_controls,final_token,29,exposure_residualized,3,14.443131938659427
activation,neutral_controls,final_token,29,exposure_residualized,4,7.623037950079198
activation,neutral_controls,final_token,29,exposure_residualized,5,1.5430883550641525
activation,neutral_controls,final_token,29,profile_centered,0,0.0
activation,neutral_controls,final_token,29,profile_centered,1,11.89570698867859
activation,neutral_controls,final_token,29,profile_centered,2,19.850258572173722
activation,neutral_controls,final_token,29,profile_centered,3,17.061260824485373
activation,neutral_controls,final_token,29,profile_centered,4,8.88643131118797
activation,neutral_controls,final_token,29,profile_centered,5,1.7815288613094853
activation,neutral_controls,final_token,29,raw,0,236.61139377422614
activation,neutral_controls,final_token,29,raw,1,11.89570698867859
activation,neutral_controls,final_token,29,raw,2,19.850258572173722
activation,neutral_controls,final_token,29,raw,3,17.061260824485373
activation,neutral_controls,final_token,29,raw,4,8.88643131118797
activation,neutral_controls,final_token,29,raw,5,1.7815288613094853
activation,neutral_controls,final_token,29,unit_norm,0,0.0015507557855697872
activation,neutral_controls,final_token,29,unit_norm,1,0.1932362632523276
activation,neutral_controls,final_token,29,unit_norm,2,0.3301011068539922
activation,neutral_controls,final_token,29,unit_norm,3,0.29259169680205543
activation,neutral_controls,final_token,29,unit_norm,4,0.1524059877748061
activation,neutral_controls,final_token,29,unit_norm,5,0.030114189531248815
activation,neutral_controls,final_token,30,common_pc1_removed,0,3.7512597455654538e-31
activation,neutral_controls,final_token,30,common_pc1_removed,1,12.740738098096164
activation,neutral_controls,final_token,30,common_pc1_removed,2,27.396331821808065
activation,neutral_controls,final_token,30,common_pc1_removed,3,24.640331087276365
activation,neutral_controls,final_token,30,common_pc1_removed,4,12.753624807208785
activation,neutral_controls,final_token,30,common_pc1_removed,5,2.460218241862048
activation,neutral_controls,final_token,30,exposure_residualized,0,2.1633859468182218e-26
activation,neutral_controls,final_token,30,exposure_residualized,1,10.551925875997853
activation,neutral_controls,final_token,30,exposure_residualized,2,24.833601988930393
activation,neutral_controls,final_token,30,exposure_residualized,3,22.585944938683546
activation,neutral_controls,final_token,30,exposure_residualized,4,11.810430551518301
activation,neutral_controls,final_token,30,exposure_residualized,5,2.419412134119823
activation,neutral_controls,final_token,30,profile_centered,0,0.0
activation,neutral_controls,final_token,30,profile_centered,1,20.671090785232224
activation,neutral_controls,final_token,30,profile_centered,2,31.759077915020384
activation,neutral_controls,final_token,30,profile_centered,3,26.782904712156437
activation,neutral_controls,final_token,30,profile_centered,4,13.827197798255067
activation,neutral_controls,final_token,30,profile_centered,5,2.7440814832761706
activation,neutral_controls,final_token,30,raw,0,385.9157345963016
activation,neutral_controls,final_token,30,raw,1,20.671090785232224
activation,neutral_controls,final_token,30,raw,2,31.759077915020384
activation,neutral_controls,final_token,30,raw,3,26.782904712156437
activation,neutral_controls,final_token,30,raw,4,13.827197798255067
activation,neutral_controls,final_token,30,raw,5,2.7440814832761706
activation,neutral_controls,final_token,30,unit_norm,0,0.002166864550186694
activation,neutral_controls,final_token,30,unit_norm,1,0.20482099870202164
activation,neutral_controls,final_token,30,unit_norm,2,0.32692853263970884
activation,neutral_controls,final_token,30,unit_norm,3,0.2873170252933045
activation,neutral_controls,final_token,30,unit_norm,4,0.14927111518797853
activation,neutral_controls,final_token,30,unit_norm,5,0.029495463626799646
activation,neutral_controls,final_token,31,common_pc1_removed,0,1.8484108142465128e-31
activation,neutral_controls,final_token,31,common_pc1_removed,1,29.372379002349497
activation,neutral_controls,final_token,31,common_pc1_removed,2,68.37145290285765
activation,neutral_controls,final_token,31,common_pc1_removed,3,59.293996398015665
activation,neutral_controls,final_token,31,common_pc1_removed,4,31.623568151559255
activation,neutral_controls,final_token,31,common_pc1_removed,5,5.50822622426306
activation,neutral_controls,final_token,31,exposure_residualized,0,6.130793229095999e-26
activation,neutral_controls,final_token,31,exposure_residualized,1,27.724956129234865
activation,neutral_controls,final_token,31,exposure_residualized,2,64.99538749899266
activation,neutral_controls,final_token,31,exposure_residualized,3,55.85915074276454
activation,neutral_controls,final_token,31,exposure_residualized,4,28.863260004504344
activation,neutral_controls,final_token,31,exposure_residualized,5,6.252953401103729
activation,neutral_controls,final_token,31,profile_centered,0,0.0
activation,neutral_controls,final_token,31,profile_centered,1,86.67042043411084
activation,neutral_controls,final_token,31,profile_centered,2,92.2582697470698
activation,neutral_controls,final_token,31,profile_centered,3,67.50689757230377
activation,neutral_controls,final_token,31,profile_centered,4,34.214790547520366
activation,neutral_controls,final_token,31,profile_centered,5,6.828171975911463
activation,neutral_controls,final_token,31,raw,0,1466.542606557197
activation,neutral_controls,final_token,31,raw,1,86.67042043411084
activation,neutral_controls,final_token,31,raw,2,92.2582697470698
activation,neutral_controls,final_token,31,raw,3,67.50689757230377
activation,neutral_controls,final_token,31,raw,4,34.214790547520366
activation,neutral_controls,final_token,31,raw,5,6.828171975911463
activation,neutral_controls,final_token,31,unit_norm,0,0.008452396951641
activation,neutral_controls,final_token,31,unit_norm,1,0.254375606641608
activation,neutral_controls,final_token,31,unit_norm,2,0.3123465651013227
activation,neutral_controls,final_token,31,unit_norm,3,0.26088847291734985
activation,neutral_controls,final_token,31,unit_norm,4,0.13800235615891623
activation,neutral_controls,final_token,31,unit_norm,5,0.02593460222916209
activation,neutral_controls,mean_tokens,0,common_pc1_removed,0,2.139087605678111e-35
activation,neutral_controls,mean_tokens,0,common_pc1_removed,1,0.0005330132363396584
activation,neutral_controls,mean_tokens,0,common_pc1_removed,2,0.0010474150916438643
activation,neutral_controls,mean_tokens,0,common_pc1_removed,3,0.0011117366177513866
activation,neutral_controls,mean_tokens,0,common_pc1_removed,4,0.0005302676962704151
activation,neutral_controls,mean_tokens,0,common_pc1_removed,5,9.664031909964156e-05
activation,neutral_controls,mean_tokens,0,exposure_residualized,0,1.108852475599406e-30
activation,neutral_controls,mean_tokens,0,exposure_residualized,1,0.0004241084772462483
activation,neutral_controls,mean_tokens,0,exposure_residualized,2,0.0009597506474442619
activation,neutral_controls,mean_tokens,0,exposure_residualized,3,0.0010644088515866428
activation,neutral_controls,mean_tokens,0,exposure_residualized,4,0.00048825196272974346
activation,neutral_controls,mean_tokens,0,exposure_residualized,5,9.721490745064691e-05
activation,neutral_controls,mean_tokens,0,profile_centered,0,0.0
activation,neutral_controls,mean_tokens,0,profile_centered,1,0.0007384583757555033
activation,neutral_controls,mean_tokens,0,profile_centered,2,0.0012419901523061491
activation,neutral_controls,mean_tokens,0,profile_centered,3,0.0012560567913392647
activation,neutral_controls,mean_tokens,0,profile_centered,4,0.0005598626289186695
activation,neutral_controls,mean_tokens,0,profile_centered,5,9.664202758825593e-05
activation,neutral_controls,mean_tokens,0,raw,0,0.005609904604861452
activation,neutral_controls,mean_tokens,0,raw,1,0.0007384583757555033
activation,neutral_controls,mean_tokens,0,raw,2,0.0012419901523061491
activation,neutral_controls,mean_tokens,0,raw,3,0.0012560567913392647
activation,neutral_controls,mean_tokens,0,raw,4,0.0005598626289186695
activation,neutral_controls,mean_tokens,0,raw,5,9.664202758825593e-05
activation,neutral_controls,mean_tokens,0,unit_norm,0,0.00041764147951928974
activation,neutral_controls,mean_tokens,0,unit_norm,1,0.18424807070564778
activation,neutral_controls,mean_tokens,0,unit_norm,2,0.3179437278334728
activation,neutral_controls,mean_tokens,0,unit_norm,3,0.32538681963976274
activation,neutral_controls,mean_tokens,0,unit_norm,4,0.14593814867611146
activation,neutral_controls,mean_tokens,0,unit_norm,5,0.02606559166548587
activation,neutral_controls,mean_tokens,1,common_pc1_removed,0,3.6943068798404248e-34
activation,neutral_controls,mean_tokens,1,common_pc1_removed,1,0.022380428030559125
activation,neutral_controls,mean_tokens,1,common_pc1_removed,2,0.02929439061977473
activation,neutral_controls,mean_tokens,1,common_pc1_removed,3,0.026430578970189546
activation,neutral_controls,mean_tokens,1,common_pc1_removed,4,0.014941052651554092
activation,neutral_controls,mean_tokens,1,common_pc1_removed,5,0.0024379002660950755
activation,neutral_controls,mean_tokens,1,exposure_residualized,0,1.2032557468545924e-28
activation,neutral_controls,mean_tokens,1,exposure_residualized,1,0.02147125465003845
activation,neutral_controls,mean_tokens,1,exposure_residualized,2,0.07311789465492173
activation,neutral_controls,mean_tokens,1,exposure_residualized,3,0.04737078979206537
activation,neutral_controls,mean_tokens,1,exposure_residualized,4,0.03626733281053225
activation,neutral_controls,mean_tokens,1,exposure_residualized,5,0.003376817733406119
activation,neutral_controls,mean_tokens,1,profile_centered,0,0.0
activation,neutral_controls,mean_tokens,1,profile_centered,1,0.06772050473783124
activation,neutral_controls,mean_tokens,1,profile_centered,2,0.08359701639240161
activation,neutral_controls,mean_tokens,1,profile_centered,3,0.09607989604363475
activation,neutral_controls,mean_tokens,1,profile_centered,4,0.06248739281860492
activation,neutral_controls,mean_tokens,1,profile_centered,5,0.0028852024844897572
activation,neutral_controls,mean_tokens,1,raw,0,2.147933690906272
activation,neutral_controls,mean_tokens,1,raw,1,0.06772050473783124
activation,neutral_controls,mean_tokens,1,raw,2,0.08359701639240161
activation,neutral_controls,mean_tokens,1,raw,3,0.09607989604363475
activation,neutral_controls,mean_tokens,1,raw,4,0.06248739281860492
activation,neutral_controls,mean_tokens,1,raw,5,0.0028852024844897572
activation,neutral_controls,mean_tokens,1,unit_norm,0,0.024336313315708083
activation,neutral_controls,mean_tokens,1,unit_norm,1,0.19330141114835864
activation,neutral_controls,mean_tokens,1,unit_norm,2,0.2846815029689449
activation,neutral_controls,mean_tokens,1,unit_norm,3,0.28948915455544605
activation,neutral_controls,mean_tokens,1,unit_norm,4,0.19113832263817632
activation,neutral_controls,mean_tokens,1,unit_norm,5,0.01705329537336606
activation,neutral_controls,mean_tokens,2,common_pc1_removed,0,2.9717149297040786e-34
activation,neutral_controls,mean_tokens,2,common_pc1_removed,1,0.024649753221626717
activation,neutral_controls,mean_tokens,2,common_pc1_removed,2,0.03319302308245053
activation,neutral_controls,mean_tokens,2,common_pc1_removed,3,0.030278938460694606
activation,neutral_controls,mean_tokens,2,common_pc1_removed,4,0.01674149752041774
activation,neutral_controls,mean_tokens,2,common_pc1_removed,5,0.002777760574895544
activation,neutral_controls,mean_tokens,2,exposure_residualized,0,1.2236114776864222e-28
activation,neutral_controls,mean_tokens,2,exposure_residualized,1,0.023013784380375213
activation,neutral_controls,mean_tokens,2,exposure_residualized,2,0.07646114923748398
activation,neutral_controls,mean_tokens,2,exposure_residualized,3,0.05094825233891657
activation,neutral_controls,mean_tokens,2,exposure_residualized,4,0.03788165337149529
activation,neutral_controls,mean_tokens,2,exposure_residualized,5,0.003653373567878885
activation,neutral_controls,mean_tokens,2,profile_centered,0,0.0
activation,neutral_controls,mean_tokens,2,profile_centered,1,0.07007143981984537
activation,neutral_controls,mean_tokens,2,profile_centered,2,0.08776149207725882
activation,neutral_controls,mean_tokens,2,profile_centered,3,0.10002811151100607
activation,neutral_controls,mean_tokens,2,profile_centered,4,0.06417631840513298
activation,neutral_controls,mean_tokens,2,profile_centered,5,0.003210751094964389
activation,neutral_controls,mean_tokens,2,raw,0,2.1706700297879924
activation,neutral_controls,mean_tokens,2,raw,1,0.07007143981984537
activation,neutral_controls,mean_tokens,2,raw,2,0.08776149207725882
activation,neutral_controls,mean_tokens,2,raw,3,0.10002811151100607
activation,neutral_controls,mean_tokens,2,raw,4,0.06417631840513298
activation,neutral_controls,mean_tokens,2,raw,5,0.003210751094964389
activation,neutral_controls,mean_tokens,2,unit_norm,0,0.021824485620153617
activation,neutral_controls,mean_tokens,2,unit_norm,1,0.1930645526110693
activation,neutral_controls,mean_tokens,2,unit_norm,2,0.2878287761678452
activation,neutral_controls,mean_tokens,2,unit_norm,3,0.2914245928512502
activation,neutral_controls,mean_tokens,2,unit_norm,4,0.18838288298405464
activation,neutral_controls,mean_tokens,2,unit_norm,5,0.01747470976562689
activation,neutral_controls,mean_tokens,3,common_pc1_removed,0,9.725321273761298e-35
activation,neutral_controls,mean_tokens,3,common_pc1_removed,1,0.031610728099902584
activation,neutral_controls,mean_tokens,3,common_pc1_removed,2,0.04403665700075357
activation,neutral_controls,mean_tokens,3,common_pc1_removed,3,0.0399237797743348
activation,neutral_controls,mean_tokens,3,common_pc1_removed,4,0.021856800453373425
activation,neutral_controls,mean_tokens,3,common_pc1_removed,5,0.003622791264311321
activation,neutral_controls,mean_tokens,3,exposure_residualized,0,1.302447834812036e-28
activation,neutral_controls,mean_tokens,3,exposure_residualized,1,0.027160931032402608
activation,neutral_controls,mean_tokens,3,exposure_residualized,2,0.08570908078186425
activation,neutral_controls,mean_tokens,3,exposure_residualized,3,0.059802200556778505
activation,neutral_controls,mean_tokens,3,exposure_residualized,4,0.042334150856947625
activation,neutral_controls,mean_tokens,3,exposure_residualized,5,0.004471281572555239
activation,neutral_controls,mean_tokens,3,profile_centered,0,0.0
activation,neutral_controls,mean_tokens,3,profile_centered,1,0.07888535815174061
activation,neutral_controls,mean_tokens,3,profile_centered,2,0.09987445375146389
activation,neutral_controls,mean_tokens,3,profile_centered,3,0.11053154322979268
activation,neutral_controls,mean_tokens,3,profile_centered,4,0.06928658601093954
activation,neutral_controls,mean_tokens,3,profile_centered,5,0.004075709665282274
activation,neutral_controls,mean_tokens,3,raw,0,2.2938071817597194
activation,neutral_controls,mean_tokens,3,raw,1,0.07888535815174061
activation,neutral_controls,mean_tokens,3,raw,2,0.09987445375146389
activation,neutral_controls,mean_tokens,3,raw,3,0.11053154322979268
activation,neutral_controls,mean_tokens,3,raw,4,0.06928658601093954
activation,neutral_controls,mean_tokens,3,raw,5,0.004075709665282274
activation,neutral_controls,mean_tokens,3,unit_norm,0,0.017601521271070644
activation,neutral_controls,mean_tokens,3,unit_norm,1,0.19430558401329096
activation,neutral_controls,mean_tokens,3,unit_norm,2,0.2926692331782564
activation,neutral_controls,mean_tokens,3,unit_norm,3,0.29124722735684533
activation,neutral_controls,mean_tokens,3,unit_norm,4,0.18561501491956675
activation,neutral_controls,mean_tokens,3,unit_norm,5,0.01856141926096993
activation,neutral_controls,mean_tokens,4,common_pc1_removed,0,9.298270300230266e-34
activation,neutral_controls,mean_tokens,4,common_pc1_removed,1,0.0402410097422871
activation,neutral_controls,mean_tokens,4,common_pc1_removed,2,0.06055695928081481
activation,neutral_controls,mean_tokens,4,common_pc1_removed,3,0.05481156614302964
activation,neutral_controls,mean_tokens,4,common_pc1_removed,4,0.02987513817530246
activation,neutral_controls,mean_tokens,4,common_pc1_removed,5,0.004893208546823414
activation,neutral_controls,mean_tokens,4,exposure_residualized,0,1.4275870474393108e-28
activation,neutral_controls,mean_tokens,4,exposure_residualized,1,0.03312297668613698
activation,neutral_controls,mean_tokens,4,exposure_residualized,2,0.09957738062442441
activation,neutral_controls,mean_tokens,4,exposure_residualized,3,0.07254218571113479
activation,neutral_controls,mean_tokens,4,exposure_residualized,4,0.0496337521359225
activation,neutral_controls,mean_tokens,4,exposure_residualized,5,0.005696992077098327
activation,neutral_controls,mean_tokens,4,profile_centered,0,0.0
activation,neutral_controls,mean_tokens,4,profile_centered,1,0.09063931113755401
activation,neutral_controls,mean_tokens,4,profile_centered,2,0.11957337172375263
activation,neutral_controls,mean_tokens,4,profile_centered,3,0.12564899738347673
activation,neutral_controls,mean_tokens,4,profile_centered,4,0.07715478146984545
activation,neutral_controls,mean_tokens,4,profile_centered,5,0.005334908460961605
activation,neutral_controls,mean_tokens,4,raw,0,2.486434107852299
activation,neutral_controls,mean_tokens,4,raw,1,0.09063931113755401
activation,neutral_controls,mean_tokens,4,raw,2,0.11957337172375263
activation,neutral_controls,mean_tokens,4,raw,3,0.12564899738347673
activation,neutral_controls,mean_tokens,4,raw,4,0.07715478146984545
activation,neutral_controls,mean_tokens,4,raw,5,0.005334908460961605
activation,neutral_controls,mean_tokens,4,unit_norm,0,0.014417962961368913
activation,neutral_controls,mean_tokens,4,unit_norm,1,0.19362513542378368
activation,neutral_controls,mean_tokens,4,unit_norm,2,0.30173410919695004
activation,neutral_controls,mean_tokens,4,unit_norm,3,0.28881638262948783
activation,neutral_controls,mean_tokens,4,unit_norm,4,0.1819351326868543
activation,neutral_controls,mean_tokens,4,unit_norm,5,0.019471277101555752
activation,neutral_controls,mean_tokens,5,common_pc1_removed,0,1.6389754612508766e-33
activation,neutral_controls,mean_tokens,5,common_pc1_removed,1,0.049178223512138235
activation,neutral_controls,mean_tokens,5,common_pc1_removed,2,0.07630986156325249
activation,neutral_controls,mean_tokens,5,common_pc1_removed,3,0.06884530267129295
activation,neutral_controls,mean_tokens,5,common_pc1_removed,4,0.03707404486386257
activation,neutral_controls,mean_tokens,5,common_pc1_removed,5,0.0062368380111887806
activation,neutral_controls,mean_tokens,5,exposure_residualized,0,1.5587503517166768e-28
activation,neutral_controls,mean_tokens,5,exposure_residualized,1,0.0387184733314666
activation,neutral_controls,mean_tokens,5,exposure_residualized,2,0.11155917036638403
activation,neutral_controls,mean_tokens,5,exposure_residualized,3,0.08497499682628558
activation,neutral_controls,mean_tokens,5,exposure_residualized,4,0.05533324280644086
activation,neutral_controls,mean_tokens,5,exposure_residualized,5,0.007045205859875133
activation,neutral_controls,mean_tokens,5,profile_centered,0,0.0
activation,neutral_controls,mean_tokens,5,profile_centered,1,0.10285849812727195
activation,neutral_controls,mean_tokens,5,profile_centered,2,0.1362703210701366
activation,neutral_controls,mean_tokens,5,profile_centered,3,0.14068852427938394
activation,neutral_controls,mean_tokens,5,profile_centered,4,0.08409849050886722
activation,neutral_controls,mean_tokens,5,profile_centered,5,0.006687158939247586
activation,neutral_controls,mean_tokens,5,raw,0,2.698362136180302
activation,neutral_controls,mean_tokens,5,raw,1,0.10285849812727195
activation,neutral_controls,mean_tokens,5,raw,2,0.1362703210701366
activation,neutral_controls,mean_tokens,5,raw,3,0.14068852427938394
activation,neutral_controls,mean_tokens,5,raw,4,0.08409849050886722
activation,neutral_controls,mean_tokens,5,raw,5,0.006687158939247586
activation,neutral_controls,mean_tokens,5,unit_norm,0,0.01222602839149264
activation,neutral_controls,mean_tokens,5,unit_norm,1,0.19536729218110951
activation,neutral_controls,mean_tokens,5,unit_norm,2,0.3030922790688108
activation,neutral_controls,mean_tokens,5,unit_norm,3,0.29027493336247584
activation,neutral_controls,mean_tokens,5,unit_norm,4,0.17843269263030087
activation,neutral_controls,mean_tokens,5,unit_norm,5,0.02060677436581032
activation,neutral_controls,mean_tokens,6,common_pc1_removed,0,3.3407453224885424e-34
activation,neutral_controls,mean_tokens,6,common_pc1_removed,1,0.05615761214547761
activation,neutral_controls,mean_tokens,6,common_pc1_removed,2,0.0915073310761606
activation,neutral_controls,mean_tokens,6,common_pc1_removed,3,0.0815514200656619
activation,neutral_controls,mean_tokens,6,common_pc1_removed,4,0.04321100574613071
activation,neutral_controls,mean_tokens,6,common_pc1_removed,5,0.007320378880932885
activation,neutral_controls,mean_tokens,6,exposure_residualized,0,1.7575886939343588e-28
activation,neutral_controls,mean_tokens,6,exposure_residualized,1,0.043499909875617776
activation,neutral_controls,mean_tokens,6,exposure_residualized,2,0.12313925192551002
activation,neutral_controls,mean_tokens,6,exposure_residualized,3,0.09521109885625625
activation,neutral_controls,mean_tokens,6,exposure_residualized,4,0.060121312765673854
activation,neutral_controls,mean_tokens,6,exposure_residualized,5,0.008037784532592684
activation,neutral_controls,mean_tokens,6,profile_centered,0,0.0
activation,neutral_controls,mean_tokens,6,profile_centered,1,0.11250316327645597
activation,neutral_controls,mean_tokens,6,profile_centered,2,0.15470838427247116
activation,neutral_controls,mean_tokens,6,profile_centered,3,0.1564134451877975
activation,neutral_controls,mean_tokens,6,profile_centered,4,0.09019633472382543
activation,neutral_controls,mean_tokens,6,profile_centered,5,0.007776442299849775
activation,neutral_controls,mean_tokens,6,raw,0,3.0019047077832344
activation,neutral_controls,mean_tokens,6,raw,1,0.11250316327645597
activation,neutral_controls,mean_tokens,6,raw,2,0.15470838427247116
activation,neutral_controls,mean_tokens,6,raw,3,0.1564134451877975
activation,neutral_controls,mean_tokens,6,raw,4,0.09019633472382543
activation,neutral_controls,mean_tokens,6,raw,5,0.007776442299849775
activation,neutral_controls,mean_tokens,6,unit_norm,0,0.011466583004739626
activation,neutral_controls,mean_tokens,6,unit_norm,1,0.1935147654059546
activation,neutral_controls,mean_tokens,6,unit_norm,2,0.30761266579413693
activation,neutral_controls,mean_tokens,6,unit_norm,3,0.29210169361605437
activation,neutral_controls,mean_tokens,6,unit_norm,4,0.17430750792517843
activation,neutral_controls,mean_tokens,6,unit_norm,5,0.020996784253936054
activation,neutral_controls,mean_tokens,7,common_pc1_removed,0,3.97351789508086e-34
activation,neutral_controls,mean_tokens,7,common_pc1_removed,1,0.06963660869213358
activation,neutral_controls,mean_tokens,7,common_pc1_removed,2,0.12231121584397384
activation,neutral_controls,mean_tokens,7,common_pc1_removed,3,0.10748883292113978
activation,neutral_controls,mean_tokens,7,common_pc1_removed,4,0.05677227841056206
activation,neutral_controls,mean_tokens,7,common_pc1_removed,5,0.009612676240309724
activation,neutral_controls,mean_tokens,7,exposure_residualized,0,2.1217308411396343e-28
activation,neutral_controls,mean_tokens,7,exposure_residualized,1,0.054361492860957705
activation,neutral_controls,mean_tokens,7,exposure_residualized,2,0.14739635916173974
activation,neutral_controls,mean_tokens,7,exposure_residualized,3,0.11739184109787242
activation,neutral_controls,mean_tokens,7,exposure_residualized,4,0.07091096187880813
activation,neutral_controls,mean_tokens,7,exposure_residualized,5,0.010083723470514023
activation,neutral_controls,mean_tokens,7,profile_centered,0,0.0
activation,neutral_controls,mean_tokens,7,profile_centered,1,0.13366127556615737
activation,neutral_controls,mean_tokens,7,profile_centered,2,0.19218037156799664
activation,neutral_controls,mean_tokens,7,profile_centered,3,0.18853695764135947
activation,neutral_controls,mean_tokens,7,profile_centered,4,0.10410358121885421
activation,neutral_controls,mean_tokens,7,profile_centered,5,0.010107845625449082
activation,neutral_controls,mean_tokens,7,raw,0,3.6120117649594734
activation,neutral_controls,mean_tokens,7,raw,1,0.13366127556615737
activation,neutral_controls,mean_tokens,7,raw,2,0.19218037156799664
activation,neutral_controls,mean_tokens,7,raw,3,0.18853695764135947
activation,neutral_controls,mean_tokens,7,raw,4,0.10410358121885421
activation,neutral_controls,mean_tokens,7,raw,5,0.010107845625449082
activation,neutral_controls,mean_tokens,7,unit_norm,0,0.009980693549112941
activation,neutral_controls,mean_tokens,7,unit_norm,1,0.18998098001360503
activation,neutral_controls,mean_tokens,7,unit_norm,2,0.314515215224381
activation,neutral_controls,mean_tokens,7,unit_norm,3,0.2951686476560948
activation,neutral_controls,mean_tokens,7,unit_norm,4,0.16834091569111734
activation,neutral_controls,mean_tokens,7,unit_norm,5,0.022013547865688973
activation,neutral_controls,mean_tokens,8,common_pc1_removed,0,3.4963064788138735e-34
activation,neutral_controls,mean_tokens,8,common_pc1_removed,1,0.08310185015340342
activation,neutral_controls,mean_tokens,8,common_pc1_removed,2,0.15484247876015528
activation,neutral_controls,mean_tokens,8,common_pc1_removed,3,0.13341768353657257
activation,neutral_controls,mean_tokens,8,common_pc1_removed,4,0.07085791716217674
activation,neutral_controls,mean_tokens,8,common_pc1_removed,5,0.012296505506183341
activation,neutral_controls,mean_tokens,8,exposure_residualized,0,2.488572265603064e-28
activation,neutral_controls,mean_tokens,8,exposure_residualized,1,0.06407000667257981
activation,neutral_controls,mean_tokens,8,exposure_residualized,2,0.17214034157301822
activation,neutral_controls,mean_tokens,8,exposure_residualized,3,0.13996514201276994
activation,neutral_controls,mean_tokens,8,exposure_residualized,4,0.08271450908997964
activation,neutral_controls,mean_tokens,8,exposure_residualized,5,0.012562309161706371
activation,neutral_controls,mean_tokens,8,profile_centered,0,0.0
activation,neutral_controls,mean_tokens,8,profile_centered,1,0.15338146272671424
activation,neutral_controls,mean_tokens,8,profile_centered,2,0.23206221250769027
activation,neutral_controls,mean_tokens,8,profile_centered,3,0.2196788867516664
activation,neutral_controls,mean_tokens,8,profile_centered,4,0.11670957635105879
activation,neutral_controls,mean_tokens,8,profile_centered,5,0.012766054505062591
activation,neutral_controls,mean_tokens,8,raw,0,4.268018768859084
activation,neutral_controls,mean_tokens,8,raw,1,0.15338146272671424
activation,neutral_controls,mean_tokens,8,raw,2,0.23206221250769027
activation,neutral_controls,mean_tokens,8,raw,3,0.2196788867516664
activation,neutral_controls,mean_tokens,8,raw,4,0.11670957635105879
activation,neutral_controls,mean_tokens,8,raw,5,0.012766054505062591
activation,neutral_controls,mean_tokens,8,unit_norm,0,0.009408378708247052
activation,neutral_controls,mean_tokens,8,unit_norm,1,0.18755622221518797
activation,neutral_controls,mean_tokens,8,unit_norm,2,0.3193342541261005
activation,neutral_controls,mean_tokens,8,unit_norm,3,0.29653941043453086
activation,neutral_controls,mean_tokens,8,unit_norm,4,0.16423026318969725
activation,neutral_controls,mean_tokens,8,unit_norm,5,0.02293147132623647
activation,neutral_controls,mean_tokens,9,common_pc1_removed,0,1.1976533476271369e-32
activation,neutral_controls,mean_tokens,9,common_pc1_removed,1,0.09790646201372459
activation,neutral_controls,mean_tokens,9,common_pc1_removed,2,0.18301313366151467
activation,neutral_controls,mean_tokens,9,common_pc1_removed,3,0.15956976020729055
activation,neutral_controls,mean_tokens,9,common_pc1_removed,4,0.08548765710899822
activation,neutral_controls,mean_tokens,9,common_pc1_removed,5,0.01535277544868743
activation,neutral_controls,mean_tokens,9,exposure_residualized,0,2.916520818830339e-28
activation,neutral_controls,mean_tokens,9,exposure_residualized,1,0.07596662311543045
activation,neutral_controls,mean_tokens,9,exposure_residualized,2,0.19490898925109587
activation,neutral_controls,mean_tokens,9,exposure_residualized,3,0.16277230547264107
activation,neutral_controls,mean_tokens,9,exposure_residualized,4,0.09482887660645889
activation,neutral_controls,mean_tokens,9,exposure_residualized,5,0.015459526660119684
activation,neutral_controls,mean_tokens,9,profile_centered,0,0.0
activation,neutral_controls,mean_tokens,9,profile_centered,1,0.17148094883235854
activation,neutral_controls,mean_tokens,9,profile_centered,2,0.264567018078603
activation,neutral_controls,mean_tokens,9,profile_centered,3,0.2503562864665159
activation,neutral_controls,mean_tokens,9,profile_centered,4,0.13178755276512671
activation,neutral_controls,mean_tokens,9,profile_centered,5,0.016001580961167175
activation,neutral_controls,mean_tokens,9,raw,0,4.720182496881392
activation,neutral_controls,mean_tokens,9,raw,1,0.17148094883235854
activation,neutral_controls,mean_tokens,9,raw,2,0.264567018078603
activation,neutral_controls,mean_tokens,9,raw,3,0.2503562864665159
activation,neutral_controls,mean_tokens,9,raw,4,0.13178755276512671
activation,neutral_controls,mean_tokens,9,raw,5,0.016001580961167175
activation,neutral_controls,mean_tokens,9,unit_norm,0,0.008349915427610991
activation,neutral_controls,mean_tokens,9,unit_norm,1,0.18693387893937644
activation,neutral_controls,mean_tokens,9,unit_norm,2,0.3175637246029375
activation,neutral_controls,mean_tokens,9,unit_norm,3,0.2976936027748842
activation,neutral_controls,mean_tokens,9,unit_norm,4,0.16508700302973323
activation,neutral_controls,mean_tokens,9,unit_norm,5,0.024371875225457473
activation,neutral_controls,mean_tokens,10,common_pc1_removed,0,3.6289037536437225e-34
activation,neutral_controls,mean_tokens,10,common_pc1_removed,1,0.10661804145360199
activation,neutral_controls,mean_tokens,10,common_pc1_removed,2,0.20316871312676488
activation,neutral_controls,mean_tokens,10,common_pc1_removed,3,0.1762647762420913
activation,neutral_controls,mean_tokens,10,common_pc1_removed,4,0.09404850041725121
activation,neutral_controls,mean_tokens,10,common_pc1_removed,5,0.017673974095695495
activation,neutral_controls,mean_tokens,10,exposure_residualized,0,3.2175454416209386e-28
activation,neutral_controls,mean_tokens,10,exposure_residualized,1,0.08190127970527371
activation,neutral_controls,mean_tokens,10,exposure_residualized,2,0.207978907486341
activation,neutral_controls,mean_tokens,10,exposure_residualized,3,0.17550229030524434
activation,neutral_controls,mean_tokens,10,exposure_residualized,4,0.10156651793164308
activation,neutral_controls,mean_tokens,10,exposure_residualized,5,0.017527750678229793
activation,neutral_controls,mean_tokens,10,profile_centered,0,0.0
activation,neutral_controls,mean_tokens,10,profile_centered,1,0.18207516850903271
activation,neutral_controls,mean_tokens,10,profile_centered,2,0.28739581582475926
activation,neutral_controls,mean_tokens,10,profile_centered,3,0.2668276581903121
activation,neutral_controls,mean_tokens,10,profile_centered,4,0.140120454503403
activation,neutral_controls,mean_tokens,10,profile_centered,5,0.01820039212080604
activation,neutral_controls,mean_tokens,10,raw,0,5.108432279800175
activation,neutral_controls,mean_tokens,10,raw,1,0.18207516850903271
activation,neutral_controls,mean_tokens,10,raw,2,0.28739581582475926
activation,neutral_controls,mean_tokens,10,raw,3,0.2668276581903121
activation,neutral_controls,mean_tokens,10,raw,4,0.140120454503403
activation,neutral_controls,mean_tokens,10,raw,5,0.01820039212080604
activation,neutral_controls,mean_tokens,10,unit_norm,0,0.008041184818115162
activation,neutral_controls,mean_tokens,10,unit_norm,1,0.18585629612915633
activation,neutral_controls,mean_tokens,10,unit_norm,2,0.32063295136362585
activation,neutral_controls,mean_tokens,10,unit_norm,3,0.297744113189976
activation,neutral_controls,mean_tokens,10,unit_norm,4,0.1625228920518657
activation,neutral_controls,mean_tokens,10,unit_norm,5,0.025202562447260726
activation,neutral_controls,mean_tokens,11,common_pc1_removed,0,1.2012413071185207e-33
activation,neutral_controls,mean_tokens,11,common_pc1_removed,1,0.11378481871519368
activation,neutral_controls,mean_tokens,11,common_pc1_removed,2,0.222825020604796
activation,neutral_controls,mean_tokens,11,common_pc1_removed,3,0.1884680668990814
activation,neutral_controls,mean_tokens,11,common_pc1_removed,4,0.10195274162034229
activation,neutral_controls,mean_tokens,11,common_pc1_removed,5,0.018475011480202672
activation,neutral_controls,mean_tokens,11,exposure_residualized,0,3.5095878081393525e-28
activation,neutral_controls,mean_tokens,11,exposure_residualized,1,0.08571143741366216
activation,neutral_controls,mean_tokens,11,exposure_residualized,2,0.22395319970666788
activation,neutral_controls,mean_tokens,11,exposure_residualized,3,0.1864546173010178
activation,neutral_controls,mean_tokens,11,exposure_residualized,4,0.10765452814911709
activation,neutral_controls,mean_tokens,11,exposure_residualized,5,0.018453173070492795
activation,neutral_controls,mean_tokens,11,profile_centered,0,0.0
activation,neutral_controls,mean_tokens,11,profile_centered,1,0.19014943826859507
activation,neutral_controls,mean_tokens,11,profile_centered,2,0.30826704111275754
activation,neutral_controls,mean_tokens,11,profile_centered,3,0.2829269089776915
activation,neutral_controls,mean_tokens,11,profile_centered,4,0.14871609874717745
activation,neutral_controls,mean_tokens,11,profile_centered,5,0.01919917890633327
activation,neutral_controls,mean_tokens,11,raw,0,5.405215503829049
activation,neutral_controls,mean_tokens,11,raw,1,0.19014943826859507
activation,neutral_controls,mean_tokens,11,raw,2,0.30826704111275754
activation,neutral_controls,mean_tokens,11,raw,3,0.2829269089776915
activation,neutral_controls,mean_tokens,11,raw,4,0.14871609874717745
activation,neutral_controls,mean_tokens,11,raw,5,0.01919917890633327
activation,neutral_controls,mean_tokens,11,unit_norm,0,0.007994038335932997
activation,neutral_controls,mean_tokens,11,unit_norm,1,0.18432499799577973
activation,neutral_controls,mean_tokens,11,unit_norm,2,0.32567466435616865
activation,neutral_controls,mean_tokens,11,unit_norm,3,0.29597276116772836
activation,neutral_controls,mean_tokens,11,unit_norm,4,0.16105409813319843
activation,neutral_controls,mean_tokens,11,unit_norm,5,0.02497944001119171
activation,neutral_controls,mean_tokens,12,common_pc1_removed,0,7.130499829686292e-34
activation,neutral_controls,mean_tokens,12,common_pc1_removed,1,0.12563848245191558
activation,neutral_controls,mean_tokens,12,common_pc1_removed,2,0.24796803417617805
activation,neutral_controls,mean_tokens,12,common_pc1_removed,3,0.21358644670787907
activation,neutral_controls,mean_tokens,12,common_pc1_removed,4,0.11487954043859322
activation,neutral_controls,mean_tokens,12,common_pc1_removed,5,0.02072414950866667
activation,neutral_controls,mean_tokens,12,exposure_residualized,0,3.8831804035007016e-28
activation,neutral_controls,mean_tokens,12,exposure_residualized,1,0.09408138495209852
activation,neutral_controls,mean_tokens,12,exposure_residualized,2,0.24351900313891967
activation,neutral_controls,mean_tokens,12,exposure_residualized,3,0.2075132844014873
activation,neutral_controls,mean_tokens,12,exposure_residualized,4,0.11758867844434717
activation,neutral_controls,mean_tokens,12,exposure_residualized,5,0.019936439688511866
activation,neutral_controls,mean_tokens,12,profile_centered,0,0.0
activation,neutral_controls,mean_tokens,12,profile_centered,1,0.21208464224548748
activation,neutral_controls,mean_tokens,12,profile_centered,2,0.3471214964595813
activation,neutral_controls,mean_tokens,12,profile_centered,3,0.3138840474264702
activation,neutral_controls,mean_tokens,12,profile_centered,4,0.15957738059444576
activation,neutral_controls,mean_tokens,12,profile_centered,5,0.02143761778883287
activation,neutral_controls,mean_tokens,12,raw,0,6.38466909616797
activation,neutral_controls,mean_tokens,12,raw,1,0.21208464224548748
activation,neutral_controls,mean_tokens,12,raw,2,0.3471214964595813
activation,neutral_controls,mean_tokens,12,raw,3,0.3138840474264702
activation,neutral_controls,mean_tokens,12,raw,4,0.15957738059444576
activation,neutral_controls,mean_tokens,12,raw,5,0.02143761778883287
activation,neutral_controls,mean_tokens,12,unit_norm,0,0.008688226732859766
activation,neutral_controls,mean_tokens,12,unit_norm,1,0.1826838648737938
activation,neutral_controls,mean_tokens,12,unit_norm,2,0.32582303384298855
activation,neutral_controls,mean_tokens,12,unit_norm,3,0.2988648025245404
activation,neutral_controls,mean_tokens,12,unit_norm,4,0.15869537180408053
activation,neutral_controls,mean_tokens,12,unit_norm,5,0.025244700221736794
activation,neutral_controls,mean_tokens,13,common_pc1_removed,0,9.663885230803852e-33
activation,neutral_controls,mean_tokens,13,common_pc1_removed,1,0.1472928580129833
activation,neutral_controls,mean_tokens,13,common_pc1_removed,2,0.2904588508009935
activation,neutral_controls,mean_tokens,13,common_pc1_removed,3,0.25835849726079885
activation,neutral_controls,mean_tokens,13,common_pc1_removed,4,0.14077102878475656
activation,neutral_controls,mean_tokens,13,common_pc1_removed,5,0.02505177293258664
activation,neutral_controls,mean_tokens,13,exposure_residualized,0,4.198200766285214e-28
activation,neutral_controls,mean_tokens,13,exposure_residualized,1,0.11148779879770351
activation,neutral_controls,mean_tokens,13,exposure_residualized,2,0.2814219691986455
activation,neutral_controls,mean_tokens,13,exposure_residualized,3,0.24833040517531335
activation,neutral_controls,mean_tokens,13,exposure_residualized,4,0.13853834491310876
activation,neutral_controls,mean_tokens,13,exposure_residualized,5,0.023986240420631362
activation,neutral_controls,mean_tokens,13,profile_centered,0,0.0
activation,neutral_controls,mean_tokens,13,profile_centered,1,0.24231662530450893
activation,neutral_controls,mean_tokens,13,profile_centered,2,0.39859264250236487
activation,neutral_controls,mean_tokens,13,profile_centered,3,0.36324658122902664
activation,neutral_controls,mean_tokens,13,profile_centered,4,0.18301036410997296
activation,neutral_controls,mean_tokens,13,profile_centered,5,0.02588732294635456
activation,neutral_controls,mean_tokens,13,raw,0,7.240530383876495
activation,neutral_controls,mean_tokens,13,raw,1,0.24231662530450893
activation,neutral_controls,mean_tokens,13,raw,2,0.39859264250236487
activation,neutral_controls,mean_tokens,13,raw,3,0.36324658122902664
activation,neutral_controls,mean_tokens,13,raw,4,0.18301036410997296
activation,neutral_controls,mean_tokens,13,raw,5,0.02588732294635456
activation,neutral_controls,mean_tokens,13,unit_norm,0,0.008290408455741905
activation,neutral_controls,mean_tokens,13,unit_norm,1,0.18270355555274906
activation,neutral_controls,mean_tokens,13,unit_norm,2,0.32367494106851086
activation,neutral_controls,mean_tokens,13,unit_norm,3,0.3015447937971376
activation,neutral_controls,mean_tokens,13,unit_norm,4,0.15771474910689287
activation,neutral_controls,mean_tokens,13,unit_norm,5,0.026071552018967936
activation,neutral_controls,mean_tokens,14,common_pc1_removed,0,2.056945772871412e-33
activation,neutral_controls,mean_tokens,14,common_pc1_removed,1,0.157764920898428
activation,neutral_controls,mean_tokens,14,common_pc1_removed,2,0.3077584417151553
activation,neutral_controls,mean_tokens,14,common_pc1_removed,3,0.27884814824817405
activation,neutral_controls,mean_tokens,14,common_pc1_removed,4,0.15300149217652473
activation,neutral_controls,mean_tokens,14,common_pc1_removed,5,0.02646346207028862
activation,neutral_controls,mean_tokens,14,exposure_residualized,0,4.230365705022155e-28
activation,neutral_controls,mean_tokens,14,exposure_residualized,1,0.12009682034010957
activation,neutral_controls,mean_tokens,14,exposure_residualized,2,0.29645113775498305
activation,neutral_controls,mean_tokens,14,exposure_residualized,3,0.2648406396395257
activation,neutral_controls,mean_tokens,14,exposure_residualized,4,0.1481664162791474
activation,neutral_controls,mean_tokens,14,exposure_residualized,5,0.0250721475248573
activation,neutral_controls,mean_tokens,14,profile_centered,0,0.0
activation,neutral_controls,mean_tokens,14,profile_centered,1,0.25703852718536707
activation,neutral_controls,mean_tokens,14,profile_centered,2,0.42171140338455987
activation,neutral_controls,mean_tokens,14,profile_centered,3,0.3813871528815281
activation,neutral_controls,mean_tokens,14,profile_centered,4,0.19515241192279675
activation,neutral_controls,mean_tokens,14,profile_centered,5,0.02747941292134998
activation,neutral_controls,mean_tokens,14,raw,0,7.951928546303588
activation,neutral_controls,mean_tokens,14,raw,1,0.25703852718536707
activation,neutral_controls,mean_tokens,14,raw,2,0.42171140338455987
activation,neutral_controls,mean_tokens,14,raw,3,0.3813871528815281
activation,neutral_controls,mean_tokens,14,raw,4,0.19515241192279675
activation,neutral_controls,mean_tokens,14,raw,5,0.02747941292134998
activation,neutral_controls,mean_tokens,14,unit_norm,0,0.007901760281640136
activation,neutral_controls,mean_tokens,14,unit_norm,1,0.18495863337508184
activation,neutral_controls,mean_tokens,14,unit_norm,2,0.32313152480889284
activation,neutral_controls,mean_tokens,14,unit_norm,3,0.30007133658686497
activation,neutral_controls,mean_tokens,14,unit_norm,4,0.1585862579998023
activation,neutral_controls,mean_tokens,14,unit_norm,5,0.025350486947717667
activation,neutral_controls,mean_tokens,15,common_pc1_removed,0,5.765052527503477e-33
activation,neutral_controls,mean_tokens,15,common_pc1_removed,1,0.19398901678829797
activation,neutral_controls,mean_tokens,15,common_pc1_removed,2,0.3820512282951267
activation,neutral_controls,mean_tokens,15,common_pc1_removed,3,0.3444635845722027
activation,neutral_controls,mean_tokens,15,common_pc1_removed,4,0.18787668221623716
activation,neutral_controls,mean_tokens,15,common_pc1_removed,5,0.033452968752611584
activation,neutral_controls,mean_tokens,15,exposure_residualized,0,4.7825700691477825e-28
activation,neutral_controls,mean_tokens,15,exposure_residualized,1,0.1500337920383909
activation,neutral_controls,mean_tokens,15,exposure_residualized,2,0.36528635321238334
activation,neutral_controls,mean_tokens,15,exposure_residualized,3,0.32212433088966763
activation,neutral_controls,mean_tokens,15,exposure_residualized,4,0.1775677334861523
activation,neutral_controls,mean_tokens,15,exposure_residualized,5,0.03135114083219636
activation,neutral_controls,mean_tokens,15,profile_centered,0,0.0
activation,neutral_controls,mean_tokens,15,profile_centered,1,0.30069556962984684
activation,neutral_controls,mean_tokens,15,profile_centered,2,0.5121859826671376
activation,neutral_controls,mean_tokens,15,profile_centered,3,0.45098960427705936
activation,neutral_controls,mean_tokens,15,profile_centered,4,0.22955637878108076
activation,neutral_controls,mean_tokens,15,profile_centered,5,0.03503011522270527
activation,neutral_controls,mean_tokens,15,raw,0,8.864824090337251
activation,neutral_controls,mean_tokens,15,raw,1,0.30069556962984684
activation,neutral_controls,mean_tokens,15,raw,2,0.5121859826671376
activation,neutral_controls,mean_tokens,15,raw,3,0.45098960427705936
activation,neutral_controls,mean_tokens,15,raw,4,0.22955637878108076
activation,neutral_controls,mean_tokens,15,raw,5,0.03503011522270527
activation,neutral_controls,mean_tokens,15,unit_norm,0,0.006770537129623156
activation,neutral_controls,mean_tokens,15,unit_norm,1,0.1847151246806063
activation,neutral_controls,mean_tokens,15,unit_norm,2,0.3281604407177353
activation,neutral_controls,mean_tokens,15,unit_norm,3,0.29802989406815833
activation,neutral_controls,mean_tokens,15,unit_norm,4,0.15611589023076988
activation,neutral_controls,mean_tokens,15,unit_norm,5,0.026208113173107152
activation,neutral_controls,mean_tokens,16,common_pc1_removed,0,4.136334526169907e-33
activation,neutral_controls,mean_tokens,16,common_pc1_removed,1,0.23819666993452254
activation,neutral_controls,mean_tokens,16,common_pc1_removed,2,0.4758738308193075
activation,neutral_controls,mean_tokens,16,common_pc1_removed,3,0.43766183217036103
activation,neutral_controls,mean_tokens,16,common_pc1_removed,4,0.23383775973602453
activation,neutral_controls,mean_tokens,16,common_pc1_removed,5,0.04287815636734063
activation,neutral_controls,mean_tokens,16,exposure_residualized,0,6.20607555926877e-28
activation,neutral_controls,mean_tokens,16,exposure_residualized,1,0.18467095078139242
activation,neutral_controls,mean_tokens,16,exposure_residualized,2,0.44419708425521953
activation,neutral_controls,mean_tokens,16,exposure_residualized,3,0.40021145795387136
activation,neutral_controls,mean_tokens,16,exposure_residualized,4,0.21374770781514402
activation,neutral_controls,mean_tokens,16,exposure_residualized,5,0.03871033946764533
activation,neutral_controls,mean_tokens,16,profile_centered,0,0.0
activation,neutral_controls,mean_tokens,16,profile_centered,1,0.36772616229321053
activation,neutral_controls,mean_tokens,16,profile_centered,2,0.6438908916323686
activation,neutral_controls,mean_tokens,16,profile_centered,3,0.5547216398631911
activation,neutral_controls,mean_tokens,16,profile_centered,4,0.27410216749574584
activation,neutral_controls,mean_tokens,16,profile_centered,5,0.044711831083893566
activation,neutral_controls,mean_tokens,16,raw,0,11.851163936653885
activation,neutral_controls,mean_tokens,16,raw,1,0.36772616229321053
activation,neutral_controls,mean_tokens,16,raw,2,0.6438908916323686
activation,neutral_controls,mean_tokens,16,raw,3,0.5547216398631911
activation,neutral_controls,mean_tokens,16,raw,4,0.27410216749574584
activation,neutral_controls,mean_tokens,16,raw,5,0.044711831083893566
activation,neutral_controls,mean_tokens,16,unit_norm,0,0.007047570175622056
activation,neutral_controls,mean_tokens,16,unit_norm,1,0.18363412973081267
activation,neutral_controls,mean_tokens,16,unit_norm,2,0.33130598617887613
activation,neutral_controls,mean_tokens,16,unit_norm,3,0.2985930449250027
activation,neutral_controls,mean_tokens,16,unit_norm,4,0.15266760177109945
activation,neutral_controls,mean_tokens,16,unit_norm,5,0.026751667218586975
activation,neutral_controls,mean_tokens,17,common_pc1_removed,0,4.0345923452785935e-33
activation,neutral_controls,mean_tokens,17,common_pc1_removed,1,0.3163432390974577
activation,neutral_controls,mean_tokens,17,common_pc1_removed,2,0.6160442125786815
activation,neutral_controls,mean_tokens,17,common_pc1_removed,3,0.5758253485054979
activation,neutral_controls,mean_tokens,17,common_pc1_removed,4,0.306695137390236
activation,neutral_controls,mean_tokens,17,common_pc1_removed,5,0.057965759179399945
activation,neutral_controls,mean_tokens,17,exposure_residualized,0,7.457960069621056e-28
activation,neutral_controls,mean_tokens,17,exposure_residualized,1,0.24575981199619779
activation,neutral_controls,mean_tokens,17,exposure_residualized,2,0.5751315803630068
activation,neutral_controls,mean_tokens,17,exposure_residualized,3,0.5284767933324418
activation,neutral_controls,mean_tokens,17,exposure_residualized,4,0.28215509877453226
activation,neutral_controls,mean_tokens,17,exposure_residualized,5,0.05290751974090134
activation,neutral_controls,mean_tokens,17,profile_centered,0,0.0
activation,neutral_controls,mean_tokens,17,profile_centered,1,0.47024993106259044
activation,neutral_controls,mean_tokens,17,profile_centered,2,0.8323904396942695
activation,neutral_controls,mean_tokens,17,profile_centered,3,0.7137606209069177
activation,neutral_controls,mean_tokens,17,profile_centered,4,0.3514106964953708
activation,neutral_controls,mean_tokens,17,profile_centered,5,0.06188538823521074
activation,neutral_controls,mean_tokens,17,raw,0,14.710489224664666
activation,neutral_controls,mean_tokens,17,raw,1,0.47024993106259044
activation,neutral_controls,mean_tokens,17,raw,2,0.8323904396942695
activation,neutral_controls,mean_tokens,17,raw,3,0.7137606209069177
activation,neutral_controls,mean_tokens,17,raw,4,0.3514106964953708
activation,neutral_controls,mean_tokens,17,raw,5,0.06188538823521074
activation,neutral_controls,mean_tokens,17,unit_norm,0,0.0064074129436199456
activation,neutral_controls,mean_tokens,17,unit_norm,1,0.18266068446647823
activation,neutral_controls,mean_tokens,17,unit_norm,2,0.33157772998588747
activation,neutral_controls,mean_tokens,17,unit_norm,3,0.2984761067965516
activation,neutral_controls,mean_tokens,17,unit_norm,4,0.15242717994065685
activation,neutral_controls,mean_tokens,17,unit_norm,5,0.028450885866806015
activation,neutral_controls,mean_tokens,18,common_pc1_removed,0,1.275376209198337e-32
activation,neutral_controls,mean_tokens,18,common_pc1_removed,1,0.3690133459659104
activation,neutral_controls,mean_tokens,18,common_pc1_removed,2,0.7226388708582772
activation,neutral_controls,mean_tokens,18,common_pc1_removed,3,0.6831386895127827
activation,neutral_controls,mean_tokens,18,common_pc1_removed,4,0.3555045872986337
activation,neutral_controls,mean_tokens,18,common_pc1_removed,5,0.06938186075891115
activation,neutral_controls,mean_tokens,18,exposure_residualized,0,8.563440742062602e-28
activation,neutral_controls,mean_tokens,18,exposure_residualized,1,0.29017671146149304
activation,neutral_controls,mean_tokens,18,exposure_residualized,2,0.6750030433745389
activation,neutral_controls,mean_tokens,18,exposure_residualized,3,0.6206923653038833
activation,neutral_controls,mean_tokens,18,exposure_residualized,4,0.3272815470087781
activation,neutral_controls,mean_tokens,18,exposure_residualized,5,0.06510242304988402
activation,neutral_controls,mean_tokens,18,profile_centered,0,0.0
activation,neutral_controls,mean_tokens,18,profile_centered,1,0.5572403808195764
activation,neutral_controls,mean_tokens,18,profile_centered,2,0.9845903456837569
activation,neutral_controls,mean_tokens,18,profile_centered,3,0.8304947596232685
activation,neutral_controls,mean_tokens,18,profile_centered,4,0.40548576099052075
activation,neutral_controls,mean_tokens,18,profile_centered,5,0.07579509891855524
activation,neutral_controls,mean_tokens,18,raw,0,17.6864012888388
activation,neutral_controls,mean_tokens,18,raw,1,0.5572403808195764
activation,neutral_controls,mean_tokens,18,raw,2,0.9845903456837569
activation,neutral_controls,mean_tokens,18,raw,3,0.8304947596232685
activation,neutral_controls,mean_tokens,18,raw,4,0.40548576099052075
activation,neutral_controls,mean_tokens,18,raw,5,0.07579509891855524
activation,neutral_controls,mean_tokens,18,unit_norm,0,0.006678549637418764
activation,neutral_controls,mean_tokens,18,unit_norm,1,0.1838361729032269
activation,neutral_controls,mean_tokens,18,unit_norm,2,0.3320250086175808
activation,neutral_controls,mean_tokens,18,unit_norm,3,0.29807153553442683
activation,neutral_controls,mean_tokens,18,unit_norm,4,0.1503222103602081
activation,neutral_controls,mean_tokens,18,unit_norm,5,0.029066522947138573
activation,neutral_controls,mean_tokens,19,common_pc1_removed,0,2.5918655261712253e-33
activation,neutral_controls,mean_tokens,19,common_pc1_removed,1,0.4111962156068531
activation,neutral_controls,mean_tokens,19,common_pc1_removed,2,0.796717951653969
activation,neutral_controls,mean_tokens,19,common_pc1_removed,3,0.752055431071111
activation,neutral_controls,mean_tokens,19,common_pc1_removed,4,0.3920198462745792
activation,neutral_controls,mean_tokens,19,common_pc1_removed,5,0.0754661689292176
activation,neutral_controls,mean_tokens,19,exposure_residualized,0,9.453080077742029e-28
activation,neutral_controls,mean_tokens,19,exposure_residualized,1,0.32471587926426076
activation,neutral_controls,mean_tokens,19,exposure_residualized,2,0.7419096198840998
activation,neutral_controls,mean_tokens,19,exposure_residualized,3,0.6806518349801888
activation,neutral_controls,mean_tokens,19,exposure_residualized,4,0.35861045880974807
activation,neutral_controls,mean_tokens,19,exposure_residualized,5,0.07117093517074416
activation,neutral_controls,mean_tokens,19,profile_centered,0,0.0
activation,neutral_controls,mean_tokens,19,profile_centered,1,0.6165104101610736
activation,neutral_controls,mean_tokens,19,profile_centered,2,1.08617092047928
activation,neutral_controls,mean_tokens,19,profile_centered,3,0.9119977460528322
activation,neutral_controls,mean_tokens,19,profile_centered,4,0.4461422833670156
activation,neutral_controls,mean_tokens,19,profile_centered,5,0.08348214976747846
activation,neutral_controls,mean_tokens,19,raw,0,19.549693342445938
activation,neutral_controls,mean_tokens,19,raw,1,0.6165104101610736
activation,neutral_controls,mean_tokens,19,raw,2,1.08617092047928
activation,neutral_controls,mean_tokens,19,raw,3,0.9119977460528322
activation,neutral_controls,mean_tokens,19,raw,4,0.4461422833670156
activation,neutral_controls,mean_tokens,19,raw,5,0.08348214976747846
activation,neutral_controls,mean_tokens,19,unit_norm,0,0.006597205052959545
activation,neutral_controls,mean_tokens,19,unit_norm,1,0.18513645167825132
activation,neutral_controls,mean_tokens,19,unit_norm,2,0.3323031297752433
activation,neutral_controls,mean_tokens,19,unit_norm,3,0.29674293725093026
activation,neutral_controls,mean_tokens,19,unit_norm,4,0.15020030860277098
activation,neutral_controls,mean_tokens,19,unit_norm,5,0.029019967639844907
activation,neutral_controls,mean_tokens,20,common_pc1_removed,0,2.8494804208151287e-32
activation,neutral_controls,mean_tokens,20,common_pc1_removed,1,0.46344301135687155
activation,neutral_controls,mean_tokens,20,common_pc1_removed,2,0.8921106882448266
activation,neutral_controls,mean_tokens,20,common_pc1_removed,3,0.8393123927633058
activation,neutral_controls,mean_tokens,20,common_pc1_removed,4,0.43562854725149663
activation,neutral_controls,mean_tokens,20,common_pc1_removed,5,0.08146130805182886
activation,neutral_controls,mean_tokens,20,exposure_residualized,0,1.0294876376240658e-27
activation,neutral_controls,mean_tokens,20,exposure_residualized,1,0.36476450438144287
activation,neutral_controls,mean_tokens,20,exposure_residualized,2,0.835694969469226
activation,neutral_controls,mean_tokens,20,exposure_residualized,3,0.7540907800824431
activation,neutral_controls,mean_tokens,20,exposure_residualized,4,0.3998507161453969
activation,neutral_controls,mean_tokens,20,exposure_residualized,5,0.07746466682877165
activation,neutral_controls,mean_tokens,20,profile_centered,0,0.0
activation,neutral_controls,mean_tokens,20,profile_centered,1,0.6946253747133049
activation,neutral_controls,mean_tokens,20,profile_centered,2,1.2211131503602606
activation,neutral_controls,mean_tokens,20,profile_centered,3,1.0143534814833748
activation,neutral_controls,mean_tokens,20,profile_centered,4,0.4960000309903817
activation,neutral_controls,mean_tokens,20,profile_centered,5,0.09019495356499405
activation,neutral_controls,mean_tokens,20,raw,0,21.732574183745673
activation,neutral_controls,mean_tokens,20,raw,1,0.6946253747133049
activation,neutral_controls,mean_tokens,20,raw,2,1.2211131503602606
activation,neutral_controls,mean_tokens,20,raw,3,1.0143534814833748
activation,neutral_controls,mean_tokens,20,raw,4,0.4960000309903817
activation,neutral_controls,mean_tokens,20,raw,5,0.09019495356499405
activation,neutral_controls,mean_tokens,20,unit_norm,0,0.006561133921881375
activation,neutral_controls,mean_tokens,20,unit_norm,1,0.18747414799580536
activation,neutral_controls,mean_tokens,20,unit_norm,2,0.3332297728593045
activation,neutral_controls,mean_tokens,20,unit_norm,3,0.29538267170178223
activation,neutral_controls,mean_tokens,20,unit_norm,4,0.1493152907060259
activation,neutral_controls,mean_tokens,20,unit_norm,5,0.028036982815200735
activation,neutral_controls,mean_tokens,21,common_pc1_removed,0,1.348812438733299e-32
activation,neutral_controls,mean_tokens,21,common_pc1_removed,1,0.6561457420952777
activation,neutral_controls,mean_tokens,21,common_pc1_removed,2,1.2864549682386626
activation,neutral_controls,mean_tokens,21,common_pc1_removed,3,1.2007234791593508
activation,neutral_controls,mean_tokens,21,common_pc1_removed,4,0.6179210423152834
activation,neutral_controls,mean_tokens,21,common_pc1_removed,5,0.1122873470419109
activation,neutral_controls,mean_tokens,21,exposure_residualized,0,1.3696445688658453e-27
activation,neutral_controls,mean_tokens,21,exposure_residualized,1,0.517969899629084
activation,neutral_controls,mean_tokens,21,exposure_residualized,2,1.2041669528017924
activation,neutral_controls,mean_tokens,21,exposure_residualized,3,1.0777264141413605
activation,neutral_controls,mean_tokens,21,exposure_residualized,4,0.5704840782571112
activation,neutral_controls,mean_tokens,21,exposure_residualized,5,0.10851381236733243
activation,neutral_controls,mean_tokens,21,profile_centered,0,0.0
activation,neutral_controls,mean_tokens,21,profile_centered,1,0.9770667063578338
activation,neutral_controls,mean_tokens,21,profile_centered,2,1.7423719153987567
activation,neutral_controls,mean_tokens,21,profile_centered,3,1.4188892461712852
activation,neutral_controls,mean_tokens,21,profile_centered,4,0.7007360522050029
activation,neutral_controls,mean_tokens,21,profile_centered,5,0.12691229915554614
activation,neutral_controls,mean_tokens,21,raw,0,30.029259647062013
activation,neutral_controls,mean_tokens,21,raw,1,0.9770667063578338
activation,neutral_controls,mean_tokens,21,raw,2,1.7423719153987567
activation,neutral_controls,mean_tokens,21,raw,3,1.4188892461712852
activation,neutral_controls,mean_tokens,21,raw,4,0.7007360522050029
activation,neutral_controls,mean_tokens,21,raw,5,0.12691229915554614
activation,neutral_controls,mean_tokens,21,unit_norm,0,0.006446540250816476
activation,neutral_controls,mean_tokens,21,unit_norm,1,0.18767783333771088
activation,neutral_controls,mean_tokens,21,unit_norm,2,0.33617952896454
activation,neutral_controls,mean_tokens,21,unit_norm,3,0.2935757243603994
activation,neutral_controls,mean_tokens,21,unit_norm,4,0.14884984691854808
activation,neutral_controls,mean_tokens,21,unit_norm,5,0.027270526167984938
activation,neutral_controls,mean_tokens,22,common_pc1_removed,0,2.7394408027237256e-33
activation,neutral_controls,mean_tokens,22,common_pc1_removed,1,0.8006294460399515
activation,neutral_controls,mean_tokens,22,common_pc1_removed,2,1.585695645101244
activation,neutral_controls,mean_tokens,22,common_pc1_removed,3,1.47349485134788
activation,neutral_controls,mean_tokens,22,common_pc1_removed,4,0.7505542622243173
activation,neutral_controls,mean_tokens,22,common_pc1_removed,5,0.13600393127730304
activation,neutral_controls,mean_tokens,22,exposure_residualized,0,1.6227668879381774e-27
activation,neutral_controls,mean_tokens,22,exposure_residualized,1,0.6310833248367194
activation,neutral_controls,mean_tokens,22,exposure_residualized,2,1.4770755752977673
activation,neutral_controls,mean_tokens,22,exposure_residualized,3,1.317334129644241
activation,neutral_controls,mean_tokens,22,exposure_residualized,4,0.6947127107235204
activation,neutral_controls,mean_tokens,22,exposure_residualized,5,0.12839860505414571
activation,neutral_controls,mean_tokens,22,profile_centered,0,0.0
activation,neutral_controls,mean_tokens,22,profile_centered,1,1.1845420860379021
activation,neutral_controls,mean_tokens,22,profile_centered,2,2.124750701786334
activation,neutral_controls,mean_tokens,22,profile_centered,3,1.7235176878057445
activation,neutral_controls,mean_tokens,22,profile_centered,4,0.8495858747142602
activation,neutral_controls,mean_tokens,22,profile_centered,5,0.15091601096092075
activation,neutral_controls,mean_tokens,22,raw,0,35.43098637272017
activation,neutral_controls,mean_tokens,22,raw,1,1.1845420860379021
activation,neutral_controls,mean_tokens,22,raw,2,2.124750701786334
activation,neutral_controls,mean_tokens,22,raw,3,1.7235176878057445
activation,neutral_controls,mean_tokens,22,raw,4,0.8495858747142602
activation,neutral_controls,mean_tokens,22,raw,5,0.15091601096092075
activation,neutral_controls,mean_tokens,22,unit_norm,0,0.006049986837402934
activation,neutral_controls,mean_tokens,22,unit_norm,1,0.18775382492096632
activation,neutral_controls,mean_tokens,22,unit_norm,2,0.33782483384602047
activation,neutral_controls,mean_tokens,22,unit_norm,3,0.293451549178563
activation,neutral_controls,mean_tokens,22,unit_norm,4,0.14812327253464475
activation,neutral_controls,mean_tokens,22,unit_norm,5,0.02679653268240262
activation,neutral_controls,mean_tokens,23,common_pc1_removed,0,1.6970793710810009e-31
activation,neutral_controls,mean_tokens,23,common_pc1_removed,1,0.9850221143308502
activation,neutral_controls,mean_tokens,23,common_pc1_removed,2,1.9483856076394748
activation,neutral_controls,mean_tokens,23,common_pc1_removed,3,1.793910814210962
activation,neutral_controls,mean_tokens,23,common_pc1_removed,4,0.9235703697715962
activation,neutral_controls,mean_tokens,23,common_pc1_removed,5,0.1647504757425252
activation,neutral_controls,mean_tokens,23,exposure_residualized,0,1.940511101354004e-27
activation,neutral_controls,mean_tokens,23,exposure_residualized,1,0.7885111723317887
activation,neutral_controls,mean_tokens,23,exposure_residualized,2,1.8243391112452685
activation,neutral_controls,mean_tokens,23,exposure_residualized,3,1.6073299720437213
activation,neutral_controls,mean_tokens,23,exposure_residualized,4,0.8543104249200543
activation,neutral_controls,mean_tokens,23,exposure_residualized,5,0.16008473948140634
activation,neutral_controls,mean_tokens,23,profile_centered,0,0.0
activation,neutral_controls,mean_tokens,23,profile_centered,1,1.436348723432347
activation,neutral_controls,mean_tokens,23,profile_centered,2,2.5882468022284097
activation,neutral_controls,mean_tokens,23,profile_centered,3,2.0930249317052296
activation,neutral_controls,mean_tokens,23,profile_centered,4,1.0418783828466736
activation,neutral_controls,mean_tokens,23,profile_centered,5,0.187479612723075
activation,neutral_controls,mean_tokens,23,raw,0,42.14499793041162
activation,neutral_controls,mean_tokens,23,raw,1,1.436348723432347
activation,neutral_controls,mean_tokens,23,raw,2,2.5882468022284097
activation,neutral_controls,mean_tokens,23,raw,3,2.0930249317052296
activation,neutral_controls,mean_tokens,23,raw,4,1.0418783828466736
activation,neutral_controls,mean_tokens,23,raw,5,0.187479612723075
activation,neutral_controls,mean_tokens,23,unit_norm,0,0.005736451206248992
activation,neutral_controls,mean_tokens,23,unit_norm,1,0.18800586625941373
activation,neutral_controls,mean_tokens,23,unit_norm,2,0.33897886695041846
activation,neutral_controls,mean_tokens,23,unit_norm,3,0.2919529569497885
activation,neutral_controls,mean_tokens,23,unit_norm,4,0.1483629933916314
activation,neutral_controls,mean_tokens,23,unit_norm,5,0.026962865242498905
activation,neutral_controls,mean_tokens,24,common_pc1_removed,0,8.315419200082089e-33
activation,neutral_controls,mean_tokens,24,common_pc1_removed,1,1.1462193252107629
activation,neutral_controls,mean_tokens,24,common_pc1_removed,2,2.2823124446381113
activation,neutral_controls,mean_tokens,24,common_pc1_removed,3,2.094244121431992
activation,neutral_controls,mean_tokens,24,common_pc1_removed,4,1.0740338663816225
activation,neutral_controls,mean_tokens,24,common_pc1_removed,5,0.19045869934772441
activation,neutral_controls,mean_tokens,24,exposure_residualized,0,2.2302904244970275e-27
activation,neutral_controls,mean_tokens,24,exposure_residualized,1,0.9192070047444227
activation,neutral_controls,mean_tokens,24,exposure_residualized,2,2.1401178793539715
activation,neutral_controls,mean_tokens,24,exposure_residualized,3,1.8772205294496125
activation,neutral_controls,mean_tokens,24,exposure_residualized,4,0.9921552188595925
activation,neutral_controls,mean_tokens,24,exposure_residualized,5,0.18729239013060833
activation,neutral_controls,mean_tokens,24,profile_centered,0,0.0
activation,neutral_controls,mean_tokens,24,profile_centered,1,1.657181007587559
activation,neutral_controls,mean_tokens,24,profile_centered,2,3.004894512962116
activation,neutral_controls,mean_tokens,24,profile_centered,3,2.428845342081397
activation,neutral_controls,mean_tokens,24,profile_centered,4,1.2013983625489533
activation,neutral_controls,mean_tokens,24,profile_centered,5,0.21817536495822507
activation,neutral_controls,mean_tokens,24,raw,0,47.747191620738576
activation,neutral_controls,mean_tokens,24,raw,1,1.657181007587559
activation,neutral_controls,mean_tokens,24,raw,2,3.004894512962116
activation,neutral_controls,mean_tokens,24,raw,3,2.428845342081397
activation,neutral_controls,mean_tokens,24,raw,4,1.2013983625489533
activation,neutral_controls,mean_tokens,24,raw,5,0.21817536495822507
activation,neutral_controls,mean_tokens,24,unit_norm,0,0.0052146051135592494
activation,neutral_controls,mean_tokens,24,unit_norm,1,0.18797954276613696
activation,neutral_controls,mean_tokens,24,unit_norm,2,0.3406464835463739
activation,neutral_controls,mean_tokens,24,unit_norm,3,0.29151935423973585
activation,neutral_controls,mean_tokens,24,unit_norm,4,0.14752106969802906
activation,neutral_controls,mean_tokens,24,unit_norm,5,0.027118944636164884
activation,neutral_controls,mean_tokens,25,common_pc1_removed,0,1.641609476512567e-32
activation,neutral_controls,mean_tokens,25,common_pc1_removed,1,1.3591686370410825
activation,neutral_controls,mean_tokens,25,common_pc1_removed,2,2.70825044029444
activation,neutral_controls,mean_tokens,25,common_pc1_removed,3,2.475377494933565
activation,neutral_controls,mean_tokens,25,common_pc1_removed,4,1.2628621689956303
activation,neutral_controls,mean_tokens,25,common_pc1_removed,5,0.2235996402995101
activation,neutral_controls,mean_tokens,25,exposure_residualized,0,2.5667381863751065e-27
activation,neutral_controls,mean_tokens,25,exposure_residualized,1,1.0897985821336078
activation,neutral_controls,mean_tokens,25,exposure_residualized,2,2.5382507382128856
activation,neutral_controls,mean_tokens,25,exposure_residualized,3,2.2170503367893195
activation,neutral_controls,mean_tokens,25,exposure_residualized,4,1.1629077104462109
activation,neutral_controls,mean_tokens,25,exposure_residualized,5,0.21996324396679307
activation,neutral_controls,mean_tokens,25,profile_centered,0,0.0
activation,neutral_controls,mean_tokens,25,profile_centered,1,1.9401587922018129
activation,neutral_controls,mean_tokens,25,profile_centered,2,3.5416416406304205
activation,neutral_controls,mean_tokens,25,profile_centered,3,2.8678115694850534
activation,neutral_controls,mean_tokens,25,profile_centered,4,1.4124587337577101
activation,neutral_controls,mean_tokens,25,profile_centered,5,0.25560360977811203
activation,neutral_controls,mean_tokens,25,raw,0,56.22755791168906
activation,neutral_controls,mean_tokens,25,raw,1,1.9401587922018129
activation,neutral_controls,mean_tokens,25,raw,2,3.5416416406304205
activation,neutral_controls,mean_tokens,25,raw,3,2.8678115694850534
activation,neutral_controls,mean_tokens,25,raw,4,1.4124587337577101
activation,neutral_controls,mean_tokens,25,raw,5,0.25560360977811203
activation,neutral_controls,mean_tokens,25,unit_norm,0,0.00511971288106441
activation,neutral_controls,mean_tokens,25,unit_norm,1,0.18772189233366315
activation,neutral_controls,mean_tokens,25,unit_norm,2,0.3412223790232785
activation,neutral_controls,mean_tokens,25,unit_norm,3,0.291840056903798
activation,neutral_controls,mean_tokens,25,unit_norm,4,0.14711983976477186
activation,neutral_controls,mean_tokens,25,unit_norm,5,0.026976119093424046
activation,neutral_controls,mean_tokens,26,common_pc1_removed,0,9.246947573571992e-32
activation,neutral_controls,mean_tokens,26,common_pc1_removed,1,1.6335972327442971
activation,neutral_controls,mean_tokens,26,common_pc1_removed,2,3.2821152023338733
activation,neutral_controls,mean_tokens,26,common_pc1_removed,3,3.0167992536912216
activation,neutral_controls,mean_tokens,26,common_pc1_removed,4,1.5503066782902004
activation,neutral_controls,mean_tokens,26,common_pc1_removed,5,0.2734803403650692
activation,neutral_controls,mean_tokens,26,exposure_residualized,0,3.0860333583499135e-27
activation,neutral_controls,mean_tokens,26,exposure_residualized,1,1.3108636183390399
activation,neutral_controls,mean_tokens,26,exposure_residualized,2,3.0682162615563513
activation,neutral_controls,mean_tokens,26,exposure_residualized,3,2.6895517940303852
activation,neutral_controls,mean_tokens,26,exposure_residualized,4,1.4148381842250062
activation,neutral_controls,mean_tokens,26,exposure_residualized,5,0.2656336605467642
activation,neutral_controls,mean_tokens,26,profile_centered,0,0.0
activation,neutral_controls,mean_tokens,26,profile_centered,1,2.3216121404840284
activation,neutral_controls,mean_tokens,26,profile_centered,2,4.245156937634286
activation,neutral_controls,mean_tokens,26,profile_centered,3,3.454453422945912
activation,neutral_controls,mean_tokens,26,profile_centered,4,1.7056758492172215
activation,neutral_controls,mean_tokens,26,profile_centered,5,0.3082884576197656
activation,neutral_controls,mean_tokens,26,raw,0,65.77463407357237
activation,neutral_controls,mean_tokens,26,raw,1,2.3216121404840284
activation,neutral_controls,mean_tokens,26,raw,2,4.245156937634286
activation,neutral_controls,mean_tokens,26,raw,3,3.454453422945912
activation,neutral_controls,mean_tokens,26,raw,4,1.7056758492172215
activation,neutral_controls,mean_tokens,26,raw,5,0.3082884576197656
activation,neutral_controls,mean_tokens,26,unit_norm,0,0.004691516465405563
activation,neutral_controls,mean_tokens,26,unit_norm,1,0.18699409595980004
activation,neutral_controls,mean_tokens,26,unit_norm,2,0.3409294373446192
activation,neutral_controls,mean_tokens,26,unit_norm,3,0.29272505363777146
activation,neutral_controls,mean_tokens,26,unit_norm,4,0.14763819550441695
activation,neutral_controls,mean_tokens,26,unit_norm,5,0.027021701087986856
activation,neutral_controls,mean_tokens,27,common_pc1_removed,0,1.6950711896789305e-32
activation,neutral_controls,mean_tokens,27,common_pc1_removed,1,1.9850061182454541
activation,neutral_controls,mean_tokens,27,common_pc1_removed,2,3.9702567567262985
activation,neutral_controls,mean_tokens,27,common_pc1_removed,3,3.6486089055459843
activation,neutral_controls,mean_tokens,27,common_pc1_removed,4,1.873616567324899
activation,neutral_controls,mean_tokens,27,common_pc1_removed,5,0.3359455955348195
activation,neutral_controls,mean_tokens,27,exposure_residualized,0,3.6546782966888775e-27
activation,neutral_controls,mean_tokens,27,exposure_residualized,1,1.581767125859134
activation,neutral_controls,mean_tokens,27,exposure_residualized,2,3.69971167485252
activation,neutral_controls,mean_tokens,27,exposure_residualized,3,3.2630327482459167
activation,neutral_controls,mean_tokens,27,exposure_residualized,4,1.7023862394465428
activation,neutral_controls,mean_tokens,27,exposure_residualized,5,0.32287329139523213
activation,neutral_controls,mean_tokens,27,profile_centered,0,0.0
activation,neutral_controls,mean_tokens,27,profile_centered,1,2.772568740507011
activation,neutral_controls,mean_tokens,27,profile_centered,2,5.058509746230468
activation,neutral_controls,mean_tokens,27,profile_centered,3,4.172194151721733
activation,neutral_controls,mean_tokens,27,profile_centered,4,2.057184793611293
activation,neutral_controls,mean_tokens,27,profile_centered,5,0.3745443642730777
activation,neutral_controls,mean_tokens,27,raw,0,76.61159006701858
activation,neutral_controls,mean_tokens,27,raw,1,2.772568740507011
activation,neutral_controls,mean_tokens,27,raw,2,5.058509746230468
activation,neutral_controls,mean_tokens,27,raw,3,4.172194151721733
activation,neutral_controls,mean_tokens,27,raw,4,2.057184793611293
activation,neutral_controls,mean_tokens,27,raw,5,0.3745443642730777
activation,neutral_controls,mean_tokens,27,unit_norm,0,0.004255092819665886
activation,neutral_controls,mean_tokens,27,unit_norm,1,0.18642972556713183
activation,neutral_controls,mean_tokens,27,unit_norm,2,0.3393068971406157
activation,neutral_controls,mean_tokens,27,unit_norm,3,0.2944182938856219
activation,neutral_controls,mean_tokens,27,unit_norm,4,0.14825525247735788
activation,neutral_controls,mean_tokens,27,unit_norm,5,0.027334738109607005
activation,neutral_controls,mean_tokens,28,common_pc1_removed,0,1.8819750161122567e-31
activation,neutral_controls,mean_tokens,28,common_pc1_removed,1,2.450305342338734
activation,neutral_controls,mean_tokens,28,common_pc1_removed,2,4.924576028596193
activation,neutral_controls,mean_tokens,28,common_pc1_removed,3,4.528968827006231
activation,neutral_controls,mean_tokens,28,common_pc1_removed,4,2.290352526024855
activation,neutral_controls,mean_tokens,28,common_pc1_removed,5,0.4131459400135368
activation,neutral_controls,mean_tokens,28,exposure_residualized,0,4.301041511630105e-27
activation,neutral_controls,mean_tokens,28,exposure_residualized,1,1.9469435243860893
activation,neutral_controls,mean_tokens,28,exposure_residualized,2,4.5711373749384006
activation,neutral_controls,mean_tokens,28,exposure_residualized,3,4.050737101514194
activation,neutral_controls,mean_tokens,28,exposure_residualized,4,2.0797795009492632
activation,neutral_controls,mean_tokens,28,exposure_residualized,5,0.39043593219349704
activation,neutral_controls,mean_tokens,28,profile_centered,0,0.0
activation,neutral_controls,mean_tokens,28,profile_centered,1,3.3709585899454004
activation,neutral_controls,mean_tokens,28,profile_centered,2,6.143581328987881
activation,neutral_controls,mean_tokens,28,profile_centered,3,5.121974586803299
activation,neutral_controls,mean_tokens,28,profile_centered,4,2.4986331423244543
activation,neutral_controls,mean_tokens,28,profile_centered,5,0.45134476852972766
activation,neutral_controls,mean_tokens,28,raw,0,85.23784245769117
activation,neutral_controls,mean_tokens,28,raw,1,3.3709585899454004
activation,neutral_controls,mean_tokens,28,raw,2,6.143581328987881
activation,neutral_controls,mean_tokens,28,raw,3,5.121974586803299
activation,neutral_controls,mean_tokens,28,raw,4,2.4986331423244543
activation,neutral_controls,mean_tokens,28,raw,5,0.45134476852972766
activation,neutral_controls,mean_tokens,28,unit_norm,0,0.003717907318881211
activation,neutral_controls,mean_tokens,28,unit_norm,1,0.18682014098153343
activation,neutral_controls,mean_tokens,28,unit_norm,2,0.3394265799011178
activation,neutral_controls,mean_tokens,28,unit_norm,3,0.29608760746087864
activation,neutral_controls,mean_tokens,28,unit_norm,4,0.14697698402686735
activation,neutral_controls,mean_tokens,28,unit_norm,5,0.026970780310721428
activation,neutral_controls,mean_tokens,29,common_pc1_removed,0,1.1707588970847614e-32
activation,neutral_controls,mean_tokens,29,common_pc1_removed,1,3.483047508605177
activation,neutral_controls,mean_tokens,29,common_pc1_removed,2,6.923677875311495
activation,neutral_controls,mean_tokens,29,common_pc1_removed,3,6.447299427901501
activation,neutral_controls,mean_tokens,29,common_pc1_removed,4,3.2468917985851458
activation,neutral_controls,mean_tokens,29,common_pc1_removed,5,0.5733622201571659
activation,neutral_controls,mean_tokens,29,exposure_residualized,0,5.928268312841665e-27
activation,neutral_controls,mean_tokens,29,exposure_residualized,1,2.782127552101497
activation,neutral_controls,mean_tokens,29,exposure_residualized,2,6.443000834694717
activation,neutral_controls,mean_tokens,29,exposure_residualized,3,5.736675517040319
activation,neutral_controls,mean_tokens,29,exposure_residualized,4,2.9340462541017356
activation,neutral_controls,mean_tokens,29,exposure_residualized,5,0.542078596932072
activation,neutral_controls,mean_tokens,29,profile_centered,0,0.0
activation,neutral_controls,mean_tokens,29,profile_centered,1,4.83601466432593
activation,neutral_controls,mean_tokens,29,profile_centered,2,8.563029024146903
activation,neutral_controls,mean_tokens,29,profile_centered,3,7.210614266947392
activation,neutral_controls,mean_tokens,29,profile_centered,4,3.5252458467631644
activation,neutral_controls,mean_tokens,29,profile_centered,5,0.6285515395596143
activation,neutral_controls,mean_tokens,29,raw,0,110.1820801525891
activation,neutral_controls,mean_tokens,29,raw,1,4.83601466432593
activation,neutral_controls,mean_tokens,29,raw,2,8.563029024146903
activation,neutral_controls,mean_tokens,29,raw,3,7.210614266947392
activation,neutral_controls,mean_tokens,29,raw,4,3.5252458467631644
activation,neutral_controls,mean_tokens,29,raw,5,0.6285515395596143
activation,neutral_controls,mean_tokens,29,unit_norm,0,0.0035066960830591755
activation,neutral_controls,mean_tokens,29,unit_norm,1,0.19072042717942594
activation,neutral_controls,mean_tokens,29,unit_norm,2,0.3365033665189376
activation,neutral_controls,mean_tokens,29,unit_norm,3,0.29585485617732116
activation,neutral_controls,mean_tokens,29,unit_norm,4,0.14676170334836228
activation,neutral_controls,mean_tokens,29,unit_norm,5,0.026652950692893466
activation,neutral_controls,mean_tokens,30,common_pc1_removed,0,2.069830809413551e-32
activation,neutral_controls,mean_tokens,30,common_pc1_removed,1,5.857344311805035
activation,neutral_controls,mean_tokens,30,common_pc1_removed,2,11.500227364197276
activation,neutral_controls,mean_tokens,30,common_pc1_removed,3,10.837969468453151
activation,neutral_controls,mean_tokens,30,common_pc1_removed,4,5.408333621150483
activation,neutral_controls,mean_tokens,30,common_pc1_removed,5,0.9674750311555
activation,neutral_controls,mean_tokens,30,exposure_residualized,0,8.990761791909345e-27
activation,neutral_controls,mean_tokens,30,exposure_residualized,1,4.626879904362533
activation,neutral_controls,mean_tokens,30,exposure_residualized,2,10.563579667529007
activation,neutral_controls,mean_tokens,30,exposure_residualized,3,9.596051283267112
activation,neutral_controls,mean_tokens,30,exposure_residualized,4,4.853461392972047
activation,neutral_controls,mean_tokens,30,exposure_residualized,5,0.9151844796558597
activation,neutral_controls,mean_tokens,30,profile_centered,0,0.0
activation,neutral_controls,mean_tokens,30,profile_centered,1,8.869150583040682
activation,neutral_controls,mean_tokens,30,profile_centered,2,14.11729122797096
activation,neutral_controls,mean_tokens,30,profile_centered,3,12.064932782668647
activation,neutral_controls,mean_tokens,30,profile_centered,4,5.858343889076946
activation,neutral_controls,mean_tokens,30,profile_centered,5,1.0450025114227839
activation,neutral_controls,mean_tokens,30,raw,0,189.13083334692945
activation,neutral_controls,mean_tokens,30,raw,1,8.869150583040682
activation,neutral_controls,mean_tokens,30,raw,2,14.11729122797096
activation,neutral_controls,mean_tokens,30,raw,3,12.064932782668647
activation,neutral_controls,mean_tokens,30,raw,4,5.858343889076946
activation,neutral_controls,mean_tokens,30,raw,5,1.0450025114227839
activation,neutral_controls,mean_tokens,30,unit_norm,0,0.0038928059170434083
activation,neutral_controls,mean_tokens,30,unit_norm,1,0.20351305334255126
activation,neutral_controls,mean_tokens,30,unit_norm,2,0.3283153562415356
activation,neutral_controls,mean_tokens,30,unit_norm,3,0.2929377887932735
activation,neutral_controls,mean_tokens,30,unit_norm,4,0.14490612720945054
activation,neutral_controls,mean_tokens,30,unit_norm,5,0.026434868496145604
activation,neutral_controls,mean_tokens,31,common_pc1_removed,0,3.1650316115683266e-31
activation,neutral_controls,mean_tokens,31,common_pc1_removed,1,20.36755257931744
activation,neutral_controls,mean_tokens,31,common_pc1_removed,2,41.629157361363866
activation,neutral_controls,mean_tokens,31,common_pc1_removed,3,37.68499522235895
activation,neutral_controls,mean_tokens,31,common_pc1_removed,4,17.655054233636886
activation,neutral_controls,mean_tokens,31,common_pc1_removed,5,2.912008781700982
activation,neutral_controls,mean_tokens,31,exposure_residualized,0,3.387207052928784e-26
activation,neutral_controls,mean_tokens,31,exposure_residualized,1,16.915030424456887
activation,neutral_controls,mean_tokens,31,exposure_residualized,2,37.1167641424619
activation,neutral_controls,mean_tokens,31,exposure_residualized,3,33.59153132222559
activation,neutral_controls,mean_tokens,31,exposure_residualized,4,15.576788544096907
activation,neutral_controls,mean_tokens,31,exposure_residualized,5,2.905606338195181
activation,neutral_controls,mean_tokens,31,profile_centered,0,0.0
activation,neutral_controls,mean_tokens,31,profile_centered,1,43.05664508601084
activation,neutral_controls,mean_tokens,31,profile_centered,2,53.46125753325733
activation,neutral_controls,mean_tokens,31,profile_centered,3,41.46420925539947
activation,neutral_controls,mean_tokens,31,profile_centered,4,19.595301656870244
activation,neutral_controls,mean_tokens,31,profile_centered,5,3.328646447338647
activation,neutral_controls,mean_tokens,31,raw,0,857.736629297875
activation,neutral_controls,mean_tokens,31,raw,1,43.05664508601084
activation,neutral_controls,mean_tokens,31,raw,2,53.46125753325733
activation,neutral_controls,mean_tokens,31,raw,3,41.46420925539947
activation,neutral_controls,mean_tokens,31,raw,4,19.595301656870244
activation,neutral_controls,mean_tokens,31,raw,5,3.328646447338647
activation,neutral_controls,mean_tokens,31,unit_norm,0,0.004608297005622454
activation,neutral_controls,mean_tokens,31,unit_norm,1,0.24242516855455942
activation,neutral_controls,mean_tokens,31,unit_norm,2,0.327963522193549
activation,neutral_controls,mean_tokens,31,unit_norm,3,0.2709316621084166
activation,neutral_controls,mean_tokens,31,unit_norm,4,0.13089969438090535
activation,neutral_controls,mean_tokens,31,unit_norm,5,0.0231716557569472
logits,ipip_stems,final_token,32,common_pc1_removed,0,6.062923856658204e-29
logits,ipip_stems,final_token,32,common_pc1_removed,1,2691.665636733344
logits,ipip_stems,final_token,32,common_pc1_removed,2,5716.62438574351
logits,ipip_stems,final_token,32,common_pc1_removed,3,5945.420038708197
logits,ipip_stems,final_token,32,common_pc1_removed,4,2458.6664187124707
logits,ipip_stems,final_token,32,common_pc1_removed,5,449.50441363766544
logits,ipip_stems,final_token,32,exposure_residualized,0,5.224119921040169e-24
logits,ipip_stems,final_token,32,exposure_residualized,1,2250.634427277523
logits,ipip_stems,final_token,32,exposure_residualized,2,6112.7601947058465
logits,ipip_stems,final_token,32,exposure_residualized,3,5739.146395000086
logits,ipip_stems,final_token,32,exposure_residualized,4,2856.8632345488536
logits,ipip_stems,final_token,32,exposure_residualized,5,541.3879031514813
logits,ipip_stems,final_token,32,profile_centered,0,0.0
logits,ipip_stems,final_token,32,profile_centered,1,7080.806417108122
logits,ipip_stems,final_token,32,profile_centered,2,9150.419185446459
logits,ipip_stems,final_token,32,profile_centered,3,6849.863006914892
logits,ipip_stems,final_token,32,profile_centered,4,3034.483226037016
logits,ipip_stems,final_token,32,profile_centered,5,572.6922812259005
logits,ipip_stems,final_token,32,raw,0,114891.0230357637
logits,ipip_stems,final_token,32,raw,1,7080.806417108122
logits,ipip_stems,final_token,32,raw,2,9150.419185446459
logits,ipip_stems,final_token,32,raw,3,6849.863006914892
logits,ipip_stems,final_token,32,raw,4,3034.483226037016
logits,ipip_stems,final_token,32,raw,5,572.6922812259005
logits,ipip_stems,final_token,32,unit_norm,0,0.009192811822490123
logits,ipip_stems,final_token,32,unit_norm,1,0.2400296376508298
logits,ipip_stems,final_token,32,unit_norm,2,0.31923490813983324
logits,ipip_stems,final_token,32,unit_norm,3,0.28186110771186057
logits,ipip_stems,final_token,32,unit_norm,4,0.1264592893694151
logits,ipip_stems,final_token,32,unit_norm,5,0.02322224530557198
logits,naturalistic_behavioral,final_token,32,common_pc1_removed,0,5.147986299885276e-30
logits,naturalistic_behavioral,final_token,32,common_pc1_removed,1,1561.293132727024
logits,naturalistic_behavioral,final_token,32,common_pc1_removed,2,3141.853456855678
logits,naturalistic_behavioral,final_token,32,common_pc1_removed,3,2983.2258388269206
logits,naturalistic_behavioral,final_token,32,common_pc1_removed,4,1453.1845042824953
logits,naturalistic_behavioral,final_token,32,common_pc1_removed,5,230.4759249851516
logits,naturalistic_behavioral,final_token,32,exposure_residualized,0,2.235677275704771e-24
logits,naturalistic_behavioral,final_token,32,exposure_residualized,1,1344.6420450944133
logits,naturalistic_behavioral,final_token,32,exposure_residualized,2,2981.382521555911
logits,naturalistic_behavioral,final_token,32,exposure_residualized,3,2717.9676642810973
logits,naturalistic_behavioral,final_token,32,exposure_residualized,4,1363.9543490778694
logits,naturalistic_behavioral,final_token,32,exposure_residualized,5,210.34823743793083
logits,naturalistic_behavioral,final_token,32,profile_centered,0,0.0
logits,naturalistic_behavioral,final_token,32,profile_centered,1,2450.2449661596056
logits,naturalistic_behavioral,final_token,32,profile_centered,2,4106.612130482567
logits,naturalistic_behavioral,final_token,32,profile_centered,3,3215.3136103229162
logits,naturalistic_behavioral,final_token,32,profile_centered,4,1635.9155939411144
logits,naturalistic_behavioral,final_token,32,profile_centered,5,253.68321180949465
logits,naturalistic_behavioral,final_token,32,raw,0,37079.199654712866
logits,naturalistic_behavioral,final_token,32,raw,1,2450.2449661596056
logits,naturalistic_behavioral,final_token,32,raw,2,4106.612130482567
logits,naturalistic_behavioral,final_token,32,raw,3,3215.3136103229162
logits,naturalistic_behavioral,final_token,32,raw,4,1635.9155939411144
logits,naturalistic_behavioral,final_token,32,raw,5,253.68321180949465
logits,naturalistic_behavioral,final_token,32,unit_norm,0,0.0024237674883578197
logits,naturalistic_behavioral,final_token,32,unit_norm,1,0.20002825021989012
logits,naturalistic_behavioral,final_token,32,unit_norm,2,0.3493522978369787
logits,naturalistic_behavioral,final_token,32,unit_norm,3,0.2823502238470333
logits,naturalistic_behavioral,final_token,32,unit_norm,4,0.14488041158316536
logits,naturalistic_behavioral,final_token,32,unit_norm,5,0.020965049024574984
logits,neutral_controls,final_token,32,common_pc1_removed,0,1.8009045890345856e-29
logits,neutral_controls,final_token,32,common_pc1_removed,1,1550.8056732261814
logits,neutral_controls,final_token,32,common_pc1_removed,2,4109.968934823764
logits,neutral_controls,final_token,32,common_pc1_removed,3,3721.6007635503297
logits,neutral_controls,final_token,32,common_pc1_removed,4,1781.775013635507
logits,neutral_controls,final_token,32,common_pc1_removed,5,279.05201648322054
logits,neutral_controls,final_token,32,exposure_residualized,0,3.4085283235481336e-24
logits,neutral_controls,final_token,32,exposure_residualized,1,1678.3486422995434
logits,neutral_controls,final_token,32,exposure_residualized,2,4265.417127729042
logits,neutral_controls,final_token,32,exposure_residualized,3,3407.2086619202455
logits,neutral_controls,final_token,32,exposure_residualized,4,1696.4564107983872
logits,neutral_controls,final_token,32,exposure_residualized,5,375.2074973090687
logits,neutral_controls,final_token,32,profile_centered,0,0.0
logits,neutral_controls,final_token,32,profile_centered,1,5165.138857771502
logits,neutral_controls,final_token,32,profile_centered,2,5697.794882981534
logits,neutral_controls,final_token,32,profile_centered,3,4068.4346569517397
logits,neutral_controls,final_token,32,profile_centered,4,2070.835708050367
logits,neutral_controls,final_token,32,profile_centered,5,439.83079331655836
logits,neutral_controls,final_token,32,raw,0,89990.54311001023
logits,neutral_controls,final_token,32,raw,1,5165.138857771502
logits,neutral_controls,final_token,32,raw,2,5697.794882981534
logits,neutral_controls,final_token,32,raw,3,4068.4346569517397
logits,neutral_controls,final_token,32,raw,4,2070.835708050367
logits,neutral_controls,final_token,32,raw,5,439.83079331655836
logits,neutral_controls,final_token,32,unit_norm,0,0.006886812611318467
logits,neutral_controls,final_token,32,unit_norm,1,0.25608009461237946
logits,neutral_controls,final_token,32,unit_norm,2,0.3104580820955924
logits,neutral_controls,final_token,32,unit_norm,3,0.2744380289862089
logits,neutral_controls,final_token,32,unit_norm,4,0.12942914747243056
logits,neutral_controls,final_token,32,unit_norm,5,0.022707834222069425
weights,all,none,0,common_pc1_removed,0,1.4324107517250478e-30
weights,all,none,0,common_pc1_removed,1,22.45501908529792
weights,all,none,0,common_pc1_removed,2,43.26359292028642
weights,all,none,0,common_pc1_removed,3,42.82128702708945
weights,all,none,0,common_pc1_removed,4,21.453082696174192
weights,all,none,0,common_pc1_removed,5,4.368356946466331
weights,all,none,0,exposure_residualized,0,2.9431841432438745e-26
weights,all,none,0,exposure_residualized,1,17.584395757644195
weights,all,none,0,exposure_residualized,2,45.67700473234627
weights,all,none,0,exposure_residualized,3,47.23583573306925
weights,all,none,0,exposure_residualized,4,24.20624806318392
weights,all,none,0,exposure_residualized,5,5.423181539577598
weights,all,none,0,profile_centered,0,6.694492343557951e-32
weights,all,none,0,profile_centered,1,25.237407206278235
weights,all,none,0,profile_centered,2,49.94820461217839
weights,all,none,0,profile_centered,3,49.83076237362515
weights,all,none,0,profile_centered,4,24.85342557366
weights,all,none,0,profile_centered,5,4.952606338512495
weights,all,none,0,raw,0,7.776669236091442
weights,all,none,0,raw,1,25.237407206278228
weights,all,none,0,raw,2,49.94820461217838
weights,all,none,0,raw,3,49.83076237362515
weights,all,none,0,raw,4,24.853425573660004
weights,all,none,0,raw,5,4.952606338512494
weights,all,none,0,unit_norm,0,0.021885609441131586
weights,all,none,0,unit_norm,1,0.19472112864419044
weights,all,none,0,unit_norm,2,0.31133201462961674
weights,all,none,0,unit_norm,3,0.2968983618381019
weights,all,none,0,unit_norm,4,0.14644625729235347
weights,all,none,0,unit_norm,5,0.028716628154605885
weights,all,none,1,common_pc1_removed,0,2.8354337071752347e-31
weights,all,none,1,common_pc1_removed,1,19.638503654831442
weights,all,none,1,common_pc1_removed,2,37.818462405008496
weights,all,none,1,common_pc1_removed,3,37.475135636295015
weights,all,none,1,common_pc1_removed,4,18.760081611398437
weights,all,none,1,common_pc1_removed,5,3.8345296313966992
weights,all,none,1,exposure_residualized,0,2.443495560280417e-26
weights,all,none,1,exposure_residualized,1,15.359295427901243
weights,all,none,1,exposure_residualized,2,39.482472900391244
weights,all,none,1,exposure_residualized,3,40.99849867331783
weights,all,none,1,exposure_residualized,4,20.911249155339032
weights,all,none,1,exposure_residualized,5,4.6954170406045765
weights,all,none,1,profile_centered,0,1.6079001902179758e-31
weights,all,none,1,profile_centered,1,21.74703855405665
weights,all,none,1,profile_centered,2,43.13218613664709
weights,all,none,1,profile_centered,3,43.15696956135556
weights,all,none,1,profile_centered,4,21.52719446413225
weights,all,none,1,profile_centered,5,4.301555466799423
weights,all,none,1,raw,0,6.2450266321395
weights,all,none,1,raw,1,21.74703855405665
weights,all,none,1,raw,2,43.132186136647086
weights,all,none,1,raw,3,43.15696956135556
weights,all,none,1,raw,4,21.527194464132247
weights,all,none,1,raw,5,4.301555466799424
weights,all,none,1,unit_norm,0,0.01975523366751942
weights,all,none,1,unit_norm,1,0.19314647394318116
weights,all,none,1,unit_norm,2,0.31188988703559345
weights,all,none,1,unit_norm,3,0.29874422551252666
weights,all,none,1,unit_norm,4,0.14743185555455757
weights,all,none,1,unit_norm,5,0.029032324286621752
weights,all,none,2,common_pc1_removed,0,1.4024995383051505e-31
weights,all,none,2,common_pc1_removed,1,20.513298648806888
weights,all,none,2,common_pc1_removed,2,39.588463886571716
weights,all,none,2,common_pc1_removed,3,39.17524823518041
weights,all,none,2,common_pc1_removed,4,19.63186741879285
weights,all,none,2,common_pc1_removed,5,4.02011230526357
weights,all,none,2,exposure_residualized,0,2.562401340111424e-26
weights,all,none,2,exposure_residualized,1,16.1384140521009
weights,all,none,2,exposure_residualized,2,41.43405093105259
weights,all,none,2,exposure_residualized,3,42.863621582793805
weights,all,none,2,exposure_residualized,4,21.91786486849722
weights,all,none,2,exposure_residualized,5,4.89348755722493
weights,all,none,2,profile_centered,0,9.897608820361004e-32
weights,all,none,2,profile_centered,1,22.755719829344525
weights,all,none,2,profile_centered,2,45.211794664017454
weights,all,none,2,profile_centered,3,45.15792586455972
weights,all,none,2,profile_centered,4,22.527567621214647
weights,all,none,2,profile_centered,5,4.498336361679103
weights,all,none,2,raw,0,6.205932517131438
weights,all,none,2,raw,1,22.755719829344525
weights,all,none,2,raw,2,45.211794664017454
weights,all,none,2,raw,3,45.15792586455972
weights,all,none,2,raw,4,22.52756762121465
weights,all,none,2,raw,5,4.498336361679103
weights,all,none,2,unit_norm,0,0.01933032873465527
weights,all,none,2,unit_norm,1,0.19302470389252452
weights,all,none,2,unit_norm,2,0.3122896989075541
weights,all,none,2,unit_norm,3,0.29874940187715315
weights,all,none,2,unit_norm,4,0.1475756903650856
weights,all,none,2,unit_norm,5,0.029030176223027303
weights,all,none,3,common_pc1_removed,0,8.137509430934939e-31
weights,all,none,3,common_pc1_removed,1,20.321823445150855
weights,all,none,3,common_pc1_removed,2,39.24830891804484
weights,all,none,3,common_pc1_removed,3,38.81874920174027
weights,all,none,3,common_pc1_removed,4,19.469410724117516
weights,all,none,3,common_pc1_removed,5,3.984733813218358
weights,all,none,3,exposure_residualized,0,2.5002845499064644e-26
weights,all,none,3,exposure_residualized,1,15.978679384008702
weights,all,none,3,exposure_residualized,2,40.99242593697857
weights,all,none,3,exposure_residualized,3,42.365109179199415
weights,all,none,3,exposure_residualized,4,21.6600324626913
weights,all,none,3,exposure_residualized,5,4.836991202917617
weights,all,none,3,profile_centered,0,1.4489759327275347e-31
weights,all,none,3,profile_centered,1,22.480543180500952
weights,all,none,3,profile_centered,2,44.687760300352934
weights,all,none,3,profile_centered,3,44.61521793819769
weights,all,none,3,profile_centered,4,22.282142899605383
weights,all,none,3,profile_centered,5,4.453029233791092
weights,all,none,3,raw,0,6.053651586719685
weights,all,none,3,raw,1,22.480543180500955
weights,all,none,3,raw,2,44.687760300352934
weights,all,none,3,raw,3,44.61521793819768
weights,all,none,3,raw,4,22.282142899605383
weights,all,none,3,raw,5,4.453029233791092
weights,all,none,3,unit_norm,0,0.019301016242728855
weights,all,none,3,unit_norm,1,0.19279664232124225
weights,all,none,3,unit_norm,2,0.31229584745420114
weights,all,none,3,unit_norm,3,0.29853288372989467
weights,all,none,3,unit_norm,4,0.14804205516549906
weights,all,none,3,unit_norm,5,0.029031555086433992
weights,all,none,4,common_pc1_removed,0,6.097601996761959e-31
weights,all,none,4,common_pc1_removed,1,18.315630332747173
weights,all,none,4,common_pc1_removed,2,35.45664605412942
weights,all,none,4,common_pc1_removed,3,35.12646092676216
weights,all,none,4,common_pc1_removed,4,17.626833040748224
weights,all,none,4,common_pc1_removed,5,3.601254879442282
weights,all,none,4,exposure_residualized,0,2.2965856739840904e-26
weights,all,none,4,exposure_residualized,1,14.457529113818584
weights,all,none,4,exposure_residualized,2,37.215177425952675
weights,all,none,4,exposure_residualized,3,38.42837034128617
weights,all,none,4,exposure_residualized,4,19.70008428756945
weights,all,none,4,exposure_residualized,5,4.389636825098351
weights,all,none,4,profile_centered,0,1.14501702226177e-31
weights,all,none,4,profile_centered,1,20.37148718784035
weights,all,none,4,profile_centered,2,40.56349276609167
weights,all,none,4,profile_centered,3,40.53027630399555
weights,all,none,4,profile_centered,4,20.23642213754688
weights,all,none,4,profile_centered,5,4.041958615058836
weights,all,none,4,raw,0,5.638269825876808
weights,all,none,4,raw,1,20.371487187840348
weights,all,none,4,raw,2,40.56349276609167
weights,all,none,4,raw,3,40.53027630399555
weights,all,none,4,raw,4,20.23642213754688
weights,all,none,4,raw,5,4.041958615058835
weights,all,none,4,unit_norm,0,0.01814716732447962
weights,all,none,4,unit_norm,1,0.1910943113429083
weights,all,none,4,unit_norm,2,0.3131680455468199
weights,all,none,4,unit_norm,3,0.3000133319632144
weights,all,none,4,unit_norm,4,0.14840400582528332
weights,all,none,4,unit_norm,5,0.02917313799729453
weights,all,none,5,common_pc1_removed,0,4.470219488638453e-30
weights,all,none,5,common_pc1_removed,1,17.593613143927314
weights,all,none,5,common_pc1_removed,2,34.007479922055026
weights,all,none,5,common_pc1_removed,3,33.69794909720465
weights,all,none,5,common_pc1_removed,4,16.877765273383208
weights,all,none,5,common_pc1_removed,5,3.44956619911876
weights,all,none,5,exposure_residualized,0,2.2114550466711107e-26
weights,all,none,5,exposure_residualized,1,13.817556666175339
weights,all,none,5,exposure_residualized,2,35.68715805755211
weights,all,none,5,exposure_residualized,3,36.891027234793114
weights,all,none,5,exposure_residualized,4,18.9099556235266
weights,all,none,5,exposure_residualized,5,4.223730633189602
weights,all,none,5,profile_centered,0,1.2599853876636998e-31
weights,all,none,5,profile_centered,1,19.57159075038341
weights,all,none,5,profile_centered,2,38.90991288440516
weights,all,none,5,profile_centered,3,38.89913985289134
weights,all,none,5,profile_centered,4,19.414323025116666
weights,all,none,5,profile_centered,5,3.8816965487616955
weights,all,none,5,raw,0,5.397670653607089
weights,all,none,5,raw,1,19.57159075038341
weights,all,none,5,raw,2,38.90991288440516
weights,all,none,5,raw,3,38.89913985289133
weights,all,none,5,raw,4,19.414323025116666
weights,all,none,5,raw,5,3.8816965487616955
weights,all,none,5,unit_norm,0,0.018710852664927818
weights,all,none,5,unit_norm,1,0.19212483478697215
weights,all,none,5,unit_norm,2,0.31208760932571405
weights,all,none,5,unit_norm,3,0.299675897775308
weights,all,none,5,unit_norm,4,0.14824487669626166
weights,all,none,5,unit_norm,5,0.02915592875081629
weights,all,none,6,common_pc1_removed,0,3.207668650308299e-31
weights,all,none,6,common_pc1_removed,1,17.173413015179154
weights,all,none,6,common_pc1_removed,2,33.219553794192734
weights,all,none,6,common_pc1_removed,3,32.94596826209016
weights,all,none,6,common_pc1_removed,4,16.512992314984423
weights,all,none,6,common_pc1_removed,5,3.3756769456656084
weights,all,none,6,exposure_residualized,0,2.1719097448747308e-26
weights,all,none,6,exposure_residualized,1,13.534349781575202
weights,all,none,6,exposure_residualized,2,34.89130231823102
weights,all,none,6,exposure_residualized,3,35.96967517859423
weights,all,none,6,exposure_residualized,4,18.484366050107326
weights,all,none,6,exposure_residualized,5,4.094383025736093
weights,all,none,6,profile_centered,0,7.918234345730961e-32
weights,all,none,6,profile_centered,1,19.113807451683897
weights,all,none,6,profile_centered,2,38.005652553332375
weights,all,none,6,profile_centered,3,37.991053959762844
weights,all,none,6,profile_centered,4,18.958462837361246
weights,all,none,6,profile_centered,5,3.7927930831641037
weights,all,none,6,raw,0,5.105965798852202
weights,all,none,6,raw,1,19.113807451683893
weights,all,none,6,raw,2,38.005652553332375
weights,all,none,6,raw,3,37.991053959762844
weights,all,none,6,raw,4,18.958462837361246
weights,all,none,6,raw,5,3.7927930831641037
weights,all,none,6,unit_norm,0,0.017657953388998924
weights,all,none,6,unit_norm,1,0.1913809213741633
weights,all,none,6,unit_norm,2,0.31236400582215057
weights,all,none,6,unit_norm,3,0.30068963075013305
weights,all,none,6,unit_norm,4,0.14867355065418073
weights,all,none,6,unit_norm,5,0.029233938010373408
weights,all,none,7,common_pc1_removed,0,5.205705093254424e-31
weights,all,none,7,common_pc1_removed,1,16.480785157702627
weights,all,none,7,common_pc1_removed,2,32.03202611687873
weights,all,none,7,common_pc1_removed,3,31.782295799154173
weights,all,none,7,common_pc1_removed,4,15.933233887563306
weights,all,none,7,common_pc1_removed,5,3.2416898013643554
weights,all,none,7,exposure_residualized,0,2.1180213996850416e-26
weights,all,none,7,exposure_residualized,1,13.051745653762364
weights,all,none,7,exposure_residualized,2,33.830219508496015
weights,all,none,7,exposure_residualized,3,34.85254634357677
weights,all,none,7,exposure_residualized,4,17.99990431367547
weights,all,none,7,exposure_residualized,5,3.9772397923670724
weights,all,none,7,profile_centered,0,5.273283494820094e-32
weights,all,none,7,profile_centered,1,18.5029696323422
weights,all,none,7,profile_centered,2,36.878232494486895
weights,all,none,7,profile_centered,3,36.85661643333082
weights,all,none,7,profile_centered,4,18.4106716750602
weights,all,none,7,profile_centered,5,3.6728156617311747
weights,all,none,7,raw,0,4.975222402154892
weights,all,none,7,raw,1,18.502969632342204
weights,all,none,7,raw,2,36.878232494486895
weights,all,none,7,raw,3,36.85661643333082
weights,all,none,7,raw,4,18.410671675060197
weights,all,none,7,raw,5,3.672815661731176
weights,all,none,7,unit_norm,0,0.017885980808186926
weights,all,none,7,unit_norm,1,0.19034399427519189
weights,all,none,7,unit_norm,2,0.31270116408246573
weights,all,none,7,unit_norm,3,0.30085050131107344
weights,all,none,7,unit_norm,4,0.1490338826453843
weights,all,none,7,unit_norm,5,0.02918447687769763
weights,all,none,8,common_pc1_removed,0,2.8940143709865085e-30
weights,all,none,8,common_pc1_removed,1,17.384815955866728
weights,all,none,8,common_pc1_removed,2,33.72179845185083
weights,all,none,8,common_pc1_removed,3,33.490491217545475
weights,all,none,8,common_pc1_removed,4,16.79012547466953
weights,all,none,8,common_pc1_removed,5,3.417164453087084
weights,all,none,8,exposure_residualized,0,2.2306347602471638e-26
weights,all,none,8,exposure_residualized,1,13.767713727035668
weights,all,none,8,exposure_residualized,2,35.6153402663897
weights,all,none,8,exposure_residualized,3,36.69301206704742
weights,all,none,8,exposure_residualized,4,18.92866613049062
weights,all,none,8,exposure_residualized,5,4.1830257007605836
weights,all,none,8,profile_centered,0,2.1668769650685915e-31
weights,all,none,8,profile_centered,1,19.507300564078683
weights,all,none,8,profile_centered,2,38.81979102675756
weights,all,none,8,profile_centered,3,38.81349817933408
weights,all,none,8,profile_centered,4,19.380695969009818
weights,all,none,8,profile_centered,5,3.864934662024729
weights,all,none,8,raw,0,5.349351916613935
weights,all,none,8,raw,1,19.507300564078683
weights,all,none,8,raw,2,38.81979102675756
weights,all,none,8,raw,3,38.81349817933408
weights,all,none,8,raw,4,19.380695969009814
weights,all,none,8,raw,5,3.8649346620247287
weights,all,none,8,unit_norm,0,0.017912536108781206
weights,all,none,8,unit_norm,1,0.19030225695894562
weights,all,none,8,unit_norm,2,0.31254911397003027
weights,all,none,8,unit_norm,3,0.30096185926661484
weights,all,none,8,unit_norm,4,0.14914818867871743
weights,all,none,8,unit_norm,5,0.029126045016910587
weights,all,none,9,common_pc1_removed,0,1.2079828124638177e-31
weights,all,none,9,common_pc1_removed,1,16.428610006768874
weights,all,none,9,common_pc1_removed,2,31.953243748973435
weights,all,none,9,common_pc1_removed,3,31.732529641729034
weights,all,none,9,common_pc1_removed,4,15.913296255880393
weights,all,none,9,common_pc1_removed,5,3.2479986404870775
weights,all,none,9,exposure_residualized,0,2.1535631087767096e-26
weights,all,none,9,exposure_residualized,1,13.059139896565158
weights,all,none,9,exposure_residualized,2,33.99045385956872
weights,all,none,9,exposure_residualized,3,34.92911931316291
weights,all,none,9,exposure_residualized,4,18.094138572237142
weights,all,none,9,exposure_residualized,5,3.992710293098485
weights,all,none,9,profile_centered,0,1.3884149413177504e-31
weights,all,none,9,profile_centered,1,18.55480615072704
weights,all,none,9,profile_centered,2,37.00514010457208
weights,all,none,9,profile_centered,3,37.001307452869845
weights,all,none,9,profile_centered,4,18.48238393693849
weights,all,none,9,profile_centered,5,3.6985124304726984
weights,all,none,9,raw,0,4.834793257564136
weights,all,none,9,raw,1,18.55480615072704
weights,all,none,9,raw,2,37.00514010457207
weights,all,none,9,raw,3,37.00130745286985
weights,all,none,9,raw,4,18.482383936938486
weights,all,none,9,raw,5,3.6985124304726984
weights,all,none,9,unit_norm,0,0.01867581517580794
weights,all,none,9,unit_norm,1,0.19072116663555927
weights,all,none,9,unit_norm,2,0.31225236871065737
weights,all,none,9,unit_norm,3,0.30028796693392273
weights,all,none,9,unit_norm,4,0.1488143682630949
weights,all,none,9,unit_norm,5,0.02924831428095778
weights,all,none,10,common_pc1_removed,0,8.671234269661146e-31
weights,all,none,10,common_pc1_removed,1,15.799663112044456
weights,all,none,10,common_pc1_removed,2,30.661115863787884
weights,all,none,10,common_pc1_removed,3,30.425162750394826
weights,all,none,10,common_pc1_removed,4,15.279219482501667
weights,all,none,10,common_pc1_removed,5,3.1253132655799343
weights,all,none,10,exposure_residualized,0,2.07499609235079e-26
weights,all,none,10,exposure_residualized,1,12.487586972264147
weights,all,none,10,exposure_residualized,2,32.614876533163425
weights,all,none,10,exposure_residualized,3,33.5095319248577
weights,all,none,10,exposure_residualized,4,17.32688034721587
weights,all,none,10,exposure_residualized,5,3.836369011072418
weights,all,none,10,profile_centered,0,1.9231992434596268e-31
weights,all,none,10,profile_centered,1,17.80229806993107
weights,all,none,10,profile_centered,2,35.48459261294804
weights,all,none,10,profile_centered,3,35.464608657013244
weights,all,none,10,profile_centered,4,17.714625341539833
weights,all,none,10,profile_centered,5,3.541702356532422
weights,all,none,10,raw,0,4.523722436638118
weights,all,none,10,raw,1,17.802298069931066
weights,all,none,10,raw,2,35.48459261294804
weights,all,none,10,raw,3,35.464608657013244
weights,all,none,10,raw,4,17.714625341539833
weights,all,none,10,raw,5,3.5417023565324213
weights,all,none,10,unit_norm,0,0.018939044375874334
weights,all,none,10,unit_norm,1,0.19142066987612108
weights,all,none,10,unit_norm,2,0.31160382953537236
weights,all,none,10,unit_norm,3,0.3001074101280592
weights,all,none,10,unit_norm,4,0.14873847702125664
weights,all,none,10,unit_norm,5,0.029190569063316497
weights,all,none,11,common_pc1_removed,0,1.5375551350463054e-31
weights,all,none,11,common_pc1_removed,1,15.365493401223628
weights,all,none,11,common_pc1_removed,2,29.851684299443132
weights,all,none,11,common_pc1_removed,3,29.630500493766036
weights,all,none,11,common_pc1_removed,4,14.878808062215723
weights,all,none,11,common_pc1_removed,5,3.0374342334276867
weights,all,none,11,exposure_residualized,0,2.0170978170596035e-26
weights,all,none,11,exposure_residualized,1,12.154168846852025
weights,all,none,11,exposure_residualized,2,31.743503032797136
weights,all,none,11,exposure_residualized,3,32.61013168775137
weights,all,none,11,exposure_residualized,4,16.908910829081485
weights,all,none,11,exposure_residualized,5,3.7311865759654763
weights,all,none,11,profile_centered,0,7.040674589580325e-32
weights,all,none,11,profile_centered,1,17.331199147821174
weights,all,none,11,profile_centered,2,34.56079221341125
weights,all,none,11,profile_centered,3,34.547095482625444
weights,all,none,11,profile_centered,4,17.26007347862254
weights,all,none,11,profile_centered,5,3.4465678440380807
weights,all,none,11,raw,0,4.577863887260248
weights,all,none,11,raw,1,17.331199147821177
weights,all,none,11,raw,2,34.56079221341124
weights,all,none,11,raw,3,34.547095482625444
weights,all,none,11,raw,4,17.26007347862254
weights,all,none,11,raw,5,3.446567844038081
weights,all,none,11,unit_norm,0,0.01829395603866193
weights,all,none,11,unit_norm,1,0.19043075110340743
weights,all,none,11,unit_norm,2,0.31208797422406753
weights,all,none,11,unit_norm,3,0.3010105923542931
weights,all,none,11,unit_norm,4,0.14895516840711567
weights,all,none,11,unit_norm,5,0.02922155787245433
weights,all,none,12,common_pc1_removed,0,2.6027494585277096e-31
weights,all,none,12,common_pc1_removed,1,14.837690205161767
weights,all,none,12,common_pc1_removed,2,28.83523541267093
weights,all,none,12,common_pc1_removed,3,28.626080306565317
weights,all,none,12,common_pc1_removed,4,14.367826292215263
weights,all,none,12,common_pc1_removed,5,2.937478279068005
weights,all,none,12,exposure_residualized,0,1.961089786503992e-26
weights,all,none,12,exposure_residualized,1,11.765527283402648
weights,all,none,12,exposure_residualized,2,30.764887191977095
weights,all,none,12,exposure_residualized,3,31.597594940030703
weights,all,none,12,exposure_residualized,4,16.378442700571266
weights,all,none,12,exposure_residualized,5,3.61768998889109
weights,all,none,12,profile_centered,0,4.928691545717589e-32
weights,all,none,12,profile_centered,1,16.796517516926112
weights,all,none,12,profile_centered,2,33.48395161107069
weights,all,none,12,profile_centered,3,33.46704815629854
weights,all,none,12,profile_centered,4,16.716679945840944
weights,all,none,12,profile_centered,5,3.3457004101900454
weights,all,none,12,raw,0,4.295727770325227
weights,all,none,12,raw,1,16.796517516926112
weights,all,none,12,raw,2,33.48395161107068
weights,all,none,12,raw,3,33.46704815629854
weights,all,none,12,raw,4,16.716679945840944
weights,all,none,12,raw,5,3.3457004101900454
weights,all,none,12,unit_norm,0,0.018807173532657734
weights,all,none,12,unit_norm,1,0.19074834076184038
weights,all,none,12,unit_norm,2,0.3117432512501827
weights,all,none,12,unit_norm,3,0.30054164338766276
weights,all,none,12,unit_norm,4,0.14888090438473367
weights,all,none,12,unit_norm,5,0.02927868668292278
weights,all,none,13,common_pc1_removed,0,2.5852236165219568e-31
weights,all,none,13,common_pc1_removed,1,15.20669295289952
weights,all,none,13,common_pc1_removed,2,29.565639432288158
weights,all,none,13,common_pc1_removed,3,29.374536020887547
weights,all,none,13,common_pc1_removed,4,14.743506505945934
weights,all,none,13,common_pc1_removed,5,3.006708009157724
weights,all,none,13,exposure_residualized,0,2.0013420706194151e-26
weights,all,none,13,exposure_residualized,1,12.06222787578691
weights,all,none,13,exposure_residualized,2,31.550743467646285
weights,all,none,13,exposure_residualized,3,32.427219220430885
weights,all,none,13,exposure_residualized,4,16.782277703460498
weights,all,none,13,exposure_residualized,5,3.70169454516072
weights,all,none,13,profile_centered,0,6.929733319969164e-32
weights,all,none,13,profile_centered,1,17.206201049753467
weights,all,none,13,profile_centered,2,34.3186258605689
weights,all,none,13,profile_centered,3,34.322544932014466
weights,all,none,13,profile_centered,4,17.143274663225544
weights,all,none,13,profile_centered,5,3.4228888748155626
weights,all,none,13,raw,0,4.263911291587358
weights,all,none,13,raw,1,17.206201049753467
weights,all,none,13,raw,2,34.3186258605689
weights,all,none,13,raw,3,34.32254493201446
weights,all,none,13,raw,4,17.143274663225544
weights,all,none,13,raw,5,3.4228888748155626
weights,all,none,13,unit_norm,0,0.018613387212026898
weights,all,none,13,unit_norm,1,0.1908855613631969
weights,all,none,13,unit_norm,2,0.3115273206518253
weights,all,none,13,unit_norm,3,0.3007799625775644
weights,all,none,13,unit_norm,4,0.14901885820624472
weights,all,none,13,unit_norm,5,0.029174909989141788
weights,all,none,14,common_pc1_removed,0,5.208253875410983e-32
weights,all,none,14,common_pc1_removed,1,15.053487466666123
weights,all,none,14,common_pc1_removed,2,29.233524744979828
weights,all,none,14,common_pc1_removed,3,29.044874429925095
weights,all,none,14,common_pc1_removed,4,14.61165341714958
weights,all,none,14,common_pc1_removed,5,2.9935960443997036
weights,all,none,14,exposure_residualized,0,2.0031998989595964e-26
weights,all,none,14,exposure_residualized,1,11.950569329163459
weights,all,none,14,exposure_residualized,2,31.23375768558403
weights,all,none,14,exposure_residualized,3,32.03019491693432
weights,all,none,14,exposure_residualized,4,16.62974629177104
weights,all,none,14,exposure_residualized,5,3.664861950409204
weights,all,none,14,profile_centered,0,5.606940563844418e-32
weights,all,none,14,profile_centered,1,17.025044541186794
weights,all,none,14,profile_centered,2,33.96577232376763
weights,all,none,14,profile_centered,3,33.96513907036615
weights,all,none,14,profile_centered,4,16.96899701231747
weights,all,none,14,profile_centered,5,3.39163016696563
weights,all,none,14,raw,0,4.079019943353842
weights,all,none,14,raw,1,17.025044541186794
weights,all,none,14,raw,2,33.96577232376764
weights,all,none,14,raw,3,33.96513907036615
weights,all,none,14,raw,4,16.968997012317466
weights,all,none,14,raw,5,3.39163016696563
weights,all,none,14,unit_norm,0,0.018874286312638426
weights,all,none,14,unit_norm,1,0.1911489509141238
weights,all,none,14,unit_norm,2,0.3114385102525045
weights,all,none,14,unit_norm,3,0.30034176924602163
weights,all,none,14,unit_norm,4,0.14895967445344527
weights,all,none,14,unit_norm,5,0.029236808821266363
weights,all,none,15,common_pc1_removed,0,4.0464057044275675e-31
weights,all,none,15,common_pc1_removed,1,16.384655429302008
weights,all,none,15,common_pc1_removed,2,31.847184580742805
weights,all,none,15,common_pc1_removed,3,31.639643277096972
weights,all,none,15,common_pc1_removed,4,15.91784056620409
weights,all,none,15,common_pc1_removed,5,3.2599263960377165
weights,all,none,15,exposure_residualized,0,2.1404601256451722e-26
weights,all,none,15,exposure_residualized,1,13.003669501138077
weights,all,none,15,exposure_residualized,2,33.81720977648592
weights,all,none,15,exposure_residualized,3,34.67175276725078
weights,all,none,15,exposure_residualized,4,17.94917738659738
weights,all,none,15,exposure_residualized,5,3.957113726771249
weights,all,none,15,profile_centered,0,9.632294014845453e-32
weights,all,none,15,profile_centered,1,18.419861816289828
weights,all,none,15,profile_centered,2,36.7611782079059
weights,all,none,15,profile_centered,3,36.74574370428139
weights,all,none,15,profile_centered,4,18.355858953079196
weights,all,none,15,profile_centered,5,3.669555712903553
weights,all,none,15,raw,0,4.5145123084637335
weights,all,none,15,raw,1,18.419861816289828
weights,all,none,15,raw,2,36.7611782079059
weights,all,none,15,raw,3,36.74574370428139
weights,all,none,15,raw,4,18.355858953079196
weights,all,none,15,raw,5,3.6695557129035534
weights,all,none,15,unit_norm,0,0.0174932595378163
weights,all,none,15,unit_norm,1,0.19009190193535308
weights,all,none,15,unit_norm,2,0.31242909859589757
weights,all,none,15,unit_norm,3,0.301358943371925
weights,all,none,15,unit_norm,4,0.14932622206169802
weights,all,none,15,unit_norm,5,0.029300574497310133
weights,all,none,16,common_pc1_removed,0,1.1785792630952878e-30
weights,all,none,16,common_pc1_removed,1,16.982455492554774
weights,all,none,16,common_pc1_removed,2,32.94625976188062
weights,all,none,16,common_pc1_removed,3,32.744661857350664
weights,all,none,16,common_pc1_removed,4,16.476409008831403
weights,all,none,16,common_pc1_removed,5,3.3766228229735833
weights,all,none,16,exposure_residualized,0,2.19822701769058e-26
weights,all,none,16,exposure_residualized,1,13.455743324382153
weights,all,none,16,exposure_residualized,2,34.90628179658025
weights,all,none,16,exposure_residualized,3,35.82146395362153
weights,all,none,16,exposure_residualized,4,18.524623224151778
weights,all,none,16,exposure_residualized,5,4.074991001136662
weights,all,none,16,profile_centered,0,1.374755013705104e-31
weights,all,none,16,profile_centered,1,19.03519303023152
weights,all,none,16,profile_centered,2,37.93960422997918
weights,all,none,16,profile_centered,3,37.9437550647147
weights,all,none,16,profile_centered,4,18.951089595552457
weights,all,none,16,profile_centered,5,3.785852473035396
weights,all,none,16,raw,0,4.670960088615322
weights,all,none,16,raw,1,19.03519303023152
weights,all,none,16,raw,2,37.93960422997918
weights,all,none,16,raw,3,37.94375506471471
weights,all,none,16,raw,4,18.951089595552457
weights,all,none,16,raw,5,3.785852473035396
weights,all,none,16,unit_norm,0,0.01711647770845852
weights,all,none,16,unit_norm,1,0.19012402547813517
weights,all,none,16,unit_norm,2,0.3124506852394223
weights,all,none,16,unit_norm,3,0.3016106795563575
weights,all,none,16,unit_norm,4,0.14936101953910155
weights,all,none,16,unit_norm,5,0.02933711247852488
weights,all,none,17,common_pc1_removed,0,5.444802919895272e-32
weights,all,none,17,common_pc1_removed,1,17.330272391137214
weights,all,none,17,common_pc1_removed,2,33.6711902419739
weights,all,none,17,common_pc1_removed,3,33.47089455940993
weights,all,none,17,common_pc1_removed,4,16.85361700525445
weights,all,none,17,common_pc1_removed,5,3.4519999369025163
weights,all,none,17,exposure_residualized,0,2.2632779093082958e-26
weights,all,none,17,exposure_residualized,1,13.756549134777265
weights,all,none,17,exposure_residualized,2,35.804195178017274
weights,all,none,17,exposure_residualized,3,36.71750257488755
weights,all,none,17,exposure_residualized,4,18.97354492989608
weights,all,none,17,exposure_residualized,5,4.187030799088996
weights,all,none,17,profile_centered,0,1.1426333180829741e-31
weights,all,none,17,profile_centered,1,19.487363943763118
weights,all,none,17,profile_centered,2,38.895510829059354
weights,all,none,17,profile_centered,3,38.90186097119451
weights,all,none,17,profile_centered,4,19.4374791130374
weights,all,none,17,profile_centered,5,3.8777293058401052
weights,all,none,17,raw,0,4.616372534671554
weights,all,none,17,raw,1,19.487363943763118
weights,all,none,17,raw,2,38.89551082905936
weights,all,none,17,raw,3,38.90186097119451
weights,all,none,17,raw,4,19.437479113037398
weights,all,none,17,raw,5,3.8777293058401052
weights,all,none,17,unit_norm,0,0.01748975537051945
weights,all,none,17,unit_norm,1,0.18979011247122388
weights,all,none,17,unit_norm,2,0.3121151223958681
weights,all,none,17,unit_norm,3,0.3015890977450876
weights,all,none,17,unit_norm,4,0.1497265631403995
weights,all,none,17,unit_norm,5,0.02928934887690153
weights,all,none,18,common_pc1_removed,0,7.8649952294525405e-31
weights,all,none,18,common_pc1_removed,1,17.278404726305695
weights,all,none,18,common_pc1_removed,2,33.54892840391977
weights,all,none,18,common_pc1_removed,3,33.32292637549874
weights,all,none,18,common_pc1_removed,4,16.778206579273135
weights,all,none,18,common_pc1_removed,5,3.4538928339553325
weights,all,none,18,exposure_residualized,0,2.2835748549375846e-26
weights,all,none,18,exposure_residualized,1,13.72012717678779
weights,all,none,18,exposure_residualized,2,35.717554988544464
weights,all,none,18,exposure_residualized,3,36.60232627546488
weights,all,none,18,exposure_residualized,4,18.87825913064856
weights,all,none,18,exposure_residualized,5,4.187171089611146
weights,all,none,18,profile_centered,0,1.1153813990843192e-31
weights,all,none,18,profile_centered,1,19.4331435607316
weights,all,none,18,profile_centered,2,38.79845922955665
weights,all,none,18,profile_centered,3,38.7854227056156
weights,all,none,18,profile_centered,4,19.366825653884643
weights,all,none,18,profile_centered,5,3.8776869475775118
weights,all,none,18,raw,0,4.4658110773959505
weights,all,none,18,raw,1,19.433143560731597
weights,all,none,18,raw,2,38.79845922955664
weights,all,none,18,raw,3,38.785422705615595
weights,all,none,18,raw,4,19.366825653884646
weights,all,none,18,raw,5,3.8776869475775118
weights,all,none,18,unit_norm,0,0.0180295148979805
weights,all,none,18,unit_norm,1,0.19056719979625186
weights,all,none,18,unit_norm,2,0.31195034021875295
weights,all,none,18,unit_norm,3,0.3008940026829406
weights,all,none,18,unit_norm,4,0.14917565958833004
weights,all,none,18,unit_norm,5,0.029383282815744045
weights,all,none,19,common_pc1_removed,0,1.14709978592776e-30
weights,all,none,19,common_pc1_removed,1,17.882514396641742
weights,all,none,19,common_pc1_removed,2,34.640461155647785
weights,all,none,19,common_pc1_removed,3,34.44934225899694
weights,all,none,19,common_pc1_removed,4,17.37519224785553
weights,all,none,19,common_pc1_removed,5,3.5922676839165146
weights,all,none,19,exposure_residualized,0,2.3862419907719167e-26
weights,all,none,19,exposure_residualized,1,14.169512526036971
weights,all,none,19,exposure_residualized,2,36.960641273095625
weights,all,none,19,exposure_residualized,3,37.84850760104489
weights,all,none,19,exposure_residualized,4,19.57567197431181
weights,all,none,19,exposure_residualized,5,4.34835625903303
weights,all,none,19,profile_centered,0,5.912543877030968e-32
weights,all,none,19,profile_centered,1,20.115301937023396
weights,all,none,19,profile_centered,2,40.14848506880604
weights,all,none,19,profile_centered,3,40.17847428994999
weights,all,none,19,profile_centered,4,20.047662329483092
weights,all,none,19,profile_centered,5,4.012200822139779
weights,all,none,19,raw,0,4.660812883698412
weights,all,none,19,raw,1,20.115301937023403
weights,all,none,19,raw,2,40.14848506880604
weights,all,none,19,raw,3,40.17847428994998
weights,all,none,19,raw,4,20.047662329483096
weights,all,none,19,raw,5,4.012200822139779
weights,all,none,19,unit_norm,0,0.018680693903113135
weights,all,none,19,unit_norm,1,0.19093057471988423
weights,all,none,19,unit_norm,2,0.311461539311436
weights,all,none,19,unit_norm,3,0.30055557003143796
weights,all,none,19,unit_norm,4,0.14908706105553385
weights,all,none,19,unit_norm,5,0.02928456097859492
weights,all,none,20,common_pc1_removed,0,5.087576468228316e-31
weights,all,none,20,common_pc1_removed,1,18.49918191518523
weights,all,none,20,common_pc1_removed,2,35.78178059735702
weights,all,none,20,common_pc1_removed,3,35.52990396232319
weights,all,none,20,common_pc1_removed,4,17.958692017741207
weights,all,none,20,common_pc1_removed,5,3.7199625238159926
weights,all,none,20,exposure_residualized,0,2.481054992406809e-26
weights,all,none,20,exposure_residualized,1,14.621148471218879
weights,all,none,20,exposure_residualized,2,38.25050679465926
weights,all,none,20,exposure_residualized,3,39.127198576748114
weights,all,none,20,exposure_residualized,4,20.26746265863132
weights,all,none,20,exposure_residualized,5,4.497793744110939
weights,all,none,20,profile_centered,0,7.684571268447636e-32
weights,all,none,20,profile_centered,1,20.826158409653846
weights,all,none,20,profile_centered,2,41.5486550626092
weights,all,none,20,profile_centered,3,41.52540808908851
weights,all,none,20,profile_centered,4,20.73864862052327
weights,all,none,20,profile_centered,5,4.149921758918298
weights,all,none,20,raw,0,4.891956376510274
weights,all,none,20,raw,1,20.82615840965385
weights,all,none,20,raw,2,41.5486550626092
weights,all,none,20,raw,3,41.52540808908851
weights,all,none,20,raw,4,20.73864862052327
weights,all,none,20,raw,5,4.149921758918296
weights,all,none,20,unit_norm,0,0.019404152782164383
weights,all,none,20,unit_norm,1,0.1913059402064672
weights,all,none,20,unit_norm,2,0.31142051181235
weights,all,none,20,unit_norm,3,0.29975660196066867
weights,all,none,20,unit_norm,4,0.1488710385286425
weights,all,none,20,unit_norm,5,0.029241754709707305
weights,all,none,21,common_pc1_removed,0,2.8025458323897623e-30
weights,all,none,21,common_pc1_removed,1,18.14999554649651
weights,all,none,21,common_pc1_removed,2,35.07650048688699
weights,all,none,21,common_pc1_removed,3,34.840727352997135
weights,all,none,21,common_pc1_removed,4,17.60979086053501
weights,all,none,21,common_pc1_removed,5,3.649166434866276
weights,all,none,21,exposure_residualized,0,2.4203937382290515e-26
weights,all,none,21,exposure_residualized,1,14.34937807817709
weights,all,none,21,exposure_residualized,2,37.35543788431864
weights,all,none,21,exposure_residualized,3,38.26133547504065
weights,all,none,21,exposure_residualized,4,19.767627048065908
weights,all,none,21,exposure_residualized,5,4.386566147673411
weights,all,none,21,profile_centered,0,8.362456011895405e-32
weights,all,none,21,profile_centered,1,20.350222115519678
weights,all,none,21,profile_centered,2,40.59638825043061
weights,all,none,21,profile_centered,3,40.59231785688277
weights,all,none,21,profile_centered,4,20.259708990809678
weights,all,none,21,profile_centered,5,4.04762581900954
weights,all,none,21,raw,0,4.858505216472484
weights,all,none,21,raw,1,20.350222115519678
weights,all,none,21,raw,2,40.59638825043061
weights,all,none,21,raw,3,40.59231785688277
weights,all,none,21,raw,4,20.259708990809678
weights,all,none,21,raw,5,4.047625819009539
weights,all,none,21,unit_norm,0,0.01848197376254717
weights,all,none,21,unit_norm,1,0.19066409580697363
weights,all,none,21,unit_norm,2,0.31203144661037807
weights,all,none,21,unit_norm,3,0.3005908430995149
weights,all,none,21,unit_norm,4,0.14900375473019528
weights,all,none,21,unit_norm,5,0.029227885990390993
weights,all,none,22,common_pc1_removed,0,2.1719851345448073e-31
weights,all,none,22,common_pc1_removed,1,19.58486138997783
weights,all,none,22,common_pc1_removed,2,37.82865065147922
weights,all,none,22,common_pc1_removed,3,37.56794597419811
weights,all,none,22,common_pc1_removed,4,18.97245694924071
weights,all,none,22,common_pc1_removed,5,3.9228798536406186
weights,all,none,22,exposure_residualized,0,2.5942418825748463e-26
weights,all,none,22,exposure_residualized,1,15.458073744586729
weights,all,none,22,exposure_residualized,2,40.27307495425964
weights,all,none,22,exposure_residualized,3,41.297370983562175
weights,all,none,22,exposure_residualized,4,21.30238567809984
weights,all,none,22,exposure_residualized,5,4.723878993258785
weights,all,none,22,profile_centered,0,1.7939428599361773e-31
weights,all,none,22,profile_centered,1,21.958327197763225
weights,all,none,22,profile_centered,2,43.76505605195547
weights,all,none,22,profile_centered,3,43.755072542020116
weights,all,none,22,profile_centered,4,21.837518430853386
weights,all,none,22,profile_centered,5,4.3601251775907
weights,all,none,22,raw,0,5.382627729179681
weights,all,none,22,raw,1,21.958327197763225
weights,all,none,22,raw,2,43.76505605195547
weights,all,none,22,raw,3,43.75507254202011
weights,all,none,22,raw,4,21.83751843085339
weights,all,none,22,raw,5,4.3601251775906995
weights,all,none,22,unit_norm,0,0.018943278886695118
weights,all,none,22,unit_norm,1,0.19149290267802538
weights,all,none,22,unit_norm,2,0.3119414204948697
weights,all,none,22,unit_norm,3,0.2998830984158958
weights,all,none,22,unit_norm,4,0.1485575346199665
weights,all,none,22,unit_norm,5,0.029181764904547488
weights,all,none,23,common_pc1_removed,0,1.053644164680748e-30
weights,all,none,23,common_pc1_removed,1,20.325860611308606
weights,all,none,23,common_pc1_removed,2,39.11176624103601
weights,all,none,23,common_pc1_removed,3,38.84230869773316
weights,all,none,23,common_pc1_removed,4,19.672527090501266
weights,all,none,23,common_pc1_removed,5,4.101310226375888
weights,all,none,23,exposure_residualized,0,2.6829269237825107e-26
weights,all,none,23,exposure_residualized,1,15.988685822765744
weights,all,none,23,exposure_residualized,2,41.61414383015552
weights,all,none,23,exposure_residualized,3,42.69951721194258
weights,all,none,23,exposure_residualized,4,21.974221205789497
weights,all,none,23,exposure_residualized,5,4.903144987101826
weights,all,none,23,profile_centered,0,2.3105231314635633e-31
weights,all,none,23,profile_centered,1,22.70850620735062
weights,all,none,23,profile_centered,2,45.214966963805956
weights,all,none,23,profile_centered,3,45.20908795297017
weights,all,none,23,profile_centered,4,22.551637433603997
weights,all,none,23,profile_centered,5,4.511567146755581
weights,all,none,23,raw,0,5.549291810411492
weights,all,none,23,raw,1,22.708506207350624
weights,all,none,23,raw,2,45.214966963805956
weights,all,none,23,raw,3,45.20908795297017
weights,all,none,23,raw,4,22.551637433604
weights,all,none,23,raw,5,4.5115671467555805
weights,all,none,23,unit_norm,0,0.019360672759401485
weights,all,none,23,unit_norm,1,0.1920402753886556
weights,all,none,23,unit_norm,2,0.3117132428902978
weights,all,none,23,unit_norm,3,0.29946346726571516
weights,all,none,23,unit_norm,4,0.14823883408563776
weights,all,none,23,unit_norm,5,0.029183507610292193
weights,all,none,24,common_pc1_removed,0,1.316244466478818e-31
weights,all,none,24,common_pc1_removed,1,21.515600636118954
weights,all,none,24,common_pc1_removed,2,41.33158710317046
weights,all,none,24,common_pc1_removed,3,41.06010481802735
weights,all,none,24,common_pc1_removed,4,20.849977237272807
weights,all,none,24,common_pc1_removed,5,4.356638122123243
weights,all,none,24,exposure_residualized,0,2.896479040063219e-26
weights,all,none,24,exposure_residualized,1,16.896427105410023
weights,all,none,24,exposure_residualized,2,44.14876126273132
weights,all,none,24,exposure_residualized,3,45.1935785751956
weights,all,none,24,exposure_residualized,4,23.370284876111658
weights,all,none,24,exposure_residualized,5,5.1954327179292585
weights,all,none,24,profile_centered,0,1.2918502550622485e-31
weights,all,none,24,profile_centered,1,24.130926867498225
weights,all,none,24,profile_centered,2,47.985848155109835
weights,all,none,24,profile_centered,3,47.95835969434114
weights,all,none,24,profile_centered,4,23.938879867559
weights,all,none,24,profile_centered,5,4.788683716569231
weights,all,none,24,raw,0,6.236075496374987
weights,all,none,24,raw,1,24.130926867498225
weights,all,none,24,raw,2,47.98584815510984
weights,all,none,24,raw,3,47.95835969434114
weights,all,none,24,raw,4,23.938879867559
weights,all,none,24,raw,5,4.788683716569231
weights,all,none,24,unit_norm,0,0.019959069212994306
weights,all,none,24,unit_norm,1,0.1927610692539649
weights,all,none,24,unit_norm,2,0.31146012143296625
weights,all,none,24,unit_norm,3,0.29875875730689405
weights,all,none,24,unit_norm,4,0.14792494708370715
weights,all,none,24,unit_norm,5,0.029136035709473276
weights,all,none,25,common_pc1_removed,0,1.4769751575660455e-31
weights,all,none,25,common_pc1_removed,1,21.39563689650446
weights,all,none,25,common_pc1_removed,2,41.222514869415846
weights,all,none,25,common_pc1_removed,3,40.932587502935334
weights,all,none,25,common_pc1_removed,4,20.607627026514642
weights,all,none,25,common_pc1_removed,5,4.238643684547238
weights,all,none,25,exposure_residualized,0,2.820771763945719e-26
weights,all,none,25,exposure_residualized,1,16.826895330681136
weights,all,none,25,exposure_residualized,2,43.79245478309988
weights,all,none,25,exposure_residualized,3,44.97269959949435
weights,all,none,25,exposure_residualized,4,23.14258561149881
weights,all,none,25,exposure_residualized,5,5.137728913781457
weights,all,none,25,profile_centered,0,9.817722426317213e-32
weights,all,none,25,profile_centered,1,23.958294219060914
weights,all,none,25,profile_centered,2,47.60003330245798
weights,all,none,25,profile_centered,3,47.609066502232515
weights,all,none,25,profile_centered,4,23.7565888098331
weights,all,none,25,profile_centered,5,4.742469343241741
weights,all,none,25,raw,0,6.070445311036509
weights,all,none,25,raw,1,23.95829421906091
weights,all,none,25,raw,2,47.60003330245797
weights,all,none,25,raw,3,47.609066502232515
weights,all,none,25,raw,4,23.756588809833097
weights,all,none,25,raw,5,4.742469343241739
weights,all,none,25,unit_norm,0,0.019207741739400264
weights,all,none,25,unit_norm,1,0.1926732660253187
weights,all,none,25,unit_norm,2,0.3116139155163522
weights,all,none,25,unit_norm,3,0.29925424627303526
weights,all,none,25,unit_norm,4,0.14813938207246427
weights,all,none,25,unit_norm,5,0.02911144837342939
weights,all,none,26,common_pc1_removed,0,1.2902091047873953e-30
weights,all,none,26,common_pc1_removed,1,22.7213797510672
weights,all,none,26,common_pc1_removed,2,43.679054198311334
weights,all,none,26,common_pc1_removed,3,43.33466552470742
weights,all,none,26,common_pc1_removed,4,21.944661967847278
weights,all,none,26,common_pc1_removed,5,4.573784428797502
weights,all,none,26,exposure_residualized,0,3.0197221379512265e-26
weights,all,none,26,exposure_residualized,1,17.86741138913559
weights,all,none,26,exposure_residualized,2,46.35730580338195
weights,all,none,26,exposure_residualized,3,47.53109071333988
weights,all,none,26,exposure_residualized,4,24.498889151692733
weights,all,none,26,exposure_residualized,5,5.438653154722504
weights,all,none,26,profile_centered,0,1.7806151270270733e-31
weights,all,none,26,profile_centered,1,25.342635915252018
weights,all,none,26,profile_centered,2,50.41119468492465
weights,all,none,26,profile_centered,3,50.37943559370036
weights,all,none,26,profile_centered,4,25.13268474406508
weights,all,none,26,profile_centered,5,5.02406534140713
weights,all,none,26,raw,0,6.443351009455944
weights,all,none,26,raw,1,25.342635915252018
weights,all,none,26,raw,2,50.41119468492465
weights,all,none,26,raw,3,50.37943559370036
weights,all,none,26,raw,4,25.13268474406508
weights,all,none,26,raw,5,5.0240653414071295
weights,all,none,26,unit_norm,0,0.019006201525659294
weights,all,none,26,unit_norm,1,0.19253351520640608
weights,all,none,26,unit_norm,2,0.31212314442959255
weights,all,none,26,unit_norm,3,0.2991087876368686
weights,all,none,26,unit_norm,4,0.14809856662446186
weights,all,none,26,unit_norm,5,0.02912978457701168
weights,all,none,27,common_pc1_removed,0,1.948939415377013e-30
weights,all,none,27,common_pc1_removed,1,21.915443200696885
weights,all,none,27,common_pc1_removed,2,41.99453257351303
weights,all,none,27,common_pc1_removed,3,41.708629846024515
weights,all,none,27,common_pc1_removed,4,21.22485601226763
weights,all,none,27,common_pc1_removed,5,4.45416320797604
weights,all,none,27,exposure_residualized,0,2.9434606793290424e-26
weights,all,none,27,exposure_residualized,1,17.192928410605333
weights,all,none,27,exposure_residualized,2,44.77001359037423
weights,all,none,27,exposure_residualized,3,45.85710246811285
weights,all,none,27,exposure_residualized,4,23.657976580553974
weights,all,none,27,exposure_residualized,5,5.276295428386937
weights,all,none,27,profile_centered,0,1.1216096971274335e-31
weights,all,none,27,profile_centered,1,24.462887728298366
weights,all,none,27,profile_centered,2,48.664721991032295
weights,all,none,27,profile_centered,3,48.65849776331006
weights,all,none,27,profile_centered,4,24.283285754570887
weights,all,none,27,profile_centered,5,4.851367670605459
weights,all,none,27,raw,0,6.1966751542619285
weights,all,none,27,raw,1,24.46288772829837
weights,all,none,27,raw,2,48.66472199103229
weights,all,none,27,raw,3,48.65849776331005
weights,all,none,27,raw,4,24.28328575457089
weights,all,none,27,raw,5,4.851367670605459
weights,all,none,27,unit_norm,0,0.019643080243634654
weights,all,none,27,unit_norm,1,0.19264922878971794
weights,all,none,27,unit_norm,2,0.31160438423573084
weights,all,none,27,unit_norm,3,0.2988789455256095
weights,all,none,27,unit_norm,4,0.14813332447970365
weights,all,none,27,unit_norm,5,0.029091036725603394
weights,all,none,28,common_pc1_removed,0,8.198772412877355e-31
weights,all,none,28,common_pc1_removed,1,21.590139858107392
weights,all,none,28,common_pc1_removed,2,41.62358883171109
weights,all,none,28,common_pc1_removed,3,41.338593913040526
weights,all,none,28,common_pc1_removed,4,20.82754157560592
weights,all,none,28,common_pc1_removed,5,4.2929663900293145
weights,all,none,28,exposure_residualized,0,2.8727527254432324e-26
weights,all,none,28,exposure_residualized,1,17.031443013712103
weights,all,none,28,exposure_residualized,2,44.258222393626816
weights,all,none,28,exposure_residualized,3,45.330428866455726
weights,all,none,28,exposure_residualized,4,23.400091632932636
weights,all,none,28,exposure_residualized,5,5.192926881816082
weights,all,none,28,profile_centered,0,1.018987387261717e-31
weights,all,none,28,profile_centered,1,24.22143170661878
weights,all,none,28,profile_centered,2,48.126539549888214
weights,all,none,28,profile_centered,3,48.1082547138841
weights,all,none,28,profile_centered,4,24.000386168035362
weights,all,none,28,profile_centered,5,4.792599680200201
weights,all,none,28,raw,0,6.3643577176488915
weights,all,none,28,raw,1,24.22143170661878
weights,all,none,28,raw,2,48.126539549888214
weights,all,none,28,raw,3,48.108254713884094
weights,all,none,28,raw,4,24.000386168035362
weights,all,none,28,raw,5,4.792599680200203
weights,all,none,28,unit_norm,0,0.01863859598986082
weights,all,none,28,unit_norm,1,0.19185391089380388
weights,all,none,28,unit_norm,2,0.31239707677519585
weights,all,none,28,unit_norm,3,0.2998843454913978
weights,all,none,28,unit_norm,4,0.148130265564619
weights,all,none,28,unit_norm,5,0.029095805285122518
weights,all,none,29,common_pc1_removed,0,1.8398679254675068e-31
weights,all,none,29,common_pc1_removed,1,21.30947123007892
weights,all,none,29,common_pc1_removed,2,41.18542522403478
weights,all,none,29,common_pc1_removed,3,40.830538602032775
weights,all,none,29,common_pc1_removed,4,20.436323821687427
weights,all,none,29,common_pc1_removed,5,4.171897058581127
weights,all,none,29,exposure_residualized,0,2.7587703075467105e-26
weights,all,none,29,exposure_residualized,1,16.8186534114161
weights,all,none,29,exposure_residualized,2,43.46175481898774
weights,all,none,29,exposure_residualized,3,44.59011409033086
weights,all,none,29,exposure_residualized,4,23.00329667540654
weights,all,none,29,exposure_residualized,5,5.086667144208064
weights,all,none,29,profile_centered,0,1.1728540435735468e-31
weights,all,none,29,profile_centered,1,23.854715026625968
weights,all,none,29,profile_centered,2,47.33878962526428
weights,all,none,29,profile_centered,3,47.27742128650056
weights,all,none,29,profile_centered,4,23.577374782497486
weights,all,none,29,profile_centered,5,4.7159481906219
weights,all,none,29,raw,0,6.820757009423211
weights,all,none,29,raw,1,23.85471502662597
weights,all,none,29,raw,2,47.33878962526429
weights,all,none,29,raw,3,47.27742128650056
weights,all,none,29,raw,4,23.577374782497486
weights,all,none,29,raw,5,4.7159481906219
weights,all,none,29,unit_norm,0,0.017550335492254602
weights,all,none,29,unit_norm,1,0.19146983099658438
weights,all,none,29,unit_norm,2,0.3132820589414193
weights,all,none,29,unit_norm,3,0.3003193866723717
weights,all,none,29,unit_norm,4,0.14818641247891204
weights,all,none,29,unit_norm,5,0.029191975418457947
weights,all,none,30,common_pc1_removed,0,3.351564191584984e-30
weights,all,none,30,common_pc1_removed,1,19.65867454775806
weights,all,none,30,common_pc1_removed,2,37.90108845851612
weights,all,none,30,common_pc1_removed,3,37.573261079259126
weights,all,none,30,common_pc1_removed,4,18.77451578042088
weights,all,none,30,common_pc1_removed,5,3.8091901653355986
weights,all,none,30,exposure_residualized,0,2.5275540327431433e-26
weights,all,none,30,exposure_residualized,1,15.38300839347779
weights,all,none,30,exposure_residualized,2,39.873305864792925
weights,all,none,30,exposure_residualized,3,41.05176319414203
weights,all,none,30,exposure_residualized,4,21.12601475295637
weights,all,none,30,exposure_residualized,5,4.659934545355117
weights,all,none,30,profile_centered,0,7.283494946935773e-32
weights,all,none,30,profile_centered,1,22.03068065012777
weights,all,none,30,profile_centered,2,43.53192659422774
weights,all,none,30,profile_centered,3,43.44948809306367
weights,all,none,30,profile_centered,4,21.651762832157885
weights,all,none,30,profile_centered,5,4.312566467040054
weights,all,none,30,raw,0,7.234590140484665
weights,all,none,30,raw,1,22.030680650127774
weights,all,none,30,raw,2,43.53192659422774
weights,all,none,30,raw,3,43.449488093063664
weights,all,none,30,raw,4,21.651762832157885
weights,all,none,30,raw,5,4.312566467040056
weights,all,none,30,unit_norm,0,0.017284826247255594
weights,all,none,30,unit_norm,1,0.19155223703366364
weights,all,none,30,unit_norm,2,0.3136766865303948
weights,all,none,30,unit_norm,3,0.300523167018663
weights,all,none,30,unit_norm,4,0.14790847432049067
weights,all,none,30,unit_norm,5,0.029054608849532308
weights,all,none,31,common_pc1_removed,0,7.442473284513192e-32
weights,all,none,31,common_pc1_removed,1,14.550129341623132
weights,all,none,31,common_pc1_removed,2,27.751232536618957
weights,all,none,31,common_pc1_removed,3,27.629820200180493
weights,all,none,31,common_pc1_removed,4,13.774930854688929
weights,all,none,31,common_pc1_removed,5,2.7470109496177817
weights,all,none,31,exposure_residualized,0,1.9555463163835007e-26
weights,all,none,31,exposure_residualized,1,11.266284684384672
weights,all,none,31,exposure_residualized,2,29.172713166270587
weights,all,none,31,exposure_residualized,3,29.936410308636336
weights,all,none,31,exposure_residualized,4,15.443793999255355
weights,all,none,31,exposure_residualized,5,3.396900554634265
weights,all,none,31,profile_centered,0,5.709961752004148e-32
weights,all,none,31,profile_centered,1,16.669006618201802
weights,all,none,31,profile_centered,2,32.0349629880752
weights,all,none,31,profile_centered,3,31.795369491894608
weights,all,none,31,profile_centered,4,15.808382423670041
weights,all,none,31,profile_centered,5,3.1422704089068807
weights,all,none,31,raw,0,7.798183325904127
weights,all,none,31,raw,1,16.669006618201806
weights,all,none,31,raw,2,32.0349629880752
weights,all,none,31,raw,3,31.79536949189461
weights,all,none,31,raw,4,15.808382423670041
weights,all,none,31,raw,5,3.1422704089068807
weights,all,none,31,unit_norm,0,0.017601736481284734
weights,all,none,31,unit_norm,1,0.19554885559560192
weights,all,none,31,unit_norm,2,0.31307303301373957
weights,all,none,31,unit_norm,3,0.2986770890352244
weights,all,none,31,unit_norm,4,0.14643678042268451
weights,all,none,31,unit_norm,5,0.02866250545146484
